acD,price,sqFtPrice,bedroomD,bathD,carpetArea,coveredArea,floorNo,floors,furnishedD,propTypeD,transactionTypeD,possStatusD,ecd,ctName,locSeoName,prjname,lmtDName,luxAmenitiesD,reraValidity,tenantsPreference,postDateT,propertyTitle,latitude,longitude,property_age_yrs,price_per_sqft_calc,days_since_posted,furnished_ord,log_price,log_carpetArea,locality_avg_log_price
Less than 5 years,2500000.0,4673.0,1,1,385.0,535.0,3.0,5.0,Unfurnished,Apartment,Resale,Ready to Move,2026-08-22,Mumbai,Virar East,Ashtavinayak Apartment,Virar East,,,Bachelors/Family,2026-08-21 19:44:52+00:00,1BHK Multistorey Apartment for Resale in Ashtavinayak Apartment at Virar East,19.4652899784439,72.8189990617033,3.0,6493.506493506494,1,0.0,14.73180128983843,5.953243334287785,14.962850350025079
Less than 5 years,2500000.0,4545.0,1,1,396.0,550.0,2.0,4.0,Unfurnished,Apartment,Resale,Ready to Move,2026-08-22,Mumbai,Virar East,Shree Ganesh Apartment,Virar East,,,Bachelors/Family,2026-08-21 18:33:41+00:00,1BHK Multistorey Apartment for Resale in Shree Ganesh Apartment at Virar East,19.4652899784439,72.8189990617033,3.0,6313.131313131313,1,0.0,14.73180128983843,5.981414211254481,14.962850350025079
Less than 5 years,3800000.0,5758.0,1,1,475.0,660.0,10.0,15.0,Unfurnished,Apartment,Resale,Ready to Move,2026-08-22,Mumbai,Nalasopara East,Sai Crystal Empire,Nalasopara East,,,Bachelors/Family,2026-08-21 19:35:08+00:00,1BHK Multistorey Apartment for Resale in Sai Crystal Empire at Nalasopara East,19.43138984792,72.8497262547151,3.0,8000.0,1,0.0,15.150511624696614,6.163314804034641,14.920745460007394
Less than 5 years,3300000.0,5739.0,1,1,414.0,575.0,4.0,7.0,Semi-Furnished,Apartment,Resale,Ready to Move,2026-08-22,Mumbai,Nalasopara West,Sankalp Heights,Nalasopara West,,,Bachelors/Family,2026-08-21 19:32:10+00:00,1BHK Multistorey Apartment for Resale in Sankalp Heights at Nalasopara West,19.4129235749963,72.7885889890948,3.0,7971.014492753623,1,1.0,15.009433026436708,6.025865973825314,15.081259996702187
5 to 10 years,3000000.0,5217.0,1,1,,575.0,5.0,7.0,Unfurnished,Apartment,Resale,Ready to Move,2026-08-22,Mumbai,,,,,,Bachelors/Family,2026-08-22 18:25:45+00:00,1BHK Multistorey Apartment for Resale in ,,,7.5,,0,0.0,14.914122846632385,,
Less than 5 years,2800000.0,4444.0,1,1,454.0,630.0,3.0,10.0,Unfurnished,Apartment,Resale,Ready to Move,2026-08-22,Mumbai,Vasai East,Deep Classic ,Vasai East,,"NA|null,P99000012178|12/2020",Bachelors/Family,2026-08-21 11:19:49+00:00,1BHK Multistorey Apartment for Resale in Deep Classic  at Vasai East,19.39954,72.8604165,3.0,6167.400881057269,1,0.0,14.845129975145433,6.118097198041348,15.534151064164316
5 to 10 years,3200000.0,5614.0,1,1,410.0,570.0,0.0,7.0,Unfurnished,Apartment,Resale,Ready to Move,2026-08-22,Mumbai,Nalasopara West,Sai Abhyuday Complex,Nalasopara West,,"NA|null,P99000046994|-1",Bachelors/Family,2026-08-21 10:04:42+00:00,1BHK Multistorey Apartment for Resale in Sai Abhyuday Complex at Nalasopara West,19.4129235749963,72.7885889890948,7.5,7804.878048780488,1,0.0,14.978661367769956,6.016157159698354,15.081259996702187
Less than 5 years,4000000.0,6667.0,1,2,432.0,600.0,3.0,6.0,Semi-Furnished,Apartment,Resale,Ready to Move,2026-08-22,Mumbai,Vasai,Pankil Apartments,Vasai,,,Bachelors/Family,2026-08-21 10:03:57+00:00,1BHK Multistorey Apartment for Resale in Pankil Apartments at Vasai,19.3914260104194,72.8285855834131,3.0,9259.25925925926,1,1.0,15.201804919084164,6.068425588244111,15.487938183573887
10 to 15 years,3300000.0,5357.0,1,2,444.0,616.0,2.0,3.0,Unfurnished,Apartment,Resale,Ready to Move,2026-08-22,Mumbai,Palghar Naigaon East,Citizen Complex,Palghar Naigaon East,,,Bachelors/Family,2026-08-21 12:17:02+00:00,1BHK Multistorey Apartment for Resale in Citizen Complex at Palghar Naigaon East,19.3489277756968,72.8750219955356,12.5,7432.432432432432,1,0.0,15.009433026436708,6.095824562432225,15.192503873954223
,3000000.0,8264.0,1,2,261.0,363.0,7.0,23.0,Unfurnished,Apartment,Resale,Under Construction,2026-08-22,Mumbai,Virar,Shapoorji Pallonji Joyville Virar,Virar,"Bar/Lounge,Modular Kitchen,Air Conditioned,Banquet Hall,Jogging and Strolling Track,Outdoor Tennis Courts,Internet/Wi-Fi Connectivity,RO Water System,Service/Goods Lift,Intercom Facility","NA|null,P51900000444|-1,P99000013612|-1,P99000018521|-1,P99000019531|-1,P99000019538|-1,P99000031256|-1",Bachelors/Family,2026-08-21 13:07:09+00:00,1BHK Multistorey Apartment for Resale in Shapoorji Pallonji Joyville Virar at Virar,19.462194642857,72.8049130698568,,11494.25287356322,1,0.0,14.914122846632385,5.564520407322694,15.338940523871113
,3900000.0,9750.0,1,1,,400.0,3.0,4.0,Furnished,Apartment,Resale,Ready to Move,2026-08-21,Mumbai,Vasai East,,Vasai East,,,Bachelors/Family,2026-08-20 21:31:19+00:00,1BHK Multistorey Apartment for Resale in Vasai East,19.39954,72.8604165,,,2,2.0,15.176487111099874,,15.534151064164316
New Construction,4300000.0,8600.0,1,2,360.0,500.0,7.0,22.0,Unfurnished,Apartment,Resale,Ready to Move,2026-08-22,Mumbai,Palghar Naigaon East,Sunteck Naigaon,Palghar Naigaon East,"Premium branded fittings,,,,Jogging and Strolling Track,Outdoor Tennis Courts,,RO Water System,Earth quake resistant,Visitor Parking,Intercom Facility","NA|null,P99000017606|-1,P99000017627|-1",Bachelors/Family,2026-08-21 14:10:13+00:00,1BHK Multistorey Apartment for Resale in Sunteck Naigaon at Palghar Naigaon East,19.3489277756968,72.8750219955356,0.0,11944.444444444443,1,0.0,15.27412558066379,5.886104031450156,15.192503873954223
Less than 5 years,3000000.0,5217.0,1,1,414.0,575.0,12.0,15.0,Semi-Furnished,Apartment,Resale,Ready to Move,2026-08-22,Mumbai,Nalasopara West,DGS Sheetal Sejal ,Nalasopara West,,,Bachelors/Family,2026-08-21 13:57:23+00:00,1BHK Multistorey Apartment for Resale in DGS Sheetal Sejal  at Nalasopara West,19.4129235749963,72.7885889890948,3.0,7246.376811594203,1,1.0,14.914122846632385,6.025865973825314,15.081259996702187
Less than 5 years,3200000.0,4706.0,1,2,490.0,680.0,3.0,8.0,Semi-Furnished,Apartment,Resale,Ready to Move,2026-08-22,Mumbai,Virar West,Shubham Heights,Virar West,"Kids play area,,Earth quake resistant,",,Bachelors/Family,2026-08-21 09:04:14+00:00,1BHK Multistorey Apartment for Resale in Shubham Heights at Virar West,19.4638767047594,72.7822993572118,3.0,6530.61224489796,1,1.0,14.978661367769956,6.194405391104672,15.507734340191456
Less than 5 years,3100000.0,5254.0,1,1,425.0,590.0,2.0,9.0,Semi-Furnished,Apartment,Resale,Ready to Move,2026-08-22,Mumbai,Nalasopara West,Orange Heights,Nalasopara West,"Jogging and Strolling Track,,,Internet/Wi-Fi Connectivity,Visitor Parking,Intercom Facility,,",,Bachelors/Family,2026-08-21 08:29:18+00:00,1BHK Multistorey Apartment for Resale in Orange Heights at Nalasopara West,19.4129235749963,72.7885889890948,3.0,7294.117647058823,1,1.0,14.946912669455374,6.052089168924417,15.081259996702187
,4500000.0,15000.0,1,1,216.0,300.0,1.0,13.0,Unfurnished,Apartment,Resale,Under Construction,2026-08-22,Mumbai,Mira Road,Seven Eleven Apna Ghar,Mira Road Area,,"NA|null,P51700002976|-1,P51700004368|06/2021,P51700007988|06/2021,P51700016020|12/2021",Bachelors/Family,2026-08-21 08:01:05+00:00,1BHK Multistorey Apartment for Resale in Seven Eleven Apna Ghar at Mira Road Area,19.2829267647424,72.8627883689306,,20833.33333333333,1,0.0,15.319587954740548,5.375278407684165,16.00351917920147
Less than 5 years,2700000.0,5294.0,1,1,367.0,510.0,6.0,8.0,Semi-Furnished,Apartment,Resale,Ready to Move,2026-08-21,Mumbai,Palghar Naigaon East,Mahalaxmi Nagar,Palghar Naigaon East,"Air Conditioned,Banquet Hall,Jogging and Strolling Track,,Service/Goods Lift,Visitor Parking,Intercom Facility,",,Bachelors/Family,2026-08-21 05:58:23+00:00,1BHK Multistorey Apartment for Resale in Mahalaxmi Nagar at Palghar Naigaon East,19.3489277756968,72.8750219955356,3.0,7356.948228882834,1,1.0,14.808762330974558,5.905361848054571,15.192503873954223
Less than 5 years,2600000.0,5200.0,1,1,360.0,500.0,3.0,15.0,Unfurnished,Apartment,Resale,Ready to Move,2026-08-21,Mumbai,Palghar Naigaon East,,Palghar Naigaon East,,,Bachelors/Family,2026-08-21 05:56:30+00:00,1BHK Multistorey Apartment for Resale in Palghar Naigaon East,19.3489277756968,72.8750219955356,3.0,7222.222222222223,1,0.0,14.77102200299171,5.886104031450156,15.192503873954223
5 to 10 years,3300000.0,5946.0,1,1,400.0,555.0,5.0,7.0,Unfurnished,Apartment,Resale,Ready to Move,2026-08-21,Mumbai,Vasai,Tulsi Heights,Vasai,"Bar/Lounge,,,,,,,,,,,Banquet Hall,Jogging and Strolling Track,Outdoor Tennis Courts,,,,Laundry Service,,,,,Internet/Wi-Fi Connectivity,RO Water System,Service/Goods Lift,Visitor Parking,Intercom Facility,Conference Room,,",,Bachelors/Family,2026-08-21 05:49:53+00:00,1BHK Multistorey Apartment for Resale in Tulsi Heights at Vasai,19.3914260104194,72.8285855834131,7.5,8250.0,1,0.0,15.009433026436708,5.991464547107982,15.487938183573887
Less than 5 years,4300000.0,7049.0,1,2,439.0,610.0,5.0,9.0,Semi-Furnished,Apartment,Resale,Ready to Move,2026-08-21,Mumbai,Virar,Sumit Greendale NX,Virar,"Jogging and Strolling Track,,","NA|null,P99000004678|03/2018",Bachelors/Family,2026-08-21 05:47:21+00:00,1BHK Multistorey Apartment for Resale in Sumit Greendale NX at Virar,19.462194642857,72.8049130698568,3.0,9794.98861047836,1,1.0,15.27412558066379,6.0844994130751715,15.338940523871113
,2100000.0,5250.0,1,1,,400.0,4.0,9.0,Unfurnished,Apartment,Resale,Ready to Move,2026-08-21,Mumbai,Nala Sopara,Royal Plaza,Nala Sopara,"Service/Goods Lift,Visitor Parking,",,Bachelors/Family,2026-08-21 14:37:32+00:00,1BHK Multistorey Apartment for Resale in Royal Plaza at Nala Sopara,19.4196344986519,72.8081166617887,,,1,0.0,14.557447902693651,,15.317780463953335
Less than 5 years,2800000.0,4553.0,1,2,443.0,615.0,3.0,7.0,Semi-Furnished,Apartment,Resale,Ready to Move,2026-08-21,Mumbai,Virar,Casa Vista,Virar,"Service/Goods Lift,",,Bachelors/Family,2026-08-20 18:31:17+00:00,1BHK Multistorey Apartment for Resale in Casa Vista at Virar,19.462194642857,72.8049130698568,3.0,6320.541760722348,2,1.0,14.845129975145433,6.093569770045136,15.338940523871113
Less than 5 years,3600000.0,5714.0,1,1,454.0,630.0,12.0,12.0,Semi-Furnished,Apartment,Resale,Ready to Move,2026-08-21,Mumbai,Virar West,Poonam Heights Global City,Virar West,"Jogging and Strolling Track,,,Internet/Wi-Fi Connectivity,Visitor Parking,Intercom Facility,,",,Bachelors/Family,2026-08-21 05:23:45+00:00,1BHK Multistorey Apartment for Resale in Poonam Heights Global City at Virar West,19.4638767047594,72.7822993572118,3.0,7929.515418502203,2,1.0,15.096444403426338,6.118097198041348,15.507734340191456
Less than 5 years,3700000.0,5362.0,1,1,497.0,690.0,2.0,15.0,Unfurnished,Apartment,Resale,Ready to Move,2026-08-21,Mumbai,Virar West,Sridutt Garden Avenue K,Virar West,"Banquet Hall,Jogging and Strolling Track,Mini Cinema Theatre,,,Service/Goods Lift,Visitor Parking,Intercom Facility,","NA|null,P99000004018|12/2018",Bachelors/Family,2026-08-21 05:21:54+00:00,1BHK Multistorey Apartment for Resale in Sridutt Garden Avenue K at Virar West,19.4638767047594,72.7822993572118,3.0,7444.66800804829,2,0.0,15.123843377614453,6.208590026096629,15.507734340191456
Less than 5 years,3500000.0,8495.0,1,2,297.0,412.0,13.0,14.0,Unfurnished,Apartment,Resale,Ready to Move,2026-08-21,Mumbai,Virar West,Sridutt Garden Avenue K,Virar West,"Banquet Hall,Jogging and Strolling Track,Mini Cinema Theatre,,,Service/Goods Lift,Visitor Parking,Intercom Facility,","NA|null,P99000004018|12/2018",Bachelors/Family,2026-08-21 05:21:51+00:00,1BHK Multistorey Apartment for Resale in Sridutt Garden Avenue K at Virar West,19.4638767047594,72.7822993572118,3.0,11784.511784511784,2,0.0,15.068273526459642,5.6937321388027,15.507734340191456
Less than 5 years,3400000.0,5763.0,1,1,425.0,590.0,8.0,10.0,Unfurnished,Apartment,Resale,Ready to Move,2026-08-22,Mumbai,Palghar Naigaon East,Sahakar Residency,Palghar Naigaon East,,"NA|null,P51700009131|12/2018",Bachelors/Family,2026-08-21 08:56:24+00:00,1BHK Multistorey Apartment for Resale in Sahakar Residency at Palghar Naigaon East,19.3489277756968,72.8750219955356,3.0,8000.0,1,0.0,15.03928598958639,6.052089168924417,15.192503873954223
5 to 10 years,3700000.0,5692.0,1,2,468.0,650.0,14.0,15.0,Furnished,Apartment,Resale,Ready to Move,2026-08-22,Mumbai,Virar West,Kalash Kumkum,Virar West,"Banquet Hall,Jogging and Strolling Track,,Laundry Service,,Service/Goods Lift,Visitor Parking,Conference Room,",,Bachelors/Family,2026-08-21 08:51:56+00:00,1BHK Multistorey Apartment for Resale in Kalash Kumkum at Virar West,19.4638767047594,72.7822993572118,7.5,7905.982905982906,1,2.0,15.123843377614453,6.148468295917647,15.507734340191456
5 to 10 years,3200000.0,5424.0,1,1,425.0,590.0,7.0,9.0,Semi-Furnished,Apartment,Resale,Ready to Move,2026-08-22,Mumbai,Nalasopara West,Orange Heights,Nalasopara West,"Jogging and Strolling Track,,,Internet/Wi-Fi Connectivity,Visitor Parking,Intercom Facility,,",,Bachelors/Family,2026-08-21 08:29:35+00:00,1BHK Multistorey Apartment for Resale in Orange Heights at Nalasopara West,19.4129235749963,72.7885889890948,7.5,7529.411764705882,1,1.0,14.978661367769956,6.052089168924417,15.081259996702187
New Construction,4000000.0,4706.0,1,2,612.0,850.0,1.0,8.0,Unfurnished,Apartment,Resale,Ready to Move,2026-08-22,Mumbai,Nalasopara West,Govinda Park,Nalasopara West,"Jogging and Strolling Track,Intercom Facility,",,Bachelors/Family,2026-08-21 08:41:35+00:00,1BHK Multistorey Apartment for Resale in Govinda Park at Nalasopara West,19.4129235749963,72.7885889890948,0.0,6535.9477124183,1,0.0,15.201804919084164,6.416732282512326,15.081259996702187
Less than 5 years,3900000.0,6047.0,1,2,464.0,645.0,11.0,14.0,Furnished,Apartment,Resale,Ready to Move,2026-08-22,Mumbai,Palghar Naigaon East,Sai Enclave,Palghar Naigaon East,"Jogging and Strolling Track,Service/Goods Lift,Visitor Parking,",,Bachelors/Family,2026-08-21 08:39:17+00:00,1BHK Multistorey Apartment for Resale in Sai Enclave at Palghar Naigaon East,19.3489277756968,72.8750219955356,3.0,8405.172413793103,1,2.0,15.176487111099874,6.139884552226255,15.192503873954223
Less than 5 years,7500000.0,16667.0,1,2,315.0,450.0,16.0,23.0,Furnished,Apartment,Resale,Ready to Move,2026-08-22,Mumbai,Mulund West,A And O Excellente,Mulund West,,,Bachelors/Family,2026-08-22 07:06:01+00:00,1BHK Multistorey Apartment for Resale in A And O Excellente at Mulund West,19.1749536837097,72.943103519999,3.0,23809.52380952381,0,2.0,15.830413578506539,5.752572638825633,16.657170544069615
10 to 15 years,7000000.0,24221.0,1,2,,289.0,,,Unfurnished,Residential House,Resale,Ready to Move,2026-08-21,Mumbai,Bangur Nagar,Prarthana Apartment,Bangur Nagar,Visitor Parking,,Bachelors/Family,2026-08-21 05:31:39+00:00,1BHK Residential House for Resale in Prarthana Apartment at Bangur Nagar,19.16697,72.83154,12.5,,1,0.0,15.761420707019587,,15.761420707019587
Above 20 years,5100000.0,8718.0,1,1,421.0,585.0,2.0,3.0,Semi-Furnished,Apartment,Resale,Ready to Move,2026-08-22,Mumbai,,,,,,Bachelors/Family,2026-08-21 19:46:04+00:00,1BHK Multistorey Apartment for Resale in ,,,25.0,12114.014251781471,1,1.0,15.444751097694555,6.042632833682381,
Less than 5 years,7200000.0,13091.0,1,1,396.0,550.0,8.0,16.0,Semi-Furnished,Apartment,Resale,Ready to Move,2026-08-22,Mumbai,Mira Road,Lodha Casa Supremo,Mira Road Area,,"NA|null,P51700012991|-1",Bachelors/Family,2026-08-21 20:00:32+00:00,1BHK Multistorey Apartment for Resale in Lodha Casa Supremo at Mira Road Area,19.2829267647424,72.8627883689306,3.0,18181.81818181818,1,1.0,15.789591583986283,5.981414211254481,16.00351917920147
New Construction,6900000.0,20235.0,1,1,246.0,341.0,22.0,23.0,Unfurnished,Apartment,Resale,Ready to Move,2026-08-22,Mumbai,Bhandup,Sudhanshu Imperia,Bhandup,"Skyline View,Fireplace,Theme based Architectures,Air Conditioned,Internet/Wi-Fi Connectivity,RO Water System,Service/Goods Lift,Visitor Parking,Intercom Facility,Conference Room","NA|null,P51800003303|-1,P51800027547|-1",Bachelors/Family,2026-08-21 16:20:12+00:00,1BHK Multistorey Apartment for Resale in Sudhanshu Imperia at Bhandup,19.14871992,72.94278085,0.0,28048.78048780488,1,0.0,15.747031969567487,5.5053315359323625,15.747031969567487
Less than 5 years,7500000.0,18293.0,1,1,295.0,410.0,2.0,3.0,Unfurnished,Apartment,Resale,Ready to Move,2026-08-22,Mumbai,,,,,,Bachelors/Family,2026-08-21 17:19:35+00:00,1BHK Multistorey Apartment for Resale in ,,,3.0,25423.728813559323,1,0.0,15.830413578506539,5.68697535633982,
New Construction,7500000.0,10135.0,1,2,533.0,740.0,10.0,12.0,Unfurnished,Apartment,Resale,Ready to Move,2026-08-22,Mumbai,Mira Road,Strawberry The Address,Mira Road Area,"Grand Entrance lobby,Health club with Steam / Jaccuzi,,Air Conditioned,Laundry Service,,Service/Goods Lift,Intercom Facility,","NA|null,P51700010224|07/2019,P51700010395|04/2019,P51700018632|02/2018,P51700018682|04/2020",Bachelors/Family,2026-08-21 10:25:53+00:00,1BHK Multistorey Apartment for Resale in Strawberry The Address at Mira Road Area,19.2829267647424,72.8627883689306,0.0,14071.294559099437,1,0.0,15.830413578506539,6.278521424165844,16.00351917920147
10 to 15 years,7700000.0,14000.0,1,1,396.0,550.0,5.0,7.0,Unfurnished,Apartment,Resale,Ready to Move,2026-08-22,Mumbai,,Midas Enclave CHS ,Nadiyawala Colony 2,,,Bachelors/Family,2026-08-21 11:03:50+00:00,1BHK Multistorey Apartment for Resale in Midas Enclave CHS  at Nadiyawala Colony 2,19.179903,72.845384,12.5,19444.444444444445,1,0.0,15.856730886823913,5.981414211254481,
5 to 10 years,5200000.0,14857.0,1,1,252.0,350.0,13.0,25.0,Unfurnished,Apartment,Resale,Ready to Move,2026-08-22,Mumbai,Malad West,Malvani Panchratna CHS,Malad West,Service/Goods Lift,,Bachelors/Family,2026-08-21 09:50:44+00:00,1BHK Multistorey Apartment for Resale in Malvani Panchratna CHS at Malad West,19.1940346300819,72.8257561606587,7.5,20634.92063492064,1,0.0,15.464169183551656,5.529429087511423,16.184249166863797
New Construction,7500000.0,10345.0,1,1,522.0,725.0,1.0,22.0,Unfurnished,Apartment,Resale,Ready to Move,2026-08-22,Mumbai,Mira Road,SK PNK Imperial Heights,Mira Road Area,"Water Front,Bar/Lounge,,,,Air Conditioned,Banquet Hall,Jogging and Strolling Track,Outdoor Tennis Courts,Laundry Service,Internet/Wi-Fi Connectivity,RO Water System,Service/Goods Lift,Visitor Parking,Intercom Facility,Conference Room","NA|null,P51700008172|09/2020",Bachelors/Family,2026-08-21 10:01:22+00:00,1BHK Multistorey Apartment for Resale in SK PNK Imperial Heights at Mira Road Area,19.2829267647424,72.8627883689306,0.0,14367.816091954022,1,0.0,15.830413578506539,6.257667587882639,16.00351917920147
Above 20 years,7500000.0,17045.0,1,1,317.0,440.0,2.0,4.0,Unfurnished,Apartment,Resale,Ready to Move,2026-08-22,Mumbai,Malad West,Libra CHS,Malad West,"Service/Goods Lift,Visitor Parking",,Bachelors/Family,2026-08-21 10:11:46+00:00,1BHK Multistorey Apartment for Resale in Libra CHS at Malad West,19.1940346300819,72.8257561606587,25.0,23659.30599369085,1,0.0,15.830413578506539,5.75890177387728,16.184249166863797
New Construction,7700000.0,17111.0,1,1,324.0,450.0,2.0,4.0,Furnished,Apartment,Resale,Ready to Move,2026-08-22,Mumbai,Malad West,Virgo Apartment,Malad West,Service/Goods Lift,,Bachelors/Family,2026-08-21 10:11:32+00:00,1BHK Multistorey Apartment for Resale in Virgo Apartment at Malad West,19.1940346300819,72.8257561606587,0.0,23765.432098765432,1,2.0,15.856730886823913,5.780743515792329,16.184249166863797
,5500000.0,12088.0,1,2,328.0,455.0,5.0,22.0,Unfurnished,Apartment,Resale,Under Construction,2026-08-22,Mumbai,Mira Road,Ravi Origin Shubh Atika,Mira Road Area,"Kids play area,","NA|null,P51700009680|05/2013",Bachelors/Family,2026-08-21 14:03:49+00:00,1BHK Multistorey Apartment for Resale in Ravi Origin Shubh Atika at Mira Road Area,19.2829267647424,72.8627883689306,,16768.29268292683,1,0.0,15.520258650202699,5.793013608384144,16.00351917920147
Less than 5 years,7200000.0,20630.0,1,1,251.0,349.0,21.0,22.0,Unfurnished,Apartment,Resale,Ready to Move,2026-08-22,Mumbai,Bhandup West,Shraddha Evoque,Bhandup West,"Jogging and Strolling Track,Earth quake resistant,","NA|null,P51800008864|12/2022",Bachelors/Family,2026-08-21 13:30:57+00:00,1BHK Multistorey Apartment for Resale in Shraddha Evoque at Bhandup West,19.149901,72.931134,3.0,28685.258964143428,1,0.0,15.789591583986283,5.5254529391317835,16.05991801947255
Less than 5 years,7500000.0,14019.0,1,1,385.0,535.0,22.0,23.0,Furnished,Apartment,Resale,Ready to Move,2026-08-22,Mumbai,Bhandup West,Shraddha Evoque,Bhandup West,"Jogging and Strolling Track,Earth quake resistant,","NA|null,P51800008864|12/2022",Bachelors/Family,2026-08-21 13:30:41+00:00,1BHK Multistorey Apartment for Resale in Shraddha Evoque at Bhandup West,19.149901,72.931134,3.0,19480.51948051948,1,2.0,15.830413578506539,5.953243334287785,16.05991801947255
Less than 5 years,7250000.0,12719.0,1,2,410.0,570.0,14.0,23.0,Unfurnished,Apartment,Resale,Ready to Move,2026-08-22,Mumbai,Mira Road,,Mira Road,,,Bachelors/Family,2026-08-21 14:26:30+00:00,1BHK Multistorey Apartment for Resale in Mira Road,19.2824790028886,72.8826767010947,3.0,17682.926829268294,1,0.0,15.796512026830857,6.016157159698354,16.00351917920147
,6800000.0,21587.0,1,1,227.0,315.0,19.0,23.0,Unfurnished,Apartment,Resale,Under Construction,2026-08-22,Mumbai,Bhandup West,Shraddha Nipun Galaxy,Bhandup West,"Fireplace,Fire Sprinklers,","NA|null,P51800018203|07/2001",Bachelors/Family,2026-08-21 14:49:19+00:00,1BHK Multistorey Apartment for Resale in Shraddha Nipun Galaxy at Bhandup West,19.149901,72.931134,,29955.94713656388,1,0.0,15.732433170146335,5.424950017481403,16.05991801947255
Less than 5 years,5700000.0,13194.0,1,1,311.0,432.0,5.0,7.0,Unfurnished,Apartment,Resale,Ready to Move,2026-08-22,Mumbai,Bhandup West, Ranjana Mount Bliss,Bhandup West,"Kids play area,,,Visitor Parking,Intercom Facility,","NA|null,P51800014154|12/2021",Bachelors/Family,2026-08-21 18:03:30+00:00,1BHK Multistorey Apartment for Resale in  Ranjana Mount Bliss at Bhandup West,19.149901,72.931134,3.0,18327.97427652733,1,0.0,15.555976732804778,5.739792912179234,16.05991801947255
New Construction,6000000.0,10453.0,1,2,413.0,574.0,11.0,20.0,Unfurnished,Apartment,Resale,Ready to Move,2026-08-22,Mumbai,Mira Road,DB Ozone,Mira Road Area,"Air Conditioned,Banquet Hall,Jogging and Strolling Track,Outdoor Tennis Courts,,,,Laundry Service,,,,,Internet/Wi-Fi Connectivity,RO Water System,Service/Goods Lift,Visitor Parking,Intercom Facility,Conference Room,,","NA|null,P51700003433|-1",Bachelors/Family,2026-08-21 06:45:28+00:00,1BHK Multistorey Apartment for Resale in DB Ozone at Mira Road Area,19.2829267647424,72.8627883689306,0.0,14527.845036319612,1,0.0,15.60727002719233,6.023447592961033,16.00351917920147
Less than 5 years,5500000.0,7746.0,1,2,511.0,710.0,3.0,15.0,Unfurnished,Apartment,Resale,Ready to Move,2026-08-22,Mumbai,Mira Road,Hatkesh Heights,Mira Road Area,"Air Conditioned,Visitor Parking,Intercom Facility,","NA|null,P51700008077|03/2020",Bachelors/Family,2026-08-21 08:32:08+00:00,1BHK Multistorey Apartment for Resale in Hatkesh Heights at Mira Road Area,19.2829267647424,72.8627883689306,3.0,10763.20939334638,1,0.0,15.520258650202699,6.236369590203704,16.00351917920147
New Construction,5200000.0,9811.0,1,1,382.0,530.0,0.0,7.0,Unfurnished,Apartment,Resale,Ready to Move,2026-08-22,Mumbai,Mira Road,Vasudev Complex,Mira Road Area,,,Bachelors/Family,2026-08-21 08:29:08+00:00,1BHK Multistorey Apartment for Resale in Vasudev Complex at Mira Road Area,19.2829267647424,72.8627883689306,0.0,13612.565445026175,1,0.0,15.464169183551656,5.945420608606575,16.00351917920147
15 to 20 years,5900000.0,9365.0,1,2,454.0,630.0,5.0,7.0,Unfurnished,Apartment,Resale,Ready to Move,2026-08-21,Mumbai,Mira Road,Ankur Enclave,Mira Road Area,,,Bachelors/Family,2026-08-21 04:54:05+00:00,1BHK Multistorey Apartment for Resale in Ankur Enclave at Mira Road Area,19.2829267647424,72.8627883689306,17.5,12995.594713656388,2,0.0,15.590462908875947,6.118097198041348,16.00351917920147
Above 20 years,7200000.0,13091.0,1,1,396.0,550.0,2.0,7.0,Semi-Furnished,Apartment,Resale,Ready to Move,2026-08-21,Mumbai,Kharodi,Marve Queen,Kharodi,,,Bachelors/Family,2026-08-21 04:51:51+00:00,1BHK Multistorey Apartment for Resale in Marve Queen at Kharodi,19.1959084380303,72.8193425711945,25.0,18181.81818181818,2,1.0,15.789591583986283,5.981414211254481,15.789591583986283
Less than 5 years,7500000.0,23438.0,1,1,230.0,320.0,3.0,8.0,Furnished,Apartment,Resale,Ready to Move,2026-08-21,Mumbai,Malad West,,Malad West,,,Bachelors/Family,2026-08-21 04:52:59+00:00,1BHK Multistorey Apartment for Resale in Malad West,19.1940346300819,72.8257561606587,3.0,32608.695652173912,2,2.0,15.830413578506539,5.438079308923196,16.184249166863797
Above 20 years,7500000.0,24194.0,1,1,223.0,310.0,0.0,2.0,Furnished,Apartment,Resale,Ready to Move,2026-08-21,Mumbai,Kurla West,Kapleshwar CHS,Kurla West,,"NA|null,P51600016108|03/2019",Bachelors/Family,2026-08-21 04:46:51+00:00,1BHK Multistorey Apartment for Resale in Kapleshwar CHS at Kurla West,19.077063,72.8840395,25.0,33632.28699551569,2,2.0,15.830413578506539,5.407171771460119,15.830413578506539
,7625000.0,12500.0,1,1,439.0,610.0,10.0,13.0,Unfurnished,Apartment,Resale,Under Construction,2026-08-21,Mumbai,Govandi Station Road,,Govandi Station Road,,,Bachelors/Family,2026-08-21 04:20:25+00:00,1BHK Multistorey Apartment for Resale in Govandi Station Road,19.049179,72.9144,,17369.02050113895,2,0.0,15.84694288045775,6.0844994130751715,15.84694288045775
10 to 15 years,6700000.0,13086.0,1,2,369.0,512.0,3.0,3.0,Semi-Furnished,Apartment,Resale,Ready to Move,2026-08-21,Mumbai,Bhayandar East,Om Sheetal Arcade,Bhayandar East,,,Bachelors/Family,2026-08-21 04:16:19+00:00,1BHK Multistorey Apartment for Resale in Om Sheetal Arcade at Bhayandar East,19.3096844760714,72.8623193046283,12.5,18157.18157181572,2,1.0,15.717618084361195,5.910796644040527,15.774015831433868
Above 20 years,8000000.0,12308.0,1,1,468.0,650.0,3.0,3.0,Unfurnished,Apartment,Resale,Ready to Move,2026-08-21,Mumbai,,Bhalerao Nirmala Niwas,Chembur East,,,Bachelors/Family,2026-08-21 04:19:46+00:00,1BHK Multistorey Apartment for Resale in Bhalerao Nirmala Niwas at Chembur East,19.0611638862632,72.8948410560158,25.0,17094.017094017094,2,0.0,15.89495209964411,6.148468295917647,
Above 20 years,7550000.0,16413.0,1,2,331.0,460.0,2.0,4.0,Semi-Furnished,Apartment,Resale,Ready to Move,2026-08-22,Mumbai,Malad West,Sadhu Hiranand,Malad West,"Service/Goods Lift,Visitor Parking",,Bachelors/Family,2026-08-21 09:13:44+00:00,1BHK Multistorey Apartment for Resale in Sadhu Hiranand at Malad West,19.1940346300819,72.8257561606587,25.0,22809.66767371601,1,1.0,15.837058121225207,5.802118375377063,16.184249166863797
5 to 10 years,6000000.0,,1,2,400.0,,0.0,3.0,Semi-Furnished,Apartment,Resale,Ready to Move,2026-08-19,Mumbai,Mira Road,Hiral Greens,Mira Road Area,,,Bachelors/Family,2026-08-19 07:57:08+00:00,1BHK Multistorey Apartment for Resale in Hiral Greens at Mira Road Area,19.2829267647424,72.8627883689306,7.5,15000.0,3,1.0,15.60727002719233,5.991464547107982,16.00351917920147
15 to 20 years,11000000.0,20952.0,1,2,425.0,525.0,1.0,7.0,Semi-Furnished,Apartment,Resale,Ready to Move,2026-08-22,Mumbai,Borivali West,Blue Crystal,Borivali West,,,Bachelors/Family,2026-08-21 18:57:14+00:00,1BHK Multistorey Apartment for Resale in Blue Crystal at Borivali West,19.2335321,72.839198,17.5,25882.352941176472,1,1.0,16.213405830762646,6.052089168924417,16.712420867285854
15 to 20 years,9500000.0,19000.0,1,1,352.0,500.0,8.0,8.0,Furnished,Apartment,Resale,Ready to Move,2026-08-22,Mumbai,,,,,,Bachelors/Family,2026-08-22 09:10:57+00:00,1BHK Multistorey Apartment for Resale in ,,,17.5,26988.636363636364,0,2.0,16.06680235657077,5.863631175598097,
,12000000.0,28235.0,1,2,,425.0,7.0,11.0,Unfurnished,Apartment,Resale,Ready to Move,2026-08-22,Mumbai,Malad West,Shree Sai Imperial Hava Hira,Malad West,,"NA|null,PR1180002500372|-1",Bachelors/Family,2026-08-21 11:17:59+00:00,1BHK Multistorey Apartment for Resale in Shree Sai Imperial Hava Hira at Malad West,19.1940346300819,72.8257561606587,,,1,0.0,16.300417207752275,,16.184249166863797
,9500000.0,27143.0,1,1,,350.0,3.0,5.0,Semi-Furnished,Apartment,Resale,,2026-08-23,Mumbai,New Nagardas Road,,New Nagardas Road,,,Bachelors/Family,2026-08-23 12:16:29+00:00,1BHK Multistorey Apartment for Resale in New Nagardas Road,19.1250117630727,72.8499345539776,,,-1,1.0,16.06680235657077,,16.06680235657077
Above 20 years,9500000.0,17273.0,1,1,396.0,550.0,1.0,7.0,Semi-Furnished,Apartment,Resale,Ready to Move,2026-08-22,Mumbai,Kandivali East,Essbel CHS,Kandivali East,,,Bachelors/Family,2026-08-21 19:42:55+00:00,1BHK Multistorey Apartment for Resale in Essbel CHS at Kandivali East,19.2050017,72.8692711,25.0,23989.89898989899,1,1.0,16.06680235657077,5.981414211254481,16.3083311155764
Less than 5 years,10500000.0,14423.0,1,2,524.0,728.0,9.0,16.0,Semi-Furnished,Apartment,Resale,Ready to Move,2026-08-22,Mumbai,Kurla East,Sayba Residences,Kurla East,,,Bachelors/Family,2026-08-21 20:15:23+00:00,1BHK Multistorey Apartment for Resale in Sayba Residences at Kurla East,19.0615645059118,72.880543263673,3.0,20038.1679389313,1,1.0,16.166885815127753,6.261491684321042,16.190145822945198
Less than 5 years,12000000.0,40000.0,1,1,216.0,300.0,7.0,9.0,Unfurnished,Apartment,Resale,Ready to Move,2026-08-22,Mumbai,Matunga West,shyam chs,Matunga West,,,Bachelors/Family,2026-08-21 18:35:20+00:00,1BHK Multistorey Apartment for Resale in shyam chs at Matunga West,19.0288217353274,72.8440906063583,3.0,55555.55555555556,1,0.0,16.300417207752275,5.375278407684165,16.927541083724858
5 to 10 years,12000000.0,16000.0,1,1,540.0,750.0,17.0,22.0,Unfurnished,Apartment,Resale,Ready to Move,2026-08-22,Mumbai,MHADA Colony,Sapphire Lakeside,MHADA Colony Chandivali,,,Bachelors/Family,2026-08-21 19:32:39+00:00,1BHK Multistorey Apartment for Resale in Sapphire Lakeside at MHADA Colony Chandivali,19.1119,72.89604,7.5,22222.222222222223,1,0.0,16.300417207752275,6.29156913955832,16.300417207752275
15 to 20 years,10000000.0,25641.0,1,1,281.0,390.0,6.0,6.0,Unfurnished,Apartment,Resale,Ready to Move,2026-08-22,Mumbai,Andheri East,Shirin Apartment,Andheri East,,,Bachelors/Family,2026-08-21 19:28:33+00:00,1BHK Multistorey Apartment for Resale in Shirin Apartment at Andheri East,19.1154908,72.8726952,17.5,35587.18861209964,1,0.0,16.11809565095832,5.638354669333745,16.792662339952496
Less than 5 years,11000000.0,22000.0,1,1,360.0,500.0,3.0,8.0,Furnished,Apartment,Resale,Ready to Move,2026-08-22,Mumbai,Mulund East,Neelam Nagar 11 D CHS Ltd,Mulund East,,,Bachelors/Family,2026-08-21 19:28:04+00:00,1BHK Multistorey Apartment for Resale in Neelam Nagar 11 D CHS Ltd at Mulund East,19.1531029501285,72.9678051455382,3.0,30555.555555555555,1,2.0,16.213405830762646,5.886104031450156,16.696485253948328
Above 20 years,11000000.0,18803.0,1,2,450.0,585.0,3.0,3.0,Furnished,Apartment,Resale,Ready to Move,2026-08-22,Mumbai,Grant Road,,Grant Road,,,Bachelors/Family,2026-08-22 15:09:31+00:00,1BHK Multistorey Apartment for Resale in Grant Road,18.9619875122216,72.8175575207679,25.0,24444.444444444445,0,2.0,16.213405830762646,6.1092475827643655,16.213405830762646
Above 20 years,9900000.0,15469.0,1,2,461.0,640.0,1.0,5.0,Semi-Furnished,Apartment,Resale,Ready to Move,2026-08-22,Mumbai,Kandivali,Shreeji Nileshwar,Kandivali,,,Bachelors/Family,2026-08-21 16:17:01+00:00,1BHK Multistorey Apartment for Resale in Shreeji Nileshwar at Kandivali,19.205566,72.852158,25.0,21475.054229934925,1,1.0,16.108045315104818,6.133398042996649,16.108045315104818
15 to 20 years,9300000.0,15630.0,1,2,428.0,595.0,3.0,8.0,Semi-Furnished,Apartment,Resale,Ready to Move,2026-08-22,Mumbai,Rawalpada,Narmada,Rawalpada,,,Bachelors/Family,2026-08-21 16:12:46+00:00,1BHK Multistorey Apartment for Resale in Narmada at Rawalpada,19.2484406696159,72.8667379419435,17.5,21728.971962616823,1,1.0,16.045524958123483,6.059123195581797,16.045524958123483
Above 20 years,8800000.0,18526.0,1,2,342.0,475.0,0.0,4.0,Semi-Furnished,Apartment,Resale,Ready to Move,2026-08-22,Mumbai,Mulund West,Ambica Apartments,Mulund West,,,Bachelors/Family,2026-08-21 17:43:53+00:00,1BHK Multistorey Apartment for Resale in Ambica Apartments at Mulund West,19.1749536837097,72.943103519999,25.0,25730.994152046784,1,1.0,15.990262279448435,5.834810737062605,16.657170544069615
Less than 5 years,9100000.0,24796.0,1,1,264.0,367.0,0.0,4.0,Unfurnished,Apartment,Resale,Ready to Move,2026-08-22,Mumbai,,,,,,Bachelors/Family,2026-08-21 16:44:11+00:00,1BHK Multistorey Apartment for Resale in ,,,3.0,34469.69696969697,1,0.0,16.02378497148708,5.575949103146316,
Above 20 years,11000000.0,17742.0,1,1,446.0,620.0,3.0,3.0,Furnished,Apartment,Resale,Ready to Move,2026-08-22,Mumbai,Vile Parle,Ashish,Vile Parle,,,Bachelors/Family,2026-08-21 16:34:05+00:00,1BHK Multistorey Apartment for Resale in Ashish at Vile Parle,19.0945678932926,72.8616060335919,25.0,24663.67713004484,1,2.0,16.213405830762646,6.100318952020064,16.213405830762646
,8500000.0,21574.0,1,2,284.0,394.0,9.0,16.0,Unfurnished,Apartment,Resale,Under Construction,2026-08-22,Mumbai,Dahisar East,Gurukrupa Shiv Parbat,Dahisar East,,"NA|null,P51800045822|06/2022",Bachelors/Family,2026-08-21 17:07:29+00:00,1BHK Multistorey Apartment for Resale in Gurukrupa Shiv Parbat at Dahisar East,19.2530390003417,72.8684258373265,,29929.577464788734,1,0.0,15.955576721460545,5.648974238161206,16.639662990489224
,10000000.0,14925.0,1,2,482.0,670.0,14.0,22.0,Unfurnished,Apartment,Resale,Under Construction,2026-08-22,Mumbai,Malad East,Right Channel Tower 28,Malad East,"Air Conditioned,Jogging and Strolling Track,Located in the Heart of city,Laundry Service,Internet/Wi-Fi Connectivity,RO Water System,Service/Goods Lift,Visitor Parking,Intercom Facility,Conference Room","NA|null,P51800009511|03/2020,P51800028777|-1",Bachelors/Family,2026-08-21 10:34:45+00:00,1BHK Multistorey Apartment for Resale in Right Channel Tower 28 at Malad East,19.1848724519187,72.8629697025013,,20746.887966804978,1,0.0,16.11809565095832,6.1779441140506,16.524223001703145
Less than 5 years,11000000.0,16667.0,1,2,475.0,660.0,9.0,20.0,Furnished,Apartment,Resale,Ready to Move,2026-08-22,Mumbai,Mulund West,Kateeleshwari Apartment,Mulund West,,,Bachelors/Family,2026-08-21 10:29:26+00:00,1BHK Multistorey Apartment for Resale in Kateeleshwari Apartment at Mulund West,19.1749536837097,72.943103519999,3.0,23157.894736842107,1,2.0,16.213405830762646,6.163314804034641,16.657170544069615
5 to 10 years,12000000.0,21818.0,1,1,396.0,550.0,4.0,13.0,Semi-Furnished,Apartment,Resale,Ready to Move,2026-08-22,Mumbai,Jogeshwari West,Hill park Tower,Jogeshwari West,,,Bachelors/Family,2026-08-21 09:54:19+00:00,1BHK Multistorey Apartment for Resale in Hill park Tower at Jogeshwari West,19.1438823857409,72.8427830413067,7.5,30303.030303030304,1,1.0,16.300417207752275,5.981414211254481,16.34070544181687
,10500000.0,24419.0,1,2,310.0,430.0,3.0,25.0,Unfurnished,Apartment,Resale,Under Construction,2026-08-22,Mumbai,Kandivali West,Gauri Excellency,Kandivali West,"Skyline View,Smart Home,Skydeck,Wrap Around Balcony,Fireplace,Theme based Architectures,Full Glass Wall,Bar/Lounge,Fingerprint Access,Health club with Steam / Jaccuzi,,,Air Conditioned,Banquet Hall,Jogging and Strolling Track,Outdoor Tennis Courts,Laundry Service,,,Internet/Wi-Fi Connectivity,RO Water System,Service/Goods Lift,Visitor Parking,Intercom Facility,Conference Room,Downtown,,","NA|null,P51800004832|12/2020",Bachelors/Family,2026-08-21 09:52:05+00:00,1BHK Multistorey Apartment for Resale in Gauri Excellency at Kandivali West,19.2101312179652,72.8305011930765,,33870.967741935485,1,0.0,16.166885815127753,5.736572297479192,16.55970188783117
10 to 15 years,10500000.0,19091.0,1,1,396.0,550.0,6.0,7.0,Unfurnished,Apartment,Resale,Ready to Move,2026-08-22,Mumbai,Borivali West,Swapnil CHS,Borivali West,"Visitor Parking,",,Bachelors/Family,2026-08-21 09:50:56+00:00,1BHK Multistorey Apartment for Resale in Swapnil CHS at Borivali West,19.2335321,72.839198,12.5,26515.15151515152,1,0.0,16.166885815127753,5.981414211254481,16.712420867285854
Less than 5 years,10000000.0,15625.0,1,2,461.0,640.0,2.0,20.0,Semi-Furnished,Apartment,Resale,Ready to Move,2026-08-22,Mumbai,Sadan Wadi,Kshitij Vivanta,Sadan Wadi,,"NA|null,P51800001662|07/2021",Bachelors/Family,2026-08-21 13:32:02+00:00,1BHK Multistorey Apartment for Resale in Kshitij Vivanta at Sadan Wadi,19.15332,72.93481,3.0,21691.973969631235,1,1.0,16.11809565095832,6.133398042996649,16.11809565095832
New Construction,9900000.0,22864.0,1,2,312.0,433.0,14.0,23.0,Semi-Furnished,Apartment,Resale,Ready to Move,2026-08-22,Mumbai,Malad East,Rizvi Cedar ,Malad East,"Intercom Facility,","NA|null,P51800003809|12/2020",Bachelors/Family,2026-08-21 12:14:44+00:00,1BHK Multistorey Apartment for Resale in Rizvi Cedar  at Malad East,19.1848724519187,72.8629697025013,0.0,31730.76923076923,1,1.0,16.108045315104818,5.7430031878094825,16.524223001703145
Above 20 years,12000000.0,26608.0,1,1,325.0,451.0,3.0,7.0,Semi-Furnished,Apartment,Resale,Ready to Move,2026-08-22,Mumbai,Chembur,Shiv Kripa,Chembur,,,Bachelors/Family,2026-08-21 12:12:34+00:00,1BHK Multistorey Apartment for Resale in Shiv Kripa at Chembur,19.0459181155422,72.8975231581492,25.0,36923.07692307692,1,1.0,16.300417207752275,5.783825182329737,16.916602594501136
Less than 5 years,11500000.0,26437.0,1,2,313.0,435.0,13.0,17.0,Unfurnished,Apartment,Resale,Ready to Move,2026-08-22,Mumbai,Andheri East,Bellevue,Andheri East,"Grand Entrance lobby,","NA|null,P51800005944|07/2001",Bachelors/Family,2026-08-21 12:37:17+00:00,1BHK Multistorey Apartment for Resale in Bellevue at Andheri East,19.1154908,72.8726952,3.0,36741.21405750799,1,0.0,16.25785759333348,5.746203190540153,16.792662339952496
,8300000.0,18043.0,1,1,331.0,460.0,15.0,22.0,Unfurnished,Apartment,Resale,Under Construction,2026-08-22,Mumbai,Bhandup West,Sanghvi Atlanta,Bhandup West,,"NA|null,P51800006480|03/2001",Bachelors/Family,2026-08-21 12:30:28+00:00,1BHK Multistorey Apartment for Resale in Sanghvi Atlanta at Bhandup West,19.149901,72.931134,,25075.528700906343,1,0.0,15.931766072766827,5.802118375377063,16.05991801947255
New Construction,11500000.0,25386.0,1,2,326.0,453.0,7.0,16.0,Unfurnished,Apartment,Resale,Ready to Move,2026-08-22,Mumbai,Chembur,Reliance Triveni CHS,Chembur,,"NA|null,P51800004685|12/2019",Bachelors/Family,2026-08-21 12:29:37+00:00,1BHK Multistorey Apartment for Resale in Reliance Triveni CHS at Chembur,19.0459181155422,72.8975231581492,0.0,35276.073619631905,1,0.0,16.25785759333348,5.786897381366708,16.916602594501136
Less than 5 years,8200000.0,12481.0,1,2,473.0,657.0,12.0,23.0,Unfurnished,Apartment,Resale,Ready to Move,2026-08-22,Mumbai,Mira Road,Lodha Codename Bullseye,Mira Road Area,"Private jaccuzi,,Banquet Hall,Jogging and Strolling Track,Outdoor Tennis Courts,","NA|null,P51700012991|-1",Bachelors/Family,2026-08-21 12:27:01+00:00,1BHK Multistorey Apartment for Resale in Lodha Codename Bullseye at Mira Road Area,19.2829267647424,72.8627883689306,3.0,17336.15221987315,1,0.0,15.919644712234481,6.159095388491933,16.00351917920147
,9600000.0,14861.0,1,2,465.0,646.0,5.0,31.0,Unfurnished,Apartment,Resale,Under Construction,2026-08-22,Mumbai,Kandivali East,UK Iridium,Kandivali East,"Grand Entrance lobby,,,,,,","NA|null,P51800007275|10/2024",Bachelors/Family,2026-08-21 12:02:15+00:00,1BHK Multistorey Apartment for Resale in UK Iridium at Kandivali East,19.2050017,72.8692711,,20645.16129032258,1,0.0,16.077273656438063,6.142037405587356,16.3083311155764
5 to 10 years,14000000.0,25000.0,1,2,465.0,560.0,8.0,8.0,Furnished,Apartment,New Property,Ready to Move,2026-08-23,Mumbai,Dahisar West,Rustomjee Regency,Dahisar West,"Internet/Wi-Fi Connectivity,Service/Goods Lift,Visitor Parking,Intercom Facility",,Bachelors/Family,2026-08-22 23:33:47+00:00,1BHK Multistorey Apartment for New Property in Rustomjee Regency at Dahisar West,19.2567151019289,72.8506375105369,7.5,30107.52688172043,0,2.0,16.454567887579532,6.142037405587356,16.454567887579532
5 to 10 years,18000000.0,30769.0,1,2,421.0,585.0,7.0,7.0,Furnished,Apartment,Resale,Ready to Move,2026-08-22,Mumbai,Andheri West,Andheri Lokhandwala,Andheri West,Visitor Parking,,Bachelors/Family,2026-08-21 20:01:48+00:00,1BHK Multistorey Apartment for Resale in Andheri Lokhandwala at Andheri West,19.1373697481266,72.8257229439874,7.5,42755.34441805226,1,2.0,16.70588231586044,6.042632833682381,16.971517551091193
Above 20 years,13000000.0,23636.0,1,2,396.0,550.0,2.0,6.0,Unfurnished,Apartment,Resale,Ready to Move,2026-08-22,Mumbai,Kandivali West,Konark Enclave,Kandivali West,,,Bachelors/Family,2026-08-21 18:37:24+00:00,1BHK Multistorey Apartment for Resale in Konark Enclave at Kandivali West,19.2101312179652,72.8305011930765,25.0,32828.28282828283,1,0.0,16.38045991542581,5.981414211254481,16.55970188783117
,14000000.0,40346.0,1,2,,347.0,2.0,21.0,Semi-Furnished,Apartment,Resale,Ready to Move,2026-08-22,Mumbai,Jogeshwari,,Jogeshwari,,,Bachelors/Family,2026-08-22 18:25:45+00:00,1BHK Multistorey Apartment for Resale in Jogeshwari,19.1391584419196,72.8491931971322,,,0,1.0,16.454567887579532,,16.454567887579532
New Construction,12300000.0,28671.0,1,1,309.0,429.0,21.0,23.0,Unfurnished,Apartment,Resale,Ready to Move,2026-08-22,Mumbai,Andheri West,Paras El Signora,Andheri West,"Bar/Lounge,Shopping center,Internet/Wi-Fi Connectivity","NA|null,P51800005086|09/2021",Bachelors/Family,2026-08-21 17:56:18+00:00,1BHK Multistorey Apartment for Resale in Paras El Signora at Andheri West,19.1373697481266,72.8257229439874,0.0,39805.82524271845,1,0.0,16.325109820342647,5.733341276897746,16.971517551091193
Less than 5 years,13500000.0,25520.0,1,1,381.0,529.0,18.0,21.0,Unfurnished,Apartment,Resale,Ready to Move,2026-08-22,Mumbai,Kanjurmarg East,Kanakia Zen World,Kanjurmarg East,"Water Front,Air Conditioned,Banquet Hall,Jogging and Strolling Track,Laundry Service,Internet/Wi-Fi Connectivity,RO Water System,Service/Goods Lift,Visitor Parking,Intercom Facility,Conference Room,"," P51800022936|-1,NA|null,P51800008343|-1",Bachelors/Family,2026-08-21 11:30:56+00:00,1BHK Multistorey Apartment for Resale in Kanakia Zen World at Kanjurmarg East,19.1303464798827,72.934955451681,3.0,35433.07086614173,1,0.0,16.41820024340866,5.942799375126701,16.43557224378833
10 to 15 years,12500000.0,21079.0,1,1,427.0,593.0,4.0,13.0,Semi-Furnished,Apartment,Resale,Ready to Move,2026-08-22,Mumbai,Jogeshwari West,Hill park Tower,Jogeshwari West,,,Bachelors/Family,2026-08-21 09:54:26+00:00,1BHK Multistorey Apartment for Resale in Hill park Tower at Jogeshwari West,19.1438823857409,72.8427830413067,12.5,29274.00468384075,1,1.0,16.34123920227253,6.056784013228625,16.34070544181687
Less than 5 years,16000000.0,35955.0,1,2,320.0,445.0,5.0,12.0,Semi-Furnished,Apartment,Resale,Ready to Move,2026-08-22,Mumbai,Andheri East,Krishna Chaitanya,Andheri East,"Located in the Heart of city,Visitor Parking,","NA|null,P51800000078|12/2018",Bachelors/Family,2026-08-21 12:21:51+00:00,1BHK Multistorey Apartment for Resale in Krishna Chaitanya at Andheri East,19.1154908,72.8726952,3.0,50000.0,1,1.0,16.588099280204055,5.768320995793772,16.792662339952496
Less than 5 years,14000000.0,33735.0,1,1,299.0,415.0,9.0,17.0,Furnished,Apartment,Resale,Ready to Move,2026-08-22,Mumbai,Goregaon East,Yash Willows,Goregaon East,,,Bachelors/Family,2026-08-21 12:43:41+00:00,1BHK Multistorey Apartment for Resale in Yash Willows at Goregaon East,19.1562110822264,72.8758090633208,3.0,46822.74247491639,1,2.0,16.454567887579532,5.700443573390687,16.703131077015616
10 to 15 years,15000000.0,30000.0,1,1,360.0,500.0,10.0,11.0,Furnished,Apartment,Resale,Ready to Move,2026-08-22,Mumbai,Vakola,,Vakola,,,Bachelors/Family,2026-08-21 13:16:11+00:00,1BHK Multistorey Apartment for Resale in Vakola,19.0794899226775,72.8542218874446,12.5,41666.66666666666,1,2.0,16.523560759066484,5.886104031450156,16.82662866085164
Less than 5 years,12500000.0,30488.0,1,1,295.0,410.0,2.0,10.0,Unfurnished,Apartment,Resale,Ready to Move,2026-08-22,Mumbai,Andheri West,Shri Arham Bluz,Andheri West,,"NA|null,P51800010383|-1",Bachelors/Family,2026-08-21 14:26:05+00:00,1BHK Multistorey Apartment for Resale in Shri Arham Bluz at Andheri West,19.1373697481266,72.8257229439874,3.0,42372.8813559322,1,0.0,16.34123920227253,5.68697535633982,16.971517551091193
Less than 5 years,12500000.0,18939.0,1,2,475.0,660.0,7.0,12.0,Semi-Furnished,Apartment,Resale,Ready to Move,2026-08-22,Mumbai,Mhatre Wadi,Raviraj Tarang,Mhatre Wadi Dahisar West,,"NA|null,P51800010482|01/2001",Bachelors/Family,2026-08-21 14:03:23+00:00,1BHK Multistorey Apartment for Resale in Raviraj Tarang at Mhatre Wadi Dahisar West,19.2524949571291,72.8576347043956,3.0,26315.78947368421,1,1.0,16.34123920227253,6.163314804034641,16.34123920227253
Less than 5 years,15000000.0,23077.0,1,1,468.0,650.0,12.0,14.0,Furnished,Apartment,Resale,Ready to Move,2026-08-21,Mumbai,Andheri West,Palash Tower,Andheri West,"Air Conditioned,Visitor Parking,Intercom Facility,",,Bachelors/Family,2026-08-21 06:16:07+00:00,1BHK Multistorey Apartment for Resale in Palash Tower at Andheri West,19.1373697481266,72.8257229439874,3.0,32051.28205128205,1,2.0,16.523560759066484,6.148468295917647,16.971517551091193
Less than 5 years,13500000.0,22500.0,1,2,432.0,600.0,7.0,12.0,Unfurnished,Apartment,Resale,Ready to Move,2026-08-22,Mumbai,Malad East,Devi Krupa,Malad East,"Service/Goods Lift,Visitor Parking,",,Bachelors/Family,2026-08-21 08:06:03+00:00,1BHK Multistorey Apartment for Resale in Devi Krupa at Malad East,19.1848724519187,72.8629697025013,3.0,31250.0,1,0.0,16.41820024340866,6.068425588244111,16.524223001703145
Less than 5 years,12000000.0,16973.0,1,2,509.0,707.0,1.0,21.0,Furnished,Apartment,Resale,Ready to Move,2026-08-22,Mumbai,Kanjurmarg East,Aadi Allure,Kanjurmarg East,"Air Conditioned,Banquet Hall,Jogging and Strolling Track,,,Internet/Wi-Fi Connectivity,Service/Goods Lift,Visitor Parking,Intercom Facility","NA|null,P51800008521|-1,P51800016566|-1",Bachelors/Family,2026-08-21 06:51:42+00:00,1BHK Multistorey Apartment for Resale in Aadi Allure at Kanjurmarg East,19.1303464798827,72.934955451681,3.0,23575.63850687623,1,2.0,16.300417207752275,6.2324480165505225,16.43557224378833
15 to 20 years,12000000.0,30000.0,1,1,288.0,400.0,1.0,7.0,Furnished,Apartment,Resale,Ready to Move,2026-08-21,Mumbai,Tardeo,Gokuldham Apartment,Tardeo,,,Bachelors/Family,2026-08-21 05:11:33+00:00,1BHK Multistorey Apartment for Resale in Gokuldham Apartment at Tardeo,18.9693555488714,72.8133774658556,17.5,41666.66666666666,2,2.0,16.300417207752275,5.662960480135946,16.724066137945876
Less than 5 years,14500000.0,25528.0,1,1,409.0,568.0,2.0,5.0,Furnished,Apartment,Resale,Ready to Move,2026-08-21,Mumbai,Santacruz West,Khira Nagar Apartment,Santacruz West,,,Bachelors/Family,2026-08-21 05:08:20+00:00,1BHK Multistorey Apartment for Resale in Khira Nagar Apartment at Santacruz West,19.0812559812257,72.8376604906028,3.0,35452.322738386305,2,2.0,16.489659207390805,6.013715156042802,16.68342315556975
Above 20 years,12500000.0,24038.0,1,1,374.0,520.0,2.0,3.0,Unfurnished,Apartment,Resale,Ready to Move,2026-08-21,Mumbai,Santacruz East,Roy Mansion,Santacruz East,,,Bachelors/Family,2026-08-21 05:07:16+00:00,1BHK Multistorey Apartment for Resale in Roy Mansion at Santacruz East,19.0799983,72.8545019,25.0,33422.45989304813,2,0.0,16.34123920227253,5.924255797414532,16.903579465256815
15 to 20 years,12500000.0,21739.0,1,2,414.0,575.0,2.0,7.0,Unfurnished,Apartment,Resale,Ready to Move,2026-08-21,Mumbai,Malad East,Dheeraj Uphar CHS. LTD.,Malad East,,,Bachelors/Family,2026-08-21 04:48:38+00:00,1BHK Multistorey Apartment for Resale in Dheeraj Uphar CHS. LTD. at Malad East,19.1848724519187,72.8629697025013,17.5,30193.236714975847,2,0.0,16.34123920227253,6.025865973825314,16.524223001703145
5 to 10 years,14000000.0,46667.0,1,1,216.0,300.0,2.0,6.0,Semi-Furnished,Apartment,Resale,Ready to Move,2026-08-21,Mumbai,Mahim,Zaitoon Apartment,Mahim,,,Bachelors/Family,2026-08-21 04:48:10+00:00,1BHK Multistorey Apartment for Resale in Zaitoon Apartment at Mahim,19.0388120275329,72.8419652875755,7.5,64814.81481481482,2,1.0,16.454567887579532,5.375278407684165,16.781404662449017
10 to 15 years,16000000.0,21053.0,1,2,547.0,760.0,0.0,6.0,Unfurnished,Apartment,Resale,Ready to Move,2026-08-21,Mumbai,Santacruz West,Pioneer Heritage,Santacruz West,"Laundry Service,Visitor Parking,",,Bachelors/Family,2026-08-21 05:08:44+00:00,1BHK Multistorey Apartment for Resale in Pioneer Heritage at Santacruz West,19.0812559812257,72.8376604906028,12.5,29250.457038391225,2,0.0,16.588099280204055,6.304448802421981,16.68342315556975
Less than 5 years,12900000.0,28043.0,1,2,331.0,460.0,5.0,15.0,Semi-Furnished,Apartment,Resale,Ready to Move,2026-08-21,Mumbai,Mulund East,Gagangiri Towers,Mulund East,"Visitor Parking,",,Bachelors/Family,2026-08-21 04:55:47+00:00,1BHK Multistorey Apartment for Resale in Gagangiri Towers at Mulund East,19.1531029501285,72.9678051455382,3.0,38972.80966767372,2,1.0,16.3727378693319,5.802118375377063,16.696485253948328
5 to 10 years,13000000.0,21138.0,1,2,443.0,615.0,4.0,15.0,Furnished,Apartment,Resale,Ready to Move,2026-08-21,Mumbai,Kandivali West,Shree Niketan,Kandivali West,,,Bachelors/Family,2026-08-21 04:42:31+00:00,1BHK Multistorey Apartment for Resale in Shree Niketan at Kandivali West,19.2101312179652,72.8305011930765,7.5,29345.372460496616,2,2.0,16.38045991542581,6.093569770045136,16.55970188783117
New Construction,13000000.0,17333.0,1,2,540.0,750.0,11.0,18.0,Semi-Furnished,Apartment,Resale,Ready to Move,2026-08-21,Mumbai,Jogeshwari West,SMGK Associates Residency,Jogeshwari West,"Visitor Parking,",,Bachelors/Family,2026-08-21 04:36:36+00:00,1BHK Multistorey Apartment for Resale in SMGK Associates Residency at Jogeshwari West,19.1438823857409,72.8427830413067,0.0,24074.074074074077,2,1.0,16.38045991542581,6.29156913955832,16.34070544181687
10 to 15 years,12000000.0,20690.0,1,2,418.0,580.0,5.0,8.0,Unfurnished,Apartment,Resale,Ready to Move,2026-08-21,Mumbai,Kandivali West,Veena Sitar,Kandivali West,,,Bachelors/Family,2026-08-21 04:42:38+00:00,1BHK Multistorey Apartment for Resale in Veena Sitar at Kandivali West,19.2101312179652,72.8305011930765,12.5,28708.133971291867,2,0.0,16.300417207752275,6.035481432524756,16.55970188783117
Above 20 years,24500000.0,39452.0,1,1,550.0,621.0,9.0,16.0,Semi-Furnished,Apartment,Resale,Ready to Move,2026-08-23,Mumbai,Andheri West,Galactica Apartment,Andheri West,"Air Conditioned,Internet/Wi-Fi Connectivity,RO Water System,Service/Goods Lift,Visitor Parking,Intercom Facility",,Bachelors/Family,2026-08-22 23:33:02+00:00,1BHK Multistorey Apartment for Resale in Galactica Apartment at Andheri West,19.1373697481266,72.8257229439874,25.0,44545.454545454544,0,1.0,17.014183675514957,6.309918278226516,16.971517551091193
Above 20 years,22500000.0,22500.0,1,1,720.0,1000.0,4.0,5.0,Furnished,Apartment,Resale,Ready to Move,2026-08-22,Mumbai,,Kartar Bhavan,Sion East,,,Bachelors/Family,2026-08-21 19:27:40+00:00,1BHK Multistorey Apartment for Resale in Kartar Bhavan at Sion East,19.0406208013187,72.8695165321764,25.0,31250.0,1,2.0,16.929025867174648,6.579251212010101,
Less than 5 years,20000000.0,30769.0,1,1,468.0,650.0,2.0,3.0,Unfurnished,Apartment,Resale,Ready to Move,2026-08-22,Mumbai,Vile Parle East,Shanti Kunj,Vile Parle East,,,Bachelors/Family,2026-08-21 16:50:03+00:00,1BHK Multistorey Apartment for Resale in Shanti Kunj at Vile Parle East,19.10046297,72.84924449,3.0,42735.042735042734,1,0.0,16.811242831518264,6.148468295917647,16.994661006029744
Less than 5 years,20000000.0,30534.0,1,2,472.0,655.0,3.0,7.0,Furnished,Apartment,Resale,Ready to Move,2026-08-21,Mumbai,Parel,Vikas Apartments,Parel,"Laundry Service,Visitor Parking",,Bachelors/Family,2026-08-21 05:01:08+00:00,1BHK Multistorey Apartment for Resale in Vikas Apartments at Parel,18.9982694030581,72.8410429440342,3.0,42372.8813559322,2,2.0,16.811242831518264,6.156978985585555,16.959471438605416
5 to 10 years,20900000.0,29028.0,1,2,518.0,720.0,7.0,7.0,Semi-Furnished,Apartment,Resale,Ready to Move,2026-08-21,Mumbai,Mahim,Cadel Castle Apartment,Mahim,,,Bachelors/Family,2026-08-21 04:47:39+00:00,1BHK Multistorey Apartment for Resale in Cadel Castle Apartment at Mahim,19.0388120275329,72.8419652875755,7.5,40347.49034749035,2,1.0,16.855259716935038,6.249975242259483,16.781404662449017
15 to 20 years,19500000.0,29545.0,1,2,475.0,660.0,5.0,8.0,Semi-Furnished,Apartment,Resale,Ready to Move,2026-08-21,Mumbai,Parel,Deep Residency,Parel,,,Bachelors/Family,2026-08-21 05:00:55+00:00,1BHK Multistorey Apartment for Resale in Deep Residency at Parel,18.9982694030581,72.8410429440342,17.5,41052.63157894737,2,1.0,16.785925023533974,6.163314804034641,16.959471438605416
Above 20 years,19500000.0,27857.0,1,2,504.0,700.0,3.0,4.0,Unfurnished,Apartment,Resale,Ready to Move,2026-08-21,Mumbai,Kandivali West,Sahyadri CHS,Kandivali West,,,Bachelors/Family,2026-08-21 04:40:52+00:00,1BHK Multistorey Apartment for Resale in Sahyadri CHS at Kandivali West,19.2101312179652,72.8305011930765,25.0,38690.47619047619,2,0.0,16.785925023533974,6.222576268071369,16.55970188783117
Above 20 years,25000000.0,45455.0,1,2,396.0,550.0,2.0,12.0,Semi-Furnished,Apartment,Resale,Ready to Move,2026-08-21,Mumbai,Dadar East,Navin Asha CHS,Dadar East,"Laundry Service,Visitor Parking,",,Bachelors/Family,2026-08-21 04:21:40+00:00,1BHK Multistorey Apartment for Resale in Navin Asha CHS at Dadar East,19.0135792007831,72.8448295038214,25.0,63131.31313131313,2,1.0,17.034386382832476,5.981414211254481,17.125547161229452
Above 20 years,23500000.0,33571.0,1,2,504.0,700.0,2.0,8.0,Unfurnished,Apartment,Resale,Ready to Move,2026-08-21,Mumbai,Santacruz West,Sushila Baug CHS,Santacruz West,,,Bachelors/Family,2026-08-21 05:09:12+00:00,1BHK Multistorey Apartment for Resale in Sushila Baug CHS at Santacruz West,19.0812559812257,72.8376604906028,25.0,46626.98412698413,2,0.0,16.972510979114386,6.222576268071369,16.68342315556975
Above 20 years,20000000.0,27586.0,1,1,544.0,725.0,1.0,4.0,Unfurnished,Apartment,Resale,Ready to Move,2026-08-20,Mumbai,Vile Parle East,,Vile Parle East,"Modular Kitchen,Air Conditioned,AC in each room ,Visitor Parking",,Bachelors/Family,2026-08-16 23:47:58+00:00,1BHK Multistorey Apartment for Resale in Vile Parle East,19.10046297,72.84924449,25.0,36764.705882352944,6,0.0,16.811242831518264,6.298949246855942,16.994661006029744
10 to 15 years,20000000.0,,1,2,390.0,,1.0,6.0,Furnished,Apartment,Resale,Ready to Move,2026-08-19,Mumbai,Dadar,,Dadar,,,Bachelors/Family,2026-08-19 15:33:08+00:00,1BHK Multistorey Apartment for Resale in Dadar,19.020661776708,72.8434154500363,12.5,51282.05128205128,3,2.0,16.811242831518264,5.966146739123692,16.811242831518264
Above 20 years,20542500.0,46582.0,1,1,400.0,441.0,4.0,7.0,Semi-Furnished,Apartment,Resale,Ready to Move,2026-08-17,Mumbai,BBD Chawl Naigaon,Dadar N J Wadia CHS,BBD Chawl Naigaon,"Central AC ,3 Tier Security System,Air Conditioned,All wooden flooring,AC in each room ,Internet/Wi-Fi Connectivity,RO Water System,Visitor Parking",,Bachelors/Family,2026-08-16 23:49:36+00:00,1BHK Multistorey Apartment for Resale in Dadar N J Wadia CHS at BBD Chawl Naigaon,19.0107327487183,72.8455858054743,25.0,51356.25,6,1.0,16.83800646878748,5.991464547107982,16.83800646878748
Less than 5 years,18000000.0,,1,2,430.0,,2.0,9.0,Semi-Furnished,Apartment,Resale,Ready to Move,2026-08-20,Mumbai,Powai,Kanakia Silicon Valley,Powai,"Bar/Lounge,Banquet Hall,Jogging and Strolling Track,Outdoor Tennis Courts,Laundry Service,RO Water System,Service/Goods Lift,Intercom Facility,Conference Room","NA|null,P51800017413|06/2027,P51800018007|06/2025,P51800018008|06/2025,P51800018113|06/2025,P51800034748|09/2026,P51800047422|-1",Bachelors/Family,2026-08-20 07:03:39+00:00,1BHK Multistorey Apartment for Resale in Kanakia Silicon Valley at Powai,19.1196773,72.9050809,3.0,41860.46511627907,2,1.0,16.70588231586044,6.063785208687608,16.80894847147809
Above 20 years,22500000.0,34615.0,1,1,550.0,650.0,4.0,6.0,Semi-Furnished,Apartment,Resale,Ready to Move,2026-08-18,Mumbai,Meghwadi Lal Baug,,Meghwadi Lal Baug,,,Bachelors/Family,2026-08-17 23:31:36+00:00,1BHK Multistorey Apartment for Resale in Meghwadi Lal Baug,18.9941339,72.83901537,25.0,40909.09090909091,5,1.0,16.929025867174648,6.309918278226516,16.929025867174648
New Construction,18000000.0,36000.0,1,2,400.0,500.0,9.0,21.0,Unfurnished,Apartment,Resale,Ready to Move,2026-08-22,Mumbai,Nagpada,White Flower,Nagpada,"Sea facing,Smart Home,Laundry Service,Service/Goods Lift,Visitor Parking,Intercom Facility,Conference Room",,Bachelors/Family,2026-08-22 09:41:08+00:00,1BHK Multistorey Apartment for Resale in White Flower at Nagpada,18.9648503356723,72.830608906208,0.0,45000.0,0,0.0,16.70588231586044,5.991464547107982,16.70588231586044
5 to 10 years,20000000.0,42105.0,1,2,380.0,475.0,15.0,18.0,Semi-Furnished,Apartment,Resale,Ready to Move,2026-08-22,Mumbai,Powai,Hiranandani Regent Hill,Powai,"Island Kitchen Layout,Concierge Services,Fireplace,Bar/Lounge,Health club with Steam / Jaccuzi,Air Conditioned,Outdoor Tennis Courts,Private Garage,Laundry Service,Internet/Wi-Fi Connectivity,RO Water System","NA|null,P51800018620|-1",Bachelors/Family,2026-08-22 10:00:51+00:00,1BHK Multistorey Apartment for Resale in Hiranandani Regent Hill at Powai,19.1196773,72.9050809,7.5,52631.57894736842,0,1.0,16.811242831518264,5.940171252720432,16.80894847147809
,18500000.0,,1,1,476.0,,,,Unfurnished,Apartment,New Property,Ready to Move,2026-05-01,Mumbai,Vile Parle East,Panom Parleshwar Aangan,Vile Parle East,,"NA|null,P51800049682|12/2025",Bachelors/Family,2026-08-21 17:37:06+00:00,1BHK Multistorey Apartment for New Property in Panom Parleshwar Aangan at Vile Parle East,19.10046297,72.84924449,,38865.5462184874,1,0.0,16.733281290048552,6.16541785423142,16.994661006029744
,22400000.0,,1,1,467.0,,,,Unfurnished,Apartment,New Property,Jun '27,2026-07-10,Mumbai,Vile Parle West,Avant Park West,Vile Parle West,,"NA|null,P51800053738|-1",Bachelors/Family,2026-08-20 17:36:46+00:00,1BHK Multistorey Apartment for New Property in Avant Park West at Vile Parle West,19.1093928395446,72.8369701399986,,47965.73875802998,2,0.0,16.924571516825267,6.1463292576688975,17.120800434558745
15 to 20 years,21000000.0,37770.0,1,2,500.0,556.0,4.0,5.0,Semi-Furnished,Apartment,Resale,Ready to Move,2026-08-19,Mumbai,Prathna Samaj,,Prathna Samaj,Downtown,,Bachelors/Family,2026-08-18 16:34:48+00:00,1BHK Multistorey Apartment for Resale in Prathna Samaj,18.957438,72.820735,17.5,42000.0,4,1.0,16.860032995687696,6.214608098422191,16.860032995687696
Above 20 years,21000000.0,,1,1,680.0,,4.0,4.0,Semi-Furnished,Apartment,Resale,Ready to Move,2026-08-23,Mumbai,Vile Parle West,Kunal Apartment,Vile Parle West,,,Bachelors/Family,2026-08-22 23:34:56+00:00,1BHK Multistorey Apartment for Resale in Kunal Apartment at Vile Parle West,19.1093928395446,72.8369701399986,25.0,30882.352941176472,0,1.0,16.860032995687696,6.522092798170152,17.120800434558745
,20000000.0,52770.0,1,2,12800.0,379.0,15.0,25.0,Furnished,Apartment,Resale,Ready to Move,2026-08-22,Mumbai,,Hiranandani Regent Hill,Hiranandani Gardens,,"NA|null,P51800018620|-1",Bachelors/Family,2026-08-21 23:45:16+00:00,1BHK Multistorey Apartment for Resale in Hiranandani Regent Hill at Hiranandani Gardens,19.1177459703185,72.9111144020492,,1562.5,1,2.0,16.811242831518264,9.457200449907708,
5 to 10 years,19000000.0,50132.0,1,2,,379.0,3.0,23.0,Semi-Furnished,Apartment,Resale,Ready to Move,2026-08-21,Mumbai,Powai,Hiranandani Regent Hill,Powai,"Bar/Lounge,Air Conditioned,Banquet Hall,Jogging and Strolling Track,Outdoor Tennis Courts,Laundry Service,Internet/Wi-Fi Connectivity,RO Water System,Service/Goods Lift,Intercom Facility,Conference Room","NA|null,P51800018620|-1",Bachelors/Family,2026-08-21 09:42:49+00:00,1BHK Multistorey Apartment for Resale in Hiranandani Regent Hill at Powai,19.1196773,72.9050809,7.5,,1,1.0,16.759949537130716,,16.80894847147809
New Construction,19000000.0,31667.0,1,1,397.0,600.0,13.0,35.0,Unfurnished,Apartment,Resale,Ready to Move,2026-08-21,Mumbai,Veera Desai Industrial Estate,Transcon Triumph,Veera Desai Industrial Estate,,"NA|null,P51800005361|12/2021",Bachelors/Family,2026-08-21 10:21:44+00:00,1BHK Multistorey Apartment for Resale in Transcon Triumph at Veera Desai Industrial Estate,19.13834,72.83456,0.0,47858.94206549118,1,0.0,16.759949537130716,5.983936280687191,16.759949537130716
5 to 10 years,20000000.0,33333.0,1,1,535.0,600.0,0.0,5.0,Furnished,Apartment,Resale,Ready to Move,2026-05-16,Mumbai,,,,Air Conditioned,,Bachelors/Family,2026-05-15 17:04:38+00:00,1BHK Multistorey Apartment for Resale in ,,,7.5,37383.17757009346,99,2.0,16.811242831518264,6.282266746896006,
,18000000.0,36000.0,1,1,,500.0,0.0,4.0,Unfurnished,Apartment,Resale,Ready to Move,2026-06-06,Mumbai,Santacruz East,,Santacruz East,,,Bachelors/Family,2026-06-05 17:53:14+00:00,1BHK Multistorey Apartment for Resale in Santacruz East,19.0799983,72.8545019,,,78,0.0,16.70588231586044,,16.903579465256815
Above 20 years,18000000.0,,1,1,450.0,,4.0,4.0,Furnished,Apartment,Resale,Ready to Move,2026-04-12,Mumbai,Goregaon East,Gokuldham,Goregaon East,,,Bachelors/Family,2026-04-12 12:56:49+00:00,1BHK Multistorey Apartment for Resale in Gokuldham at Goregaon East,19.1562110822264,72.8758090633208,25.0,40000.0,132,2.0,16.70588231586044,6.1092475827643655,16.703131077015616
Above 20 years,22500000.0,34615.0,1,1,500.0,650.0,2.0,7.0,Unfurnished,Apartment,Resale,Ready to Move,2026-05-03,Mumbai,Haji Ali,Maniyar Apartment,Haji Ali,,,Bachelors/Family,2026-05-02 22:30:42+00:00,1BHK Multistorey Apartment for Resale in Maniyar Apartment at Haji Ali,18.9776780585218,72.8112400708875,25.0,45000.0,112,0.0,16.929025867174648,6.214608098422191,16.929025867174648
Above 20 years,21500000.0,26061.0,1,2,660.0,825.0,4.0,7.0,Semi-Furnished,Apartment,Resale,Ready to Move,2026-06-26,Mumbai,Mazgaon,Mazgaon Terrace,Mazgaon,"Air Conditioned,Internet/Wi-Fi Connectivity,RO Water System,Visitor Parking,Intercom Facility",,Bachelors/Family,2026-06-26 11:51:52+00:00,1BHK Multistorey Apartment for Resale in Mazgaon Terrace at Mazgaon,18.9633811595298,72.8440624733612,25.0,32575.757575757576,57,1.0,16.883563493097892,6.492239835020471,16.883563493097892
,22000000.0,43564.0,1,2,,505.0,1.0,8.0,Unfurnished,Apartment,Resale,Ready to Move,2026-05-28,Mumbai,Vile Parle East,Om Madhusadan CHS,Vile Parle East,,,Bachelors/Family,2026-05-27 17:48:13+00:00,1BHK Multistorey Apartment for Resale in Om Madhusadan CHS at Vile Parle East,19.10046297,72.84924449,,,87,0.0,16.90655301132259,,16.994661006029744
Less than 5 years,27000000.0,53678.0,1,1,362.0,503.0,2.0,38.0,Unfurnished,Apartment,Resale,Ready to Move,2026-08-22,Mumbai,Matunga West,Wadhwa Pristine,Matunga West,Fire Sprinklers,"NA|null,P51900017186 |-1,P51900018891|-1",Bachelors/Family,2026-08-21 15:04:23+00:00,1BHK Multistorey Apartment for Resale in Wadhwa Pristine at Matunga West,19.0288217353274,72.8440906063583,3.0,74585.63535911602,1,0.0,17.111347423968603,5.8916442118257715,16.927541083724858
Above 20 years,30000000.0,60000.0,1,1,360.0,500.0,4.0,7.0,Furnished,Apartment,Resale,Ready to Move,2026-08-21,Mumbai,Dadar East,Belle View Apartment,Dadar East,,,Bachelors/Family,2026-08-21 04:21:16+00:00,1BHK Multistorey Apartment for Resale in Belle View Apartment at Dadar East,19.0135792007831,72.8448295038214,25.0,83333.33333333333,2,2.0,17.216707939626428,5.886104031450156,17.125547161229452
,32800000.0,,1,1,684.0,,,,Unfurnished,Apartment,New Property,Jun '27,2026-07-10,Mumbai,Vile Parle West,Avant Park West,Vile Parle West,,"NA|null,P51800053738|-1",Bachelors/Family,2026-08-21 17:37:06+00:00,1BHK Multistorey Apartment for New Property in Avant Park West at Vile Parle West,19.1093928395446,72.8369701399986,,47953.216374269,1,0.0,17.305939073354374,6.52795791762255,17.120800434558745
Above 20 years,27000000.0,60000.0,1,1,450.0,450.0,5.0,6.0,Furnished,Apartment,Resale,Ready to Move,2026-07-04,Mumbai,Colaba,,Colaba,,,Bachelors/Family,2026-06-28 11:27:28+00:00,1BHK Multistorey Apartment for Resale in Colaba,18.9037004,72.8131432,25.0,60000.0,55,2.0,17.111347423968603,6.1092475827643655,17.111347423968603
Above 20 years,27700000.0,,1,2,619.0,,1.0,4.0,Unfurnished,Apartment,Resale,Ready to Move,2026-05-12,Mumbai,,SURAT BAHAR,Azad Nagar Colaba,,,Bachelors/Family,2026-05-12 05:30:32+00:00,1BHK Multistorey Apartment for Resale in SURAT BAHAR at Azad Nagar Colaba,18.9139352581376,72.8278101828692,25.0,44749.59612277868,102,0.0,17.136942971157566,6.428105272684596,
New Construction,26000000.0,,1,1,333.0,,20.0,24.0,Semi-Furnished,Apartment,Resale,Ready to Move,2026-06-20,Mumbai,Nirmal Park Railway Colony,,Nirmal Park Railway Colony,Skydeck,,Bachelors/Family,2026-06-19 16:47:00+00:00,1BHK Multistorey Apartment for Resale in Nirmal Park Railway Colony,18.98394906,72.83450614,0.0,78078.07807807808,64,1.0,17.073607095985757,5.808142489980444,17.073607095985757
Above 20 years,35000000.0,67308.0,1,1,520.0,520.0,4.0,4.0,Semi-Furnished,Apartment,New Property,Ready to Move,2026-04-27,Mumbai,Dadar West,Mandarmala CHS,Dadar West,,,Bachelors/Family,2026-04-27 12:06:43+00:00,1BHK Multistorey Apartment for New Property in Mandarmala CHS at Dadar West,19.0200667964879,72.8380779661804,25.0,67307.69230769231,117,1.0,17.37085861945369,6.253828811575473,17.14520717175996
10 to 15 years,30000000.0,,1,2,515.0,,3.0,12.0,Semi-Furnished,Apartment,Resale,Ready to Move,2026-05-12,Mumbai,Vile Parle West,Moonland Sukhmani,Vile Parle West,"Banquet Hall,Service/Goods Lift",,Bachelors/Family,2026-05-12 07:21:41+00:00,1BHK Multistorey Apartment for Resale in Moonland Sukhmani at Vile Parle West,19.1093928395446,72.8369701399986,12.5,58252.42718446602,102,1.0,17.216707939626428,6.244166900663736,17.120800434558745
,31500000.0,62376.0,1,1,,505.0,33.0,72.0,Semi-Furnished,Apartment,Resale,Ready to Move,2026-06-06,Mumbai,Mumbai Central,Nathani Heights,Mumbai Central,,"NA|null,P51900008587|-1,P51900011250|12/2025",Bachelors/Family,2026-06-05 21:32:08+00:00,1BHK Multistorey Apartment for Resale in Nathani Heights at Mumbai Central,18.9719357574575,72.8200902287046,,,78,1.0,17.26549810379586,,17.26549810379586
5 to 10 years,25600000.0,34133.0,1,1,514.0,750.0,8.0,38.0,Semi-Furnished,Apartment,Resale,Ready to Move,2026-05-14,Mumbai,Wadala East,Lodha Altia,Wadala East,"Bar/Lounge,Air Conditioned,Banquet Hall,Jogging and Strolling Track,Outdoor Tennis Courts,Laundry Service,Internet/Wi-Fi Connectivity,RO Water System,Service/Goods Lift,Intercom Facility,Conference Room","NA|null,P51900000629|03/2021",Bachelors/Family,2026-05-13 18:21:08+00:00,1BHK Multistorey Apartment for Resale in Lodha Altia at Wadala East,19.0135321429189,72.8602998056272,7.5,49805.44747081712,101,1.0,17.05810290944979,6.2422232654551655,17.05810290944979
Above 20 years,33000000.0,64706.0,1,2,480.0,510.0,3.0,6.0,Furnished,Apartment,Resale,Ready to Move,2026-04-19,Mumbai,Worli Naka,,Worli Naka,,,Bachelors/Family,2026-04-19 11:34:15+00:00,1BHK Multistorey Apartment for Resale in Worli Naka,18.9985560692086,72.8182936258445,25.0,68750.0,125,2.0,17.312018119430753,6.173786103901937,17.312018119430753
Above 20 years,25000000.0,45455.0,1,1,600.0,550.0,4.0,5.0,Semi-Furnished,Apartment,Resale,Ready to Move,2026-04-29,Mumbai,Santacruz East,,Santacruz East,Air Conditioned,,Bachelors/Family,2026-04-28 16:37:32+00:00,1BHK Multistorey Apartment for Resale in Santacruz East,19.0799983,72.8545019,25.0,41666.66666666666,116,1.0,17.034386382832476,6.396929655216146,16.903579465256815
,25795000.0,55000.0,1,2,4690.0,469.0,30.0,39.0,Unfurnished,Apartment,New Property,Under Construction,2026-08-22,Mumbai,Dadar West,Suraj Park View,Dadar West,"Private jaccuzi,Health club with Steam / Jaccuzi,Air Conditioned,Jogging and Strolling Track,Internet/Wi-Fi Connectivity,RO Water System,Service/Goods Lift,Intercom Facility","NA|null,P51900047891|-1,PR1170002500887|-1",Bachelors/Family,2026-08-21 23:45:16+00:00,1BHK Multistorey Apartment for New Property in Suraj Park View at Dadar West,19.0200667964879,72.8380779661804,,5500.0,1,0.0,17.06569123266089,8.453187861440325,17.14520717175996
,26700000.0,60135.0,1,2,444.0,444.0,0.0,6.0,Semi-Furnished,Builder Floor Apartment,New Property,Under Construction,2026-08-23,Mumbai,Mahim West,Suraj Estate Vitalis,Mahim West,"Air Conditioned,Internet/Wi-Fi Connectivity,RO Water System,Visitor Parking,Intercom Facility","NA|null,P51900031447|-1",Bachelors/Family,2026-08-22 23:45:19+00:00,1BHK Builder Floor Apartment for New Property in Suraj Estate Vitalis at Mahim West,19.0383794616621,72.8398930483562,,60135.13513513513,0,1.0,17.10017412337048,6.095824562432225,17.06728025310148
New Construction,25500000.0,50000.0,1,2,480.0,510.0,5.0,15.0,Unfurnished,Apartment,Resale,Ready to Move,2026-08-23,Mumbai,Wadala West,,Wadala West,"Laundry Service,Service/Goods Lift,Visitor Parking",,Bachelors/Family,2026-08-22 23:45:15+00:00,1BHK Multistorey Apartment for Resale in Wadala West,19.0151808625823,72.8575804704432,0.0,53125.0,0,0.0,17.054189010128656,6.173786103901937,17.054189010128656
Above 20 years,25000000.0,46992.0,1,2,530.0,532.0,2.0,7.0,Semi-Furnished,Apartment,Resale,Ready to Move,2026-08-12,Mumbai,Dadar West,Avarsekar Residency,Dadar West,,,Bachelors/Family,2026-08-11 23:45:19+00:00,1BHK Multistorey Apartment for Resale in Avarsekar Residency at Dadar West,19.0200667964879,72.8380779661804,25.0,47169.81132075472,11,1.0,17.034386382832476,6.272877006546167,17.14520717175996
,25220000.0,48500.0,1,2,470.0,520.0,12.0,29.0,Unfurnished,Apartment,New Property,Under Construction,2026-08-21,Mumbai,Shivaji Park,Suraj Park View,Shivaji Park,"Sea facing,Private jaccuzi,Concierge Services,Air Conditioned,Banquet Hall,Jogging and Strolling Track,Internet/Wi-Fi Connectivity,RO Water System,Service/Goods Lift,Intercom Facility","NA|null,P51900047891|-1,PR1170002500887|-1",Bachelors/Family,2026-08-20 23:45:15+00:00,1BHK Multistorey Apartment for New Property in Suraj Park View at Shivaji Park,19.0287954865428,72.838688734427,,53659.57446808511,2,0.0,17.043147888501046,6.152732694704104,17.112977138225897
,25000000.0,29412.0,1,1,660.0,850.0,,22.0,Semi-Furnished,Apartment,New Property,Ready to Move,2026-08-21,Mumbai,Mahim West,,Mahim West,"Bar/Lounge,Air Conditioned,Banquet Hall,Jogging and Strolling Track,Outdoor Tennis Courts,Laundry Service,Internet/Wi-Fi Connectivity,RO Water System,Service/Goods Lift,Intercom Facility,Conference Room",,Bachelors/Family,2026-08-20 23:45:19+00:00,1BHK Multistorey Apartment for New Property in Mahim West,19.0383794616621,72.8398930483562,,37878.78787878788,2,1.0,17.034386382832476,6.492239835020471,17.06728025310148
5 to 10 years,28000000.0,50909.0,1,1,500.0,550.0,10.0,30.0,Furnished,Apartment,Resale,Ready to Move,2026-08-19,Mumbai,Tardeo,,Tardeo,,,Bachelors/Family,2026-08-14 09:51:46+00:00,1BHK Multistorey Apartment for Resale in Tardeo,18.9693555488714,72.8133774658556,7.5,56000.0,8,2.0,17.14771506813948,6.214608098422191,16.724066137945876
New Construction,26000000.0,35616.0,1,2,530.0,730.0,15.0,23.0,Unfurnished,Apartment,Resale,Ready to Move,2026-08-21,Mumbai,Grant Road East,,Grant Road East,,,Bachelors/Family,2026-08-20 23:45:18+00:00,1BHK Multistorey Apartment for Resale in Grant Road East,18.96290794,72.81873003,0.0,49056.6037735849,2,0.0,17.073607095985757,6.272877006546167,17.073607095985757
,25700000.0,31380.0,1,1,468.0,819.0,12.0,24.0,Unfurnished,Apartment,New Property,Under Construction,2026-08-23,Mumbai,Dadar West,Suraj Park View,Dadar West,"Private jaccuzi,Health club with Steam / Jaccuzi,Air Conditioned,Jogging and Strolling Track,Internet/Wi-Fi Connectivity,RO Water System,Service/Goods Lift,Intercom Facility","NA|null,P51900047891|-1,PR1170002500887|-1",Bachelors/Family,2026-08-22 23:45:16+00:00,1BHK Multistorey Apartment for New Property in Suraj Park View at Dadar West,19.0200667964879,72.8380779661804,,54914.52991452992,0,0.0,17.06200154986545,6.148468295917647,17.14520717175996
,29300000.0,57905.0,1,1,506.0,506.0,17.0,38.0,Unfurnished,Apartment,New Property,Under Construction,2026-08-23,Mumbai,Dadar West,Suraj Park View,Dadar West,"Smart Home,Private jaccuzi,Fireplace,Health club with Steam / Jaccuzi,Air Conditioned,Jogging and Strolling Track,Internet/Wi-Fi Connectivity,RO Water System,Service/Goods Lift,Visitor Parking,Intercom Facility","NA|null,P51900047891|-1,PR1170002500887|-1",Bachelors/Family,2026-08-22 23:45:18+00:00,1BHK Multistorey Apartment for New Property in Suraj Park View at Dadar West,19.0200667964879,72.8380779661804,,57905.13833992095,0,0.0,17.193098073987297,6.226536669287466,17.14520717175996
,30600000.0,43099.0,1,2,,710.0,,,Unfurnished,Apartment,New Property,Under Construction,2026-08-16,Mumbai,Malad East,Vaishno Heights,Malad East,,"NA|null,P51800024202|-1",Bachelors/Family,2026-08-21 17:37:06+00:00,1BHK Multistorey Apartment for New Property in Vaishno Heights at Malad East,19.1848724519187,72.8629697025013,,,1,0.0,17.236510566922608,,16.524223001703145
,25451000.0,45693.0,1,2,557.0,557.0,20.0,44.0,Unfurnished,Apartment,New Property,Under Construction,2026-08-21,Mumbai,Naigaon Dadar East,Nandivardhan Monopoli,Dadar East - Naigaon,"Sea facing,Private pool ,Jogging and Strolling Track,Internet/Wi-Fi Connectivity","NA|null,P51900049902|-1",Bachelors/Family,2026-08-20 23:45:21+00:00,1BHK Multistorey Apartment for New Property in Nandivardhan Monopoli at Dadar East - Naigaon,19.01081724,72.84588956,,45692.99820466786,2,0.0,17.05226559291971,6.322565239927284,17.05226559291971
Less than 5 years,25893000.0,35470.0,1,2,730.0,730.0,,,Unfurnished,Apartment,New Property,Ready To Move,2026-08-02,Mumbai,Wadala,Lodha New Cuffe Parade,Wadala,,"NA|null,P51900000314|06/2019,P51900000367|06/2019,P51900000521|01/2019,P51900000567|06/2019,P51900000629|03/2021,P51900015715|03/2022",Bachelors/Family,2026-08-14 17:37:19+00:00,1BHK Multistorey Apartment for New Property in Lodha New Cuffe Parade at Wadala,19.012216203088,72.8604594318626,3.0,35469.86301369863,8,0.0,17.069483219869905,6.593044534142437,17.08371479305744
,29900000.0,46000.0,1,2,481.0,650.0,13.0,20.0,Semi-Furnished,Apartment,Resale,Under Construction,2026-08-22,Mumbai,Seven Bungalows,Rustomjee Ocean Vista,Seven Bungalows,"Banquet Hall,Jogging and Strolling Track","NA|null,P51800076673|05/2029",Bachelors/Family,2026-08-21 23:45:16+00:00,1BHK Multistorey Apartment for Resale in Rustomjee Ocean Vista at Seven Bungalows,19.1289588950071,72.8198203373831,,62162.16216216216,1,1.0,17.213369038360916,6.175867270105761,17.213369038360916
15 to 20 years,26000000.0,53608.0,1,1,485.0,485.0,8.0,14.0,Semi-Furnished,Apartment,Resale,Ready to Move,2026-07-27,Mumbai,Bandra West,Monalisa Apartment,Bandra West,"Air Conditioned,Service/Goods Lift",,Bachelors/Family,2026-07-27 09:24:12+00:00,1BHK Multistorey Apartment for Resale in Monalisa Apartment at Bandra West,19.055229,72.830829,17.5,53608.24742268041,26,1.0,17.073607095985757,6.184148890937483,17.18517887164286
Less than 5 years,29000000.0,57769.0,1,2,500.0,502.0,15.0,22.0,Unfurnished,Apartment,Resale,Ready to Move,2026-08-04,Mumbai,Shivaji Park,,Shivaji Park,,,Bachelors/Family,2026-08-04 09:12:47+00:00,1BHK Multistorey Apartment for Resale in Shivaji Park,19.0287954865428,72.838688734427,3.0,58000.0,18,0.0,17.182806387950748,6.214608098422191,17.112977138225897
Less than 5 years,4500000.0,4737.0,2,2,684.0,950.0,1.0,4.0,Semi-Furnished,Apartment,Resale,Ready to Move,2026-08-22,Mumbai,,,,,,Bachelors/Family,2026-08-21 19:33:07+00:00,2BHK Multistorey Apartment for Resale in ,,,3.0,6578.9473684210525,1,1.0,15.319587954740548,6.52795791762255,
Less than 5 years,4200000.0,5600.0,2,2,540.0,750.0,15.0,17.0,Unfurnished,Apartment,Resale,Ready to Move,2026-08-22,Mumbai,Virar West,Viva City A2,Virar West,,"NA|null,P99000008341|-1",Bachelors/Family,2026-08-21 17:34:06+00:00,2BHK Multistorey Apartment for Resale in Viva City A2 at Virar West,19.4638767047594,72.7822993572118,3.0,7777.777777777777,1,0.0,15.250595083253597,6.29156913955832,15.507734340191456
New Construction,4200000.0,4516.0,2,2,670.0,930.0,12.0,12.0,Unfurnished,Apartment,Resale,Ready to Move,2026-08-22,Mumbai,Virar West,Vikram Rachna Tower,Virar West,,,Bachelors/Family,2026-08-21 12:08:06+00:00,2BHK Multistorey Apartment for Resale in Vikram Rachna Tower at Virar West,19.4638767047594,72.7822993572118,0.0,6268.656716417911,1,0.0,15.250595083253597,6.507277712385012,15.507734340191456
5 to 10 years,3500000.0,,2,2,935.0,,4.0,5.0,Semi-Furnished,Apartment,Resale,Ready to Move,2026-08-21,Mumbai,,,,,,Bachelors/Family,2026-08-20 23:31:11+00:00,2BHK Multistorey Apartment for Resale in ,,,7.5,3743.315508021391,2,1.0,15.068273526459642,6.840546529288687,
Less than 5 years,3975000.0,5096.0,2,2,562.0,780.0,3.0,10.0,Semi-Furnished,Apartment,Resale,Ready to Move,2026-08-22,Mumbai,Nalasopara West,Om Sai Heights Phase II,Nalasopara West,," P99000012116|06/2003,NA|null,P99000010535|11/2000,P99000012497|03/2001,P99000012565|07/2005",Bachelors/Family,2026-08-21 14:54:53+00:00,2BHK Multistorey Apartment for Resale in Om Sai Heights Phase II at Nalasopara West,19.4129235749963,72.7885889890948,3.0,7072.953736654804,1,1.0,15.19553530607057,6.331501849893691,15.081259996702187
10 to 15 years,4100000.0,7069.0,2,2,418.0,580.0,3.0,4.0,Semi-Furnished,Apartment,Resale,Ready to Move,2026-08-21,Mumbai,Nala Sopara,Bhavesh Plaza,Nala Sopara,"Visitor Parking,",,Bachelors/Family,2026-08-21 05:44:58+00:00,2BHK Multistorey Apartment for Resale in Bhavesh Plaza at Nala Sopara,19.4196344986519,72.8081166617887,12.5,9808.612440191388,1,1.0,15.226497531674536,6.035481432524756,15.317780463953335
5 to 10 years,4200000.0,5600.0,2,2,540.0,750.0,3.0,4.0,Unfurnished,Apartment,Resale,Ready to Move,2026-08-21,Mumbai,Nala Sopara,Bhavesh Plaza,Nala Sopara,"Visitor Parking,",,Bachelors/Family,2026-08-21 05:44:51+00:00,2BHK Multistorey Apartment for Resale in Bhavesh Plaza at Nala Sopara,19.4196344986519,72.8081166617887,7.5,7777.777777777777,1,0.0,15.250595083253597,6.29156913955832,15.317780463953335
Less than 5 years,4800000.0,4364.0,2,2,792.0,1100.0,5.0,7.0,Semi-Furnished,Apartment,Resale,Ready to Move,2026-08-22,Mumbai,Virar,Jyoti Harmony,Virar,,,Bachelors/Family,2026-08-21 08:48:11+00:00,2BHK Multistorey Apartment for Resale in Jyoti Harmony at Virar,19.462194642857,72.8049130698568,3.0,6060.606060606061,1,1.0,15.38412647587812,6.674561391814426,15.338940523871113
5 to 10 years,4100000.0,5467.0,2,2,540.0,750.0,5.0,7.0,Unfurnished,Apartment,Resale,Ready to Move,2026-08-22,Mumbai,Virar West,HDIL Residency Park,Virar West,,,Bachelors/Family,2026-08-21 08:59:54+00:00,2BHK Multistorey Apartment for Resale in HDIL Residency Park at Virar West,19.4638767047594,72.7822993572118,7.5,7592.592592592592,1,0.0,15.226497531674536,6.29156913955832,15.507734340191456
5 to 10 years,4100000.0,4141.0,2,2,713.0,990.0,10.0,12.0,Semi-Furnished,Apartment,Resale,Ready to Move,2026-08-21,Mumbai,Virar West,Shree shakun Greens,Virar West,"Service/Goods Lift,Visitor Parking,","NA|null,P99000001708|12/2019",Bachelors/Family,2026-08-21 05:25:35+00:00,2BHK Multistorey Apartment for Resale in Shree shakun Greens at Virar West,19.4638767047594,72.7822993572118,7.5,5750.350631136045,2,1.0,15.226497531674536,6.569481420414296,15.507734340191456
Less than 5 years,4800000.0,6400.0,2,2,540.0,750.0,7.0,7.0,Furnished,Apartment,Resale,Ready to Move,2026-08-21,Mumbai,Vasai,Rashmi Classic,Vasai,"Air Conditioned,Intercom Facility,",,Bachelors/Family,2026-08-21 05:24:21+00:00,2BHK Multistorey Apartment for Resale in Rashmi Classic at Vasai,19.3914260104194,72.8285855834131,3.0,8888.888888888889,2,2.0,15.38412647587812,6.29156913955832,15.487938183573887
5 to 10 years,3500000.0,3500.0,2,3,729.0,1000.0,3.0,3.0,Semi-Furnished,Apartment,Resale,Ready to Move,2026-08-17,Mumbai,,,,Visitor Parking,,Bachelors/Family,2026-08-17 12:48:05+00:00,2BHK Multistorey Apartment for Resale in ,,,7.5,4801.097393689986,5,1.0,15.068273526459642,6.591673732008658,
Less than 5 years,5000000.0,5882.0,2,2,612.0,850.0,2.0,7.0,Semi-Furnished,Apartment,Resale,Ready to Move,2026-08-21,Mumbai,Palghar Naigaon East,Parasnath Nagari,Palghar Naigaon East,"Grand Entrance lobby,,,Jogging and Strolling Track,,,Internet/Wi-Fi Connectivity,Earth quake resistant,Intercom Facility,Conference Room,",,Bachelors/Family,2026-08-20 17:40:00+00:00,2BHK Multistorey Apartment for Resale in Parasnath Nagari at Palghar Naigaon East,19.3489277756968,72.8750219955356,3.0,8169.934640522876,2,1.0,15.424948470398375,6.416732282512326,15.192503873954223
New Construction,4000000.0,4831.0,2,2,596.0,828.0,5.0,14.0,Semi-Furnished,Apartment,Resale,Ready to Move,2026-08-21,Mumbai,Virar West,Vinay Unique Imperia,Virar West,"Service/Goods Lift,Earth quake resistant,Visitor Parking","NA|null,P99000008596|12/2019",Bachelors/Family,2026-08-20 16:53:39+00:00,2BHK Multistorey Apartment for Resale in Vinay Unique Imperia at Virar West,19.4638767047594,72.7822993572118,0.0,6711.4093959731545,2,1.0,15.201804919084164,6.39024066706535,15.507734340191456
5 to 10 years,3250000.0,4815.0,2,3,486.0,675.0,2.0,4.0,Semi-Furnished,Apartment,Resale,Ready to Move,2026-08-21,Mumbai,Virar,Maharaja Complex,Virar,,,Bachelors/Family,2026-08-20 16:52:03+00:00,2BHK Multistorey Apartment for Resale in Maharaja Complex at Virar,19.462194642857,72.8049130698568,7.5,6687.242798353909,2,1.0,14.994165554305921,6.186208623900494,15.338940523871113
10 to 15 years,5000000.0,6667.0,2,1,540.0,750.0,4.0,4.0,Unfurnished,Apartment,Resale,Ready to Move,2026-08-21,Mumbai,Vasai,Evershine City,Vasai,,,Bachelors/Family,2026-08-20 16:08:11+00:00,2BHK Multistorey Apartment for Resale in Evershine City at Vasai,19.3914260104194,72.8285855834131,12.5,9259.25925925926,2,0.0,15.424948470398375,6.29156913955832,15.487938183573887
Less than 5 years,4100000.0,5125.0,2,2,576.0,800.0,8.0,15.0,Semi-Furnished,Apartment,Resale,Ready to Move,2026-08-21,Mumbai,Virar West,Bhoomi Acropolis,Virar West,"Bar/Lounge,,,,Air Conditioned,Banquet Hall,Jogging and Strolling Track,Outdoor Tennis Courts,Laundry Service,,,,Internet/Wi-Fi Connectivity,RO Water System,Service/Goods Lift,Intercom Facility,Conference Room,","NA|null,P99000006132|12/2021,P99000007415|12/2020",Bachelors/Family,2026-08-20 14:06:32+00:00,2BHK Multistorey Apartment for Resale in Bhoomi Acropolis at Virar West,19.4638767047594,72.7822993572118,3.0,7118.055555555556,2,1.0,15.226497531674536,6.3561076606958915,15.507734340191456
Less than 5 years,4500000.0,4737.0,2,2,684.0,950.0,1.0,15.0,Unfurnished,Apartment,Resale,Ready to Move,2026-08-21,Mumbai,Virar West,Arkade Acropolis,Virar West,"Bar/Lounge,,Air Conditioned,Banquet Hall,Jogging and Strolling Track,Outdoor Tennis Courts,Laundry Service,,Internet/Wi-Fi Connectivity,RO Water System,Service/Goods Lift,Visitor Parking,Intercom Facility,Conference Room,","NA|null,P51800004939|12/2022,P99000007415|08/2017",Bachelors/Family,2026-08-20 14:06:18+00:00,2BHK Multistorey Apartment for Resale in Arkade Acropolis at Virar West,19.4638767047594,72.7822993572118,3.0,6578.9473684210525,2,0.0,15.319587954740548,6.52795791762255,15.507734340191456
5 to 10 years,4700000.0,5182.0,2,2,653.0,907.0,5.0,7.0,Unfurnished,Apartment,Resale,Ready to Move,2026-08-20,Mumbai,,Rustomjee Global City,Chikhal Dongari,"Banquet Hall,Jogging and Strolling Track,,,,Laundry Service,,,,,Internet/Wi-Fi Connectivity,RO Water System,Visitor Parking,Intercom Facility,Conference Room,,"," P99000018043|-1,NA|null",Bachelors/Family,2026-08-20 12:31:02+00:00,2BHK Multistorey Apartment for Resale in Rustomjee Global City at Chikhal Dongari,19.48203,72.79096,7.5,7197.549770290965,2,0.0,15.363073066680286,6.481577129276431,
5 to 10 years,4200000.0,6186.0,2,2,489.0,679.0,1.0,6.0,Unfurnished,Apartment,Resale,Ready to Move,2026-08-20,Mumbai,Virar West,Rustomjee Global City,Virar West,"Banquet Hall,Jogging and Strolling Track,,,,Laundry Service,,,,,Internet/Wi-Fi Connectivity,RO Water System,Visitor Parking,Intercom Facility,Conference Room,,"," P99000018043|-1,NA|null",Bachelors/Family,2026-08-20 12:31:33+00:00,2BHK Multistorey Apartment for Resale in Rustomjee Global City at Virar West,19.4638767047594,72.7822993572118,7.5,8588.957055214723,2,0.0,15.250595083253597,6.192362489474872,15.507734340191456
5 to 10 years,4000000.0,6849.0,2,2,420.0,584.0,4.0,7.0,Unfurnished,Apartment,Resale,Ready to Move,2026-08-20,Mumbai,Virar West,Rustomjee Global City,Virar West,"Banquet Hall,Jogging and Strolling Track,,,,Laundry Service,,,,,Internet/Wi-Fi Connectivity,RO Water System,Visitor Parking,Intercom Facility,Conference Room,,"," P99000018043|-1,NA|null",Bachelors/Family,2026-08-20 12:31:25+00:00,2BHK Multistorey Apartment for Resale in Rustomjee Global City at Virar West,19.4638767047594,72.7822993572118,7.5,9523.809523809525,2,0.0,15.201804919084164,6.040254711277414,15.507734340191456
5 to 10 years,4500000.0,7705.0,2,2,420.0,584.0,9.0,12.0,Semi-Furnished,Apartment,Resale,Ready to Move,2026-08-20,Mumbai,Virar West,Rustomjee Global City,Virar West,"Banquet Hall,Jogging and Strolling Track,,,,Laundry Service,,,,,Internet/Wi-Fi Connectivity,RO Water System,Visitor Parking,Intercom Facility,Conference Room,,"," P99000018043|-1,NA|null",Bachelors/Family,2026-08-20 12:31:20+00:00,2BHK Multistorey Apartment for Resale in Rustomjee Global City at Virar West,19.4638767047594,72.7822993572118,7.5,10714.285714285714,2,1.0,15.319587954740548,6.040254711277414,15.507734340191456
15 to 20 years,3500000.0,3889.0,2,2,648.0,900.0,,4.0,Unfurnished,Apartment,Resale,Ready to Move,2026-08-21,Mumbai,Virar,Shree Shashwat Virar,Virar,"Laundry Service,Service/Goods Lift,Visitor Parking,",,Bachelors/Family,2026-08-20 14:34:26+00:00,2BHK Multistorey Apartment for Resale in Shree Shashwat Virar at Virar,19.462194642857,72.8049130698568,17.5,5401.234567901234,2,0.0,15.068273526459642,6.473890696352274,15.338940523871113
Less than 5 years,5000000.0,5102.0,2,2,706.0,980.0,8.0,15.0,Furnished,Apartment,Resale,Ready to Move,2026-08-21,Mumbai,Virar West,Vinay Unique Gardens,Virar West,"Bar/Lounge,,,,,Air Conditioned,Banquet Hall,Jogging and Strolling Track,Outdoor Tennis Courts,Laundry Service,,Internet/Wi-Fi Connectivity,RO Water System,Service/Goods Lift,Intercom Facility,Conference Room,","NA|null,P99000012052|-1",Bachelors/Family,2026-08-20 15:28:53+00:00,2BHK Multistorey Apartment for Resale in Vinay Unique Gardens at Virar West,19.4638767047594,72.7822993572118,3.0,7082.152974504249,2,2.0,15.424948470398375,6.559615237493242,15.507734340191456
Less than 5 years,4480000.0,4791.0,2,2,673.0,935.0,13.0,15.0,Unfurnished,Apartment,Resale,Ready to Move,2026-08-21,Mumbai,Virar,Arkade Acropolis,Virar,"Bar/Lounge,,Air Conditioned,Banquet Hall,Jogging and Strolling Track,Outdoor Tennis Courts,Laundry Service,,Internet/Wi-Fi Connectivity,RO Water System,Service/Goods Lift,Visitor Parking,Intercom Facility,Conference Room,","NA|null,P51800004939|12/2022,P99000007415|08/2017",Bachelors/Family,2026-08-20 14:06:22+00:00,2BHK Multistorey Apartment for Resale in Arkade Acropolis at Virar,19.462194642857,72.8049130698568,3.0,6656.7607726597325,2,0.0,15.315133604391168,6.511745329644728,15.338940523871113
Less than 5 years,5000000.0,5000.0,2,3,700.0,1000.0,1.0,8.0,Unfurnished,Apartment,Resale,Ready to Move,2026-08-14,Mumbai,Nalasopara West,,Nalasopara West,,,Bachelors/Family,2026-08-14 14:51:59+00:00,2BHK Multistorey Apartment for Resale in Nalasopara West,19.4129235749963,72.7885889890948,3.0,7142.857142857143,8,0.0,15.424948470398375,6.551080335043404,15.081259996702187
,4900000.0,,2,2,550.0,,,,Unfurnished,Apartment,New Property,Ready to Move,2026-07-14,Mumbai,Palghar Naigaon East,Sunteck World,Palghar Naigaon East,,"NA|null,P99000024072|-1",Bachelors/Family,2026-08-22 17:36:39+00:00,2BHK Multistorey Apartment for New Property in Sunteck World at Palghar Naigaon East,19.3489277756968,72.8750219955356,,8909.09090909091,0,0.0,15.404745763080856,6.309918278226516,15.192503873954223
5 to 10 years,5000000.0,4545.0,2,2,850.0,1100.0,2.0,2.0,Furnished,Apartment,Resale,Ready to Move,2026-07-02,Mumbai,Virar West,,Virar West,,,Bachelors/Family,2026-07-01 21:31:54+00:00,2BHK Multistorey Apartment for Resale in Virar West,19.4638767047594,72.7822993572118,7.5,5882.35294117647,52,2.0,15.424948470398375,6.745236349484363,15.507734340191456
15 to 20 years,4200000.0,6158.0,2,1,,682.0,2.0,3.0,Unfurnished,Apartment,Resale,Ready to Move,2026-05-08,Mumbai,,,,,,Bachelors/Family,2026-05-08 03:22:45+00:00,2BHK Multistorey Apartment for Resale in ,,,17.5,,107,0.0,15.250595083253597,,
,7300000.0,14429.0,2,2,,47.0,2.0,19.0,Unfurnished,Apartment,Resale,Ready to Move,2026-08-23,Mumbai,,,,,,Bachelors/Family,2026-08-22 21:31:25+00:00,2BHK Multistorey Apartment for Resale in ,,,,,0,0.0,15.80338490611862,,
5 to 10 years,5500000.0,6250.0,2,1,634.0,880.0,1.0,4.0,Unfurnished,Apartment,Resale,Ready to Move,2026-08-22,Mumbai,Vasai East,Rashmi Divya Complex ,Vasai East,,,Bachelors/Family,2026-08-21 11:10:35+00:00,2BHK Multistorey Apartment for Resale in Rashmi Divya Complex  at Vasai East,19.39954,72.8604165,7.5,8675.078864353312,1,0.0,15.520258650202699,6.452048954437226,15.534151064164316
New Construction,6500000.0,6500.0,2,2,720.0,1000.0,1.0,4.0,Unfurnished,Apartment,Resale,Ready to Move,2026-08-22,Mumbai,Vasai,Ameya Woods,Vasai,,"NA|null,P99000006892|06/2021",Bachelors/Family,2026-08-21 12:49:22+00:00,2BHK Multistorey Apartment for Resale in Ameya Woods at Vasai,19.3914260104194,72.8285855834131,0.0,9027.777777777776,1,0.0,15.687312734865866,6.579251212010101,15.487938183573887
Less than 5 years,7000000.0,7778.0,2,2,648.0,900.0,4.0,4.0,Furnished,Apartment,Resale,Ready to Move,2026-08-22,Mumbai,Bhayandar West,Annie Court CHS,Bhayandar West,,,Bachelors/Family,2026-08-21 13:05:29+00:00,2BHK Multistorey Apartment for Resale in Annie Court CHS at Bhayandar West,19.302684296237,72.8274295067014,3.0,10802.469135802468,1,2.0,15.761420707019587,6.473890696352274,15.761420707019587
Less than 5 years,8000000.0,9112.0,2,2,632.0,878.0,4.0,18.0,Unfurnished,Apartment,Resale,Ready to Move,2026-08-22,Mumbai,Mira Road,DB Ozone,Mira Road Area,"Air Conditioned,Banquet Hall,Jogging and Strolling Track,Outdoor Tennis Courts,,,,Laundry Service,,,,,Internet/Wi-Fi Connectivity,RO Water System,Service/Goods Lift,Visitor Parking,Intercom Facility,Conference Room,,","NA|null,P51700003433|-1",Bachelors/Family,2026-08-21 06:45:54+00:00,2BHK Multistorey Apartment for Resale in DB Ozone at Mira Road Area,19.2829267647424,72.8627883689306,3.0,12658.227848101264,1,0.0,15.89495209964411,6.448889394146858,16.00351917920147
Less than 5 years,7900000.0,8957.0,2,2,635.0,882.0,6.0,21.0,Unfurnished,Apartment,Resale,Ready to Move,2026-08-22,Mumbai,Mira Road,DB Ozone,Mira Road Area,"Air Conditioned,Banquet Hall,Jogging and Strolling Track,Outdoor Tennis Courts,,,,Laundry Service,,,,,Internet/Wi-Fi Connectivity,RO Water System,Service/Goods Lift,Visitor Parking,Intercom Facility,Conference Room,,","NA|null,P51700003433|-1",Bachelors/Family,2026-08-21 06:45:50+00:00,2BHK Multistorey Apartment for Resale in DB Ozone at Mira Road Area,19.2829267647424,72.8627883689306,3.0,12440.944881889764,1,0.0,15.88237331743725,6.453624998892692,16.00351917920147
5 to 10 years,6500000.0,7104.0,2,2,659.0,915.0,5.0,7.0,Unfurnished,Apartment,Resale,Ready to Move,2026-08-21,Mumbai,Virar,Viva Vrindavan Township,Virar,Visitor Parking,,Bachelors/Family,2026-08-20 18:41:45+00:00,2BHK Multistorey Apartment for Resale in Viva Vrindavan Township at Virar,19.462194642857,72.8049130698568,7.5,9863.429438543248,2,0.0,15.687312734865866,6.490723534502507,15.338940523871113
,5610000.0,5500.0,2,2,734.0,1020.0,14.0,18.0,Unfurnished,Apartment,Resale,Under Construction,2026-08-22,Mumbai,,Mariyam Heritage,Golani Naka,,"NA|null,P99000025618|-1",Bachelors/Family,2026-08-21 17:38:32+00:00,2BHK Multistorey Apartment for Resale in Mariyam Heritage at Golani Naka,19.414152,72.864301,,7643.051771117166,1,0.0,15.540061277498879,6.598509028614515,
,5610000.0,5500.0,2,2,734.0,1020.0,9.0,18.0,Unfurnished,Apartment,Resale,Under Construction,2026-08-22,Mumbai,,Mariyam Heritage,Dhumal Nagar,,"NA|null,P99000025618|-1",Bachelors/Family,2026-08-21 17:38:14+00:00,2BHK Multistorey Apartment for Resale in Mariyam Heritage at Dhumal Nagar,19.421961185771,72.8677938353084,,7643.051771117166,1,0.0,15.540061277498879,6.598509028614515,
,7500000.0,11538.0,2,2,,650.0,1.0,2.0,Semi-Furnished,Residential House,Resale,Ready to Move,2026-08-18,Mumbai,Vikhroli West,,Vikhroli West,,,Bachelors/Family,2026-08-18 15:34:33+00:00,2BHK Residential House for Resale in Vikhroli West,19.1137179954172,72.9215428733798,,,4,1.0,15.830413578506539,,15.830413578506539
,6400000.0,8000.0,2,2,560.0,800.0,12.0,30.0,Unfurnished,Apartment,Resale,Ready to Move,2026-08-19,Mumbai,,,,"Bar/Lounge,Banquet Hall,Jogging and Strolling Track,Internet/Wi-Fi Connectivity,RO Water System,Service/Goods Lift,Intercom Facility",,Bachelors/Family,2026-08-19 15:33:27+00:00,2BHK Multistorey Apartment for Resale in ,,,,11428.57142857143,3,0.0,15.671808548329901,6.327936783729195,
5 to 10 years,5600000.0,5833.0,2,2,640.0,960.0,3.0,3.0,Semi-Furnished,Apartment,Resale,Ready to Move,2026-08-19,Mumbai,,,,"Jogging and Strolling Track,Internet/Wi-Fi Connectivity",,Bachelors/Family,2026-08-19 15:33:06+00:00,2BHK Multistorey Apartment for Resale in ,,,7.5,8750.0,3,1.0,15.538277155705378,6.461468176353717,
Less than 5 years,8000000.0,10000.0,2,2,576.0,800.0,1.0,7.0,Semi-Furnished,Apartment,Resale,Ready to Move,2026-08-21,Mumbai,Mira Road,Marigold 3,Mira Road Area,,,Bachelors/Family,2026-08-20 16:47:40+00:00,2BHK Multistorey Apartment for Resale in Marigold 3 at Mira Road Area,19.2829267647424,72.8627883689306,3.0,13888.888888888889,2,1.0,15.89495209964411,6.3561076606958915,16.00351917920147
5 to 10 years,7500000.0,7653.0,2,2,706.0,980.0,4.0,5.0,Semi-Furnished,Apartment,Resale,Ready to Move,2026-08-21,Mumbai,Mira Road,Grishma Enclave Chs,Mira Road Area,,,Bachelors/Family,2026-08-20 16:46:49+00:00,2BHK Multistorey Apartment for Resale in Grishma Enclave Chs at Mira Road Area,19.2829267647424,72.8627883689306,7.5,10623.229461756377,2,1.0,15.830413578506539,6.559615237493242,16.00351917920147
Less than 5 years,6500000.0,11092.0,2,2,422.0,586.0,5.0,8.0,Furnished,Apartment,Resale,Ready to Move,2026-08-21,Mumbai,Mira Road,RNA Broadway Avenue,Mira Road Area,"Internet/Wi-Fi Connectivity,Visitor Parking,",,Bachelors/Family,2026-08-20 15:54:25+00:00,2BHK Multistorey Apartment for Resale in RNA Broadway Avenue at Mira Road Area,19.2829267647424,72.8627883689306,3.0,15402.843601895736,2,2.0,15.687312734865866,6.045005314036012,16.00351917920147
,6000000.0,6316.0,2,2,684.0,950.0,6.0,22.0,Unfurnished,Apartment,Resale,Under Construction,2026-08-20,Mumbai,Virar West,Mayfair Virar Gardens,Virar West,"Kids play area,Banquet Hall,,,Earth quake resistant,","NA|null,P99000028348|-1",Bachelors/Family,2026-08-20 10:53:27+00:00,2BHK Multistorey Apartment for Resale in Mayfair Virar Gardens at Virar West,19.4638767047594,72.7822993572118,,8771.929824561403,2,0.0,15.60727002719233,6.52795791762255,15.507734340191456
15 to 20 years,8000000.0,10667.0,2,1,574.0,750.0,2.0,7.0,Semi-Furnished,Apartment,Resale,Ready to Move,2026-08-19,Mumbai,,,Mira Road East,"Wrap Around Balcony,Visitor Parking",,Bachelors/Family,2026-08-18 23:46:01+00:00,2BHK Multistorey Apartment for Resale in Mira Road East,19.282975,72.873618,17.5,13937.282229965156,4,1.0,15.89495209964411,6.352629396319567,
10 to 15 years,7700000.0,7700.0,2,2,740.0,1000.0,3.0,14.0,Furnished,Apartment,Resale,Ready to Move,2026-08-14,Mumbai,Nala Sopara,Reliable Prestige,Nala Sopara,"Air Conditioned,Banquet Hall,Visitor Parking",,Bachelors/Family,2026-08-13 23:51:07+00:00,2BHK Multistorey Apartment for Resale in Reliable Prestige at Nala Sopara,19.4196344986519,72.8081166617887,12.5,10405.405405405403,9,2.0,15.856730886823913,6.606650186198215,15.317780463953335
,7770000.0,,2,2,645.0,,,,Unfurnished,Apartment,New Property,Ready to Move,2025-10-23,Mumbai,Virar,Shapoorji Pallonji Joyville Virar,Virar,,"NA|null,P51900000444|-1,P99000013612|-1,P99000018521|-1,P99000019531|-1,P99000019538|-1,P99000031256|-1",Bachelors/Family,2026-08-22 17:36:39+00:00,2BHK Multistorey Apartment for New Property in Shapoorji Pallonji Joyville Virar at Virar,19.462194642857,72.8049130698568,,12046.511627906975,0,0.0,15.86578072234383,6.4692503167957724,15.338940523871113
Less than 5 years,5900000.0,6020.0,2,2,,980.0,2.0,9.0,Semi-Furnished,Apartment,Resale,Ready to Move,2026-07-01,Mumbai,Nala Sopara,Sky Heights,Nala Sopara,"Jogging and Strolling Track,Service/Goods Lift,Intercom Facility","NA|null,P99000003527|-1",Bachelors/Family,2026-06-14 10:38:30+00:00,2BHK Multistorey Apartment for Resale in Sky Heights at Nala Sopara,19.4196344986519,72.8081166617887,3.0,,69,1.0,15.590462908875947,,15.317780463953335
5 to 10 years,7600000.0,7638.0,2,2,,995.0,3.0,7.0,Unfurnished,Apartment,Resale,Ready to Move,2026-06-02,Mumbai,Vasai,Veena Velocity,Vasai,"Jogging and Strolling Track,RO Water System,Service/Goods Lift,Intercom Facility","NA|null,P99000014147|03/2019",Bachelors/Family,2026-06-01 21:32:14+00:00,2BHK Multistorey Apartment for Resale in Veena Velocity at Vasai,19.3914260104194,72.8285855834131,7.5,,82,0.0,15.84365880525656,,15.487938183573887
5 to 10 years,6500000.0,5909.0,2,2,750.0,1100.0,7.0,7.0,Semi-Furnished,Apartment,Resale,Ready to Move,2026-07-18,Mumbai,Vasai East,NG Shree Ram Van,Vasai East,,"NA|null,P99000000747|12/2019,P99000016813|03/2020",Bachelors/Family,2026-07-17 21:31:13+00:00,2BHK Multistorey Apartment for Resale in NG Shree Ram Van at Vasai East,19.39954,72.8604165,7.5,8666.666666666666,36,1.0,15.687312734865866,6.620073206530356,15.534151064164316
5 to 10 years,6000000.0,6192.0,2,2,665.0,969.0,7.0,7.0,Unfurnished,Apartment,Resale,Ready to Move,2026-07-20,Mumbai,,,,"Jogging and Strolling Track,Intercom Facility",,Bachelors/Family,2026-07-19 18:26:02+00:00,2BHK Multistorey Apartment for Resale in ,,,7.5,9022.556390977445,34,0.0,15.60727002719233,6.499787040655854,
Above 20 years,7500000.0,13889.0,2,1,300.0,540.0,3.0,3.0,Semi-Furnished,Apartment,Resale,Ready to Move,2026-08-06,Mumbai,Bhayandar East,Ostwal Park,Bhayandar East,"Internet/Wi-Fi Connectivity,Visitor Parking",,Bachelors/Family,2026-08-05 23:31:56+00:00,2BHK Multistorey Apartment for Resale in Ostwal Park at Bhayandar East,19.3096844760714,72.8623193046283,25.0,25000.0,17,1.0,15.830413578506539,5.703782474656201,15.774015831433868
New Construction,5000000.0,6061.0,2,2,,825.0,3.0,14.0,Furnished,Apartment,Resale,Ready to Move,2026-08-12,Mumbai,Nala Sopara,Ayan Residency,Nala Sopara,,"NA|null,P99000006966|-1",Bachelors/Family,2026-07-05 11:39:50+00:00,2BHK Multistorey Apartment for Resale in Ayan Residency at Nala Sopara,19.4196344986519,72.8081166617887,0.0,,48,2.0,15.424948470398375,,15.317780463953335
5 to 10 years,11100000.0,13875.0,2,2,609.0,800.0,18.0,22.0,Semi-Furnished,Apartment,Resale,Ready to Move,2026-08-21,Mumbai,,SKD Pinnacolo,Beverly Park,,"NA|null,P51700008205|-1",Bachelors/Family,2026-08-21 08:43:05+00:00,2BHK Multistorey Apartment for Resale in SKD Pinnacolo at Beverly Park,19.295256624119,72.871489861401,7.5,18226.600985221678,1,1.0,16.222455666282563,6.411818267709897,
5 to 10 years,10000000.0,5000.0,2,2,1050.0,2000.0,,,Unfurnished,Villa,Resale,Ready to Move,2026-08-23,Mumbai,,,,,,Bachelors/Family,2026-08-22 21:31:25+00:00,2BHK Villa for Resale in ,,,7.5,9523.809523809525,0,0.0,16.11809565095832,6.956545443151569,
Less than 5 years,12000000.0,18462.0,2,2,468.0,650.0,5.0,12.0,Unfurnished,Apartment,Resale,Ready to Move,2026-08-22,Mumbai,Chembur,Laxmi Deep CHS,Chembur,,,Bachelors/Family,2026-08-21 19:46:17+00:00,2BHK Multistorey Apartment for Resale in Laxmi Deep CHS at Chembur,19.0459181155422,72.8975231581492,3.0,25641.02564102564,1,0.0,16.300417207752275,6.148468295917647,16.916602594501136
Less than 5 years,9500000.0,8945.0,2,6,765.0,1062.0,17.0,25.0,Unfurnished,Apartment,Resale,Ready to Move,2026-08-22,Mumbai,,JP North Barcelona,Mira Road East,"Water Front,Hilltop,Skyline View,Sea facing,Smart Home,Skydeck,Island Kitchen Layout,Wrap Around Balcony,Concierge Services,Fireplace,Theme based Architectures,Wine Cellar,Full Glass Wall,Sky Villa,Fingerprint Access,Grand Entrance lobby,Health club with Steam / Jaccuzi,Golf Course,House help accommodation,Air Conditioned,Banquet Hall,Jogging and Strolling Track,Outdoor Tennis Courts,Large Open space,Laundry Service,Internet/Wi-Fi Connectivity,RO Water System,Service/Goods Lift,Visitor Parking,Intercom Facility,Conference Room,Downtown"," P51700020082|12/2025,NA|null,P51700028384|-1",Bachelors/Family,2026-08-21 19:38:51+00:00,2BHK Multistorey Apartment for Resale in JP North Barcelona at Mira Road East,19.282975,72.873618,3.0,12418.300653594772,1,0.0,16.06680235657077,6.639875833826536,
,10600000.0,25359.0,2,3,301.0,418.0,12.0,46.0,Unfurnished,Apartment,Resale,Under Construction,2026-08-22,Mumbai,Borivali East,Chandak Codename GreenBiz,Borivali East,"Kids play area,Air Conditioned,Mini Cinema Theatre,Located in the Heart of city,Guest lobby in each floor","NA|null,P51800035093|06/2028",Bachelors/Family,2026-08-21 20:01:59+00:00,2BHK Multistorey Apartment for Resale in Chandak Codename GreenBiz at Borivali East,19.2272619069866,72.8634397272398,,35215.94684385382,1,0.0,16.176364559082295,5.707110264748875,16.7928732408415
5 to 10 years,11000000.0,14667.0,2,2,540.0,750.0,15.0,23.0,Semi-Furnished,Apartment,Resale,Ready to Move,2026-08-22,Mumbai,,,Vinay Nagar,"Banquet Hall,Jogging and Strolling Track,Internet/Wi-Fi Connectivity,Service/Goods Lift,Visitor Parking,Intercom Facility",,Bachelors/Family,2026-08-21 23:31:10+00:00,2BHK Multistorey Apartment for Resale in Vinay Nagar,19.2801994577438,72.8818023164363,7.5,20370.37037037037,1,1.0,16.213405830762646,6.29156913955832,
Less than 5 years,9000000.0,9009.0,2,2,719.0,999.0,13.0,13.0,Furnished,Apartment,Resale,Ready to Move,2026-08-22,Mumbai,Mira Road,NG Silver Spring,Mira Road Area,"Fireplace,Fingerprint Access,,,Air Conditioned,Jogging and Strolling Track,Outdoor Tennis Courts,Laundry Service,,,RO Water System,Service/Goods Lift,Visitor Parking,Intercom Facility,","NA|null,P51700000009|12/2018",Bachelors/Family,2026-08-21 11:16:54+00:00,2BHK Multistorey Apartment for Resale in NG Silver Spring at Mira Road Area,19.2829267647424,72.8627883689306,3.0,12517.385257301808,1,2.0,16.012735135300492,6.577861357721047,16.00351917920147
,8700000.0,9943.0,2,2,630.0,875.0,10.0,23.0,Furnished,Apartment,Resale,Under Construction,2026-08-22,Mumbai,Mira Road,PNK Tiara Hills,Mira Road Area,"Air Conditioned,Jogging and Strolling Track,,,Internet/Wi-Fi Connectivity,Earth quake resistant,Intercom Facility,Conference Room,","NA|null,P51700010406|12/2024",Bachelors/Family,2026-08-21 11:51:49+00:00,2BHK Multistorey Apartment for Resale in PNK Tiara Hills at Mira Road Area,19.2829267647424,72.8627883689306,,13809.52380952381,1,2.0,15.978833583624812,6.4457198193855785,16.00351917920147
,9700000.0,18547.0,2,2,377.0,523.0,3.0,8.0,Unfurnished,Apartment,Resale,Under Construction,2026-08-22,Mumbai,Andheri East,Hubtown Palmrose,Andheri East,,"NA|null,P51900000044|-1,P51900000047|-1",Bachelors/Family,2026-08-21 13:15:25+00:00,2BHK Multistorey Apartment for Resale in Hubtown Palmrose at Andheri East,19.1154908,72.8726952,,25729.44297082228,1,0.0,16.08763644347361,5.932245187448011,16.792662339952496
New Construction,10500000.0,16154.0,2,2,468.0,650.0,4.0,22.0,Unfurnished,Apartment,Resale,Ready to Move,2026-08-22,Mumbai,Vikhroli East,Puneet Sanjivani Tower ,Vikhroli East,"Intercom Facility,","NA|null,P51800015397|-1,P51800017800|-1,P51800017842|-1",Bachelors/Family,2026-08-21 14:30:32+00:00,2BHK Multistorey Apartment for Resale in Puneet Sanjivani Tower  at Vikhroli East,19.08940973659,72.9389256015301,0.0,22435.89743589744,1,0.0,16.166885815127753,6.148468295917647,16.166885815127753
5 to 10 years,8500000.0,8808.0,2,2,695.0,965.0,5.0,13.0,Unfurnished,Apartment,Resale,Ready to Move,2026-08-22,Mumbai,Mira Road,PNK Winstone,Mira Road Area,"Intercom Facility,",,Bachelors/Family,2026-08-21 14:55:19+00:00,2BHK Multistorey Apartment for Resale in PNK Winstone at Mira Road Area,19.2829267647424,72.8627883689306,7.5,12230.21582733813,1,0.0,15.955576721460545,6.543911845564792,16.00351917920147
New Construction,9200000.0,16727.0,2,2,396.0,550.0,24.0,25.0,Unfurnished,Apartment,Resale,Ready to Move,2026-08-22,Mumbai,Mira Road,JP Codename Hot Cake,Mira Road Area,"Banquet Hall,Jogging and Strolling Track,Mini Cinema Theatre,,Service/Goods Lift,Earth quake resistant,Visitor Parking,Intercom Facility,","NA|null,P51700019613|-1",Bachelors/Family,2026-08-21 15:07:39+00:00,2BHK Multistorey Apartment for Resale in JP Codename Hot Cake at Mira Road Area,19.2829267647424,72.8627883689306,0.0,23232.323232323237,1,0.0,16.034714042019267,5.981414211254481,16.00351917920147
Less than 5 years,11500000.0,12849.0,2,2,644.0,895.0,7.0,16.0,Semi-Furnished,Apartment,Resale,Ready to Move,2026-08-21,Mumbai,Bhandup West,Accel Belvedere,Bhandup West,"Banquet Hall,Jogging and Strolling Track,,Visitor Parking,",,Bachelors/Family,2026-08-21 06:23:04+00:00,2BHK Multistorey Apartment for Resale in Accel Belvedere at Bhandup West,19.149901,72.931134,3.0,17857.14285714286,1,1.0,16.25785759333348,6.467698726104354,16.05991801947255
15 to 20 years,9500000.0,10326.0,2,1,662.0,920.0,6.0,7.0,Unfurnished,Apartment,Resale,Ready to Move,2026-08-22,Mumbai,Hatkesh Udhog Nagar,Salasar Garden,Hatkesh Udhog Nagar,,,Bachelors/Family,2026-08-21 09:07:27+00:00,2BHK Multistorey Apartment for Resale in Salasar Garden at Hatkesh Udhog Nagar,19.2813658205394,72.8783658846685,17.5,14350.453172205438,1,0.0,16.06680235657077,6.495265555937008,16.06680235657077
Less than 5 years,10000000.0,10000.0,2,2,720.0,1000.0,4.0,7.0,Semi-Furnished,Apartment,Resale,Ready to Move,2026-08-22,Mumbai,Mira Road,Salasar Garden,Mira Road Area,,,Bachelors/Family,2026-08-21 09:07:21+00:00,2BHK Multistorey Apartment for Resale in Salasar Garden at Mira Road Area,19.2829267647424,72.8627883689306,3.0,13888.888888888889,1,1.0,16.11809565095832,6.579251212010101,16.00351917920147
Less than 5 years,11000000.0,11957.0,2,2,662.0,920.0,1.0,20.0,Unfurnished,Apartment,Resale,Ready to Move,2026-08-21,Mumbai,,Galaxy Apartment,Qureshi Nagar,"Laundry Service,Service/Goods Lift,,","NA|null,P51800010758|02/2010",Bachelors/Family,2026-08-21 06:31:31+00:00,2BHK Multistorey Apartment for Resale in Galaxy Apartment at Qureshi Nagar,19.0599068355234,72.8771601565175,3.0,16616.31419939577,1,0.0,16.213405830762646,6.495265555937008,
Less than 5 years,9500000.0,12179.0,2,2,562.0,780.0,18.0,19.0,Semi-Furnished,Apartment,Resale,Ready to Move,2026-08-22,Mumbai,Mira Road,DB Ozone,Mira Road Area,"Air Conditioned,Banquet Hall,Jogging and Strolling Track,Outdoor Tennis Courts,,,,Laundry Service,,,,,Internet/Wi-Fi Connectivity,RO Water System,Service/Goods Lift,Visitor Parking,Intercom Facility,Conference Room,,","NA|null,P51700003433|-1",Bachelors/Family,2026-08-21 06:45:23+00:00,2BHK Multistorey Apartment for Resale in DB Ozone at Mira Road Area,19.2829267647424,72.8627883689306,3.0,16903.914590747332,1,1.0,16.06680235657077,6.331501849893691,16.00351917920147
5 to 10 years,9900000.0,13200.0,2,2,540.0,750.0,0.0,7.0,Semi-Furnished,Apartment,Resale,Ready to Move,2026-08-21,Mumbai,Vasai East,Rashmi Dhruvita Park,Vasai East,,,Bachelors/Family,2026-08-20 18:43:47+00:00,2BHK Multistorey Apartment for Resale in Rashmi Dhruvita Park at Vasai East,19.39954,72.8604165,7.5,18333.33333333333,2,1.0,16.108045315104818,6.29156913955832,15.534151064164316
New Construction,9000000.0,14423.0,2,2,449.0,624.0,4.0,21.0,Semi-Furnished,Apartment,Resale,Ready to Move,2026-08-22,Mumbai,Mira Road,DB Ozone,Mira Road Area,"Air Conditioned,Banquet Hall,Jogging and Strolling Track,Outdoor Tennis Courts,,,,Laundry Service,,,,,Internet/Wi-Fi Connectivity,RO Water System,Service/Goods Lift,Visitor Parking,Intercom Facility,Conference Room,,","NA|null,P51700003433|-1",Bachelors/Family,2026-08-21 06:45:19+00:00,2BHK Multistorey Apartment for Resale in DB Ozone at Mira Road Area,19.2829267647424,72.8627883689306,0.0,20044.5434298441,1,1.0,16.012735135300492,6.1070228877422545,16.00351917920147
Above 20 years,10000000.0,14286.0,2,1,504.0,700.0,7.0,13.0,Furnished,Apartment,Resale,Ready to Move,2026-08-21,Mumbai,Ghatkopar West,Swagat CHS,Ghatkopar West,,,Bachelors/Family,2026-08-21 04:30:39+00:00,2BHK Multistorey Apartment for Resale in Swagat CHS at Ghatkopar West,19.0908063,72.9076669,25.0,19841.26984126984,2,2.0,16.11809565095832,6.222576268071369,16.679795536176687
Less than 5 years,11500000.0,15333.0,2,2,540.0,750.0,2.0,13.0,Semi-Furnished,Apartment,Resale,Ready to Move,2026-08-21,Mumbai,Ghatkopar West,Maitri CHS,Ghatkopar West,,,Bachelors/Family,2026-08-21 04:29:33+00:00,2BHK Multistorey Apartment for Resale in Maitri CHS at Ghatkopar West,19.0908063,72.9076669,3.0,21296.296296296296,2,1.0,16.25785759333348,6.29156913955832,16.679795536176687
Above 20 years,11000000.0,20952.0,2,1,378.0,525.0,4.0,7.0,Unfurnished,Apartment,Resale,Ready to Move,2026-08-21,Mumbai,Kandivali East,Gokul Galaxy,Kandivali East,"Air Conditioned,,,Visitor Parking,Intercom Facility,",,Bachelors/Family,2026-08-21 04:39:07+00:00,2BHK Multistorey Apartment for Resale in Gokul Galaxy at Kandivali East,19.2050017,72.8692711,25.0,29100.5291005291,2,0.0,16.213405830762646,5.934894195619588,16.3083311155764
Above 20 years,11000000.0,19469.0,2,1,407.0,565.0,3.0,6.0,Unfurnished,Apartment,Resale,Ready to Move,2026-08-21,Mumbai,Kandivali East,Gokul Galaxy,Kandivali East,"Air Conditioned,,,Visitor Parking,Intercom Facility,",,Bachelors/Family,2026-08-21 04:39:04+00:00,2BHK Multistorey Apartment for Resale in Gokul Galaxy at Kandivali East,19.2050017,72.8692711,25.0,27027.027027027027,2,0.0,16.213405830762646,6.008813185442595,16.3083311155764
5 to 10 years,11000000.0,14865.0,2,1,533.0,740.0,4.0,10.0,Unfurnished,Apartment,Resale,Ready to Move,2026-08-21,Mumbai,Kurla East,Baba Vihar,Kurla East,,,Bachelors/Family,2026-08-21 04:46:23+00:00,2BHK Multistorey Apartment for Resale in Baba Vihar at Kurla East,19.0615645059118,72.880543263673,7.5,20637.89868667917,2,0.0,16.213405830762646,6.278521424165844,16.190145822945198
Less than 5 years,10500000.0,12963.0,2,2,583.0,810.0,1.0,7.0,Unfurnished,Apartment,Resale,Ready to Move,2026-08-21,Mumbai,Kandivali West,Golden Enclave,Kandivali West,,,Bachelors/Family,2026-08-21 04:40:40+00:00,2BHK Multistorey Apartment for Resale in Golden Enclave at Kandivali West,19.2101312179652,72.8305011930765,3.0,18010.291595197257,2,0.0,16.166885815127753,6.368187186350492,16.55970188783117
15 to 20 years,10050000.0,14155.0,2,2,511.0,710.0,1.0,5.0,Semi-Furnished,Apartment,Resale,Ready to Move,2026-08-21,Mumbai,Malad West,Chandra Darshan,Malad West,Service/Goods Lift,,Bachelors/Family,2026-08-21 04:22:22+00:00,2BHK Multistorey Apartment for Resale in Chandra Darshan at Malad West,19.1940346300819,72.8257561606587,17.5,19667.318982387475,2,1.0,16.12308319246936,6.236369590203704,16.184249166863797
15 to 20 years,10000000.0,16000.0,2,1,425.0,625.0,7.0,7.0,Semi-Furnished,Apartment,Resale,Ready to Move,2026-08-19,Mumbai,Tata Colony Mulund East,,Tata Colony Mulund East,,,Bachelors/Family,2026-08-18 23:34:52+00:00,2BHK Multistorey Apartment for Resale in Tata Colony Mulund East,19.160263,72.957782,17.5,23529.41176470588,4,1.0,16.11809565095832,6.052089168924417,16.11809565095832
Less than 5 years,12000000.0,12195.0,2,2,708.0,984.0,5.0,17.0,Unfurnished,Apartment,Resale,Ready to Move,2026-08-21,Mumbai,Mira Road,SK Imperial Heights,Mira Road Area,"Grand Entrance lobby,","NA|null,P51700008172|-1",Bachelors/Family,2026-08-20 17:46:10+00:00,2BHK Multistorey Apartment for Resale in SK Imperial Heights at Mira Road Area,19.2829267647424,72.8627883689306,3.0,16949.15254237288,2,0.0,16.300417207752275,6.56244409369372,16.00351917920147
,16700000.0,25891.0,2,2,,645.0,18.0,22.0,Semi-Furnished,Apartment,Resale,Ready to Move,2026-08-22,Mumbai,Sector 2 Charkop,,Sector 2 Charkop,,,Bachelors/Family,2026-08-22 08:31:55+00:00,2BHK Multistorey Apartment for Resale in Sector 2 Charkop,19.21222,72.82118,,,0,1.0,16.630919277386983,,16.630919277386983
Less than 5 years,12500000.0,12255.0,2,2,,1020.0,4.0,21.0,Semi-Furnished,Apartment,Resale,Ready to Move,2026-08-22,Mumbai,Mira Road,Unique Shanti Poonam Estate Cluster 2,Mira Road Area,"Jogging and Strolling Track,Laundry Service,Internet/Wi-Fi Connectivity,Service/Goods Lift,Intercom Facility","NA|null,P51700008166|06/2019,P51700009072|03/2018,P51700011797|12/2017",Bachelors/Family,2026-08-22 06:08:09+00:00,2BHK Multistorey Apartment for Resale in Unique Shanti Poonam Estate Cluster 2 at Mira Road Area,19.2829267647424,72.8627883689306,3.0,,0,1.0,16.34123920227253,,16.00351917920147
,16500000.0,24554.0,2,2,661.0,672.0,0.0,19.0,Unfurnished,Apartment,Resale,Under Construction,2026-08-21,Mumbai,Andheri West,Rolland Vantage,Andheri West,,"NA|null,PM1181012601154|-1",Bachelors/Family,2026-08-20 18:45:52+00:00,2BHK Multistorey Apartment for Resale in Rolland Vantage at Andheri West,19.1373697481266,72.8257229439874,,24962.17851739788,2,0.0,16.61887093887081,6.493753839851686,16.971517551091193
,14500000.0,22308.0,2,1,,650.0,3.0,5.0,Unfurnished,Apartment,Resale,,2026-08-23,Mumbai,Shiv Srushti Kurla,,Shiv Srushti Kurla,,,Bachelors/Family,2026-08-23 12:14:08+00:00,2BHK Multistorey Apartment for Resale in Shiv Srushti Kurla,19.05697,72.88198,,,-1,0.0,16.489659207390805,,16.489659207390805
5 to 10 years,12500000.0,12255.0,2,2,697.0,1020.0,18.0,21.0,Unfurnished,Apartment,Resale,Ready to Move,2026-08-23,Mumbai,Malvani,,Malvani,"Sea facing,Wrap Around Balcony,Internet/Wi-Fi Connectivity,Service/Goods Lift",,Bachelors/Family,2026-08-22 21:31:16+00:00,2BHK Multistorey Apartment for Resale in Malvani,19.1878361476608,72.8193396211644,7.5,17934.00286944046,0,0.0,16.34123920227253,6.546785410760524,16.43239998066951
10 to 15 years,14500000.0,15263.0,2,2,700.0,950.0,7.0,10.0,Furnished,Apartment,Resale,Ready to Move,2026-08-23,Mumbai,Mira Road,Happy Home Heights,Mira Road Area,"Full Glass Wall,Air Conditioned,Jogging and Strolling Track,Laundry Service,Internet/Wi-Fi Connectivity,RO Water System,Service/Goods Lift,Visitor Parking,Intercom Facility",,Bachelors/Family,2026-08-22 23:33:13+00:00,2BHK Multistorey Apartment for Resale in Happy Home Heights at Mira Road Area,19.2829267647424,72.8627883689306,12.5,20714.285714285717,0,2.0,16.489659207390805,6.551080335043404,16.00351917920147
,12700000.0,21167.0,2,3,432.0,600.0,16.0,26.0,Unfurnished,Apartment,Resale,Under Construction,2026-08-22,Mumbai,Borivali West,Passcode Fusion,Borivali West,,"NA|null,P51800045675|-1,P51800045778|-1",Bachelors/Family,2026-08-21 20:02:28+00:00,2BHK Multistorey Apartment for Resale in Passcode Fusion at Borivali West,19.2335321,72.839198,,29398.14814814815,1,0.0,16.35711255142882,6.068425588244111,16.712420867285854
,17000000.0,25000.0,2,2,490.0,680.0,8.0,13.0,Unfurnished,Apartment,Resale,Under Construction,2026-08-22,Mumbai,Borivali East,Monarch Kitkat,Borivali East,,"NA|null,P51800028408|-1",Bachelors/Family,2026-08-21 20:02:06+00:00,2BHK Multistorey Apartment for Resale in Monarch Kitkat at Borivali East,19.2272619069866,72.8634397272398,,34693.87755102041,1,0.0,16.64872390202049,6.194405391104672,16.7928732408415
,17900000.0,17480.0,2,2,737.0,1024.0,7.0,14.0,Semi-Furnished,Apartment,Resale,Under Construction,2026-08-22,Mumbai,Mulund West,Atlanta Malhaar Guide,Mulund West,,,Bachelors/Family,2026-08-21 19:58:04+00:00,2BHK Multistorey Apartment for Resale in Atlanta Malhaar Guide at Mulund West,19.1749536837097,72.943103519999,,24287.652645861603,1,1.0,16.70031127081098,6.602587892189336,16.657170544069615
,16500000.0,24627.0,2,2,482.0,670.0,12.0,37.0,Unfurnished,Apartment,Resale,Under Construction,2026-08-22,Mumbai,Goregaon East,Agarwal Floresta Maple,Goregaon East,"Smart Home,Skydeck,Fireplace,Theme based Architectures,Full Glass Wall,Grand Entrance lobby,Kids play area,Health club with Steam / Jaccuzi,Library,Air Conditioned,Banquet Hall,Jogging and Strolling Track,Outdoor Tennis Courts,Laundry Service,,Internet/Wi-Fi Connectivity,Service/Goods Lift,Visitor Parking,Intercom Facility,Conference Room,Downtown,","NA|null,P51800030147|12/2026",Bachelors/Family,2026-08-21 19:57:37+00:00,2BHK Multistorey Apartment for Resale in Agarwal Floresta Maple at Goregaon East,19.1562110822264,72.8758090633208,,34232.365145228214,1,0.0,16.61887093887081,6.1779441140506,16.703131077015616
10 to 15 years,13000000.0,17931.0,2,2,525.0,725.0,8.0,8.0,Semi-Furnished,Apartment,Resale,Ready to Move,2026-08-22,Mumbai,Kandivali East,Gaurav Shikar,Kandivali East,"Internet/Wi-Fi Connectivity,Visitor Parking",,Bachelors/Family,2026-08-21 23:33:23+00:00,2BHK Multistorey Apartment for Resale in Gaurav Shikar at Kandivali East,19.2050017,72.8692711,12.5,24761.904761904763,1,1.0,16.38045991542581,6.263398262591624,16.3083311155764
New Construction,14000000.0,21538.0,2,2,520.0,650.0,17.0,20.0,Unfurnished,Apartment,New Property,Ready to Move,2026-08-22,Mumbai,Malad East,DEM Phoenix,Malad East,"Skyline View,Smart Home,Jogging and Strolling Track,Service/Goods Lift,Visitor Parking,Intercom Facility","NA|null,P51800048376|10/2025",Bachelors/Family,2026-08-21 23:32:13+00:00,2BHK Multistorey Apartment for New Property in DEM Phoenix at Malad East,19.1848724519187,72.8629697025013,0.0,26923.07692307692,1,0.0,16.454567887579532,6.253828811575473,16.524223001703145
5 to 10 years,14000000.0,17500.0,2,2,525.0,800.0,18.0,22.0,Unfurnished,Apartment,Resale,Ready to Move,2026-08-21,Mumbai,Ashadham Colony,,Ashadham Colony,,,Bachelors/Family,2026-08-20 12:18:55+00:00,2BHK Multistorey Apartment for Resale in Ashadham Colony,18.9716101572237,72.8299314899631,7.5,26666.666666666668,2,0.0,16.454567887579532,6.263398262591624,16.454567887579532
,17500000.0,25000.0,2,2,,700.0,5.0,15.0,Furnished,Apartment,Resale,Ready to Move,2026-08-20,Mumbai,Sindh Seva Samiti Nagar,,Sindh Seva Samiti Nagar,,,Bachelors/Family,2026-08-20 11:22:33+00:00,2BHK Multistorey Apartment for Resale in Sindh Seva Samiti Nagar,19.0331247904216,72.86434722733,,,2,2.0,16.67771143889374,,16.67771143889374
10 to 15 years,17500000.0,20588.0,2,2,,850.0,2.0,17.0,Unfurnished,Apartment,Resale,Ready to Move,2026-08-21,Mumbai,Mulund West,Nirmal Lifestyle,Mulund West,"Air Conditioned,Banquet Hall,Jogging and Strolling Track,Laundry Service,Internet/Wi-Fi Connectivity,Visitor Parking,Intercom Facility",,Bachelors/Family,2026-08-21 14:37:44+00:00,2BHK Multistorey Apartment for Resale in Nirmal Lifestyle at Mulund West,19.1749536837097,72.943103519999,12.5,,1,0.0,16.67771143889374,,16.657170544069615
Less than 5 years,15000000.0,15000.0,2,2,720.0,1000.0,2.0,9.0,Unfurnished,Apartment,Resale,Ready to Move,2026-08-22,Mumbai,Malad East,Vraj Nirmal,Malad East,,,Bachelors/Family,2026-08-21 16:15:34+00:00,2BHK Multistorey Apartment for Resale in Vraj Nirmal at Malad East,19.1848724519187,72.8629697025013,3.0,20833.33333333333,1,0.0,16.523560759066484,6.579251212010101,16.524223001703145
New Construction,18000000.0,29752.0,2,2,436.0,605.0,2.0,8.0,Furnished,Apartment,Resale,Ready to Move,2026-08-22,Mumbai,Malad West,Peace Castle,Malad West,,,Bachelors/Family,2026-08-21 16:12:36+00:00,2BHK Multistorey Apartment for Resale in Peace Castle at Malad West,19.1940346300819,72.8257561606587,0.0,41284.40366972477,1,2.0,16.70588231586044,6.077642243349034,16.184249166863797
5 to 10 years,16000000.0,15459.0,2,2,745.0,1035.0,6.0,18.0,Unfurnished,Apartment,Resale,Ready to Move,2026-08-22,Mumbai,Kanjurmarg East,Ajmera Nirvana,Kanjurmarg East,,,Bachelors/Family,2026-08-21 17:51:46+00:00,2BHK Multistorey Apartment for Resale in Ajmera Nirvana at Kanjurmarg East,19.1303464798827,72.934955451681,7.5,21476.510067114094,1,0.0,16.588099280204055,6.61338421837956,16.43557224378833
10 to 15 years,13000000.0,21667.0,2,2,432.0,600.0,8.0,8.0,Furnished,Apartment,Resale,Ready to Move,2026-08-22,Mumbai,Goregaon West,,Goregaon West,,,Bachelors/Family,2026-08-21 17:57:49+00:00,2BHK Multistorey Apartment for Resale in Goregaon West,19.1630920855215,72.8398088005091,12.5,30092.59259259259,1,2.0,16.38045991542581,6.068425588244111,16.712965306024724
10 to 15 years,17800000.0,16952.0,2,2,756.0,1050.0,5.0,6.0,Furnished,Apartment,Resale,Ready to Move,2026-08-22,Mumbai,IC Colony,,IC Colony,,,Bachelors/Family,2026-08-21 16:57:50+00:00,2BHK Multistorey Apartment for Resale in IC Colony,19.249869503245,72.8491717870626,12.5,23544.973544973545,1,2.0,16.694709015262312,6.628041376179533,16.694709015262312
,18000000.0,18274.0,2,2,709.0,985.0,22.0,40.0,Semi-Furnished,Apartment,Resale,Under Construction,2026-08-22,Mumbai,Mahavir Nagar Kandivali West,Ruparel Sky Greens,Mahavir Nagar Kandivali West,"Jogging and Strolling Track,,,,Earth quake resistant,","NA|null,P51800012513|12/2021",Bachelors/Family,2026-08-21 10:34:19+00:00,2BHK Multistorey Apartment for Resale in Ruparel Sky Greens at Mahavir Nagar Kandivali West,19.2135242057782,72.8409438235301,,25387.87023977433,1,1.0,16.70588231586044,6.5638555265321274,16.70588231586044
Less than 5 years,16200000.0,22192.0,2,2,526.0,730.0,4.0,20.0,Semi-Furnished,Apartment,Resale,Ready to Move,2026-08-22,Mumbai,Bhandup West,Shiv Bliss,Bhandup West,"Intercom Facility,Conference Room,",,Bachelors/Family,2026-08-21 10:35:19+00:00,2BHK Multistorey Apartment for Resale in Shiv Bliss at Bhandup West,19.149901,72.931134,3.0,30798.47908745247,1,1.0,16.600521800202614,6.26530121273771,16.05991801947255
Less than 5 years,17000000.0,17347.0,2,2,706.0,980.0,2.0,8.0,Furnished,Apartment,Resale,Ready to Move,2026-08-22,Mumbai,Kandivali West,Sai Dham Complex,Kandivali West,,,Bachelors/Family,2026-08-21 09:39:11+00:00,2BHK Multistorey Apartment for Resale in Sai Dham Complex at Kandivali West,19.2101312179652,72.8305011930765,3.0,24079.320113314447,1,2.0,16.64872390202049,6.559615237493242,16.55970188783117
15 to 20 years,15500000.0,16316.0,2,2,684.0,950.0,5.0,7.0,Unfurnished,Apartment,Resale,Ready to Move,2026-08-22,Mumbai,Mira Road,Shivalik Apartment,Mira Road Area,,,Bachelors/Family,2026-08-21 09:38:52+00:00,2BHK Multistorey Apartment for Resale in Shivalik Apartment at Mira Road Area,19.2829267647424,72.8627883689306,17.5,22660.81871345029,1,0.0,16.556350581889475,6.52795791762255,16.00351917920147
15 to 20 years,14500000.0,16022.0,2,2,652.0,905.0,1.0,7.0,Unfurnished,Apartment,Resale,Ready to Move,2026-08-22,Mumbai,Malad West,Blue Arch,Malad West,"Service/Goods Lift,Visitor Parking",,Bachelors/Family,2026-08-21 10:16:47+00:00,2BHK Multistorey Apartment for Resale in Blue Arch at Malad West,19.1940346300819,72.8257561606587,17.5,22239.26380368098,1,0.0,16.489659207390805,6.480044561926653,16.184249166863797
New Construction,16000000.0,24390.0,2,2,472.0,656.0,19.0,35.0,Unfurnished,Apartment,Resale,Ready to Move,2026-08-22,Mumbai,Kandivali East,Mahindra Roots,Kandivali East,"Water Front,Hilltop,Skyline View,Sea facing,Smart Home,Skydeck,Island Kitchen Layout,Wrap Around Balcony,Concierge Services,Theme based Architectures,Wine Cellar,Private pool ,Helipad,Full Glass Wall,Sky Villa,Bar/Lounge,Fingerprint Access,Health club with Steam / Jaccuzi,Golf Course,House help accommodation,Air Conditioned,Banquet Hall,Jogging and Strolling Track,Outdoor Tennis Courts,Laundry Service,Internet/Wi-Fi Connectivity,RO Water System,Service/Goods Lift,Visitor Parking,Intercom Facility,Conference Room,Downtown","NA|null,P51800016833|09/2022",Bachelors/Family,2026-08-21 14:04:54+00:00,2BHK Multistorey Apartment for Resale in Mahindra Roots at Kandivali East,19.2050017,72.8692711,0.0,33898.30508474576,1,0.0,16.588099280204055,6.156978985585555,16.3083311155764
New Construction,12300000.0,21964.0,2,2,403.0,560.0,2.0,16.0,Unfurnished,Apartment,Resale,Ready to Move,2026-08-22,Mumbai,Ghatkopar West,Neelyog Veydaanta,Ghatkopar West,"Internet/Wi-Fi Connectivity,RO Water System,Service/Goods Lift,Intercom Facility","NA|null,P51800001645|12/2000",Bachelors/Family,2026-08-21 12:46:19+00:00,2BHK Multistorey Apartment for Resale in Neelyog Veydaanta at Ghatkopar West,19.0908063,72.9076669,0.0,30521.091811414397,1,0.0,16.325109820342647,5.998936561946683,16.679795536176687
,13500000.0,18000.0,2,2,540.0,750.0,7.0,21.0,Unfurnished,Apartment,Resale,Under Construction,2026-08-22,Mumbai,Kandivali West,Divya Shree Abhishek CHSL,Kandivali West,,"NA|null,P51800002222|05/2020",Bachelors/Family,2026-08-21 12:44:38+00:00,2BHK Multistorey Apartment for Resale in Divya Shree Abhishek CHSL at Kandivali West,19.2101312179652,72.8305011930765,,25000.0,1,0.0,16.41820024340866,6.29156913955832,16.55970188783117
10 to 15 years,12400000.0,13053.0,2,2,684.0,950.0,2.0,7.0,Unfurnished,Apartment,Resale,Ready to Move,2026-08-22,Mumbai,Goregaon East,New dindoshi Omkar CHS,Goregaon East,Intercom Facility,,Bachelors/Family,2026-08-21 12:42:56+00:00,2BHK Multistorey Apartment for Resale in New dindoshi Omkar CHS at Goregaon East,19.1562110822264,72.8758090633208,12.5,18128.654970760235,1,0.0,16.333207030575267,6.52795791762255,16.703131077015616
New Construction,23000000.0,,2,2,528.0,,4.0,22.0,Unfurnished,Apartment,Resale,Ready to Move,2026-08-22,Mumbai,,,,"Banquet Hall,RO Water System,Intercom Facility",,Bachelors/Family,2026-08-22 15:12:53+00:00,2BHK Multistorey Apartment for Resale in ,,,0.0,43560.606060606064,0,0.0,16.951004773893423,6.269096283706261,
5 to 10 years,25000000.0,26316.0,2,2,780.0,950.0,10.0,20.0,Furnished,Apartment,Resale,Ready to Move,2026-08-22,Mumbai,Mindspace,K Raheja Interface Heights,Mindspace,"Banquet Hall,Internet/Wi-Fi Connectivity,Visitor Parking,Intercom Facility",,Bachelors/Family,2026-08-22 10:22:38+00:00,2BHK Multistorey Apartment for Resale in K Raheja Interface Heights at Mindspace,19.18345,72.83243,7.5,32051.28205128205,0,2.0,17.034386382832476,6.659293919683638,17.034386382832476
5 to 10 years,23500000.0,18077.0,2,2,900.0,1300.0,2.0,22.0,Furnished,Apartment,Resale,Ready to Move,2026-08-23,Mumbai,Goregaon West,Raj Spaces Apartment,Goregaon West,"Air Conditioned,Visitor Parking,Intercom Facility",,Bachelors/Family,2026-08-22 23:38:00+00:00,2BHK Multistorey Apartment for Resale in Raj Spaces Apartment at Goregaon West,19.1630920855215,72.8398088005091,7.5,26111.11111111111,0,2.0,16.972510979114386,6.802394763324311,16.712965306024724
Above 20 years,25000000.0,33333.0,2,2,550.0,750.0,3.0,3.0,Semi-Furnished,Apartment,Resale,Ready to Move,2026-08-22,Mumbai,Mahim,Ideal Home,Mahim,Air Conditioned,,Bachelors/Family,2026-08-21 15:29:37+00:00,2BHK Multistorey Apartment for Resale in Ideal Home at Mahim,19.0388120275329,72.8419652875755,25.0,45454.545454545456,1,1.0,17.034386382832476,6.309918278226516,16.781404662449017
15 to 20 years,19000000.0,25606.0,2,2,505.0,742.0,7.0,7.0,Furnished,Apartment,Resale,Ready to Move,2026-08-23,Mumbai,,,,Intercom Facility,,Bachelors/Family,2026-08-22 21:31:24+00:00,2BHK Multistorey Apartment for Resale in ,,,17.5,37623.76237623762,0,2.0,16.759949537130716,6.22455842927536,
Less than 5 years,19500000.0,,2,2,783.0,,9.0,22.0,Unfurnished,Apartment,Resale,Ready to Move,2026-08-23,Mumbai,Goregaon West,,Goregaon West,"Banquet Hall,Intercom Facility",,Bachelors/Family,2026-08-22 23:35:41+00:00,2BHK Multistorey Apartment for Resale in Goregaon West,19.1630920855215,72.8398088005091,3.0,24904.21455938697,0,0.0,16.785925023533974,6.663132695990803,16.712965306024724
15 to 20 years,18900000.0,29077.0,2,2,500.0,650.0,8.0,12.0,Semi-Furnished,Apartment,Resale,Ready to Move,2026-08-23,Mumbai,Goregaon East,Acme Amay,Goregaon East,"Air Conditioned,Jogging and Strolling Track,Laundry Service,Internet/Wi-Fi Connectivity,RO Water System,Service/Goods Lift,Visitor Parking,Intercom Facility",,Bachelors/Family,2026-08-22 23:34:55+00:00,2BHK Multistorey Apartment for Resale in Acme Amay at Goregaon East,19.1562110822264,72.8758090633208,17.5,37800.0,0,1.0,16.75467248002987,6.214608098422191,16.703131077015616
5 to 10 years,22000000.0,27919.0,2,2,630.0,788.0,9.0,10.0,Semi-Furnished,Apartment,Resale,Ready to Move,2026-08-23,Mumbai,Andheri East,Gokul Valley,Andheri East,"Air Conditioned,Internet/Wi-Fi Connectivity,RO Water System,Service/Goods Lift,Visitor Parking,Intercom Facility",,Bachelors/Family,2026-08-22 23:34:13+00:00,2BHK Multistorey Apartment for Resale in Gokul Valley at Andheri East,19.1154908,72.8726952,7.5,34920.63492063492,0,1.0,16.90655301132259,6.4457198193855785,16.792662339952496
Less than 5 years,22000000.0,27500.0,2,2,576.0,800.0,5.0,15.0,Semi-Furnished,Apartment,Resale,Ready to Move,2026-08-22,Mumbai,Santacruz East,Kalpataru Primus Residences,Santacruz East,,,Bachelors/Family,2026-08-21 19:46:40+00:00,2BHK Multistorey Apartment for Resale in Kalpataru Primus Residences at Santacruz East,19.0799983,72.8545019,3.0,38194.444444444445,1,1.0,16.90655301132259,6.3561076606958915,16.903579465256815
Above 20 years,20000000.0,22222.0,2,2,648.0,900.0,4.0,7.0,Furnished,Apartment,Resale,Ready to Move,2026-08-22,Mumbai,Ghatkopar East,Shankheswar Apartment,Ghatkopar East,,,Bachelors/Family,2026-08-21 19:39:58+00:00,2BHK Multistorey Apartment for Resale in Shankheswar Apartment at Ghatkopar East,19.07907,72.907976,25.0,30864.1975308642,1,2.0,16.811242831518264,6.473890696352274,16.89140689473454
15 to 20 years,25000000.0,31250.0,2,2,576.0,800.0,2.0,7.0,Unfurnished,Apartment,Resale,Ready to Move,2026-08-22,Mumbai,Vile Parle East,Pragati Apartment,Vile Parle East,,,Bachelors/Family,2026-08-21 19:41:17+00:00,2BHK Multistorey Apartment for Resale in Pragati Apartment at Vile Parle East,19.10046297,72.84924449,17.5,43402.77777777778,1,0.0,17.034386382832476,6.3561076606958915,16.994661006029744
,23200000.0,33143.0,2,2,504.0,700.0,6.0,23.0,Semi-Furnished,Apartment,Resale,Under Construction,2026-08-22,Mumbai,Bandra East,Rustomjee Erika,Bandra East,"Kids play area,Intercom Facility,","NA|null,P51800033014|-1",Bachelors/Family,2026-08-21 19:59:58+00:00,2BHK Multistorey Apartment for Resale in Rustomjee Erika at Bandra East,19.062055421515,72.8541362644682,,46031.74603174603,1,1.0,16.95966283663654,6.222576268071369,16.95966283663654
,24700000.0,32933.0,2,2,540.0,750.0,24.0,40.0,Semi-Furnished,Apartment,Resale,Under Construction,2026-08-22,Mumbai,Wadala,Ajmera Manhattan,Wadala,"Skyline View,Sea facing,Skydeck,Private jaccuzi,Concierge Services,Private pool ,Pool with temperature control ,Fingerprint Access,Grand Entrance lobby,Kids play area,Health club with Steam / Jaccuzi,Premium branded fittings,3 Tier Security System,Large Clubhouse ,Library,,,Air Conditioned,Banquet Hall,Mini Cinema Theatre,Located in the Heart of city,Large Open space,Guest lobby in each floor,AC in each room ,Laundry Service,,,,Earth quake resistant,Intercom Facility,Conference Room,","NA|null,P51800032948|-1,PR1180002500822|-1",Bachelors/Family,2026-08-21 19:59:47+00:00,2BHK Multistorey Apartment for Resale in Ajmera Manhattan at Wadala,19.012216203088,72.8604594318626,,45740.74074074074,1,1.0,17.022313801598205,6.29156913955832,17.08371479305744
,19900000.0,22111.0,2,2,648.0,900.0,5.0,13.0,Unfurnished,Apartment,Resale,Under Construction,2026-08-22,Mumbai,Chandivali,Mahindra Alcove,Chandivali,"Water Front,Smart Home,Concierge Services,Full Glass Wall,Infinity Swimming Pool,Bar/Lounge,Fingerprint Access,Large Clubhouse ,Air Conditioned,Banquet Hall,Jogging and Strolling Track,Outdoor Tennis Courts,Private Garage,,,Internet/Wi-Fi Connectivity,RO Water System,Service/Goods Lift,Visitor Parking,Conference Room,Downtown","NA|null,P51800028352|-1,P51800031699|-1,P51800033573|-1",Bachelors/Family,2026-08-21 19:35:19+00:00,2BHK Multistorey Apartment for Resale in Mahindra Alcove at Chandivali,19.1104892624542,72.899191014387,,30709.87654320988,1,0.0,16.80623028969472,6.473890696352274,16.80623028969472
15 to 20 years,21000000.0,20608.0,2,2,734.0,1019.0,9.0,15.0,Furnished,Apartment,Resale,Ready to Move,2026-08-22,Mumbai,Prem Nagar Goregaon West,Acme Complex 2A,Prem Nagar Goregaon West,,,Bachelors/Family,2026-08-21 19:30:07+00:00,2BHK Multistorey Apartment for Resale in Acme Complex 2A at Prem Nagar Goregaon West,19.1704641760473,72.8386889823124,17.5,28610.35422343324,1,2.0,16.860032995687696,6.598509028614515,16.860032995687696
15 to 20 years,20000000.0,20000.0,2,2,720.0,1000.0,1.0,7.0,Unfurnished,Apartment,Resale,Ready to Move,2026-08-22,Mumbai,Bhandup East,Akashdeep Apartment,Bhandup East,,,Bachelors/Family,2026-08-21 19:31:24+00:00,2BHK Multistorey Apartment for Resale in Akashdeep Apartment at Bhandup East,19.1401705,72.9431038,17.5,27777.777777777777,1,0.0,16.811242831518264,6.579251212010101,16.811242831518264
,24800000.0,21889.0,2,2,816.0,1133.0,20.0,40.0,Unfurnished,Apartment,Resale,Under Construction,2026-08-22,Mumbai,Wadala,Godrej Horizon,Wadala,"Pool with temperature control ,,Fingerprint Access,Grand Entrance lobby,Kids play area,3 Tier Security System,Large Clubhouse ,,Jogging and Strolling Track,,Earth quake resistant,Visitor Parking,Intercom Facility","NA|null,P51900034851|-1,P51900049757|-1",Bachelors/Family,2026-08-21 20:01:22+00:00,2BHK Multistorey Apartment for Resale in Godrej Horizon at Wadala,19.012216203088,72.8604594318626,,30392.156862745094,1,0.0,17.02635421113521,6.704414354964107,17.08371479305744
Less than 5 years,21000000.0,19091.0,2,2,670.0,1100.0,20.0,50.0,Semi-Furnished,Apartment,Resale,Ready to Move,2026-08-22,Mumbai,CGS Colony Kanjurmarg East,Runwal Bliss,CGS Colony Kanjurmarg East,"Farm-House,Central AC ,3 Tier Security System,Air Conditioned,All wooden flooring,AC in each room ,Laundry Service,Internet/Wi-Fi Connectivity,RO Water System,Visitor Parking,Intercom Facility","NA|null,P51800001296|12/2023,P51800001477|12/2023,P51800001670|12/2023,P51800001903|12/2023,P51800005684|12/2023,P51800032824|-1,P51800035134|-1,P51800050459|-1,P51800050459|-1",Bachelors/Family,2026-08-21 23:31:52+00:00,2BHK Multistorey Apartment for Resale in Runwal Bliss at CGS Colony Kanjurmarg East,19.13985208,72.93746747,3.0,31343.283582089556,1,1.0,16.860032995687696,6.507277712385012,16.860032995687696
Above 20 years,21500000.0,21500.0,2,2,800.0,1000.0,6.0,10.0,Furnished,Apartment,Resale,Ready to Move,2026-08-20,Mumbai,Sector 1 Charkop,Amit Tower,Sector 1 Charkop,,,Bachelors/Family,2026-08-20 06:42:48+00:00,2BHK Multistorey Apartment for Resale in Amit Tower at Sector 1 Charkop,19.2117060662206,72.8267122505131,25.0,26875.0,2,2.0,16.883563493097892,6.684611727667927,16.883563493097892
Less than 5 years,20500000.0,18981.0,2,2,778.0,1080.0,15.0,15.0,Semi-Furnished,Apartment,Resale,Ready to Move,2026-08-22,Mumbai,Chembur,Godrej Central,Chembur,"Water Front,Fireplace,Full Glass Wall,Bar/Lounge,Air Conditioned,Banquet Hall,Jogging and Strolling Track,Outdoor Tennis Courts,Laundry Service,Internet/Wi-Fi Connectivity,RO Water System,Service/Goods Lift,Visitor Parking,Intercom Facility,Conference Room",,Bachelors/Family,2026-08-21 17:26:28+00:00,2BHK Multistorey Apartment for Resale in Godrej Central at Chembur,19.0459181155422,72.8975231581492,3.0,26349.61439588689,1,1.0,16.835935444108635,6.656726524178391,16.916602594501136
Less than 5 years,20000000.0,28129.0,2,2,512.0,711.0,1.0,14.0,Semi-Furnished,Apartment,Resale,Ready to Move,2026-08-22,Mumbai,Chembur,Godrej Central,Chembur,"Water Front,Fireplace,Full Glass Wall,Bar/Lounge,Air Conditioned,Banquet Hall,Jogging and Strolling Track,Outdoor Tennis Courts,Laundry Service,Internet/Wi-Fi Connectivity,RO Water System,Service/Goods Lift,Visitor Parking,Intercom Facility,Conference Room",,Bachelors/Family,2026-08-21 17:26:09+00:00,2BHK Multistorey Apartment for Resale in Godrej Central at Chembur,19.0459181155422,72.8975231581492,3.0,39062.5,1,1.0,16.811242831518264,6.238324625039508,16.916602594501136
Less than 5 years,18500000.0,30833.0,2,2,432.0,600.0,7.0,12.0,Semi-Furnished,Apartment,Resale,Ready to Move,2026-08-22,Mumbai,Powai,Shiv Bhagtani Manor 3A,Powai,,,Bachelors/Family,2026-08-21 17:19:26+00:00,2BHK Multistorey Apartment for Resale in Shiv Bhagtani Manor 3A at Powai,19.1196773,72.9050809,3.0,42824.07407407407,1,1.0,16.733281290048552,6.068425588244111,16.80894847147809
15 to 20 years,19900000.0,19900.0,2,2,720.0,1000.0,16.0,20.0,Unfurnished,Apartment,Resale,Ready to Move,2026-08-22,Mumbai,Malad West,Blue Horizon Tower,Malad West,,,Bachelors/Family,2026-08-21 17:18:39+00:00,2BHK Multistorey Apartment for Resale in Blue Horizon Tower at Malad West,19.1940346300819,72.8257561606587,17.5,27638.88888888889,1,0.0,16.80623028969472,6.579251212010101,16.184249166863797
New Construction,25000000.0,32510.0,2,2,554.0,769.0,7.0,18.0,Unfurnished,Apartment,Resale,Ready to Move,2026-08-22,Mumbai,,Sri Vayuputhra Gem Paradise,Azad Nagar 2,"Kids play area,",,Bachelors/Family,2026-08-21 17:57:01+00:00,2BHK Multistorey Apartment for Resale in Sri Vayuputhra Gem Paradise at Azad Nagar 2,19.131203,72.834365,0.0,45126.35379061372,1,0.0,17.034386382832476,6.317164686747284,
Less than 5 years,23000000.0,18699.0,2,2,886.0,1230.0,3.0,6.0,Semi-Furnished,Apartment,Resale,Ready to Move,2026-08-22,Mumbai,Chembur,Ratna Mahal,Chembur,,,Bachelors/Family,2026-08-21 16:50:23+00:00,2BHK Multistorey Apartment for Resale in Ratna Mahal at Chembur,19.0459181155422,72.8975231581492,3.0,25959.367945823928,1,1.0,16.951004773893423,6.786716950605081,16.916602594501136
10 to 15 years,22500000.0,18750.0,2,2,864.0,1200.0,3.0,10.0,Furnished,Apartment,Resale,Ready to Move,2026-08-22,Mumbai,Kandivali West,Pranay Vidya,Kandivali West,,,Bachelors/Family,2026-08-21 16:41:21+00:00,2BHK Multistorey Apartment for Resale in Pranay Vidya at Kandivali West,19.2101312179652,72.8305011930765,12.5,26041.666666666668,1,2.0,16.929025867174648,6.761572768804055,16.55970188783117
Above 20 years,23000000.0,16429.0,2,3,1008.0,1400.0,7.0,8.0,Furnished,Apartment,Resale,Ready to Move,2026-08-22,Mumbai,Andheri East,Rimsan Apartments,Andheri East,,,Bachelors/Family,2026-08-21 16:31:47+00:00,2BHK Multistorey Apartment for Resale in Rimsan Apartments at Andheri East,19.1154908,72.8726952,25.0,22817.46031746032,1,2.0,16.951004773893423,6.915723448631314,16.792662339952496
Less than 5 years,25000000.0,21739.0,2,2,828.0,1150.0,10.0,23.0,Semi-Furnished,Apartment,Resale,Ready to Move,2026-08-22,Mumbai,Goregaon East,,Goregaon East,,,Bachelors/Family,2026-08-21 17:45:31+00:00,2BHK Multistorey Apartment for Resale in Goregaon East,19.1562110822264,72.8758090633208,3.0,30193.236714975847,1,1.0,17.034386382832476,6.71901315438526,16.703131077015616
,34000000.0,,2,3,527.0,,21.0,21.0,Semi-Furnished,Apartment,New Property,Ready to Move,2026-08-23,Mumbai,Khar West,,Khar West,,,Bachelors/Family,2026-08-22 23:31:58+00:00,2BHK Multistorey Apartment for New Property in Khar West,19.0699335919407,72.8363080829478,,64516.12903225807,0,1.0,17.341871082580436,6.267200548541362,17.341871082580436
Less than 5 years,26900000.0,35867.0,2,2,561.0,750.0,2.0,14.0,Furnished,Apartment,Resale,Ready to Move,2026-08-23,Mumbai,Chembur,Godrej RKS,Chembur,"Fingerprint Access,Banquet Hall,Visitor Parking,Intercom Facility","NA|null,P51800023915|12/2023",Bachelors/Family,2026-08-22 23:46:52+00:00,2BHK Multistorey Apartment for Resale in Godrej RKS at Chembur,19.0459181155422,72.8975231581492,3.0,47950.08912655972,0,2.0,17.107636844572067,6.329720905522696,16.916602594501136
Less than 5 years,32500000.0,54167.0,2,1,432.0,600.0,1.0,1.0,Furnished,Apartment,Resale,Ready to Move,2026-08-22,Mumbai,Bandra West,ALJ Residency,Bandra West,,,Bachelors/Family,2026-08-21 20:15:11+00:00,2BHK Multistorey Apartment for Resale in ALJ Residency at Bandra West,19.055229,72.830829,3.0,75231.48148148147,1,2.0,17.296750647299966,6.068425588244111,17.18517887164286
Above 20 years,30000000.0,30000.0,2,2,720.0,1000.0,5.0,6.0,Semi-Furnished,Apartment,Resale,Ready to Move,2026-08-22,Mumbai,Santacruz East,Kailash Parbhat CHS,Santacruz East,,,Bachelors/Family,2026-08-21 19:43:23+00:00,2BHK Multistorey Apartment for Resale in Kailash Parbhat CHS at Santacruz East,19.0799983,72.8545019,25.0,41666.66666666666,1,1.0,17.216707939626428,6.579251212010101,16.903579465256815
15 to 20 years,28000000.0,25112.0,2,2,803.0,1115.0,3.0,12.0,Semi-Furnished,Apartment,Resale,Ready to Move,2026-08-22,Mumbai,Andheri East,Akruti Nova A Wing CHS L,Andheri East,,,Bachelors/Family,2026-08-21 19:42:35+00:00,2BHK Multistorey Apartment for Resale in Akruti Nova A Wing CHS L at Andheri East,19.1154908,72.8726952,17.5,34869.2403486924,1,1.0,17.14771506813948,6.688354713946762,16.792662339952496
New Construction,28500000.0,36538.0,2,2,713.0,780.0,5.0,14.0,Semi-Furnished,Apartment,Resale,Ready to Move,2026-08-21,Mumbai,,LK Umang Heights,DN Nagar,"Fireplace,Service/Goods Lift",,Bachelors/Family,2026-08-20 16:08:57+00:00,2BHK Multistorey Apartment for Resale in LK Umang Heights at DN Nagar,19.12296883,72.83012082,0.0,39971.949509116406,2,1.0,17.16541464523888,6.569481420414296,
5 to 10 years,32900000.0,37386.0,2,2,677.0,880.0,12.0,13.0,Unfurnished,Apartment,Resale,Ready to Move,2026-08-22,Mumbai,Andheri West,Sunteck Gilbird,Andheri West,"Banquet Hall,Jogging and Strolling Track,Internet/Wi-Fi Connectivity,Visitor Parking","NA|null,P51800014646|07/2016",Bachelors/Family,2026-08-21 23:46:36+00:00,2BHK Multistorey Apartment for Resale in Sunteck Gilbird at Andheri West,19.1373697481266,72.8257229439874,7.5,48596.75036927622,1,0.0,17.3089832157356,6.517671272912275,16.971517551091193
New Construction,33500000.0,32683.0,2,2,738.0,1025.0,6.0,14.0,Semi-Furnished,Apartment,Resale,Ready to Move,2026-08-22,Mumbai,Chembur,Roswalt Heights,Chembur,"Intercom Facility,","NA|null,P51800003019|-1",Bachelors/Family,2026-08-21 10:41:16+00:00,2BHK Multistorey Apartment for Resale in Roswalt Heights at Chembur,19.0459181155422,72.8975231581492,0.0,45392.9539295393,1,1.0,17.327055996795295,6.6039438246004725,16.916602594501136
10 to 15 years,35000000.0,31818.0,2,2,792.0,1100.0,16.0,23.0,Unfurnished,Apartment,Resale,Ready to Move,2026-08-22,Mumbai,Lower Parel,Aum Saheel Tower,Lower Parel,,,Bachelors/Family,2026-08-21 10:02:37+00:00,2BHK Multistorey Apartment for Resale in Aum Saheel Tower at Lower Parel,18.9982431278398,72.8270305579981,12.5,44191.9191919192,1,0.0,17.37085861945369,6.674561391814426,17.37085861945369
New Construction,25000000.0,24038.0,2,2,749.0,1040.0,2.0,7.0,Unfurnished,Apartment,Resale,Ready to Move,2026-08-22,Mumbai,,,,,,Bachelors/Family,2026-08-21 12:40:50+00:00,2BHK Multistorey Apartment for Resale in ,,,0.0,33377.83711615487,1,0.0,17.034386382832476,6.618738983517219,
Above 20 years,30000000.0,29211.0,2,2,739.0,1027.0,3.0,3.0,Furnished,Apartment,Resale,Ready to Move,2026-08-22,Mumbai,Vile Parle East,Shyam Kamal Building,Vile Parle East,,,Bachelors/Family,2026-08-21 12:18:26+00:00,2BHK Multistorey Apartment for Resale in Shyam Kamal Building at Vile Parle East,19.10046297,72.84924449,25.0,40595.399188092015,1,2.0,17.216707939626428,6.6052979209482015,16.994661006029744
5 to 10 years,25000000.0,36603.0,2,2,492.0,683.0,4.0,7.0,Furnished,Apartment,Resale,Ready to Move,2026-08-22,Mumbai,Vile Parle East,Vile Parle Kalpavriksha CHS Ltd. ,Vile Parle East,,,Bachelors/Family,2026-08-21 12:23:07+00:00,2BHK Multistorey Apartment for Resale in Vile Parle Kalpavriksha CHS Ltd.  at Vile Parle East,19.10046297,72.84924449,7.5,50813.0081300813,1,2.0,17.034386382832476,6.198478716492308,16.994661006029744
5 to 10 years,29500000.0,26818.0,2,2,792.0,1100.0,7.0,8.0,Unfurnished,Apartment,Resale,Ready to Move,2026-08-22,Mumbai,Goregaon East,Vrindavan Society,Goregaon East,,,Bachelors/Family,2026-08-21 14:36:50+00:00,2BHK Multistorey Apartment for Resale in Vrindavan Society at Goregaon East,19.1562110822264,72.8758090633208,7.5,37247.47474747475,1,0.0,17.19990082131005,6.674561391814426,16.703131077015616
New Construction,27500000.0,38462.0,2,2,515.0,715.0,5.0,16.0,Furnished,Apartment,Resale,Ready to Move,2026-08-22,Mumbai,Vakola,Kalpataru Primus Residences,Vakola,"Kids play area,Cycling track,","NA|null,P51800003522|12/2022",Bachelors/Family,2026-08-21 13:07:56+00:00,2BHK Multistorey Apartment for Resale in Kalpataru Primus Residences at Vakola,19.0794899226775,72.8542218874446,0.0,53398.05825242718,1,2.0,17.1296965626368,6.244166900663736,16.82662866085164
Less than 5 years,30000000.0,22472.0,2,2,961.0,1335.0,19.0,40.0,Furnished,Apartment,Resale,Ready to Move,2026-08-22,Mumbai,Wadala,Lodha Elisium,Wadala,"Water Front,Skyline View,Sea facing,Smart Home,Skydeck,Private jaccuzi,Island Kitchen Layout,Wrap Around Balcony,Concierge Services,Theme based Architectures,Private pool ,Helipad,Sky Villa,Bar/Lounge,Fingerprint Access,Health club with Steam / Jaccuzi,Golf Course,Air Conditioned,Banquet Hall,Jogging and Strolling Track,Outdoor Tennis Courts,Private Garage,Laundry Service,Internet/Wi-Fi Connectivity,RO Water System,Service/Goods Lift,Visitor Parking,Intercom Facility,Conference Room,Downtown",,Bachelors/Family,2026-08-21 13:54:00+00:00,2BHK Multistorey Apartment for Resale in Lodha Elisium at Wadala,19.012216203088,72.8604594318626,3.0,31217.48178980229,1,2.0,17.216707939626428,6.8679744089702925,17.08371479305744
,29300000.0,44060.0,2,2,479.0,665.0,10.0,15.0,Unfurnished,Apartment,Resale,Under Construction,2026-08-22,Mumbai,Andheri West,Platinum Life,Andheri West,"Infinity Swimming Pool,Cycling track,,Banquet Hall,Jogging and Strolling Track,Outdoor Tennis Courts,Laundry Service,,,,Service/Goods Lift,Intercom Facility","NA|null,P51800014518|12/2024",Bachelors/Family,2026-08-21 14:59:15+00:00,2BHK Multistorey Apartment for Resale in Platinum Life at Andheri West,19.1373697481266,72.8257229439874,,61169.10229645094,1,0.0,17.193098073987297,6.171700597410915,16.971517551091193
New Construction,32000000.0,22222.0,2,2,1037.0,1440.0,9.0,16.0,Furnished,Apartment,Resale,Ready to Move,2026-08-22,Mumbai,Andheri West,Ozone The Gateway,Andheri West,"Air Conditioned,Jogging and Strolling Track,Internet/Wi-Fi Connectivity,RO Water System,Earth quake resistant,Intercom Facility,Conference Room,","NA|null,P51800002922|03/2019",Bachelors/Family,2026-08-21 15:06:06+00:00,2BHK Multistorey Apartment for Resale in Ozone The Gateway at Andheri West,19.1373697481266,72.8257229439874,0.0,30858.24493731919,1,2.0,17.281246460764002,6.9440872082295275,16.971517551091193
15 to 20 years,25000000.0,30303.0,2,2,594.0,825.0,3.0,6.0,Furnished,Apartment,Resale,Ready to Move,2026-08-22,Mumbai,Chembur,Sai Samman,Chembur,,,Bachelors/Family,2026-08-21 15:55:59+00:00,2BHK Multistorey Apartment for Resale in Sai Samman at Chembur,19.0459181155422,72.8975231581492,17.5,42087.54208754209,1,2.0,17.034386382832476,6.386879319362645,16.916602594501136
New Construction,32700000.0,21858.0,2,2,1077.0,1496.0,21.0,55.0,Semi-Furnished,Apartment,Resale,Ready to Move,2026-08-22,Mumbai,Bhoiwada - Parel,L&T Crescent Bay Callisto,Bhoiwada,"Bar/Lounge,Health club with Steam / Jaccuzi,Golf Course,3 Tier Security System,,,Air Conditioned,Jogging and Strolling Track,Outdoor Tennis Courts,Laundry Service,,Service/Goods Lift,Visitor Parking,Intercom Facility,Conference Room,Downtown,","NA|null,P51900004544|-1,P51900004666|-1,P51900005188|-1,P51900006593|-1,P51900008032|-1,P51900010178|-1",Bachelors/Family,2026-08-21 15:42:38+00:00,2BHK Multistorey Apartment for Resale in L&T Crescent Bay Callisto at Bhoiwada,19.0052791781479,72.8456771170313,0.0,30362.116991643456,1,1.0,17.302885635867483,6.981934677156389,17.302885635867483
Above 20 years,35000000.0,30435.0,2,3,875.0,1150.0,4.0,8.0,Furnished,Apartment,Resale,Ready to Move,2026-08-21,Mumbai,,,Byculla East,"Air Conditioned,Internet/Wi-Fi Connectivity,RO Water System,Visitor Parking,Intercom Facility",,Bachelors/Family,2026-08-20 23:39:41+00:00,2BHK Multistorey Apartment for Resale in Byculla East,18.9828560965024,72.8388476258909,25.0,40000.0,2,2.0,17.37085861945369,6.774223886357614,
Less than 5 years,30000000.0,42135.0,2,2,513.0,712.0,5.0,10.0,Semi-Furnished,Apartment,Resale,Ready to Move,2026-08-22,Mumbai,Vile Parle East,Zee Heights,Vile Parle East,"Laundry Service,Service/Goods Lift,Visitor Parking,","NA|null,P51800006526|08/2000",Bachelors/Family,2026-08-21 07:57:05+00:00,2BHK Multistorey Apartment for Resale in Zee Heights at Vile Parle East,19.10046297,72.84924449,3.0,58479.53216374269,1,1.0,17.216707939626428,6.240275845170769,16.994661006029744
Less than 5 years,35000000.0,27668.0,2,2,911.0,1265.0,5.0,20.0,Semi-Furnished,Apartment,Resale,Ready to Move,2026-08-22,Mumbai,Matunga West,Rohan Lifescapes Mirage,Matunga West,"Grand Entrance lobby,,Internet/Wi-Fi Connectivity,Earth quake resistant,Intercom Facility,","NA|null,P51900001725|-1",Bachelors/Family,2026-08-21 07:12:41+00:00,2BHK Multistorey Apartment for Resale in Rohan Lifescapes Mirage at Matunga West,19.0288217353274,72.8440906063583,3.0,38419.31942919868,1,1.0,17.37085861945369,6.814542897259958,16.927541083724858
Less than 5 years,32000000.0,22535.0,2,2,1022.0,1420.0,44.0,60.0,Unfurnished,Apartment,Resale,Ready to Move,2026-08-21,Mumbai,Parel,Ruparel Ariana,Parel,"Internet/Wi-Fi Connectivity,Service/Goods Lift,Earth quake resistant,","NA|null,P51900003250|-1",Bachelors/Family,2026-08-20 18:39:46+00:00,2BHK Multistorey Apartment for Resale in Ruparel Ariana at Parel,18.9982694030581,72.8410429440342,3.0,31311.154598825837,2,0.0,17.281246460764002,6.92951677076365,16.959471438605416
5 to 10 years,30000000.0,,2,2,800.0,,5.0,20.0,Semi-Furnished,Apartment,Resale,Ready to Move,2026-08-21,Mumbai,Andheri East,Kanakia Sevens,Andheri East,,"NA|null,P51800000388|-1",Bachelors/Family,2026-08-21 14:38:03+00:00,2BHK Multistorey Apartment for Resale in Kanakia Sevens at Andheri East,19.1154908,72.8726952,7.5,37500.0,1,1.0,17.216707939626428,6.684611727667927,16.792662339952496
Less than 5 years,25000000.0,37651.0,2,2,478.0,664.0,5.0,8.0,Furnished,Apartment,Resale,Ready to Move,2026-08-22,Mumbai,Vile Parle East,Gagangiri Apartment,Vile Parle East,"Laundry Service,Visitor Parking,",,Bachelors/Family,2026-08-21 07:26:04+00:00,2BHK Multistorey Apartment for Resale in Gagangiri Apartment at Vile Parle East,19.10046297,72.84924449,3.0,52301.25523012552,1,2.0,17.034386382832476,6.169610732491456,16.994661006029744
5 to 10 years,3800000.0,4471.0,3,2,612.0,850.0,0.0,8.0,Semi-Furnished,Apartment,Resale,Ready to Move,2026-08-21,Mumbai,Vasai East,Evershine City,Vasai East,,,Bachelors/Family,2026-08-20 16:08:37+00:00,3BHK Multistorey Apartment for Resale in Evershine City at Vasai East,19.39954,72.8604165,7.5,6209.150326797386,2,1.0,15.150511624696614,6.416732282512326,15.534151064164316
15 to 20 years,2400000.0,2667.0,3,2,600.0,900.0,,,Semi-Furnished,Residential House,Resale,Ready to Move,2026-07-10,Mumbai,Nalasopara East,,Nalasopara East,,,Bachelors/Family,2026-07-10 09:21:30+00:00,3BHK Residential House for Resale in Nalasopara East,19.43138984792,72.8497262547151,17.5,4000.0,43,1.0,14.690979295318174,6.396929655216146,14.920745460007394
5 to 10 years,2700000.0,4500.0,3,2,450.0,600.0,,,Unfurnished,Residential House,Resale,Ready to Move,2026-06-06,Mumbai,,,,,,Bachelors/Family,2026-06-05 21:30:41+00:00,3BHK Residential House for Resale in ,,,7.5,6000.0,78,0.0,14.808762330974558,6.1092475827643655,
Less than 5 years,5000000.0,5155.0,3,2,698.0,970.0,1.0,4.0,Unfurnished,Apartment,Resale,Ready to Move,2026-08-22,Mumbai,,M Baria Castle View Apartment,Agashi,,,Bachelors/Family,2026-08-21 19:29:33+00:00,3BHK Multistorey Apartment for Resale in M Baria Castle View Apartment at Agashi,19.4661888148379,72.7700777769154,3.0,7163.323782234957,1,0.0,15.424948470398375,6.548219102762372,
,4080000.0,5191.0,3,2,786.0,786.0,,,Unfurnished,Apartment,Resale,,2026-08-16,Mumbai,Kapadia Nagar,,Kapadia Nagar,,,Bachelors/Family,2026-08-16 07:00:49+00:00,3BHK Multistorey Apartment for Resale in Kapadia Nagar,19.0734847185611,72.8745984758395,,5190.839694656489,6,0.0,15.221607546380344,6.666956792429207,15.221607546380344
10 to 15 years,4800000.0,3810.0,3,2,1000.0,1260.0,3.0,4.0,Unfurnished,Apartment,Resale,Ready to Move,2026-06-26,Mumbai,Ulhasnagar,,Ulhasnagar,Visitor Parking,,Bachelors/Family,2026-06-25 21:31:44+00:00,3BHK Multistorey Apartment for Resale in Ulhasnagar,19.2298419727021,73.1644753282394,12.5,4800.0,58,0.0,15.38412647587812,6.907755278982137,15.572149855306387
Less than 5 years,4000000.0,3347.0,3,3,,1195.0,3.0,4.0,Semi-Furnished,Residential House,Resale,,2026-06-20,Mumbai,Vasai,,Vasai,Visitor Parking,,Bachelors/Family,2026-06-19 22:30:35+00:00,3BHK Residential House for Resale in Vasai,19.3914260104194,72.8285855834131,3.0,,64,1.0,15.201804919084164,,15.487938183573887
New Construction,4500000.0,7500.0,3,3,,600.0,,,,Residential House,Resale,Ready to Move,2026-08-18,Mumbai,Shivaji Nagar Phase 1,,Phase 1 Shivaji Nagar,,,Bachelors/Family,2026-08-18 08:21:16+00:00,3BHK Residential House for Resale in Phase 1 Shivaji Nagar,19.0656590659501,72.9220325409402,0.0,,4,,15.319587954740548,,15.319587954740548
Above 20 years,2700000.0,1607.0,3,2,1300.0,1680.0,5.0,7.0,Furnished,Apartment,Resale,Ready to Move,2026-08-19,Mumbai,Ulhasnagar,,Ulhasnagar,,,Bachelors/Family,2026-08-18 22:30:38+00:00,3BHK Multistorey Apartment for Resale in Ulhasnagar,19.2298419727021,73.1644753282394,25.0,2076.923076923077,4,2.0,14.808762330974558,7.170119543449628,15.572149855306387
,3940000.0,,3,2,,,,,Furnished,Residential House,Resale,,2026-08-16,Mumbai,Motilal Nagar 1,,Motilal Nagar 1,,,Bachelors/Family,2026-08-16 07:09:22+00:00,3BHK Residential House for Resale in Motilal Nagar 1,19.1572961813933,72.839749980275,,,6,2.0,15.186691281274117,,15.186691281274117
,2830000.0,3144.0,3,2,750.0,900.0,,,Unfurnished,Residential House,Resale,,2026-08-16,Mumbai,BMC Colony Malad West,,BMC Colony Malad West,,,Bachelors/Family,2026-08-16 06:56:01+00:00,3BHK Residential House for Resale in BMC Colony Malad West,19.1929626603671,72.8220574622949,,3773.3333333333335,6,0.0,14.85578726961942,6.620073206530356,14.85578726961942
New Construction,2100000.0,2392.0,3,3,878.0,878.0,1.0,34.0,Unfurnished,Apartment,New Property,Ready to Move,2026-08-11,Mumbai,Mira Road,Kalpataru Shrishti,Mira Road,,,Bachelors/Family,2026-08-11 15:43:30+00:00,3BHK Multistorey Apartment for New Property in Kalpataru Shrishti at Mira Road,19.2824790028886,72.8826767010947,0.0,2391.7995444191342,11,0.0,14.557447902693651,6.777646593635117,16.00351917920147
10 to 15 years,5000000.0,4167.0,3,2,1100.0,1200.0,2.0,3.0,Semi-Furnished,Apartment,Resale,Ready to Move,2026-07-01,Mumbai,Virar East,,Virar East,,,Bachelors/Family,2026-06-30 17:24:09+00:00,3BHK Multistorey Apartment for Resale in Virar East,19.4652899784439,72.8189990617033,12.5,4545.454545454545,53,1.0,15.424948470398375,7.003065458786462,14.962850350025079
,3050000.0,3050.0,3,3,,1000.0,1.0,3.0,Semi-Furnished,Apartment,Resale,Ready to Move,2026-07-29,Mumbai,,,,,,Bachelors/Family,2026-07-29 10:10:11+00:00,3BHK Multistorey Apartment for Resale in ,,,,,24,1.0,14.930652148583594,,
,3420000.0,3420.0,3,3,,1000.0,,,Unfurnished,Builder Floor Apartment,Resale,,2026-08-16,Mumbai,Null Bazar,,Null Bazar,,,Bachelors/Family,2026-08-16 07:03:58+00:00,3BHK Builder Floor Apartment for Resale in Null Bazar,18.9576327496957,72.8294530560645,,,6,0.0,15.045151109038787,,15.045151109038787
,3020000.0,3149.0,3,1,769.0,959.0,,,Unfurnished,Residential House,Resale,,2026-08-16,Mumbai,Turner Road,,Turner Road,,,Bachelors/Family,2026-08-16 07:10:34+00:00,3BHK Residential House for Resale in Turner Road,19.05931,72.83467,,3927.178153446034,6,0.0,14.920767389351052,6.645090969505644,14.920767389351052
Less than 5 years,2600000.0,1733.0,3,3,,1500.0,,,Furnished,Villa,Resale,Ready to Move,2026-08-06,Mumbai,Virar,,Virar,,,Bachelors/Family,2026-08-06 12:24:26+00:00,3BHK Villa for Resale in Virar,19.462194642857,72.8049130698568,3.0,,16,2.0,14.77102200299171,,15.338940523871113
,4650000.0,4750.0,3,2,,979.0,0.0,2.0,Unfurnished,Apartment,Resale,Ready to Move,2026-08-10,Mumbai,Virar West,,Virar West,,,Bachelors/Family,2026-08-09 18:00:38+00:00,3BHK Multistorey Apartment for Resale in Virar West,19.4638767047594,72.7822993572118,,,13,0.0,15.35237777756354,,15.507734340191456
,4300000.0,14333.0,3,3,,300.0,,,Semi-Furnished,Residential House,Resale,Ready to Move,2026-07-22,Mumbai,Malad West,,Malad West,,,Bachelors/Family,2026-07-22 08:59:47+00:00,3BHK Residential House for Resale in Malad West,19.1940346300819,72.8257561606587,,,31,1.0,15.27412558066379,,16.184249166863797
New Construction,4000000.0,40000.0,3,3,72.0,100.0,0.0,3.0,Semi-Furnished,Apartment,Resale,Ready to Move,2026-08-21,Mumbai,Juhu,Dev Rishi,Juhu,,,Bachelors/Family,2026-08-21 04:37:31+00:00,3BHK Multistorey Apartment for Resale in Dev Rishi at Juhu,19.098267753993,72.8335140160125,0.0,55555.55555555556,2,1.0,15.201804919084164,4.276666119016055,15.201804919084164
Less than 5 years,2700000.0,9000.0,3,2,,300.0,,,,Residential House,Resale,Ready to Move,2026-08-18,Mumbai,Lotus Colony Worli,,Lotus Colony Worli,,,Bachelors/Family,2026-08-18 08:07:34+00:00,3BHK Residential House for Resale in Lotus Colony Worli,18.9886900396384,72.8147787031436,3.0,,4,,14.808762330974558,,14.808762330974558
,4790000.0,3421.0,3,3,,1400.0,,,Semi-Furnished,Builder Floor Apartment,Resale,,2026-08-16,Mumbai,Prabhat Colony,,Prabhat Colony,,,Bachelors/Family,2026-08-16 06:58:28+00:00,3BHK Builder Floor Apartment for Resale in Prabhat Colony,19.08775,72.84348,,,6,1.0,15.382040969387099,,15.382040969387099
,4720000.0,3147.0,3,2,,1500.0,,,Furnished,Residential House,Resale,,2026-08-16,Mumbai,Thakurdwar,,Thakurdwar,,,Bachelors/Family,2026-08-16 07:02:48+00:00,3BHK Residential House for Resale in Thakurdwar,18.9497301367546,72.8225775085991,,,6,2.0,15.367319357561739,,15.414781806351904
,4790000.0,3421.0,3,3,,1400.0,,,Semi-Furnished,Builder Floor Apartment,Resale,,2026-08-16,Mumbai,Parsi Colony Dadar East,,Parsee Colony,,,Bachelors/Family,2026-08-16 07:00:56+00:00,3BHK Builder Floor Apartment for Resale in Parsee Colony,19.01879,72.85187,,,6,1.0,15.382040969387099,,15.382040969387099
New Construction,6500000.0,5200.0,3,3,900.0,1250.0,3.0,7.0,Semi-Furnished,Apartment,Resale,Ready to Move,2026-08-22,Mumbai,Virar West,HDIL Residency Park,Virar West,,,Bachelors/Family,2026-08-21 09:00:23+00:00,3BHK Multistorey Apartment for Resale in HDIL Residency Park at Virar West,19.4638767047594,72.7822993572118,0.0,7222.222222222223,1,1.0,15.687312734865866,6.802394763324311,15.507734340191456
5 to 10 years,5600000.0,4628.0,3,3,871.0,1210.0,4.0,7.0,Semi-Furnished,Apartment,Resale,Ready to Move,2026-08-21,Mumbai,Virar,Yashodham Veehar,Virar,,,Bachelors/Family,2026-08-20 16:54:16+00:00,3BHK Multistorey Apartment for Resale in Yashodham Veehar at Virar,19.462194642857,72.8049130698568,7.5,6429.39150401837,2,1.0,15.538277155705378,6.769641976852503,15.338940523871113
,7450000.0,,3,3,750.0,,,,Unfurnished,Apartment,New Property,Ready to Move,2026-07-14,Mumbai,Palghar Naigaon East,Sunteck World,Palghar Naigaon East,,"NA|null,P99000024072|-1",Bachelors/Family,2026-08-21 17:37:06+00:00,3BHK Multistorey Apartment for New Property in Sunteck World at Palghar Naigaon East,19.3489277756968,72.8750219955356,,9933.333333333334,1,0.0,15.823724590355742,6.620073206530356,15.192503873954223
New Construction,8000000.0,6667.0,3,3,730.0,1200.0,15.0,22.0,Semi-Furnished,Apartment,New Property,Ready to Move,2026-08-22,Mumbai,Bhabola,Mansarovar Ariana,Bhabola,"Jogging and Strolling Track,Service/Goods Lift,Visitor Parking","NA|null,P99000077313|-1",Bachelors/Family,2026-08-21 23:45:15+00:00,3BHK Multistorey Apartment for New Property in Mansarovar Ariana at Bhabola,19.36528374,72.81139049,0.0,10958.90410958904,1,1.0,15.89495209964411,6.593044534142437,15.89495209964411
,7783000.0,8506.0,3,2,654.0,915.0,,,Unfurnished,Apartment,New Property,Jun '27,2026-07-30,Mumbai,Virar West,Shree Krishna Heights II,Virar West,,"NA|null,P99000079760|-1",Bachelors/Family,2026-08-22 17:36:38+00:00,3BHK Multistorey Apartment for New Property in Shree Krishna Heights II at Virar West,19.4638767047594,72.7822993572118,,11900.611620795107,0,0.0,15.867452425941526,6.483107351457199,15.507734340191456
,7200000.0,7676.0,3,3,675.0,938.0,8.0,16.0,Semi-Furnished,Apartment,Resale,Under Construction,2026-08-21,Mumbai,Virar West,Vinay Unique Gardens,Virar West,"Bar/Lounge,,,,,Air Conditioned,Banquet Hall,Jogging and Strolling Track,Outdoor Tennis Courts,Laundry Service,,Internet/Wi-Fi Connectivity,RO Water System,Service/Goods Lift,Intercom Facility,Conference Room,","NA|null,P99000012052|-1",Bachelors/Family,2026-08-20 15:29:04+00:00,3BHK Multistorey Apartment for Resale in Vinay Unique Gardens at Virar West,19.4638767047594,72.7822993572118,,10666.666666666666,2,1.0,15.789591583986283,6.51471269087253,15.507734340191456
Less than 5 years,5608000.0,,3,3,563.0,,,,Unfurnished,Apartment,New Property,Ready To Move,2026-08-13,Mumbai,Virar West,Agarwal Paramount,Virar West,,"NA|null,P99000002207|-1",Bachelors/Family,2026-08-22 17:36:38+00:00,3BHK Multistorey Apartment for New Property in Agarwal Paramount at Virar West,19.4638767047594,72.7822993572118,3.0,9960.923623445826,0,0.0,15.539704707696563,6.333279628139691,15.507734340191456
5 to 10 years,7200000.0,5760.0,3,3,,1250.0,9.0,15.0,Semi-Furnished,Apartment,Resale,Ready to Move,2026-08-02,Mumbai,Virar West,Ekta Parksville,Virar West,"Bar/Lounge,Air Conditioned,Banquet Hall,Jogging and Strolling Track,Outdoor Tennis Courts,Laundry Service,Internet/Wi-Fi Connectivity,RO Water System,Service/Goods Lift,Intercom Facility,Conference Room","NA|null,P99000000109|06/2020,P99000000115|12/2020,P99000000116|12/2019",Bachelors/Family,2026-08-02 04:18:35+00:00,3BHK Multistorey Apartment for Resale in Ekta Parksville at Virar West,19.4638767047594,72.7822993572118,7.5,,21,1.0,15.789591583986283,,15.507734340191456
,6436000.0,6449.0,3,3,713.0,998.0,,,Unfurnished,Apartment,New Property,Dec '27,2026-08-06,Mumbai,Vasai East,JSB Nakshatra Veda,Vasai East,,"NA|null,P99000047826|-1,P99000048852|-1",Bachelors/Family,2026-08-20 17:36:45+00:00,3BHK Multistorey Apartment for New Property in JSB Nakshatra Veda at Vasai East,19.39954,72.8604165,,9026.647966339411,2,0.0,15.677417787094411,6.569481420414296,15.534151064164316
New Construction,8000000.0,10667.0,3,3,750.0,750.0,6.0,8.0,Unfurnished,Apartment,Resale,Ready to Move,2026-06-23,Mumbai,Virar West,Agarwal Lifestyle Avenue B1,Virar West,,,Bachelors/Family,2026-06-22 20:53:50+00:00,3BHK Multistorey Apartment for Resale in Agarwal Lifestyle Avenue B1 at Virar West,19.4638767047594,72.7822993572118,0.0,10666.666666666666,61,0.0,15.89495209964411,6.620073206530356,15.507734340191456
5 to 10 years,7000000.0,7330.0,3,3,688.0,955.0,7.0,7.0,Unfurnished,Apartment,Resale,Ready to Move,2026-08-22,Mumbai,Virar West,HDIL Residency Park,Virar West,,,Bachelors/Family,2026-08-21 08:59:48+00:00,3BHK Multistorey Apartment for Resale in HDIL Residency Park at Virar West,19.4638767047594,72.7822993572118,7.5,10174.418604651162,1,0.0,15.761420707019587,6.5337888379333435,15.507734340191456
5 to 10 years,7200000.0,6000.0,3,3,864.0,1200.0,7.0,7.0,Semi-Furnished,Apartment,Resale,Ready to Move,2026-08-20,Mumbai,Virar West,Rustomjee Global City,Virar West,"Banquet Hall,Jogging and Strolling Track,,,,Laundry Service,,,,,Internet/Wi-Fi Connectivity,RO Water System,Visitor Parking,Intercom Facility,Conference Room,,"," P99000018043|-1,NA|null",Bachelors/Family,2026-08-20 12:31:09+00:00,3BHK Multistorey Apartment for Resale in Rustomjee Global City at Virar West,19.4638767047594,72.7822993572118,7.5,8333.333333333334,2,1.0,15.789591583986283,6.761572768804055,15.507734340191456
5 to 10 years,6000000.0,5792.0,3,3,746.0,1036.0,1.0,7.0,Unfurnished,Apartment,Resale,Ready to Move,2026-08-20,Mumbai,Virar West,Rustomjee Global City,Virar West,"Banquet Hall,Jogging and Strolling Track,,,,Laundry Service,,,,,Internet/Wi-Fi Connectivity,RO Water System,Visitor Parking,Intercom Facility,Conference Room,,"," P99000018043|-1,NA|null",Bachelors/Family,2026-08-20 12:30:58+00:00,3BHK Multistorey Apartment for Resale in Rustomjee Global City at Virar West,19.4638767047594,72.7822993572118,7.5,8042.8954423592495,2,0.0,15.60727002719233,6.61472560020376,15.507734340191456
Less than 5 years,5500000.0,6111.0,3,2,648.0,900.0,2.0,7.0,Semi-Furnished,Apartment,Resale,Ready to Move,2026-08-21,Mumbai,Vasai,Rashmi Garden,Vasai,"Laundry Service,Service/Goods Lift,Visitor Parking",,Bachelors/Family,2026-08-20 15:31:03+00:00,3BHK Multistorey Apartment for Resale in Rashmi Garden at Vasai,19.3914260104194,72.8285855834131,3.0,8487.654320987655,2,1.0,15.520258650202699,6.473890696352274,15.487938183573887
,6590000.0,5189.0,3,3,,1270.0,,,Unfurnished,Apartment,Resale,,2026-08-16,Mumbai,NL Complex,,NL Complex,,,Bachelors/Family,2026-08-16 06:57:13+00:00,3BHK Multistorey Apartment for Resale in NL Complex,19.25969,72.86799,,,6,0.0,15.70106390647869,,15.70106390647869
,7790000.0,5193.0,3,2,930.0,1500.0,,,Unfurnished,Apartment,Resale,,2026-08-16,Mumbai,Mitha Nagar,,Mitha Nagar,,,Bachelors/Family,2026-08-16 06:55:14+00:00,3BHK Multistorey Apartment for Resale in Mitha Nagar,19.1614630933385,72.8375027666535,,8376.344086021505,6,0.0,15.868351417846931,6.835184586147301,15.868351417846931
5 to 10 years,7000000.0,6667.0,3,2,955.0,1050.0,3.0,7.0,Semi-Furnished,Apartment,Resale,Ready to Move,2026-04-29,Mumbai,,,,RO Water System,,Bachelors/Family,2026-04-28 16:37:30+00:00,3BHK Multistorey Apartment for Resale in ,,,7.5,7329.842931937173,116,1.0,15.761420707019587,6.86171134048073,
,7400000.0,6727.0,3,2,,1100.0,1.0,6.0,Unfurnished,Builder Floor Apartment,Resale,Ready to Move,2026-06-28,Mumbai,Virar,,Virar,,,Bachelors/Family,2026-06-27 17:28:32+00:00,3BHK Builder Floor Apartment for Resale in Virar,19.462194642857,72.8049130698568,,,56,0.0,15.816990558174398,,15.338940523871113
10 to 15 years,8000000.0,4706.0,3,3,1700.0,1700.0,,,Unfurnished,Residential House,Resale,Ready to Move,2026-06-26,Mumbai,,,,,,Bachelors/Family,2026-06-25 17:01:49+00:00,3BHK Residential House for Resale in ,,,12.5,4705.882352941177,58,0.0,15.89495209964411,7.438383530044307,
Above 20 years,8000000.0,11679.0,3,1,493.0,685.0,3.0,4.0,Semi-Furnished,Apartment,Resale,Ready to Move,2026-08-21,Mumbai,Mira Road,Star Paradise,Mira Road Area,,,Bachelors/Family,2026-08-20 16:50:34+00:00,3BHK Multistorey Apartment for Resale in Star Paradise at Mira Road Area,19.2829267647424,72.8627883689306,25.0,16227.180527383369,2,1.0,15.89495209964411,6.20050917404269,16.00351917920147
Less than 5 years,7200000.0,5455.0,3,3,950.0,1320.0,5.0,16.0,Furnished,Apartment,Resale,Ready to Move,2026-08-21,Mumbai,Virar West,Vinay Unique Imperia,Virar West,"Service/Goods Lift,Earth quake resistant,Visitor Parking","NA|null,P99000008596|12/2019",Bachelors/Family,2026-08-20 16:53:46+00:00,3BHK Multistorey Apartment for Resale in Vinay Unique Imperia at Virar West,19.4638767047594,72.7822993572118,3.0,7578.9473684210525,2,2.0,15.789591583986283,6.856461984594587,15.507734340191456
,7850000.0,6157.0,3,2,,1275.0,4.0,18.0,Unfurnished,Apartment,Resale,Under Construction,2026-04-15,Mumbai,Mira Road,Rna Viva,Mira Road Area,,"NA|null,P51700004482|07/2019,P51700008296|07/2019",Bachelors/Family,2026-04-15 16:21:06+00:00,3BHK Multistorey Apartment for Resale in Rna Viva at Mira Road Area,19.2829267647424,72.8627883689306,,,129,0.0,15.876024089758591,,16.00351917920147
,5190000.0,5190.0,3,2,800.0,1000.0,,,Unfurnished,Apartment,Resale,,2026-08-16,Mumbai,Thakurdwar,,Thakurdwar,,,Bachelors/Family,2026-08-16 07:02:54+00:00,3BHK Multistorey Apartment for Resale in Thakurdwar,18.9497301367546,72.8225775085991,,6487.5,6,0.0,15.462244255142071,6.684611727667927,15.414781806351904
5 to 10 years,7800000.0,7393.0,3,2,763.0,1055.0,4.0,7.0,Semi-Furnished,Apartment,Resale,Ready to Move,2026-08-04,Mumbai,Vithalwadi,,Vithalwadi,"RO Water System,Visitor Parking",,Bachelors/Family,2026-08-03 22:30:46+00:00,3BHK Multistorey Apartment for Resale in Vithalwadi,18.9499045303706,72.8299256969052,7.5,10222.80471821756,19,1.0,15.86963429165982,6.637258031284457,15.86963429165982
10 to 15 years,7800000.0,7573.0,3,2,800.0,1030.0,1.0,7.0,Furnished,Apartment,Resale,Ready to Move,2026-05-08,Mumbai,Mulund West,,Mulund West,Air Conditioned,,Bachelors/Family,2026-05-07 15:17:55+00:00,3BHK Multistorey Apartment for Resale in Mulund West,19.1749536837097,72.943103519999,12.5,9750.0,107,2.0,15.86963429165982,6.684611727667927,16.657170544069615
5 to 10 years,6600000.0,12000.0,3,2,396.0,550.0,7.0,7.0,Semi-Furnished,Apartment,Resale,Ready to Move,2026-08-22,Mumbai,Virar West,Shyam Garden,Virar West,,,Bachelors/Family,2026-08-21 19:42:57+00:00,3BHK Multistorey Apartment for Resale in Shyam Garden at Virar West,19.4638767047594,72.7822993572118,7.5,16666.666666666668,1,1.0,15.702580206996654,5.981414211254481,15.507734340191456
Less than 5 years,5500000.0,4583.0,3,3,1000.0,1200.0,0.0,4.0,Unfurnished,Apartment,Resale,Ready to Move,2026-05-26,Mumbai,Virar West,Haridwar Siddh,Virar West,Visitor Parking,"NA|null,P99000004713|12/2020",Bachelors/Family,2026-05-26 08:35:05+00:00,3BHK Multistorey Apartment for Resale in Haridwar Siddh at Virar West,19.4638767047594,72.7822993572118,3.0,5500.0,88,0.0,15.520258650202699,6.907755278982137,15.507734340191456
New Construction,8300000.0,7943.0,3,2,752.0,1045.0,10.0,22.0,Unfurnished,Apartment,Resale,Ready to Move,2026-08-22,Mumbai,Virar,Shapoorji Pallonji Joyville Virar,Virar,"Bar/Lounge,Modular Kitchen,Air Conditioned,Banquet Hall,Jogging and Strolling Track,Outdoor Tennis Courts,Internet/Wi-Fi Connectivity,RO Water System,Service/Goods Lift,Intercom Facility","NA|null,P51900000444|-1,P99000013612|-1,P99000018521|-1,P99000019531|-1,P99000019538|-1,P99000031256|-1",Bachelors/Family,2026-08-21 13:07:25+00:00,3BHK Multistorey Apartment for Resale in Shapoorji Pallonji Joyville Virar at Virar,19.462194642857,72.8049130698568,0.0,11037.234042553191,1,0.0,15.931766072766827,6.62273632394984,15.338940523871113
5 to 10 years,11800000.0,10261.0,3,3,650.0,1150.0,,,Unfurnished,Villa,Resale,Ready to Move,2026-08-13,Mumbai,Marol,,Marol,,,Bachelors/Family,2026-08-13 04:41:08+00:00,3BHK Villa for Resale in Marol,19.1169810025439,72.8801253056097,7.5,18153.846153846152,10,0.0,16.283610089435893,6.476972362889683,16.283610089435893
5 to 10 years,12000000.0,9524.0,3,3,,1260.0,3.0,7.0,Semi-Furnished,Apartment,Resale,Ready to Move,2026-07-11,Mumbai,Vasai West,Kingston Tower,Vasai West,"Jogging and Strolling Track,Laundry Service,Visitor Parking",,Bachelors/Family,2026-05-25 11:59:25+00:00,3BHK Multistorey Apartment for Resale in Kingston Tower at Vasai West,19.3745830863848,72.8076393946386,7.5,,89,1.0,16.300417207752275,,16.238983535889172
5 to 10 years,10500000.0,7609.0,3,3,833.0,1380.0,,,Unfurnished,Apartment,Resale,Ready to Move,2026-06-02,Mumbai,Virar West,,Virar West,"Bar/Lounge,Laundry Service",,Bachelors/Family,2026-06-01 17:14:36+00:00,3BHK Multistorey Apartment for Resale in Virar West,19.4638767047594,72.7822993572118,7.5,12605.042016806725,82,0.0,16.166885815127753,6.725033642166843,15.507734340191456
,10000000.0,10000.0,3,3,,1000.0,4.0,14.0,Semi-Furnished,Apartment,Resale,Ready to Move,2026-06-26,Mumbai,,,,,,Bachelors/Family,2026-06-26 05:36:39+00:00,3BHK Multistorey Apartment for Resale in ,,,,,57,1.0,16.11809565095832,,
10 to 15 years,11000000.0,10000.0,3,3,,1100.0,4.0,7.0,Unfurnished,Apartment,Resale,Ready to Move,2026-07-05,Mumbai,Vasai West,,Vasai West,"Internet/Wi-Fi Connectivity,Visitor Parking,Intercom Facility",,Bachelors/Family,2026-07-05 05:33:17+00:00,3BHK Multistorey Apartment for Resale in Vasai West,19.3745830863848,72.8076393946386,12.5,,48,0.0,16.213405830762646,,16.238983535889172
5 to 10 years,8100000.0,9771.0,3,3,,829.0,5.0,8.0,Unfurnished,Apartment,Resale,Ready to Move,2026-08-17,Mumbai,,,,,,Bachelors/Family,2026-08-06 23:34:23+00:00,3BHK Multistorey Apartment for Resale in ,,,7.5,,16,0.0,15.907374619642667,,
15 to 20 years,9800000.0,8673.0,3,4,900.0,1130.0,1.0,3.0,Furnished,Apartment,Resale,Ready to Move,2026-06-28,Mumbai,,,,,,Bachelors/Family,2026-06-21 12:55:42+00:00,3BHK Multistorey Apartment for Resale in ,,,17.5,10888.888888888889,62,2.0,16.0978929436408,6.802394763324311,
Less than 5 years,9200000.0,6815.0,3,3,900.0,1350.0,11.0,12.0,Unfurnished,Apartment,Resale,Ready to Move,2026-08-21,Mumbai,Virar West,Shree Siddhi Heights,Virar West,"Jogging and Strolling Track,Internet/Wi-Fi Connectivity,RO Water System,Service/Goods Lift,Intercom Facility","NA|null,P99000007407|-1",Bachelors/Family,2026-08-19 10:38:15+00:00,3BHK Multistorey Apartment for Resale in Shree Siddhi Heights at Virar West,19.4638767047594,72.7822993572118,3.0,10222.222222222224,3,0.0,16.034714042019267,6.802394763324311,15.507734340191456
,10303000.0,,3,3,1077.0,,,,Unfurnished,Apartment,New Property,Mar '30,2026-07-25,Mumbai,Virar West,Cosmos Serenity,Virar West,,"NA|null,P99000080932|-1,PM1241012502317|-1",Bachelors/Family,2026-08-22 17:36:38+00:00,3BHK Multistorey Apartment for New Property in Cosmos Serenity at Virar West,19.4638767047594,72.7822993572118,,9566.388115134634,0,0.0,16.147945672927204,6.981934677156389,15.507734340191456
,11766000.0,,3,2,728.0,,,,Unfurnished,Apartment,New Property,Dec '26,2026-08-01,Mumbai,Mira Bhayandar,Chheda Avighna ,Mira Bhayandar,,"NA|null,P51700047096|-1",Bachelors/Family,2026-08-20 17:36:47+00:00,3BHK Multistorey Apartment for New Property in Chheda Avighna  at Mira Bhayandar,19.2783121,72.8580188,,16162.087912087913,2,0.0,16.280724574406538,6.590301048196686,16.275727735894225
,11649000.0,,3,2,728.0,,,,Unfurnished,Apartment,New Property,Dec '26,2026-08-20,Mumbai,Mira Bhayandar,Chheda Avighna ,Mira Bhayandar,,"NA|null,P51700047096|-1",Bachelors/Family,2026-08-14 17:37:17+00:00,3BHK Multistorey Apartment for New Property in Chheda Avighna  at Mira Bhayandar,19.2783121,72.8580188,,16001.373626373626,8,0.0,16.270730897381913,6.590301048196686,16.275727735894225
Less than 5 years,10000000.0,8333.0,3,3,864.0,1200.0,7.0,8.0,Semi-Furnished,Apartment,Resale,Ready to Move,2026-08-21,Mumbai,Vasai,Mirchandani Garden,Vasai,Intercom Facility,,Bachelors/Family,2026-08-21 05:23:31+00:00,3BHK Multistorey Apartment for Resale in Mirchandani Garden at Vasai,19.3914260104194,72.8285855834131,3.0,11574.074074074077,2,1.0,16.11809565095832,6.761572768804055,15.487938183573887
,10500000.0,8235.0,3,2,918.0,1275.0,4.0,19.0,Unfurnished,Apartment,Resale,Under Construction,2026-08-20,Mumbai,Mira Road,Rna Viva,Mira Road Area,"Jogging and Strolling Track,Outdoor Tennis Courts,Laundry Service,,,Service/Goods Lift,Visitor Parking,","NA|null,P51700004482|07/2019,P51700008296|07/2019",Bachelors/Family,2026-08-20 12:38:26+00:00,3BHK Multistorey Apartment for Resale in Rna Viva at Mira Road Area,19.2829267647424,72.8627883689306,,11437.908496732029,2,0.0,16.166885815127753,6.822197390620491,16.00351917920147
10 to 15 years,9800000.0,7000.0,3,3,850.0,1400.0,4.0,7.0,Unfurnished,Apartment,Resale,Ready to Move,2026-08-11,Mumbai,Vasai West,Kingston Tower,Vasai West,"Jogging and Strolling Track,Laundry Service",,Bachelors/Family,2026-08-11 07:39:23+00:00,3BHK Multistorey Apartment for Resale in Kingston Tower at Vasai West,19.3745830863848,72.8076393946386,12.5,11529.411764705885,11,0.0,16.0978929436408,6.745236349484363,16.238983535889172
,8950000.0,11776.0,3,3,,760.0,,,Unfurnished,Apartment,New Property,Sep '28,2026-08-13,Mumbai,Virar West,Vinay Unique Sky,Virar West,,"NA|null,P09900031788|-1",Bachelors/Family,2026-08-22 17:36:38+00:00,3BHK Multistorey Apartment for New Property in Vinay Unique Sky at Virar West,19.4638767047594,72.7822993572118,,,0,0.0,16.007164090251038,,15.507734340191456
,9900000.0,,3,3,842.0,,,,Unfurnished,Apartment,New Property,Dec '27,2026-08-06,Mumbai,Vasai East,JSB Nakshatra Veda,Vasai East,,"NA|null,P99000047826|-1,P99000048852|-1",Bachelors/Family,2026-08-22 17:36:38+00:00,3BHK Multistorey Apartment for New Property in JSB Nakshatra Veda at Vasai East,19.39954,72.8604165,,11757.71971496437,0,0.0,16.108045315104818,6.7357800142423265,15.534151064164316
Above 20 years,9000000.0,9730.0,3,3,700.0,925.0,2.0,3.0,Semi-Furnished,Apartment,Resale,Ready to Move,2026-07-03,Mumbai,Vasai West,,Vasai West,"House help accommodation,Air Conditioned,Laundry Service,Visitor Parking",,Bachelors/Family,2026-07-03 08:01:02+00:00,3BHK Multistorey Apartment for Resale in Vasai West,19.3745830863848,72.8076393946386,25.0,12857.142857142857,50,1.0,16.012735135300492,6.551080335043404,16.238983535889172
Less than 5 years,11000000.0,8059.0,3,3,983.0,1365.0,2.0,13.0,Unfurnished,Apartment,Resale,Ready to Move,2026-08-22,Mumbai,Mira Road,NG Silver Spring,Mira Road Area,"Fireplace,Fingerprint Access,,,Air Conditioned,Jogging and Strolling Track,Outdoor Tennis Courts,Laundry Service,,,RO Water System,Service/Goods Lift,Visitor Parking,Intercom Facility,","NA|null,P51700000009|12/2018",Bachelors/Family,2026-08-21 11:16:40+00:00,3BHK Multistorey Apartment for Resale in NG Silver Spring at Mira Road Area,19.2829267647424,72.8627883689306,3.0,11190.233977619531,1,0.0,16.213405830762646,6.890609120147166,16.00351917920147
Above 20 years,10900000.0,8720.0,3,3,900.0,1250.0,6.0,7.0,Semi-Furnished,Apartment,Resale,Ready to Move,2026-08-21,Mumbai,Mira Road,Geeta Sky,Mira Road Area,Intercom Facility,,Bachelors/Family,2026-08-20 18:43:37+00:00,3BHK Multistorey Apartment for Resale in Geeta Sky at Mira Road Area,19.2829267647424,72.8627883689306,25.0,12111.111111111111,2,1.0,16.204273347199372,6.802394763324311,16.00351917920147
10 to 15 years,11000000.0,10000.0,3,3,792.0,1100.0,2.0,7.0,Unfurnished,Apartment,Resale,Ready to Move,2026-08-22,Mumbai,Vasai West,Kaul Heritage City,Vasai West,,,Bachelors/Family,2026-08-21 08:30:31+00:00,3BHK Multistorey Apartment for Resale in Kaul Heritage City at Vasai West,19.3745830863848,72.8076393946386,12.5,13888.888888888889,1,0.0,16.213405830762646,6.674561391814426,16.238983535889172
Less than 5 years,11500000.0,13143.0,3,2,630.0,875.0,5.0,9.0,Semi-Furnished,Apartment,Resale,Ready to Move,2026-08-21,Mumbai,Mira Road,RNA COURTYARD CHS LTD,Mira Road Area,,,Bachelors/Family,2026-08-20 16:49:42+00:00,3BHK Multistorey Apartment for Resale in RNA COURTYARD CHS LTD at Mira Road Area,19.2829267647424,72.8627883689306,3.0,18253.96825396825,2,1.0,16.25785759333348,6.4457198193855785,16.00351917920147
5 to 10 years,12000000.0,9375.0,3,3,922.0,1280.0,7.0,12.0,Unfurnished,Apartment,Resale,Ready to Move,2026-08-20,Mumbai,,La Gardenia,Beverly Park,"Visitor Parking,",,Bachelors/Family,2026-08-20 13:28:41+00:00,3BHK Multistorey Apartment for Resale in La Gardenia at Beverly Park,19.295256624119,72.871489861401,7.5,13015.18438177874,2,0.0,16.300417207752275,6.826545223556594,
Less than 5 years,12000000.0,12000.0,3,3,720.0,1000.0,6.0,13.0,Unfurnished,Apartment,Resale,Ready to Move,2026-08-20,Mumbai,Mira Road,La Gardenia,Mira Road Area,"Visitor Parking,",,Bachelors/Family,2026-08-20 13:28:29+00:00,3BHK Multistorey Apartment for Resale in La Gardenia at Mira Road Area,19.2829267647424,72.8627883689306,3.0,16666.666666666668,2,0.0,16.300417207752275,6.579251212010101,16.00351917920147
New Construction,16000000.0,16000.0,3,2,754.0,1000.0,28.0,32.0,Unfurnished,Apartment,Resale,Ready to Move,2026-08-23,Mumbai,Mira Road,,Mira Road Area,"Jogging and Strolling Track,Internet/Wi-Fi Connectivity,Service/Goods Lift,Visitor Parking,Intercom Facility",,Bachelors/Family,2026-08-22 23:37:32+00:00,3BHK Multistorey Apartment for Resale in Mira Road Area,19.2829267647424,72.8627883689306,0.0,21220.159151193635,0,0.0,16.588099280204055,6.625392368007956,16.00351917920147
10 to 15 years,16500000.0,12840.0,3,2,925.0,1285.0,3.0,8.0,Semi-Furnished,Apartment,Resale,Ready to Move,2026-08-22,Mumbai,Kandivali East,Akurli Om,Kandivali East,,,Bachelors/Family,2026-08-21 06:46:37+00:00,3BHK Multistorey Apartment for Resale in Akurli Om at Kandivali East,19.2050017,72.8692711,12.5,17837.837837837837,1,1.0,16.61887093887081,6.829793737512425,16.3083311155764
10 to 15 years,18000000.0,15929.0,3,2,814.0,1130.0,3.0,8.0,Furnished,Apartment,Resale,Ready to Move,2026-08-21,Mumbai,Malad West,Divya Smruthi,Malad West,Visitor Parking,,Bachelors/Family,2026-08-21 04:50:19+00:00,3BHK Multistorey Apartment for Resale in Divya Smruthi at Malad West,19.1940346300819,72.8257561606587,12.5,22113.022113022114,2,2.0,16.70588231586044,6.70196036600254,16.184249166863797
5 to 10 years,15000000.0,12000.0,3,3,900.0,1250.0,13.0,20.0,Semi-Furnished,Apartment,Resale,Ready to Move,2026-08-21,Mumbai,Goregaon East,Summit Apartment,Goregaon East,"Bar/Lounge,,,,,Banquet Hall,,Laundry Service,Service/Goods Lift,Visitor Parking,Conference Room,,",,Bachelors/Family,2026-08-21 04:32:06+00:00,3BHK Multistorey Apartment for Resale in Summit Apartment at Goregaon East,19.1562110822264,72.8758090633208,7.5,16666.666666666668,2,1.0,16.523560759066484,6.802394763324311,16.703131077015616
10 to 15 years,15950000.0,11393.0,3,3,1008.0,1400.0,7.0,13.0,Semi-Furnished,Apartment,Resale,Ready to Move,2026-08-21,Mumbai,Sector 9 Charkop,Platinum Tower,Sector 9 Charkop,"Service/Goods Lift,Visitor Parking",,Bachelors/Family,2026-08-21 04:40:50+00:00,3BHK Multistorey Apartment for Resale in Platinum Tower at Sector 9 Charkop,19.221365412144,72.8231860530706,12.5,15823.412698412698,2,1.0,16.584969387195127,6.915723448631314,16.584969387195127
5 to 10 years,13000000.0,10400.0,3,3,900.0,1250.0,5.0,7.0,Semi-Furnished,Apartment,Resale,Ready to Move,2026-08-22,Mumbai,Vasai West,Kaul Heritage City,Vasai West,,,Bachelors/Family,2026-08-21 08:30:43+00:00,3BHK Multistorey Apartment for Resale in Kaul Heritage City at Vasai West,19.3745830863848,72.8076393946386,7.5,14444.444444444443,1,1.0,16.38045991542581,6.802394763324311,16.238983535889172
5 to 10 years,17300000.0,15310.0,3,3,,1130.0,11.0,15.0,Furnished,Apartment,Resale,Ready to Move,2026-08-17,Mumbai,Mira Road,,Mira Road,"Fireplace,Air Conditioned,Banquet Hall,Jogging and Strolling Track,Laundry Service,Internet/Wi-Fi Connectivity,RO Water System,Visitor Parking,Intercom Facility,Conference Room",,Bachelors/Family,2026-08-16 23:32:24+00:00,3BHK Multistorey Apartment for Resale in Mira Road,19.2824790028886,72.8826767010947,7.5,,6,2.0,16.666217059468007,,16.00351917920147
5 to 10 years,12500000.0,10000.0,3,3,900.0,1250.0,7.0,12.0,Semi-Furnished,Apartment,Resale,Ready to Move,2026-08-20,Mumbai,Mira Road,La Gardenia,Mira Road Area,"Visitor Parking,",,Bachelors/Family,2026-08-20 13:28:37+00:00,3BHK Multistorey Apartment for Resale in La Gardenia at Mira Road Area,19.2829267647424,72.8627883689306,7.5,13888.888888888889,2,1.0,16.34123920227253,6.802394763324311,16.00351917920147
5 to 10 years,12500000.0,10000.0,3,3,900.0,1250.0,6.0,12.0,Unfurnished,Apartment,Resale,Ready to Move,2026-08-20,Mumbai,Mira Road,La Gardenia,Mira Road Area,"Visitor Parking,",,Bachelors/Family,2026-08-20 13:28:33+00:00,3BHK Multistorey Apartment for Resale in La Gardenia at Mira Road Area,19.2829267647424,72.8627883689306,7.5,13888.888888888889,2,0.0,16.34123920227253,6.802394763324311,16.00351917920147
15 to 20 years,17000000.0,,3,2,675.0,,3.0,7.0,Unfurnished,Apartment,Resale,Ready to Move,2026-08-20,Mumbai,Ashok Van,Raj Utsav,Ashok Van,,,Bachelors/Family,2026-08-19 23:31:09+00:00,3BHK Multistorey Apartment for Resale in Raj Utsav at Ashok Van,19.2432574090995,72.8661280746361,17.5,25185.185185185182,3,0.0,16.64872390202049,6.51471269087253,16.64872390202049
,14500000.0,,3,3,1000.0,,10.0,35.0,Unfurnished,Apartment,New Property,Under Construction,2026-08-22,Mumbai,Mira Road,JP Infra Mira Road,Mira Road Area,"Banquet Hall,Jogging and Strolling Track,Service/Goods Lift,Visitor Parking,Intercom Facility,Conference Room","NA|null,NA|null,P51700004117|12/2020,P51700007001|06/2021,P51700008667|06/2019,P51700008916|12/2020,P51700016290|12/2024,P51700016736|12/2024",Bachelors/Family,2026-08-21 23:45:15+00:00,3BHK Multistorey Apartment for New Property in JP Infra Mira Road at Mira Road Area,19.2829267647424,72.8627883689306,,14500.0,1,0.0,16.489659207390805,6.907755278982137,16.00351917920147
5 to 10 years,17800000.0,17800.0,3,3,,1000.0,1.0,14.0,Semi-Furnished,Apartment,Resale,Ready to Move,2026-08-02,Mumbai,Mira Road,Kalpataru Shrishti,Mira Road Area,"Bar/Lounge,Air Conditioned,Banquet Hall,Jogging and Strolling Track,Internet/Wi-Fi Connectivity,RO Water System,Service/Goods Lift,Intercom Facility,Conference Room",,Bachelors/Family,2026-08-02 15:15:08+00:00,3BHK Multistorey Apartment for Resale in Kalpataru Shrishti at Mira Road Area,19.2829267647424,72.8627883689306,7.5,,20,1.0,16.694709015262312,,16.00351917920147
New Construction,17000000.0,17895.0,3,2,690.0,950.0,4.0,4.0,Semi-Furnished,Apartment,Resale,Ready to Move,2026-07-18,Mumbai,Shanti Nagar Mira Road,,Shanti Nagar Mira Road,,,Bachelors/Family,2026-07-17 17:55:51+00:00,3BHK Multistorey Apartment for Resale in Shanti Nagar Mira Road,19.2794272,72.86146863,0.0,24637.681159420288,36,1.0,16.64872390202049,6.536691597591305,16.64872390202049
5 to 10 years,12500000.0,8929.0,3,3,1300.0,1400.0,0.0,2.0,Furnished,Residential House,New Property,Ready to Move,2026-06-17,Mumbai,Malad West,,Malad West,,,Bachelors/Family,2026-06-17 07:57:30+00:00,3BHK Residential House for New Property in Malad West,19.1940346300819,72.8257561606587,7.5,9615.384615384615,66,2.0,16.34123920227253,7.170119543449628,16.184249166863797
,15000000.0,10714.0,3,2,,1400.0,1.0,3.0,Semi-Furnished,Builder Floor Apartment,Resale,Ready to Move,2026-06-21,Mumbai,Ulhasnagar,,Ulhasnagar,,,Bachelors/Family,2026-06-20 21:31:21+00:00,3BHK Builder Floor Apartment for Resale in Ulhasnagar,19.2298419727021,73.1644753282394,,,63,1.0,16.523560759066484,,15.572149855306387
,14000000.0,9722.0,3,3,,1440.0,3.0,30.0,Furnished,Apartment,Resale,Ready to Move,2026-08-03,Mumbai,New Panvel,,New Panvel,,,Bachelors/Family,2026-05-29 04:00:17+00:00,3BHK Multistorey Apartment for Resale in New Panvel,19.0003258753664,73.1153385297118,,,86,2.0,16.454567887579532,,16.454567887579532
,18000000.0,24161.0,3,2,,745.0,4.0,4.0,Unfurnished,Apartment,Resale,Ready to Move,2026-06-08,Mumbai,Mulund West,,Mulund West,,,Bachelors/Family,2026-06-08 03:56:39+00:00,3BHK Multistorey Apartment for Resale in Mulund West,19.1749536837097,72.943103519999,,,76,0.0,16.70588231586044,,16.657170544069615
10 to 15 years,14000000.0,,3,3,1240.0,,2.0,7.0,Semi-Furnished,Apartment,Resale,Ready to Move,2026-05-05,Mumbai,Vasai West,Anora Tower,Vasai West,"Air Conditioned,Laundry Service,Internet/Wi-Fi Connectivity,Visitor Parking,Intercom Facility",,Bachelors/Family,2026-05-04 21:30:40+00:00,3BHK Multistorey Apartment for Resale in Anora Tower at Vasai West,19.3745830863848,72.8076393946386,12.5,11290.32258064516,110,1.0,16.454567887579532,7.122866658599083,16.238983535889172
Less than 5 years,13800000.0,13800.0,3,2,800.0,1000.0,7.0,14.0,Furnished,Apartment,Resale,Ready to Move,2026-05-07,Mumbai,,,,,,Bachelors/Family,2026-05-06 17:10:46+00:00,3BHK Multistorey Apartment for Resale in ,,,3.0,17250.0,108,2.0,16.440179150127435,6.684611727667927,
New Construction,16000000.0,16842.0,3,3,744.0,950.0,9.0,23.0,Unfurnished,Apartment,Resale,Ready to Move,2026-04-21,Mumbai,Kandivali West,Parinee Essence,Kandivali West,,"NA|null,P51800001334|-1",Bachelors/Family,2026-04-21 05:24:55+00:00,3BHK Multistorey Apartment for Resale in Parinee Essence at Kandivali West,19.2101312179652,72.8305011930765,0.0,21505.37634408602,124,0.0,16.588099280204055,6.612041034833092,16.55970188783117
,15000000.0,14151.0,3,3,,1060.0,7.0,7.0,Furnished,Apartment,Resale,Ready to Move,2026-04-21,Mumbai,Vasant Nagari,,Vasant Nagari,,,Bachelors/Family,2026-04-21 05:25:25+00:00,3BHK Multistorey Apartment for Resale in Vasant Nagari,19.40322986,72.83143301,,,124,2.0,16.523560759066484,,16.523560759066484
5 to 10 years,15000000.0,7692.0,3,4,1500.0,1950.0,0.0,3.0,Furnished,Residential House,Resale,Ready to Move,2026-04-30,Mumbai,Malvani,,Malvani,"Air Conditioned,Jogging and Strolling Track,Internet/Wi-Fi Connectivity,Intercom Facility",,Bachelors/Family,2026-04-29 17:01:25+00:00,3BHK Residential House for Resale in Malvani,19.1878361476608,72.8193396211644,7.5,10000.0,115,2.0,16.523560759066484,7.313220387090301,16.43239998066951
Above 20 years,14000000.0,7778.0,3,4,,1800.0,0.0,1.0,Unfurnished,Residential House,Resale,Ready to Move,2026-05-19,Mumbai,,,Dhumal Nagar,,,Bachelors/Family,2026-05-18 22:30:41+00:00,3BHK Residential House for Resale in Dhumal Nagar,19.421961185771,72.8677938353084,25.0,,96,0.0,16.454567887579532,,
5 to 10 years,14000000.0,8434.0,3,3,1400.0,1660.0,2.0,7.0,Furnished,Apartment,Resale,Ready to Move,2026-07-21,Mumbai,Royal Palms,Lake View 2,Royal Palms,,,Bachelors/Family,2026-07-20 21:31:59+00:00,3BHK Multistorey Apartment for Resale in Lake View 2 at Royal Palms,19.15346782,72.8865788,7.5,10000.0,33,2.0,16.454567887579532,7.24422751560335,16.454567887579532
,17811000.0,17670.0,3,3,806.0,1008.0,9.0,22.0,Unfurnished,Apartment,New Property,Under Construction,2026-08-22,Mumbai,Sector 4 Charkop,Radheshyam Aspire,Sector 4 Charkop,"Service/Goods Lift,Visitor Parking,Intercom Facility","NA|null,P51800012142|-1",Bachelors/Family,2026-08-21 23:45:16+00:00,3BHK Multistorey Apartment for New Property in Radheshyam Aspire at Sector 4 Charkop,19.2203625639528,72.832742032365,,22098.014888337468,1,0.0,16.69532680192092,6.692083742506628,16.69532680192092
New Construction,14110000.0,10000.0,3,4,882.0,1411.0,22.0,34.0,Semi-Furnished,Apartment,New Property,Ready to Move,2026-08-22,Mumbai,,Salangpur Salasar Aavatar,Ramdev Park,"Sea facing,Skydeck,Banquet Hall,Jogging and Strolling Track,Outdoor Tennis Courts,Internet/Wi-Fi Connectivity,RO Water System,Service/Goods Lift,Visitor Parking","NA|null,P51700048170|-1",Bachelors/Family,2026-08-21 23:45:15+00:00,3BHK Multistorey Apartment for New Property in Salangpur Salasar Aavatar at Ramdev Park,19.2972811431285,72.8678073166319,0.0,15997.732426303855,1,1.0,16.462394323828995,6.782192056006791,
New Construction,12400000.0,8062.0,3,3,777.0,1538.0,18.0,20.0,Semi-Furnished,Apartment,New Property,Ready to Move,2026-08-22,Mumbai,,JK IRIS,Mira Road East,"Sea facing,Fireplace,Bar/Lounge,Fingerprint Access,Air Conditioned,Banquet Hall,Jogging and Strolling Track,Internet/Wi-Fi Connectivity,RO Water System,Service/Goods Lift,Visitor Parking,Intercom Facility,Conference Room","NA|null,P51700021045|12/2021",Bachelors/Family,2026-08-21 23:45:16+00:00,3BHK Multistorey Apartment for New Property in JK IRIS at Mira Road East,19.282975,72.873618,0.0,15958.81595881596,1,1.0,16.333207030575267,6.655440350367647,
,17760000.0,15000.0,3,2,740.0,1184.0,9.0,18.0,Unfurnished,Apartment,New Property,Under Construction,2026-08-23,Mumbai,Magathane,DTG Ashford,Magathane,"Laundry Service,Internet/Wi-Fi Connectivity,Intercom Facility","NA|null,PM1180002600466|-1",Bachelors/Family,2026-08-22 23:45:21+00:00,3BHK Multistorey Apartment for New Property in DTG Ashford at Magathane,19.2202171337817,72.8666836709212,,24000.0,0,0.0,16.692459295528298,6.606650186198215,16.692459295528298
10 to 15 years,18000000.0,13433.0,3,3,850.0,1340.0,14.0,14.0,Unfurnished,Apartment,Resale,Ready to Move,2026-08-23,Mumbai,Mira Road,Leena Bhairav Residency ,Mira Road Area,Intercom Facility,,Bachelors/Family,2026-08-22 23:45:21+00:00,3BHK Multistorey Apartment for Resale in Leena Bhairav Residency  at Mira Road Area,19.2829267647424,72.8627883689306,12.5,21176.470588235294,0,0.0,16.70588231586044,6.745236349484363,16.00351917920147
Less than 5 years,22000000.0,23913.0,3,2,662.0,920.0,4.0,11.0,Unfurnished,Apartment,Resale,Ready to Move,2026-08-22,Mumbai,Mulund East,Danvijay Co Operative Housing Society ,Mulund East,,,Bachelors/Family,2026-08-21 20:14:46+00:00,3BHK Multistorey Apartment for Resale in Danvijay Co Operative Housing Society  at Mulund East,19.1531029501285,72.9678051455382,3.0,33232.62839879154,1,0.0,16.90655301132259,6.495265555937008,16.696485253948328
Less than 5 years,23000000.0,22158.0,3,3,747.0,1038.0,13.0,18.0,Unfurnished,Apartment,Resale,Ready to Move,2026-08-22,Mumbai,Andheri East,Atul Hillcrest,Andheri East,"Bar/Lounge,Grand Entrance lobby,Kids play area,,Jogging and Strolling Track,Large Open space,,Visitor Parking,Intercom Facility,","NA|null,P51800000493|-1,P51800000508|-1,P51800002556|-1",Bachelors/Family,2026-08-21 17:27:07+00:00,3BHK Multistorey Apartment for Resale in Atul Hillcrest at Andheri East,19.1154908,72.8726952,3.0,30789.825970548864,1,0.0,16.951004773893423,6.616065185132817,16.792662339952496
New Construction,25000000.0,24752.0,3,3,727.0,1010.0,10.0,17.0,Unfurnished,Apartment,Resale,Ready to Move,2026-08-22,Mumbai,Gundavali Gaothan,A and O Bianca,Gundavali Gaothan,,,Bachelors/Family,2026-08-21 17:50:21+00:00,3BHK Multistorey Apartment for Resale in A and O Bianca at Gundavali Gaothan,19.12123,72.85483,0.0,34387.8954607978,1,0.0,17.034386382832476,6.588926477533519,17.034386382832476
15 to 20 years,24000000.0,17778.0,3,3,972.0,1350.0,0.0,7.0,Semi-Furnished,Apartment,Resale,Ready to Move,2026-08-22,Mumbai,Mulund West,Redwood Apartments,Mulund West,,,Bachelors/Family,2026-08-21 10:41:37+00:00,3BHK Multistorey Apartment for Resale in Redwood Apartments at Mulund West,19.1749536837097,72.943103519999,17.5,24691.35802469136,1,1.0,16.99356438831222,6.879355804460439,16.657170544069615
New Construction,24000000.0,24390.0,3,3,708.0,984.0,2.0,12.0,Semi-Furnished,Apartment,Resale,Ready to Move,2026-08-22,Mumbai,Yashwant Nagar Santacruz East,Megaj Shivom Enclave,Yashwant Nagar Santacruz East,"Health club with Steam / Jaccuzi,RO Water System,Earth quake resistant,Intercom Facility","NA|null,P51800002943|12/2022",Bachelors/Family,2026-08-21 14:08:10+00:00,3BHK Multistorey Apartment for Resale in Megaj Shivom Enclave at Yashwant Nagar Santacruz East,19.07635,72.85719,0.0,33898.30508474576,1,1.0,16.99356438831222,6.56244409369372,16.99356438831222
Less than 5 years,24000000.0,14371.0,3,2,1202.0,1670.0,5.0,15.0,Unfurnished,Apartment,Resale,Ready to Move,2026-08-22,Mumbai,Andheri West,Rajveer Apartment,Andheri West,"Internet/Wi-Fi Connectivity,Service/Goods Lift,Intercom Facility",,Bachelors/Family,2026-08-21 13:34:18+00:00,3BHK Multistorey Apartment for Resale in Rajveer Apartment at Andheri West,19.1373697481266,72.8257229439874,3.0,19966.72212978369,1,0.0,16.99356438831222,7.091742115095153,16.971517551091193
New Construction,24000000.0,18045.0,3,3,958.0,1330.0,14.0,14.0,Unfurnished,Apartment,Resale,Ready to Move,2026-08-22,Mumbai,Malad East,Maitri Gaurav,Malad East,,"NA|null,P51800013434|-1",Bachelors/Family,2026-08-21 15:56:17+00:00,3BHK Multistorey Apartment for Resale in Maitri Gaurav at Malad East,19.1848724519187,72.8629697025013,0.0,25052.192066805845,1,0.0,16.99356438831222,6.86484777797086,16.524223001703145
10 to 15 years,19500000.0,18056.0,3,3,778.0,1080.0,4.0,8.0,Semi-Furnished,Apartment,Resale,Ready to Move,2026-08-22,Mumbai,Kandivali West,N G Garden,Kandivali West,,,Bachelors/Family,2026-08-21 09:05:01+00:00,3BHK Multistorey Apartment for Resale in N G Garden at Kandivali West,19.2101312179652,72.8305011930765,12.5,25064.26735218509,1,1.0,16.785925023533974,6.656726524178391,16.55970188783117
Less than 5 years,21000000.0,16154.0,3,2,936.0,1300.0,4.0,9.0,Semi-Furnished,Apartment,Resale,Ready to Move,2026-08-22,Mumbai,Mulund East,Takshashila Apartment,Mulund East,"Air Conditioned,Banquet Hall,,Visitor Parking,Intercom Facility,Conference Room,,","NA|null,P52900014542|-1",Bachelors/Family,2026-08-21 06:50:21+00:00,3BHK Multistorey Apartment for Resale in Takshashila Apartment at Mulund East,19.1531029501285,72.9678051455382,3.0,22435.89743589744,1,1.0,16.860032995687696,6.841615476477592,16.696485253948328
Less than 5 years,20000000.0,13333.0,3,2,1080.0,1500.0,10.0,12.0,Unfurnished,Apartment,Resale,Ready to Move,2026-08-21,Mumbai,Marol Maroshi Road,,Marol Maroshi Road,,,Bachelors/Family,2026-08-21 04:09:23+00:00,3BHK Multistorey Apartment for Resale in Marol Maroshi Road,19.1169232198219,72.880025218135,3.0,18518.51851851852,2,0.0,16.811242831518264,6.984716320118266,16.811242831518264
New Construction,23500000.0,19013.0,3,2,890.0,1236.0,9.0,43.0,Semi-Furnished,Apartment,Resale,Ready to Move,2026-08-22,Mumbai,Mulund West,Wadhwa Atmoshphere,Mulund West,"Air Conditioned,Jogging and Strolling Track,,Internet/Wi-Fi Connectivity,RO Water System,Visitor Parking,Intercom Facility,Conference Room,","NA|null,P51800001243|-1",Bachelors/Family,2026-08-21 07:20:19+00:00,3BHK Multistorey Apartment for Resale in Wadhwa Atmoshphere at Mulund West,19.1749536837097,72.943103519999,0.0,26404.494382022476,1,1.0,16.972510979114386,6.7912214627261855,16.657170544069615
10 to 15 years,22000000.0,17671.0,3,3,896.0,1245.0,4.0,11.0,Unfurnished,Apartment,Resale,Ready to Move,2026-08-22,Mumbai,Andheri East,Vastu Labh,Andheri East,,,Bachelors/Family,2026-08-21 08:31:41+00:00,3BHK Multistorey Apartment for Resale in Vastu Labh at Andheri East,19.1154908,72.8726952,12.5,24553.571428571428,1,0.0,16.90655301132259,6.79794041297493,16.792662339952496
New Construction,25000000.0,20542.0,3,3,876.0,1217.0,2.0,42.0,Unfurnished,Apartment,Resale,Ready to Move,2026-08-21,Mumbai,Dahisar East,N Rose Northern Heights,Dahisar East,"Jogging and Strolling Track,","NA|null,P51700007900|12/2020",Bachelors/Family,2026-08-21 05:55:13+00:00,3BHK Multistorey Apartment for Resale in N Rose Northern Heights at Dahisar East,19.2530390003417,72.8684258373265,0.0,28538.812785388127,1,0.0,17.034386382832476,6.775366090936392,16.639662990489224
15 to 20 years,23500000.0,24582.0,3,2,688.0,956.0,7.0,8.0,Unfurnished,Apartment,Resale,Ready to Move,2026-08-22,Mumbai,Chembur,Kohinoor Apartment,Chembur,Visitor Parking,,Bachelors/Family,2026-08-21 06:36:38+00:00,3BHK Multistorey Apartment for Resale in Kohinoor Apartment at Chembur,19.0459181155422,72.8975231581492,17.5,34156.976744186046,1,0.0,16.972510979114386,6.5337888379333435,16.916602594501136
New Construction,22500000.0,15517.0,3,3,1044.0,1450.0,7.0,23.0,Furnished,Apartment,Resale,Ready to Move,2026-08-21,Mumbai,Mulund West,Ashwa Platinum,Mulund West,"RO Water System,Service/Goods Lift,Visitor Parking,Intercom Facility","NA|null,P51700001143|-1,P51800005636|-1",Bachelors/Family,2026-08-20 18:30:53+00:00,3BHK Multistorey Apartment for Resale in Ashwa Platinum at Mulund West,19.1749536837097,72.943103519999,0.0,21551.72413793104,2,2.0,16.929025867174648,6.950814768442584,16.657170544069615
10 to 15 years,22000000.0,16296.0,3,3,972.0,1350.0,1.0,25.0,Unfurnished,Apartment,Resale,Ready to Move,2026-08-21,Mumbai,Mulund West,KJ Takshashila,Mulund West,"Banquet Hall,,Service/Goods Lift,Visitor Parking,",,Bachelors/Family,2026-08-21 04:57:43+00:00,3BHK Multistorey Apartment for Resale in KJ Takshashila at Mulund West,19.1749536837097,72.943103519999,12.5,22633.74485596708,2,0.0,16.90655301132259,6.879355804460439,16.657170544069615
Less than 5 years,22000000.0,22000.0,3,3,720.0,1000.0,5.0,8.0,Semi-Furnished,Apartment,Resale,Ready to Move,2026-08-21,Mumbai,Mulund West,Silver Oaks Apartment,Mulund West,,,Bachelors/Family,2026-08-21 04:58:38+00:00,3BHK Multistorey Apartment for Resale in Silver Oaks Apartment at Mulund West,19.1749536837097,72.943103519999,3.0,30555.555555555555,2,1.0,16.90655301132259,6.579251212010101,16.657170544069615
15 to 20 years,23500000.0,18217.0,3,3,929.0,1290.0,3.0,7.0,Semi-Furnished,Apartment,Resale,Ready to Move,2026-08-21,Mumbai,Mulund West,Silver Oaks Apartment,Mulund West,,,Bachelors/Family,2026-08-21 04:58:33+00:00,3BHK Multistorey Apartment for Resale in Silver Oaks Apartment at Mulund West,19.1749536837097,72.943103519999,17.5,25296.017222820235,2,1.0,16.972510979114386,6.834108738813838,16.657170544069615
10 to 15 years,23500000.0,19106.0,3,3,886.0,1230.0,7.0,7.0,Furnished,Apartment,Resale,Ready to Move,2026-08-21,Mumbai,Mulund West,Aakruti Abich Apartment,Mulund West,,,Bachelors/Family,2026-08-21 04:56:19+00:00,3BHK Multistorey Apartment for Resale in Aakruti Abich Apartment at Mulund West,19.1749536837097,72.943103519999,12.5,26523.70203160271,2,2.0,16.972510979114386,6.786716950605081,16.657170544069615
15 to 20 years,23500000.0,19106.0,3,3,886.0,1230.0,7.0,7.0,Furnished,Apartment,Resale,Ready to Move,2026-08-21,Mumbai,Tambe Nagar,Aakruti Abich Apartment,Tambe Nagar,,,Bachelors/Family,2026-08-21 04:56:12+00:00,3BHK Multistorey Apartment for Resale in Aakruti Abich Apartment at Tambe Nagar,19.1805503799405,72.9562796743222,17.5,26523.70203160271,2,2.0,16.972510979114386,6.786716950605081,16.972510979114386
Less than 5 years,22500000.0,14331.0,3,3,1130.0,1570.0,16.0,33.0,Furnished,Apartment,Resale,Ready to Move,2026-08-22,Mumbai,Dahisar East,Heaven plaza,Dahisar East,"Laundry Service,Visitor Parking,","NA|null,P51700007936|06/2000",Bachelors/Family,2026-08-21 06:41:57+00:00,3BHK Multistorey Apartment for Resale in Heaven plaza at Dahisar East,19.2530390003417,72.8684258373265,3.0,19911.504424778763,1,2.0,16.929025867174648,7.029972911706386,16.639662990489224
15 to 20 years,18500000.0,17619.0,3,3,756.0,1050.0,7.0,7.0,Unfurnished,Apartment,Resale,Ready to Move,2026-08-21,Mumbai,Ghatkopar East,Gemini Apartment,Ghatkopar East,,,Bachelors/Family,2026-08-21 04:26:58+00:00,3BHK Multistorey Apartment for Resale in Gemini Apartment at Ghatkopar East,19.07907,72.907976,17.5,24470.899470899472,2,0.0,16.733281290048552,6.628041376179533,16.89140689473454
5 to 10 years,19400000.0,15144.0,3,3,922.0,1281.0,10.0,17.0,Semi-Furnished,Apartment,Resale,Ready to Move,2026-08-21,Mumbai,Bhandup West,Chheda Heights,Bhandup West,,,Bachelors/Family,2026-08-21 04:15:37+00:00,3BHK Multistorey Apartment for Resale in Chheda Heights at Bhandup West,19.149901,72.931134,7.5,21041.214750542294,2,1.0,16.780783624033557,6.826545223556594,16.05991801947255
Less than 5 years,18500000.0,15417.0,3,3,864.0,1200.0,9.0,20.0,Semi-Furnished,Apartment,Resale,Ready to Move,2026-08-21,Mumbai,Motilal Nagar 2,Sethia Seaview,Motilal Nagar 2,,,Bachelors/Family,2026-08-20 18:43:28+00:00,3BHK Multistorey Apartment for Resale in Sethia Seaview at Motilal Nagar 2,19.165226,72.83551,3.0,21412.03703703704,2,1.0,16.733281290048552,6.761572768804055,16.733281290048552
New Construction,25000000.0,15823.0,3,3,1138.0,1580.0,11.0,11.0,Unfurnished,Apartment,Resale,Ready to Move,2026-08-21,Mumbai,Andheri East,Dreamax Vega,Andheri East,"Jogging and Strolling Track,,,Service/Goods Lift,Visitor Parking,Intercom Facility,","NA|null,P51800004649|-1",Bachelors/Family,2026-08-20 18:17:16+00:00,3BHK Multistorey Apartment for Resale in Dreamax Vega at Andheri East,19.1154908,72.8726952,0.0,21968.365553602813,2,0.0,17.034386382832476,7.037027614686276,16.792662339952496
15 to 20 years,24500000.0,18015.0,3,3,979.0,1360.0,3.0,7.0,Furnished,Apartment,Resale,Ready to Move,2026-08-21,Mumbai,Malad West,Abrol house,Malad West,"Bar/Lounge,Service/Goods Lift,Visitor Parking,",,Bachelors/Family,2026-08-20 15:34:04+00:00,3BHK Multistorey Apartment for Resale in Abrol house at Malad West,19.1940346300819,72.8257561606587,17.5,25025.53626149132,2,2.0,17.014183675514957,6.88653164253051,16.184249166863797
15 to 20 years,22500000.0,18750.0,3,3,850.0,1200.0,6.0,7.0,Furnished,Apartment,Resale,Ready to Move,2026-08-19,Mumbai,Andheri East,Sanghvi Suri Rajendra Tower,Andheri East,"Modular Kitchen,Air Conditioned,AC in each room ,Internet/Wi-Fi Connectivity,RO Water System,Visitor Parking",,Bachelors/Family,2026-08-19 15:33:12+00:00,3BHK Multistorey Apartment for Resale in Sanghvi Suri Rajendra Tower at Andheri East,19.1154908,72.8726952,17.5,26470.58823529412,3,2.0,16.929025867174648,6.745236349484363,16.792662339952496
10 to 15 years,25000000.0,22727.0,3,2,792.0,1100.0,4.0,6.0,Semi-Furnished,Apartment,Resale,Ready to Move,2026-08-20,Mumbai,Powai,Evershine Sapphire,Powai,"Internet/Wi-Fi Connectivity,Visitor Parking,Intercom Facility,,",,Bachelors/Family,2026-08-20 10:56:34+00:00,3BHK Multistorey Apartment for Resale in Evershine Sapphire at Powai,19.1196773,72.9050809,12.5,31565.656565656565,2,1.0,17.034386382832476,6.674561391814426,16.80894847147809
Less than 5 years,22500000.0,16471.0,3,2,984.0,1366.0,5.0,9.0,Semi-Furnished,Apartment,Resale,Ready to Move,2026-08-20,Mumbai,Andheri East,Dsk Madhuban,Andheri East,"Banquet Hall,Jogging and Strolling Track,Outdoor Tennis Courts,Laundry Service,,,Internet/Wi-Fi Connectivity,Service/Goods Lift,Visitor Parking,Intercom Facility,Conference Room,",,Bachelors/Family,2026-08-20 10:56:55+00:00,3BHK Multistorey Apartment for Resale in Dsk Madhuban at Andheri East,19.1154908,72.8726952,3.0,22865.853658536584,2,1.0,16.929025867174648,6.891625897052253,16.792662339952496
5 to 10 years,35000000.0,31818.0,3,2,930.0,1100.0,5.0,13.0,Semi-Furnished,Apartment,Resale,Ready to Move,2026-08-23,Mumbai,Ghatkopar West,Skyline Oasis ,Ghatkopar West,"Central AC ,3 Tier Security System,Air Conditioned,All wooden flooring,AC in each room ,Internet/Wi-Fi Connectivity,RO Water System,Visitor Parking,Intercom Facility",,Bachelors/Family,2026-08-22 23:31:41+00:00,3BHK Multistorey Apartment for Resale in Skyline Oasis  at Ghatkopar West,19.0908063,72.9076669,7.5,37634.408602150535,0,1.0,17.37085861945369,6.835184586147301,16.679795536176687
15 to 20 years,35000000.0,28226.0,3,2,850.0,1240.0,7.0,15.0,Semi-Furnished,Apartment,Resale,Ready to Move,2026-08-22,Mumbai,Poonam Nagar Jogeshwari East,Kalpataru Estate,Poonam Nagar Jogeshwari East,"Banquet Hall,Jogging and Strolling Track,Outdoor Tennis Courts,Conference Room",,Bachelors/Family,2026-08-21 23:31:15+00:00,3BHK Multistorey Apartment for Resale in Kalpataru Estate at Poonam Nagar Jogeshwari East,19.13692,72.86769,17.5,41176.470588235294,1,1.0,17.37085861945369,6.745236349484363,17.37085861945369
New Construction,26000000.0,29817.0,3,3,628.0,872.0,4.0,17.0,Unfurnished,Apartment,Resale,Ready to Move,2026-08-22,Mumbai,Borivali West,Prasham Vishal 2,Borivali West,Intercom Facility,"NA|null,P51800016704|-1",Bachelors/Family,2026-08-21 20:01:55+00:00,3BHK Multistorey Apartment for Resale in Prasham Vishal 2 at Borivali West,19.2335321,72.839198,0.0,41401.27388535032,1,0.0,17.073607095985757,6.4425401664681985,16.712420867285854
Less than 5 years,27500000.0,19643.0,3,3,1008.0,1400.0,12.0,15.0,Furnished,Apartment,Resale,Ready to Move,2026-08-22,Mumbai,,,,,,Bachelors/Family,2026-08-21 19:58:08+00:00,3BHK Multistorey Apartment for Resale in ,,,3.0,27281.74603174603,1,2.0,17.1296965626368,6.915723448631314,
15 to 20 years,33500000.0,24815.0,3,3,972.0,1350.0,10.0,13.0,Furnished,Apartment,Resale,Ready to Move,2026-08-22,Mumbai,Ghatkopar West,Skyline Oasis ,Ghatkopar West,,,Bachelors/Family,2026-08-21 16:56:07+00:00,3BHK Multistorey Apartment for Resale in Skyline Oasis  at Ghatkopar West,19.0908063,72.9076669,17.5,34465.02057613169,1,2.0,17.327055996795295,6.879355804460439,16.679795536176687
5 to 10 years,29000000.0,30526.0,3,3,684.0,950.0,21.0,22.0,Semi-Furnished,Apartment,Resale,Ready to Move,2026-08-22,Mumbai,Andheri West,Shiv Shivam ,Andheri West,,,Bachelors/Family,2026-08-21 10:52:26+00:00,3BHK Multistorey Apartment for Resale in Shiv Shivam  at Andheri West,19.1373697481266,72.8257229439874,7.5,42397.66081871345,1,1.0,17.182806387950748,6.52795791762255,16.971517551091193
,35000000.0,40793.0,3,3,618.0,858.0,25.0,36.0,Unfurnished,Apartment,Resale,Under Construction,2026-08-22,Mumbai,Andheri West,Transcon Triumph,Andheri West,"Skyline View,Sea facing,Smart Home,Skydeck,Island Kitchen Layout,Fireplace,Theme based Architectures,Sky Villa,Fingerprint Access,Grand Entrance lobby,Health club with Steam / Jaccuzi,,Air Conditioned,Banquet Hall,Jogging and Strolling Track,Outdoor Tennis Courts,,,Internet/Wi-Fi Connectivity,RO Water System,Service/Goods Lift,Visitor Parking,Intercom Facility,Conference Room,Downtown","NA|null,P51800005361|12/2021",Bachelors/Family,2026-08-21 09:26:21+00:00,3BHK Multistorey Apartment for Resale in Transcon Triumph at Andheri West,19.1373697481266,72.8257229439874,,56634.30420711974,1,0.0,17.37085861945369,6.42648845745769,16.971517551091193
Less than 5 years,35000000.0,26677.0,3,3,945.0,1312.0,7.0,7.0,Semi-Furnished,Apartment,Resale,Ready to Move,2026-08-22,Mumbai,Borivali West,Casa Castello,Borivali West,,,Bachelors/Family,2026-08-21 14:35:02+00:00,3BHK Multistorey Apartment for Resale in Casa Castello at Borivali West,19.2335321,72.839198,3.0,37037.03703703704,1,1.0,17.37085861945369,6.851184927493743,16.712420867285854
Above 20 years,26500000.0,26500.0,3,2,720.0,1000.0,0.0,2.0,Unfurnished,Apartment,Resale,Ready to Move,2026-08-22,Mumbai,Sion,Jain Society,Sion,,,Bachelors/Family,2026-08-21 14:41:30+00:00,3BHK Multistorey Apartment for Resale in Jain Society at Sion,19.0446433751251,72.8709840746083,25.0,36805.55555555556,1,0.0,17.09265529095645,6.579251212010101,17.09265529095645
5 to 10 years,26500000.0,25359.0,3,2,752.0,1045.0,14.0,21.0,Furnished,Apartment,Resale,Ready to Move,2026-08-22,Mumbai,Borivali West,Krishraj Tower,Borivali West,,,Bachelors/Family,2026-08-21 13:45:59+00:00,3BHK Multistorey Apartment for Resale in Krishraj Tower at Borivali West,19.2335321,72.839198,7.5,35239.36170212766,1,2.0,17.09265529095645,6.62273632394984,16.712420867285854
New Construction,27500000.0,15714.0,3,4,1260.0,1750.0,10.0,16.0,Unfurnished,Apartment,Resale,Ready to Move,2026-08-22,Mumbai,Ghatkopar East,Daga Sofrance,Ghatkopar East,,"NA|null,P51800006959|05/2006,P51800007146|02/2001",Bachelors/Family,2026-08-21 15:16:36+00:00,3BHK Multistorey Apartment for Resale in Daga Sofrance at Ghatkopar East,19.07907,72.907976,0.0,21825.396825396827,1,0.0,17.1296965626368,7.138866999945524,16.89140689473454
New Construction,30000000.0,25000.0,3,3,864.0,1200.0,5.0,11.0,Unfurnished,Apartment,Resale,Ready to Move,2026-08-22,Mumbai,Santacruz East,DGS Sheetal Amar Geta,Santacruz East,,,Bachelors/Family,2026-08-21 15:03:57+00:00,3BHK Multistorey Apartment for Resale in DGS Sheetal Amar Geta at Santacruz East,19.0799983,72.8545019,0.0,34722.22222222222,1,0.0,17.216707939626428,6.761572768804055,16.903579465256815
Less than 5 years,28000000.0,38251.0,3,2,527.0,732.0,3.0,8.0,Unfurnished,Apartment,Resale,Ready to Move,2026-08-22,Mumbai,Vile Parle East,Udayanjali,Vile Parle East,,"NA|null,P51800004917|-1",Bachelors/Family,2026-08-21 15:47:39+00:00,3BHK Multistorey Apartment for Resale in Udayanjali at Vile Parle East,19.10046297,72.84924449,3.0,53130.92979127135,1,0.0,17.14771506813948,6.267200548541362,16.994661006029744
15 to 20 years,27500000.0,22917.0,3,3,864.0,1200.0,6.0,15.0,Semi-Furnished,Apartment,Resale,Ready to Move,2026-08-21,Mumbai,Mulund East,Mukti Tower,Mulund East,"Visitor Parking,",,Bachelors/Family,2026-08-21 06:19:56+00:00,3BHK Multistorey Apartment for Resale in Mukti Tower at Mulund East,19.1531029501285,72.9678051455382,17.5,31828.703703703704,1,1.0,17.1296965626368,6.761572768804055,16.696485253948328
Less than 5 years,29500000.0,20345.0,3,3,1044.0,1450.0,12.0,29.0,Unfurnished,Apartment,Resale,Ready to Move,2026-08-21,Mumbai,Andheri West,Lashkaria Green Height,Andheri West,"Service/Goods Lift,Visitor Parking,",,Bachelors/Family,2026-08-20 18:35:03+00:00,3BHK Multistorey Apartment for Resale in Lashkaria Green Height at Andheri West,19.1373697481266,72.8257229439874,3.0,28256.70498084291,2,0.0,17.19990082131005,6.950814768442584,16.971517551091193
5 to 10 years,30000000.0,18750.0,3,3,1152.0,1600.0,7.0,30.0,Furnished,Apartment,Resale,Ready to Move,2026-08-21,Mumbai,Andheri West,Lashkaria Green Height,Andheri West,"Service/Goods Lift,Visitor Parking,",,Bachelors/Family,2026-08-20 18:34:47+00:00,3BHK Multistorey Apartment for Resale in Lashkaria Green Height at Andheri West,19.1373697481266,72.8257229439874,7.5,26041.666666666668,2,2.0,17.216707939626428,7.049254841255837,16.971517551091193
Less than 5 years,35000000.0,30702.0,3,2,821.0,1140.0,7.0,7.0,Furnished,Apartment,Resale,Ready to Move,2026-08-22,Mumbai,Chembur,Diamond Garden,Chembur,"Air Conditioned,Banquet Hall,Jogging and Strolling Track,Laundry Service,Internet/Wi-Fi Connectivity,RO Water System,Service/Goods Lift,Visitor Parking,Intercom Facility,",,Bachelors/Family,2026-08-21 08:27:00+00:00,3BHK Multistorey Apartment for Resale in Diamond Garden at Chembur,19.0459181155422,72.8975231581492,3.0,42630.93788063338,1,2.0,17.37085861945369,6.710523109452428,16.916602594501136
New Construction,30000000.0,30303.0,3,3,713.0,990.0,4.0,23.0,Semi-Furnished,Apartment,Resale,Ready to Move,2026-08-21,Mumbai,Chembur,Spenta Altavista,Chembur,"Health club with Steam / Jaccuzi,,Visitor Parking,Fire Sprinklers,","NA|null,P51800000956|12/2020,P51800001050|12/2019,P51800021249|-1,P51800026131|-1",Bachelors/Family,2026-08-21 05:57:52+00:00,3BHK Multistorey Apartment for Resale in Spenta Altavista at Chembur,19.0459181155422,72.8975231581492,0.0,42075.7363253857,1,1.0,17.216707939626428,6.569481420414296,16.916602594501136
Less than 5 years,30000000.0,25000.0,3,3,864.0,1200.0,23.0,43.0,Semi-Furnished,Apartment,Resale,Ready to Move,2026-08-21,Mumbai,Mulund West,Wadhwa Atmosphere,Mulund West,"Air Conditioned,Banquet Hall,Jogging and Strolling Track,Outdoor Tennis Courts,Mini Cinema Theatre,Laundry Service,Internet/Wi-Fi Connectivity,RO Water System,Service/Goods Lift,Intercom Facility,Conference Room","NA|null,P51800001243|10/2019",Bachelors/Family,2026-08-21 05:53:49+00:00,3BHK Multistorey Apartment for Resale in Wadhwa Atmosphere at Mulund West,19.1749536837097,72.943103519999,3.0,34722.22222222222,1,1.0,17.216707939626428,6.761572768804055,16.657170544069615
Less than 5 years,32500000.0,30952.0,3,2,756.0,1050.0,2.0,3.0,Semi-Furnished,Apartment,Resale,Ready to Move,2026-08-21,Mumbai,Vile Parle West,Harmony Plaza,Vile Parle West,,,Bachelors/Family,2026-08-21 05:15:23+00:00,3BHK Multistorey Apartment for Resale in Harmony Plaza at Vile Parle West,19.1093928395446,72.8369701399986,3.0,42989.41798941799,2,1.0,17.296750647299966,6.628041376179533,17.120800434558745
New Construction,25500000.0,18214.0,3,2,1008.0,1400.0,10.0,32.0,Unfurnished,Apartment,Resale,Ready to Move,2026-08-21,Mumbai,Unnat Nagar,,Unnat Nagar Jay Prakash Nagar,,,Bachelors/Family,2026-08-21 05:32:36+00:00,3BHK Multistorey Apartment for Resale in Unnat Nagar Jay Prakash Nagar,19.1649019272815,72.8535213727253,0.0,25297.61904761905,1,0.0,17.054189010128656,6.915723448631314,17.054189010128656
Less than 5 years,27500000.0,15979.0,3,3,1239.0,1721.0,2.0,20.0,Unfurnished,Apartment,Resale,Ready to Move,2026-08-22,Mumbai,Chembur,Godrej Prime,Chembur,"Air Conditioned,Banquet Hall,Jogging and Strolling Track,Mini Cinema Theatre,,Internet/Wi-Fi Connectivity,RO Water System,Visitor Parking,","NA|null,P51800000519|-1",Bachelors/Family,2026-08-21 07:41:05+00:00,3BHK Multistorey Apartment for Resale in Godrej Prime at Chembur,19.0459181155422,72.8975231581492,3.0,22195.318805488296,1,0.0,17.1296965626368,7.122059881629142,16.916602594501136
Less than 5 years,28500000.0,33529.0,3,3,612.0,850.0,2.0,7.0,Furnished,Apartment,Resale,Ready to Move,2026-08-21,Mumbai,Kandivali West,Maa Hiren Apartment,Kandivali West,,,Bachelors/Family,2026-08-21 04:41:17+00:00,3BHK Multistorey Apartment for Resale in Maa Hiren Apartment at Kandivali West,19.2101312179652,72.8305011930765,3.0,46568.62745098039,2,2.0,17.16541464523888,6.416732282512326,16.55970188783117
Less than 5 years,30000000.0,29183.0,3,3,740.0,1028.0,3.0,7.0,Furnished,Apartment,Resale,Ready to Move,2026-08-21,Mumbai,Chembur,Alpine Apartments,Chembur,Intercom Facility,,Bachelors/Family,2026-08-21 04:19:40+00:00,3BHK Multistorey Apartment for Resale in Alpine Apartments at Chembur,19.0459181155422,72.8975231581492,3.0,40540.54054054054,2,2.0,17.216707939626428,6.606650186198215,16.916602594501136
New Construction,27500000.0,20370.0,3,2,972.0,1350.0,14.0,19.0,Unfurnished,Apartment,Resale,Ready to Move,2026-08-21,Mumbai,Borivali East,,Borivali East,,,Bachelors/Family,2026-08-21 04:17:30+00:00,3BHK Multistorey Apartment for Resale in Borivali East,19.2272619069866,72.8634397272398,0.0,28292.18106995885,2,0.0,17.1296965626368,6.879355804460439,16.7928732408415
Less than 5 years,30000000.0,20000.0,3,2,1080.0,1500.0,25.0,28.0,Semi-Furnished,Apartment,Resale,Ready to Move,2026-08-21,Mumbai,Borivali East,Ambrosia Apartment,Borivali East,Visitor Parking,,Bachelors/Family,2026-08-21 04:17:13+00:00,3BHK Multistorey Apartment for Resale in Ambrosia Apartment at Borivali East,19.2272619069866,72.8634397272398,3.0,27777.777777777777,2,1.0,17.216707939626428,6.984716320118266,16.7928732408415
Less than 5 years,32500000.0,22887.0,3,3,1022.0,1420.0,2.0,8.0,Semi-Furnished,Apartment,Resale,Ready to Move,2026-08-21,Mumbai,Andheri West,Breeze Apartment,Andheri West,,,Bachelors/Family,2026-08-21 04:10:19+00:00,3BHK Multistorey Apartment for Resale in Breeze Apartment at Andheri West,19.1373697481266,72.8257229439874,3.0,31800.391389432487,2,1.0,17.296750647299966,6.92951677076365,16.971517551091193
Less than 5 years,26000000.0,17931.0,3,2,1044.0,1450.0,14.0,23.0,Semi-Furnished,Apartment,Resale,Ready to Move,2026-08-21,Mumbai,Andheri East,Hubtown Ackruti Hillcrest,Andheri East,"Kids play area,Jogging and Strolling Track,,","NA|null,P51800000493|05/2018,P51800000508|03/2016,P51800002556|12/2015",Bachelors/Family,2026-08-21 04:08:55+00:00,3BHK Multistorey Apartment for Resale in Hubtown Ackruti Hillcrest at Andheri East,19.1154908,72.8726952,3.0,24904.21455938697,2,1.0,17.073607095985757,6.950814768442584,16.792662339952496
,3390000.0,3149.0,6,6,,100.0,,,,Residential House,Resale,Ready to Move,2026-08-18,Mumbai,,,Ashtavinayak Nagar,,,Bachelors/Family,2026-08-18 15:42:52+00:00,6BHK Residential House for Resale in Ashtavinayak Nagar,19.2270802630057,72.8383210982374,,,4,,15.036340479356634,,
Above 20 years,,29545.0,6,1,,220.0,1.0,7.0,Semi-Furnished,Apartment,Resale,Ready to Move,2026-08-13,Mumbai,JB Nagar,,JB Nagar,,,Bachelors/Family,2026-06-24 08:31:03+00:00,6BHK Multistorey Apartment for Resale in JB Nagar,19.1099298135585,72.8680393749074,25.0,,59,1.0,,,
New Construction,11000000.0,5500.0,6,5,1954.0,2000.0,,,Unfurnished,Villa,Resale,Ready to Move,2026-06-21,Mumbai,Uttan Road,,Uttan Road,,,Bachelors/Family,2026-06-20 21:31:25+00:00,6BHK Villa for Resale in Uttan Road,19.27600097,72.79681045,0.0,5629.477993858752,63,0.0,16.213405830762646,7.577633832602728,16.213405830762646
,8740000.0,8740.0,8,2,800.0,1000.0,,,Unfurnished,Villa,Resale,,2026-08-16,Mumbai,Kamgaar Nagar,,Kamgaar Nagar Kurla,,,Bachelors/Family,2026-08-16 06:59:36+00:00,8BHK Villa for Resale in Kamgaar Nagar Kurla,19.06248,72.88767,,10925.0,6,0.0,15.983420747631719,6.684611727667927,15.983420747631719
,20000000.0,44444.0,10,10,,450.0,0.0,21.0,Furnished,Apartment,Resale,Ready to Move,2026-07-15,Mumbai,,,,,,Bachelors/Family,2026-07-14 21:31:39+00:00,> 10BHK Multistorey Apartment for Resale in ,,,,,39,2.0,16.811242831518264,,
5 to 10 years,24000000.0,9057.0,6,5,1900.0,2650.0,,,Furnished,Villa,Resale,Ready to Move,2026-06-10,Mumbai,Royal Palms Estate,,Royal Palms Estate,"Bar/Lounge,Air Conditioned,Internet/Wi-Fi Connectivity,RO Water System,Visitor Parking,Intercom Facility,Conference Room",,Bachelors/Family,2026-06-10 04:24:48+00:00,6BHK Villa for Resale in Royal Palms Estate,19.15117,72.89089,7.5,12631.578947368422,74,2.0,16.99356438831222,7.549609165154532,16.99356438831222
Less than 5 years,20000000.0,222222.0,10,10,90.0,90.0,,3.0,Furnished,Apartment,Resale,Ready to Move,2026-05-11,Mumbai,Malad,Plaza,Malad,,,Bachelors/Family,2026-05-10 16:59:33+00:00,10BHK Multistorey Apartment for Resale in Plaza at Malad,19.1875489923914,72.8420101911782,3.0,222222.22222222225,104,2.0,16.811242831518264,4.499809670330265,17.013975385572344
,29500000.0,12292.0,7,7,,2400.0,,,Furnished,Villa,Resale,Ready to Move,2026-06-19,Mumbai,,,,,,Bachelors/Family,2026-06-18 21:30:41+00:00,7BHK Villa for Resale in ,,,,,65,2.0,17.19990082131005,,
10 to 15 years,30000000.0,11021.0,7,7,2722.0,2722.0,,,Semi-Furnished,Residential House,Resale,Ready to Move,2026-07-01,Mumbai,Malad,,Malad,,,Bachelors/Family,2026-06-30 17:24:23+00:00,7BHK Residential House for Resale in Malad,19.1875489923914,72.8420101911782,12.5,11021.307861866277,53,1.0,17.216707939626428,7.909122183211411,17.013975385572344
Less than 5 years,32500000.0,15625.0,8,4,,2080.0,,,Furnished,Villa,Resale,Ready to Move,2026-07-15,Mumbai,Manori,,Manori,"Farm-House,Wrap Around Balcony,Air Conditioned,Internet/Wi-Fi Connectivity,Conference Room,Downtown",,Bachelors/Family,2026-07-15 01:00:04+00:00,8BHK Villa for Resale in Manori,19.2118517559221,72.7915789878557,3.0,,39,2.0,17.296750647299966,,17.296750647299966
Above 20 years,30000000.0,8571.0,10,3,,3500.0,,,Semi-Furnished,Residential House,Resale,Ready to Move,2026-04-21,Mumbai,Hanuman Tekdi,,Hanuman Tekdi Kanjurmarg West,,,Bachelors/Family,2026-04-20 21:32:58+00:00,10BHK Residential House for Resale in Hanuman Tekdi Kanjurmarg West,19.1412489722037,72.9202365044297,25.0,,124,1.0,17.216707939626428,,17.216707939626428
