acD,price,sqFtPrice,bedroomD,bathD,balconiesD,carpetArea,coveredArea,floorNo,floors,furnishedD,facingD,amenFacingD,propTypeD,transactionTypeD,possStatusD,ecd,ctName,locSeoName,prjname,landmark,lmtDName,luxAmenitiesD,waterStatus,powerStatusD,flooringTyD,reraValidity,OwnershipTypeD,tenantsPreference,postDateT,propertyTitle,latitude,longitude,property_age_yrs,review_high_psf,review_tight_layout,price_per_sqft_calc,days_since_posted,furnished_ord,log_price,log_carpetArea,locality_avg_log_price
15 to 20 years,200000.0,250.0,2,3.0,1,,800.0,6.0,10.0,Furnished,South -West,"Garden/Park, Main Road",Apartment,Resale,Ready to Move,2026-08-24,Mumbai,Bandra West,,"Market ,shopping mall ,jogging track ,school ,college ,hospital",Bandra West,"Air Conditioned,Jogging and Strolling Track,Laundry Service,Internet/Wi-Fi Connectivity,Visitor Parking",,,Marble,,,Bachelors/Family,2026-08-23 14:55:10+00:00,2BHK Multistorey Apartment for Resale in Bandra West,19.055229,72.830829,17.5,False,False,,1,2.0,12.206072645530174,,17.63488085620438
,401303.0,595.0,2,2.0,,,675.0,12.0,22.0,Semi-Furnished,,,Apartment,Resale,Ready to Move,2026-05-18,Mumbai,,,,,,,,,,,Bachelors/Family,2026-05-18 06:26:13+00:00,2BHK Multistorey Apartment for Resale in ,,,,False,False,,98,1.0,12.902472031931028,,
,940000.0,,2,2.0,,300.0,,,,Unfurnished,,,Residential House,Resale,,2026-08-24,Mumbai,BMC Colony Malad West,,,BMC Colony Malad West,,,,,,,Bachelors/Family,2026-08-24 06:56:11+00:00,2BHK Residential House for Resale in BMC Colony Malad West,19.1929626603671,72.8220574622949,,False,False,3133.3333333333335,0,0.0,13.753635154246187,5.703782474656201,14.063070216102936
,690000.0,3136.0,2,1.0,,120.0,220.0,,,Unfurnished,,,Residential House,Resale,,2026-08-24,Mumbai,Jarimari,,,Jarimari,,,,,,,Bachelors/Family,2026-08-24 06:53:29+00:00,2BHK Residential House for Resale in Jarimari,19.0911473938607,72.882870549037,,False,True,5750.0,0,0.0,13.444446876573442,4.787491742782046,13.444446876573442
,1700000.0,5667.0,2,1.0,,,300.0,1.0,2.0,Unfurnished,,,Residential House,Resale,Ready to Move,2026-05-27,Mumbai,Kajupada Kurla,,,Kajupada Kurla,,,,,,,Bachelors/Family,2026-05-26 18:00:39+00:00,2BHK Residential House for Resale in Kajupada Kurla,19.089348843718,72.8860676851739,,False,False,,90,0.0,14.346138809026444,,14.346138809026444
,1650000.0,2578.0,2,1.0,,,640.0,4.0,8.0,Unfurnished,,,Apartment,Resale,Ready to Move,2026-07-07,Mumbai,,,,,,,,,,,Bachelors/Family,2026-07-06 21:30:48+00:00,2BHK Multistorey Apartment for Resale in ,,,,False,False,,49,0.0,14.316285845876763,,
,790000.0,3160.0,2,2.0,,,250.0,,,Semi-Furnished,,,Residential House,Resale,,2026-08-24,Mumbai,BMC Colony Malad West,,,BMC Colony Malad West,,,,,,,Bachelors/Family,2026-08-24 06:55:57+00:00,2BHK Residential House for Resale in BMC Colony Malad West,19.1929626603671,72.8220574622949,,False,False,,0,1.0,13.579788224443204,,14.063070216102936
Less than 5 years,2000000.0,3210.0,2,2.0,,449.0,623.0,6.0,8.0,Unfurnished,,,Apartment,Resale,Ready to Move,2026-08-22,Mumbai,,Neptune Swarajya,,Ambivali,,,,,,,Bachelors/Family,2026-08-21 19:42:44+00:00,2BHK Multistorey Apartment for Resale in Neptune Swarajya at Ambivali,19.1306805252103,72.8402674125651,3.0,False,False,4454.342984409799,3,0.0,14.508657738524219,6.1070228877422545,
,1500000.0,7500.0,2,,,,200.0,,,Unfurnished,,,Residential House,Resale,Ready to Move,2026-08-18,Mumbai,Koliwada Sion,,,Koliwada Sion,,,,,,,Bachelors/Family,2026-08-18 15:34:01+00:00,2BHK Residential House for Resale in Koliwada Sion,19.0412233929537,72.871870827032,,False,False,,6,0.0,14.22097566607244,,14.22097566607244
,1000000.0,966.0,2,2.0,,650.0,1035.0,20.0,38.0,Semi-Furnished,East,Main Road,Apartment,Resale,Ready to Move,2026-07-27,Mumbai,Jogeshwari West,Roswalt Zaiden,Bang on the main road,Jogeshwari West,"Private jaccuzi,Concierge Services,Fireplace,Theme based Architectures,Private pool ,Health club with Steam / Jaccuzi,House help accommodation,Air Conditioned,Banquet Hall,Jogging and Strolling Track,Outdoor Tennis Courts,Private Garage,Internet/Wi-Fi Connectivity,RO Water System,Service/Goods Lift,Visitor Parking,Intercom Facility,Conference Room,Downtown",Water Availability 24 Hours Available,No/Rare Powercut,Vitrified,"NA|null,P51800047680|12/2028",Freehold,Bachelors/Family,2026-07-27 14:08:08+00:00,2BHK Multistorey Apartment for Resale in Roswalt Zaiden at Jogeshwari West,19.1438823857409,72.8427830413067,,False,False,1538.4615384615386,28,1.0,13.815510557964274,6.476972362889683,16.629341310334215
Less than 5 years,1800000.0,2571.0,2,2.0,,504.0,700.0,5.0,7.0,Semi-Furnished,,,Apartment,Resale,Ready to Move,2026-08-22,Mumbai,Borivali West,Om Moti Nagar,,Borivali West,,,,,,,Bachelors/Family,2026-08-21 16:34:45+00:00,2BHK Multistorey Apartment for Resale in Om Moti Nagar at Borivali West,19.2335321,72.839198,3.0,False,False,3571.4285714285716,3,1.0,14.403297222866392,6.222576268071369,17.24410940087686
Less than 5 years,120000.0,154.0,2,2.0,1,,777.0,12.0,23.0,Furnished,,,Apartment,Resale,Ready to Move,2026-06-19,Mumbai,Powai,Hiranandani Castle Rock,,Powai,,,,,"NA|null,P51800000405|12/2022,P51800000408|12/2022",,Bachelors/Family,2026-06-18 17:19:04+00:00,2BHK Multistorey Apartment for Resale in Hiranandani Castle Rock at Powai,19.1196773,72.9050809,3.0,False,False,,67,2.0,11.695247021764184,,17.080894141792264
10 to 15 years,1100000.0,1122.0,2,2.0,1,800.0,980.0,3.0,3.0,Semi-Furnished,,,Apartment,Resale,Ready to Move,2026-06-01,Mumbai,,,,,,,,,,,Bachelors/Family,2026-05-31 22:30:28+00:00,2BHK Multistorey Apartment for Resale in ,,,12.5,False,False,1375.0,85,1.0,13.9108207377686,6.684611727667927,
Less than 5 years,1700000.0,2205.0,2,2.0,,555.0,771.0,0.0,2.0,Unfurnished,,,Apartment,Resale,Ready to Move,2026-08-20,Mumbai,Dahisar East,Usha Chhaya Niwas,,Dahisar East,,,,,,,Bachelors/Family,2026-08-20 10:50:12+00:00,2BHK Multistorey Apartment for Resale in Usha Chhaya Niwas at Dahisar East,19.2530390003417,72.8684258373265,3.0,False,False,3063.063063063063,4,0.0,14.346138809026444,6.318968113746434,16.84692436301283
,215000.0,363.0,2,2.0,,,592.0,14.0,23.0,Furnished,,,Apartment,Resale,Ready to Move,2026-07-30,Mumbai,Jogeshwari East,Avant Heritage 2,,Jogeshwari East,,,,,"NA|null,P51800015537|-1",,Bachelors/Family,2026-07-29 08:12:42+00:00,2BHK Multistorey Apartment for Resale in Avant Heritage 2 at Jogeshwari East,19.135330778145,72.8584643173496,,False,False,,26,2.0,12.2783933071098,,14.348296775259229
New Construction,185000.0,206.0,2,2.0,,640.0,900.0,8.0,21.0,Unfurnished,East,,Apartment,Resale,Ready to Move,2026-07-17,Mumbai,Sector 3 Charkop,Anmol Priti,"This Property is close to charkop sector 3, Kandivali West.",Sector 3 Charkop,Intercom Facility,Water Availability 24 Hours Available,No/Rare Powercut,Ceramic Tiles,"NA|null,P51800006598|-1",Leasehold,Bachelors/Family,2026-07-17 05:53:14+00:00,2BHK Multistorey Apartment for Resale in Anmol Priti at Sector 3 Charkop,19.21737,72.83026,0.0,False,False,289.0625,38,0.0,12.128111104060462,6.461468176353717,12.128111104060462
Less than 5 years,1500000.0,2165.0,2,2.0,,499.0,693.0,12.0,23.0,Furnished,,,Apartment,Resale,Ready to Move,2026-08-21,Mumbai,Mulund West,Ashwa Platinum,,Mulund West,"RO Water System,Service/Goods Lift,Visitor Parking,Intercom Facility",,,,"NA|null,P51700001143|-1,P51800005636|-1",,Bachelors/Family,2026-08-20 18:31:09+00:00,2BHK Multistorey Apartment for Resale in Ashwa Platinum at Mulund West,19.1749536837097,72.943103519999,3.0,False,False,3006.012024048096,4,2.0,14.22097566607244,6.212606095751519,17.223121841269137
New Construction,500000.0,1250.0,2,2.0,,250.0,400.0,0.0,1.0,Unfurnished,East,Main Road,Residential House,Resale,Ready to Move,2026-07-05,Mumbai,Palghar Naigaon East,,Rajawali Gaon,Palghar Naigaon East,,Water Availability 24 Hours Available,No/Rare Powercut,Vitrified,,Freehold,Bachelors/Family,2026-07-04 18:22:07+00:00,2BHK Residential House for Resale in Palghar Naigaon East,19.3489277756968,72.8750219955356,0.0,False,False,2000.0,51,0.0,13.122363377404328,5.521460917862246,15.34271151654134
Above 20 years,2000000.0,1653.0,2,2.0,2,930.0,1210.0,4.0,6.0,Semi-Furnished,South - East,,Apartment,Resale,Ready to Move,2026-08-17,Mumbai,Chembur,Luv Kush,Near Swami Vivekanand Engineering College,Chembur,"Air Conditioned,Internet/Wi-Fi Connectivity,Visitor Parking",Water Availability 24 Hours Available,No/Rare Powercut,Normal Tiles/Kotah Stone,,,Bachelors/Family,2026-08-16 22:30:38+00:00,2BHK Multistorey Apartment for Resale in Luv Kush at Chembur,19.0459181155422,72.8975231581492,25.0,False,False,2150.537634408602,8,1.0,14.508657738524219,6.835184586147301,17.204493810368014
,560000.0,1100.0,2,2.0,,,509.0,5.0,23.0,Unfurnished,,,Apartment,Resale,Ready to Move,2026-06-28,Mumbai,Vikhroli,,,Vikhroli,,,,,,,Bachelors/Family,2026-06-27 17:28:15+00:00,2BHK Multistorey Apartment for Resale in Vikhroli,19.0880941406031,72.938761427755,,False,False,,58,0.0,13.235692062711331,,13.235692062711331
Less than 5 years,,,2,2.0,,618.0,859.0,7.0,17.0,Furnished,,,Apartment,Resale,Ready to Move,2026-08-22,Mumbai,,Shreenathji Odina,,Sindhi Society Chembur,,,,,,,Bachelors/Family,2026-08-21 19:37:55+00:00,2BHK Multistorey Apartment for Resale in Shreenathji Odina at Sindhi Society Chembur,19.0513118771399,72.8904735289576,3.0,False,False,,3,2.0,,6.42648845745769,
Less than 5 years,,,2,2.0,,576.0,800.0,10.0,22.0,Semi-Furnished,,,Apartment,Resale,Ready to Move,2026-08-22,Mumbai,Palghar Naigaon East,Sunteck Naigaon,,Palghar Naigaon East,"Premium branded fittings,,,,Jogging and Strolling Track,Outdoor Tennis Courts,,RO Water System,Earth quake resistant,Visitor Parking,Intercom Facility",,,,"NA|null,P99000017606|-1,P99000017627|-1",,Bachelors/Family,2026-08-21 14:10:21+00:00,2BHK Multistorey Apartment for Resale in Sunteck Naigaon at Palghar Naigaon East,19.3489277756968,72.8750219955356,3.0,False,False,,3,1.0,,6.3561076606958915,15.34271151654134
Less than 5 years,,,2,2.0,,648.0,900.0,4.0,8.0,Furnished,,,Apartment,Resale,Ready to Move,2026-08-20,Mumbai,Goregaon East,Vasant Valley,,Goregaon East,"Air Conditioned,Service/Goods Lift,Visitor Parking,Intercom Facility,",,,,,,Bachelors/Family,2026-08-20 10:59:12+00:00,2BHK Multistorey Apartment for Resale in Vasant Valley at Goregaon East,19.1562110822264,72.8758090633208,3.0,False,False,,4,2.0,,6.473890696352274,17.204116971054173
,,,2,2.0,,610.0,,,,Furnished,,,Apartment,Resale,Ready to Move,2026-08-24,Mumbai,Vile Parle East,Galaxy Exotica,,Vile Parle East,"Service/Goods Lift,Visitor Parking,",,,,,,Bachelors/Family,2026-08-24 10:29:29+00:00,2BHK Multistorey Apartment for Resale in Galaxy Exotica at Vile Parle East,19.10046297,72.84924449,,False,False,,0,2.0,,6.413458957167357,17.028947819081466
,,,2,2.0,3,,,15.0,23.0,Semi-Furnished,,,Apartment,Resale,Ready to Move,2026-05-06,Mumbai,,JP North Atria,,Vinay Nagar,,,,,"NA|null,P51700004117|12/2021",,Bachelors/Family,2026-05-06 06:00:29+00:00,2BHK Multistorey Apartment for Resale in JP North Atria at Vinay Nagar,19.2801994577438,72.8818023164363,,False,False,,110,1.0,,,
5 to 10 years,,,2,,2,,,2.0,7.0,Unfurnished,,,Apartment,Resale,Ready to Move,2026-07-31,Mumbai,Virar West,Sumit Greendale,,Virar West,,,,,"NA|null,P99000004678|04/2019",,Bachelors/Family,2026-07-30 21:31:14+00:00,2BHK Multistorey Apartment for Resale in Sumit Greendale at Virar West,19.4638767047594,72.7822993572118,7.5,False,False,,25,0.0,,,15.772149807434285
,,,2,,,,1365.0,,,,,,Apartment,Resale,,2026-06-21,Mumbai,Chembur,RNA Continental,,Chembur,,,,,"NA|null,P51800009310|-1",,Bachelors/Family,2026-06-20 18:26:35+00:00,2BHK Multistorey Apartment for Resale in RNA Continental at Chembur,19.0459181155422,72.8975231581492,,False,False,,65,,,,17.204493810368014
,,,2,,,,600.0,,,,,,Apartment,Resale,,2026-08-07,Mumbai,Chembur,SKG Mumbadevi,,Chembur,,,,,"NA|null,P51800024231|-1",,Bachelors/Family,2026-08-06 17:38:15+00:00,2BHK Multistorey Apartment for Resale in SKG Mumbadevi at Chembur,19.0459181155422,72.8975231581492,,False,False,,18,,,,17.204493810368014
Less than 5 years,,,2,2.0,,,550.0,6.0,13.0,Semi-Furnished,,,Residential House,Rent,Immediately,2026-06-25,Mumbai,Goregaon West,Mangal Kripa,,Goregaon West,,,,,,,Bachelors/Family,2026-06-24 17:26:41+00:00,2BHK Residential House for Rent in Mangal Kripa at Goregaon West,19.1630920855215,72.8398088005091,3.0,False,False,,61,1.0,,,17.72656282560243
Less than 5 years,,,2,2.0,,756.0,1050.0,9.0,12.0,Furnished,,,Apartment,Resale,Ready to Move,2026-08-22,Mumbai,,Happy Home Residency,,Beverly Park,"Hilltop,Skyline View,Smart Home,Island Kitchen Layout,Concierge Services,Fireplace,Theme based Architectures,Full Glass Wall,Fingerprint Access,House help accommodation,Jogging and Strolling Track,Outdoor Tennis Courts,Private Garage,Laundry Service,RO Water System,Service/Goods Lift,Visitor Parking,Intercom Facility",,,,,,Bachelors/Family,2026-08-21 14:11:10+00:00,2BHK Multistorey Apartment for Resale in Happy Home Residency at Beverly Park,19.295256624119,72.871489861401,3.0,False,False,,3,2.0,,6.628041376179533,
,4700000.0,5875.0,2,2.0,,,800.0,6.0,7.0,Unfurnished,,,Apartment,Resale,Ready to Move,2026-08-23,Mumbai,Nalasopara West,Dev Shrishti,,Nalasopara West,,,,,,,Bachelors/Family,2026-08-23 08:27:10+00:00,2BHK Multistorey Apartment for Resale in Dev Shrishti at Nalasopara West,19.4129235749963,72.7885889890948,,False,False,,1,0.0,15.363073066680286,,15.147629013998047
Less than 5 years,4500000.0,4737.0,2,2.0,,684.0,950.0,1.0,4.0,Semi-Furnished,,,Apartment,Resale,Ready to Move,2026-08-22,Mumbai,,,,,,,,,,,Bachelors/Family,2026-08-21 19:33:07+00:00,2BHK Multistorey Apartment for Resale in ,,,3.0,False,False,6578.9473684210525,3,1.0,15.319587954740548,6.52795791762255,
New Construction,4200000.0,4516.0,2,2.0,,670.0,930.0,12.0,12.0,Unfurnished,,,Apartment,Resale,Ready to Move,2026-08-22,Mumbai,Virar West,Vikram Rachna Tower,,Virar West,,,,,,,Bachelors/Family,2026-08-21 12:08:06+00:00,2BHK Multistorey Apartment for Resale in Vikram Rachna Tower at Virar West,19.4638767047594,72.7822993572118,0.0,False,False,6268.6567164179105,3,0.0,15.250595083253597,6.507277712385012,15.772149807434285
5 to 10 years,3500000.0,,2,2.0,4,935.0,,4.0,5.0,Semi-Furnished,West,Garden/Park,Apartment,Resale,Ready to Move,2026-08-21,Mumbai,,,Near MJ International School,,,Water Availability 24 Hours Available,No/Rare Powercut,Vitrified,,Freehold,Bachelors/Family,2026-08-20 23:31:11+00:00,2BHK Multistorey Apartment for Resale in ,,,7.5,False,False,3743.3155080213905,4,1.0,15.068273526459642,6.840546529288687,
Less than 5 years,3975000.0,5096.0,2,2.0,,562.0,780.0,3.0,10.0,Semi-Furnished,,,Apartment,Resale,Ready to Move,2026-08-22,Mumbai,Nalasopara West,Om Sai Heights Phase II,,Nalasopara West,,,,," P99000012116|06/2003,NA|null,P99000010535|11/2000,P99000012497|03/2001,P99000012565|07/2005",,Bachelors/Family,2026-08-21 14:54:53+00:00,2BHK Multistorey Apartment for Resale in Om Sai Heights Phase II at Nalasopara West,19.4129235749963,72.7885889890948,3.0,False,False,7072.953736654804,3,1.0,15.19553530607057,6.331501849893691,15.147629013998047
Less than 5 years,4200000.0,5600.0,2,2.0,,540.0,750.0,15.0,17.0,Unfurnished,,,Apartment,Resale,Ready to Move,2026-08-22,Mumbai,Virar West,Viva City A2,,Virar West,,,,,"NA|null,P99000008341|-1",,Bachelors/Family,2026-08-21 17:34:06+00:00,2BHK Multistorey Apartment for Resale in Viva City A2 at Virar West,19.4638767047594,72.7822993572118,3.0,False,False,7777.777777777777,3,0.0,15.250595083253597,6.29156913955832,15.772149807434285
Less than 5 years,4100000.0,5125.0,2,2.0,,576.0,800.0,8.0,15.0,Semi-Furnished,,,Apartment,Resale,Ready to Move,2026-08-21,Mumbai,Virar West,Bhoomi Acropolis,,Virar West,"Bar/Lounge,,,,Air Conditioned,Banquet Hall,Jogging and Strolling Track,Outdoor Tennis Courts,Laundry Service,,,,Internet/Wi-Fi Connectivity,RO Water System,Service/Goods Lift,Intercom Facility,Conference Room,",,,,"NA|null,P99000006132|12/2021,P99000007415|12/2020",,Bachelors/Family,2026-08-20 14:06:32+00:00,2BHK Multistorey Apartment for Resale in Bhoomi Acropolis at Virar West,19.4638767047594,72.7822993572118,3.0,False,False,7118.055555555556,4,1.0,15.226497531674536,6.3561076606958915,15.772149807434285
Less than 5 years,4480000.0,4791.0,2,2.0,,673.0,935.0,13.0,15.0,Unfurnished,,,Apartment,Resale,Ready to Move,2026-08-21,Mumbai,Virar,Arkade Acropolis,,Virar,"Bar/Lounge,,Air Conditioned,Banquet Hall,Jogging and Strolling Track,Outdoor Tennis Courts,Laundry Service,,Internet/Wi-Fi Connectivity,RO Water System,Service/Goods Lift,Visitor Parking,Intercom Facility,Conference Room,",,,,"NA|null,P51800004939|12/2022,P99000007415|08/2017",,Bachelors/Family,2026-08-20 14:06:22+00:00,2BHK Multistorey Apartment for Resale in Arkade Acropolis at Virar,19.462194642857,72.8049130698568,3.0,False,False,6656.7607726597325,4,0.0,15.315133604391168,6.511745329644728,15.40653067895644
Less than 5 years,4500000.0,4737.0,2,2.0,,684.0,950.0,1.0,15.0,Unfurnished,,,Apartment,Resale,Ready to Move,2026-08-21,Mumbai,Virar West,Arkade Acropolis,,Virar West,"Bar/Lounge,,Air Conditioned,Banquet Hall,Jogging and Strolling Track,Outdoor Tennis Courts,Laundry Service,,Internet/Wi-Fi Connectivity,RO Water System,Service/Goods Lift,Visitor Parking,Intercom Facility,Conference Room,",,,,"NA|null,P51800004939|12/2022,P99000007415|08/2017",,Bachelors/Family,2026-08-20 14:06:18+00:00,2BHK Multistorey Apartment for Resale in Arkade Acropolis at Virar West,19.4638767047594,72.7822993572118,3.0,False,False,6578.9473684210525,4,0.0,15.319587954740548,6.52795791762255,15.772149807434285
5 to 10 years,3250000.0,4815.0,2,3.0,,486.0,675.0,2.0,4.0,Semi-Furnished,,,Apartment,Resale,Ready to Move,2026-08-21,Mumbai,Virar,Maharaja Complex,,Virar,,,,,,,Bachelors/Family,2026-08-20 16:52:03+00:00,2BHK Multistorey Apartment for Resale in Maharaja Complex at Virar,19.462194642857,72.8049130698568,7.5,False,False,6687.242798353909,4,1.0,14.994165554305921,6.186208623900494,15.40653067895644
10 to 15 years,5000000.0,6667.0,2,1.0,,540.0,750.0,4.0,4.0,Unfurnished,,,Apartment,Resale,Ready to Move,2026-08-21,Mumbai,Vasai,Evershine City,,Vasai,,,,,,,Bachelors/Family,2026-08-20 16:08:11+00:00,2BHK Multistorey Apartment for Resale in Evershine City at Vasai,19.3914260104194,72.8285855834131,12.5,False,False,9259.25925925926,4,0.0,15.424948470398375,6.29156913955832,15.876706569663893
Less than 5 years,5000000.0,5882.0,2,2.0,,612.0,850.0,2.0,7.0,Semi-Furnished,,,Apartment,Resale,Ready to Move,2026-08-21,Mumbai,Palghar Naigaon East,Parasnath Nagari,,Palghar Naigaon East,"Grand Entrance lobby,,,Jogging and Strolling Track,,,Internet/Wi-Fi Connectivity,Earth quake resistant,Intercom Facility,Conference Room,",,,,,,Bachelors/Family,2026-08-20 17:40:00+00:00,2BHK Multistorey Apartment for Resale in Parasnath Nagari at Palghar Naigaon East,19.3489277756968,72.8750219955356,3.0,False,False,8169.934640522876,4,1.0,15.424948470398375,6.416732282512326,15.34271151654134
New Construction,4000000.0,4831.0,2,2.0,,596.0,828.0,5.0,14.0,Semi-Furnished,,,Apartment,Resale,Ready to Move,2026-08-21,Mumbai,Virar West,Vinay Unique Imperia,,Virar West,"Service/Goods Lift,Earth quake resistant,Visitor Parking",,,,"NA|null,P99000008596|12/2019",,Bachelors/Family,2026-08-20 16:53:39+00:00,2BHK Multistorey Apartment for Resale in Vinay Unique Imperia at Virar West,19.4638767047594,72.7822993572118,0.0,False,False,6711.4093959731545,4,1.0,15.201804919084164,6.39024066706535,15.772149807434285
15 to 20 years,3500000.0,3889.0,2,2.0,,648.0,900.0,,4.0,Unfurnished,,,Apartment,Resale,Ready to Move,2026-08-21,Mumbai,Virar,Shree Shashwat Virar,,Virar,"Laundry Service,Service/Goods Lift,Visitor Parking,",,,,,,Bachelors/Family,2026-08-20 14:34:26+00:00,2BHK Multistorey Apartment for Resale in Shree Shashwat Virar at Virar,19.462194642857,72.8049130698568,17.5,False,False,5401.234567901234,4,0.0,15.068273526459642,6.473890696352274,15.40653067895644
5 to 10 years,4100000.0,5467.0,2,2.0,,540.0,750.0,5.0,7.0,Unfurnished,,,Apartment,Resale,Ready to Move,2026-08-22,Mumbai,Virar West,HDIL Residency Park,,Virar West,,,,,,,Bachelors/Family,2026-08-21 08:59:54+00:00,2BHK Multistorey Apartment for Resale in HDIL Residency Park at Virar West,19.4638767047594,72.7822993572118,7.5,False,False,7592.592592592592,3,0.0,15.226497531674536,6.29156913955832,15.772149807434285
Less than 5 years,4800000.0,4364.0,2,2.0,,792.0,1100.0,5.0,7.0,Semi-Furnished,,,Apartment,Resale,Ready to Move,2026-08-22,Mumbai,Virar,Jyoti Harmony,,Virar,,,,,,,Bachelors/Family,2026-08-21 08:48:11+00:00,2BHK Multistorey Apartment for Resale in Jyoti Harmony at Virar,19.462194642857,72.8049130698568,3.0,False,False,6060.606060606061,3,1.0,15.38412647587812,6.674561391814426,15.40653067895644
10 to 15 years,4100000.0,7069.0,2,2.0,,418.0,580.0,3.0,4.0,Semi-Furnished,,,Apartment,Resale,Ready to Move,2026-08-21,Mumbai,Nala Sopara,Bhavesh Plaza,,Nala Sopara,"Visitor Parking,",,,,,,Bachelors/Family,2026-08-21 05:44:58+00:00,2BHK Multistorey Apartment for Resale in Bhavesh Plaza at Nala Sopara,19.4196344986519,72.8081166617887,12.5,False,False,9808.612440191388,3,1.0,15.226497531674536,6.035481432524756,15.04748204269443
5 to 10 years,4200000.0,5600.0,2,2.0,,540.0,750.0,3.0,4.0,Unfurnished,,,Apartment,Resale,Ready to Move,2026-08-21,Mumbai,Nala Sopara,Bhavesh Plaza,,Nala Sopara,"Visitor Parking,",,,,,,Bachelors/Family,2026-08-21 05:44:51+00:00,2BHK Multistorey Apartment for Resale in Bhavesh Plaza at Nala Sopara,19.4196344986519,72.8081166617887,7.5,False,False,7777.777777777777,3,0.0,15.250595083253597,6.29156913955832,15.04748204269443
Less than 5 years,4800000.0,6400.0,2,2.0,,540.0,750.0,7.0,7.0,Furnished,,,Apartment,Resale,Ready to Move,2026-08-21,Mumbai,Vasai,Rashmi Classic,,Vasai,"Air Conditioned,Intercom Facility,",,,,,,Bachelors/Family,2026-08-21 05:24:21+00:00,2BHK Multistorey Apartment for Resale in Rashmi Classic at Vasai,19.3914260104194,72.8285855834131,3.0,False,False,8888.888888888889,4,2.0,15.38412647587812,6.29156913955832,15.876706569663893
5 to 10 years,4100000.0,4141.0,2,2.0,,713.0,990.0,10.0,12.0,Semi-Furnished,,,Apartment,Resale,Ready to Move,2026-08-21,Mumbai,Virar West,Shree shakun Greens,,Virar West,"Service/Goods Lift,Visitor Parking,",,,,"NA|null,P99000001708|12/2019",,Bachelors/Family,2026-08-21 05:25:35+00:00,2BHK Multistorey Apartment for Resale in Shree shakun Greens at Virar West,19.4638767047594,72.7822993572118,7.5,False,False,5750.350631136045,4,1.0,15.226497531674536,6.569481420414296,15.772149807434285
Less than 5 years,5000000.0,5102.0,2,2.0,,706.0,980.0,8.0,15.0,Furnished,,,Apartment,Resale,Ready to Move,2026-08-21,Mumbai,Virar West,Vinay Unique Gardens,,Virar West,"Bar/Lounge,,,,,Air Conditioned,Banquet Hall,Jogging and Strolling Track,Outdoor Tennis Courts,Laundry Service,,Internet/Wi-Fi Connectivity,RO Water System,Service/Goods Lift,Intercom Facility,Conference Room,",,,,"NA|null,P99000012052|-1",,Bachelors/Family,2026-08-20 15:28:53+00:00,2BHK Multistorey Apartment for Resale in Vinay Unique Gardens at Virar West,19.4638767047594,72.7822993572118,3.0,False,False,7082.152974504249,4,2.0,15.424948470398375,6.559615237493242,15.772149807434285
5 to 10 years,4200000.0,6186.0,2,2.0,,489.0,679.0,1.0,6.0,Unfurnished,,,Apartment,Resale,Ready to Move,2026-08-20,Mumbai,Virar West,Rustomjee Global City,,Virar West,"Banquet Hall,Jogging and Strolling Track,,,,Laundry Service,,,,,Internet/Wi-Fi Connectivity,RO Water System,Visitor Parking,Intercom Facility,Conference Room,,",,,," P99000018043|-1,NA|null",,Bachelors/Family,2026-08-20 12:31:33+00:00,2BHK Multistorey Apartment for Resale in Rustomjee Global City at Virar West,19.4638767047594,72.7822993572118,7.5,False,False,8588.957055214723,4,0.0,15.250595083253597,6.192362489474872,15.772149807434285
5 to 10 years,4500000.0,7705.0,2,2.0,,420.0,584.0,9.0,12.0,Semi-Furnished,,,Apartment,Resale,Ready to Move,2026-08-20,Mumbai,Virar West,Rustomjee Global City,,Virar West,"Banquet Hall,Jogging and Strolling Track,,,,Laundry Service,,,,,Internet/Wi-Fi Connectivity,RO Water System,Visitor Parking,Intercom Facility,Conference Room,,",,,," P99000018043|-1,NA|null",,Bachelors/Family,2026-08-20 12:31:20+00:00,2BHK Multistorey Apartment for Resale in Rustomjee Global City at Virar West,19.4638767047594,72.7822993572118,7.5,False,False,10714.285714285714,4,1.0,15.319587954740548,6.040254711277414,15.772149807434285
5 to 10 years,4700000.0,5182.0,2,2.0,,653.0,907.0,5.0,7.0,Unfurnished,,,Apartment,Resale,Ready to Move,2026-08-20,Mumbai,,Rustomjee Global City,,Chikhal Dongari,"Banquet Hall,Jogging and Strolling Track,,,,Laundry Service,,,,,Internet/Wi-Fi Connectivity,RO Water System,Visitor Parking,Intercom Facility,Conference Room,,",,,," P99000018043|-1,NA|null",,Bachelors/Family,2026-08-20 12:31:02+00:00,2BHK Multistorey Apartment for Resale in Rustomjee Global City at Chikhal Dongari,19.48203,72.79096,7.5,False,False,7197.549770290965,4,0.0,15.363073066680286,6.481577129276431,
Less than 5 years,4800000.0,6780.0,2,2.0,1,570.0,708.0,16.0,23.0,Unfurnished,East,"Garden/Park, Main Road",Apartment,Resale,Ready to Move,2026-08-23,Mumbai,Palghar Naigaon East,Sunteck Maxx World,Naigaon East 401208,Palghar Naigaon East,"Air Conditioned,Banquet Hall,Jogging and Strolling Track,Outdoor Tennis Courts,Service/Goods Lift,Intercom Facility,Conference Room",Water Availability 24 Hours Available,No/Rare Powercut,"Marble,Granite","NA|null,P99000024072|-1,P99000024080|-1,P99000024111|-1,P99000024173|-1,P99000024562|-1",Freehold,Bachelors/Family,2026-08-23 12:55:36+00:00,2BHK Multistorey Apartment for Resale in Sunteck Maxx World at Palghar Naigaon East,19.3489277756968,72.8750219955356,3.0,False,False,8421.052631578947,1,0.0,15.38412647587812,6.345636360828596,15.34271151654134
5 to 10 years,3500000.0,3500.0,2,3.0,,729.0,1000.0,3.0,3.0,Semi-Furnished,East,Main Road,Apartment,Resale,Ready to Move,2026-08-17,Mumbai,,,Near Matheran Entry Gate,,Visitor Parking,Water Availability 24 Hours Available,No/Rare Powercut,Vitrified,,Freehold,Bachelors/Family,2026-08-17 12:48:05+00:00,2BHK Multistorey Apartment for Resale in ,,,7.5,False,False,4801.097393689986,7,1.0,15.068273526459642,6.591673732008658,
Less than 5 years,5000000.0,5000.0,2,3.0,5,700.0,1000.0,1.0,8.0,Unfurnished,North,Garden/Park,Apartment,Resale,Ready to Move,2026-08-14,Mumbai,Nalasopara West,,Fun Fiesta Multiplex,Nalasopara West,,,,,,Freehold,Bachelors/Family,2026-08-14 14:51:59+00:00,2BHK Multistorey Apartment for Resale in Nalasopara West,19.4129235749963,72.7885889890948,3.0,False,False,7142.857142857143,10,0.0,15.424948470398375,6.551080335043404,15.147629013998047
,4900000.0,,2,2.0,,550.0,,,,Unfurnished,,,Apartment,New Property,Ready to Move,2026-07-14,Mumbai,Palghar Naigaon East,Sunteck World,,Palghar Naigaon East,,Water Availability 24 Hours Available,No/Rare Powercut,,"NA|null,P99000024072|-1",,Bachelors/Family,2026-08-22 17:36:39+00:00,2BHK Multistorey Apartment for New Property in Sunteck World at Palghar Naigaon East,19.3489277756968,72.8750219955356,,False,False,8909.09090909091,2,0.0,15.404745763080856,6.309918278226516,15.34271151654134
,4100000.0,6129.0,2,2.0,,,669.0,6.0,7.0,Unfurnished,,,Apartment,Resale,Ready to Move,2026-07-03,Mumbai,,,,,Sea facing,,,,,,Bachelors/Family,2026-07-02 17:43:12+00:00,2BHK Multistorey Apartment for Resale in ,,,,False,False,,53,0.0,15.226497531674536,,
Less than 5 years,6000000.0,8475.0,2,2.0,1,570.0,708.0,16.0,23.0,Furnished,East,"Pool, Garden/Park, Main Road",Apartment,Resale,Ready to Move,2026-08-24,Mumbai,Palghar Naigaon East,Sunteck Maxx World,"Reliance Mart, Sunteck Maxx World, Naigaon East",Palghar Naigaon East,"Air Conditioned,Banquet Hall,Jogging and Strolling Track,Service/Goods Lift,Intercom Facility,Conference Room",Water Availability 24 Hours Available,No/Rare Powercut,"Marble,Granite","NA|null,P99000024072|-1,P99000024080|-1,P99000024111|-1,P99000024173|-1,P99000024562|-1",Freehold,Bachelors/Family,2026-08-24 07:47:50+00:00,2BHK Multistorey Apartment for Resale in Sunteck Maxx World at Palghar Naigaon East,19.3489277756968,72.8750219955356,3.0,False,False,10526.315789473685,0,2.0,15.60727002719233,6.345636360828596,15.34271151654134
,7300000.0,14429.0,2,2.0,,,47.0,2.0,19.0,Unfurnished,,,Apartment,Resale,Ready to Move,2026-08-23,Mumbai,,,,,,,,,,,Bachelors/Family,2026-08-22 21:31:25+00:00,2BHK Multistorey Apartment for Resale in ,,,,False,False,,2,0.0,15.80338490611862,,
10 to 15 years,6300000.0,7412.0,2,2.0,4,,850.0,13.0,15.0,Furnished,East,Pool,Apartment,Resale,Ready to Move,2026-08-24,Mumbai,Virar West,Vinay Unique Gardens,HDIL layout Global city,Virar West,"Sea facing,Wrap Around Balcony,Fireplace,Air Conditioned,Jogging and Strolling Track,Outdoor Tennis Courts,Private Garage,Laundry Service,Internet/Wi-Fi Connectivity,RO Water System,Service/Goods Lift,Visitor Parking,Intercom Facility",,,Granite,"NA|null,P99000012052|-1",Co-operative Society,Bachelors/Family,2026-08-23 07:31:35+00:00,2BHK Multistorey Apartment for Resale in Vinay Unique Gardens at Virar West,19.4638767047594,72.7822993572118,12.5,False,False,,1,2.0,15.65606019136176,,15.772149807434285
New Construction,6500000.0,6500.0,2,2.0,,720.0,1000.0,1.0,4.0,Unfurnished,,,Apartment,Resale,Ready to Move,2026-08-22,Mumbai,Vasai,Ameya Woods,,Vasai,,,,,"NA|null,P99000006892|06/2021",,Bachelors/Family,2026-08-21 12:49:22+00:00,2BHK Multistorey Apartment for Resale in Ameya Woods at Vasai,19.3914260104194,72.8285855834131,0.0,False,False,9027.777777777777,3,0.0,15.687312734865866,6.579251212010101,15.876706569663893
Less than 5 years,7000000.0,7778.0,2,2.0,,648.0,900.0,4.0,4.0,Furnished,,,Apartment,Resale,Ready to Move,2026-08-22,Mumbai,Bhayandar West,Annie Court CHS,,Bhayandar West,,,,,,,Bachelors/Family,2026-08-21 13:05:29+00:00,2BHK Multistorey Apartment for Resale in Annie Court CHS at Bhayandar West,19.302684296237,72.8274295067014,3.0,False,False,10802.469135802468,3,2.0,15.761420707019587,6.473890696352274,16.231848263642956
5 to 10 years,5600000.0,5833.0,2,2.0,2,640.0,960.0,3.0,3.0,Semi-Furnished,East,"Garden/Park, Pool, Main Road",Apartment,Resale,Ready to Move,2026-08-19,Mumbai,,,,,"Jogging and Strolling Track,Internet/Wi-Fi Connectivity",,,,,,Bachelors/Family,2026-08-19 15:33:06+00:00,2BHK Multistorey Apartment for Resale in ,,,7.5,False,False,8750.0,5,1.0,15.538277155705378,6.461468176353717,
,5610000.0,5500.0,2,2.0,,734.0,1020.0,14.0,18.0,Unfurnished,,,Apartment,Resale,Under Construction,2026-08-22,Mumbai,,Mariyam Heritage,,Golani Naka,,,,,"NA|null,P99000025618|-1",,Bachelors/Family,2026-08-21 17:38:32+00:00,2BHK Multistorey Apartment for Resale in Mariyam Heritage at Golani Naka,19.414152,72.864301,,False,False,7643.051771117166,3,0.0,15.540061277498879,6.598509028614515,
,5610000.0,5500.0,2,2.0,,734.0,1020.0,9.0,18.0,Unfurnished,,,Apartment,Resale,Under Construction,2026-08-22,Mumbai,,Mariyam Heritage,,Dhumal Nagar,,,,,"NA|null,P99000025618|-1",,Bachelors/Family,2026-08-21 17:38:14+00:00,2BHK Multistorey Apartment for Resale in Mariyam Heritage at Dhumal Nagar,19.421961185771,72.8677938353084,,False,False,7643.051771117166,3,0.0,15.540061277498879,6.598509028614515,
5 to 10 years,5500000.0,6250.0,2,1.0,,634.0,880.0,1.0,4.0,Unfurnished,,,Apartment,Resale,Ready to Move,2026-08-22,Mumbai,Vasai East,Rashmi Divya Complex ,,Vasai East,,,,,,,Bachelors/Family,2026-08-21 11:10:35+00:00,2BHK Multistorey Apartment for Resale in Rashmi Divya Complex  at Vasai East,19.39954,72.8604165,7.5,False,False,8675.078864353312,3,0.0,15.520258650202699,6.452048954437226,15.390093368549772
,6400000.0,8000.0,2,2.0,3,560.0,800.0,12.0,30.0,Unfurnished,,"Pool, Main Road",Apartment,Resale,Ready to Move,2026-08-19,Mumbai,,,,,"Bar/Lounge,Banquet Hall,Jogging and Strolling Track,Internet/Wi-Fi Connectivity,RO Water System,Service/Goods Lift,Intercom Facility",,,,,Freehold,Bachelors/Family,2026-08-19 15:33:27+00:00,2BHK Multistorey Apartment for Resale in ,,,,False,False,11428.57142857143,5,0.0,15.671808548329901,6.327936783729195,
,7500000.0,11538.0,2,2.0,,,650.0,1.0,2.0,Semi-Furnished,,,Residential House,Resale,Ready to Move,2026-08-18,Mumbai,Vikhroli West,,,Vikhroli West,,,,,,,Bachelors/Family,2026-08-18 15:34:33+00:00,2BHK Residential House for Resale in Vikhroli West,19.1137179954172,72.9215428733798,,False,False,,6,1.0,15.830413578506539,,15.830413578506539
15 to 20 years,8000000.0,10667.0,2,1.0,1,574.0,750.0,2.0,7.0,Semi-Furnished,East,Garden/Park,Apartment,Resale,Ready to Move,2026-08-19,Mumbai,,,Honda Showroom,Mira Road East,"Wrap Around Balcony,Visitor Parking",Water Availability 1 Hour Available,No/Rare Powercut,"Ceramic Tiles,Marble,Granite",,Freehold,Bachelors/Family,2026-08-18 23:46:01+00:00,2BHK Multistorey Apartment for Resale in Mira Road East,19.282975,72.873618,17.5,False,False,13937.282229965156,6,1.0,15.89495209964411,6.352629396319567,
Less than 5 years,6500000.0,11092.0,2,2.0,,422.0,586.0,5.0,8.0,Furnished,,,Apartment,Resale,Ready to Move,2026-08-21,Mumbai,Mira Road,RNA Broadway Avenue,,Mira Road Area,"Internet/Wi-Fi Connectivity,Visitor Parking,",,,,,,Bachelors/Family,2026-08-20 15:54:25+00:00,2BHK Multistorey Apartment for Resale in RNA Broadway Avenue at Mira Road Area,19.2829267647424,72.8627883689306,3.0,False,False,15402.843601895735,4,2.0,15.687312734865866,6.045005314036012,16.228045916668293
5 to 10 years,6500000.0,7104.0,2,2.0,,659.0,915.0,5.0,7.0,Unfurnished,,,Apartment,Resale,Ready to Move,2026-08-21,Mumbai,Virar,Viva Vrindavan Township,,Virar,Visitor Parking,,,,,,Bachelors/Family,2026-08-20 18:41:45+00:00,2BHK Multistorey Apartment for Resale in Viva Vrindavan Township at Virar,19.462194642857,72.8049130698568,7.5,False,False,9863.429438543248,4,0.0,15.687312734865866,6.490723534502507,15.40653067895644
Less than 5 years,8000000.0,9112.0,2,2.0,,632.0,878.0,4.0,18.0,Unfurnished,,,Apartment,Resale,Ready to Move,2026-08-22,Mumbai,Mira Road,DB Ozone,,Mira Road Area,"Air Conditioned,Banquet Hall,Jogging and Strolling Track,Outdoor Tennis Courts,,,,Laundry Service,,,,,Internet/Wi-Fi Connectivity,RO Water System,Service/Goods Lift,Visitor Parking,Intercom Facility,Conference Room,,",,,,"NA|null,P51700003433|-1",,Bachelors/Family,2026-08-21 06:45:54+00:00,2BHK Multistorey Apartment for Resale in DB Ozone at Mira Road Area,19.2829267647424,72.8627883689306,3.0,False,False,12658.227848101265,3,0.0,15.89495209964411,6.448889394146858,16.228045916668293
Less than 5 years,7900000.0,8957.0,2,2.0,,635.0,882.0,6.0,21.0,Unfurnished,,,Apartment,Resale,Ready to Move,2026-08-22,Mumbai,Mira Road,DB Ozone,,Mira Road Area,"Air Conditioned,Banquet Hall,Jogging and Strolling Track,Outdoor Tennis Courts,,,,Laundry Service,,,,,Internet/Wi-Fi Connectivity,RO Water System,Service/Goods Lift,Visitor Parking,Intercom Facility,Conference Room,,",,,,"NA|null,P51700003433|-1",,Bachelors/Family,2026-08-21 06:45:50+00:00,2BHK Multistorey Apartment for Resale in DB Ozone at Mira Road Area,19.2829267647424,72.8627883689306,3.0,False,False,12440.944881889764,3,0.0,15.88237331743725,6.453624998892692,16.228045916668293
Less than 5 years,8000000.0,10000.0,2,2.0,,576.0,800.0,1.0,7.0,Semi-Furnished,,,Apartment,Resale,Ready to Move,2026-08-21,Mumbai,Mira Road,Marigold 3,,Mira Road Area,,,,,,,Bachelors/Family,2026-08-20 16:47:40+00:00,2BHK Multistorey Apartment for Resale in Marigold 3 at Mira Road Area,19.2829267647424,72.8627883689306,3.0,False,False,13888.888888888889,4,1.0,15.89495209964411,6.3561076606958915,16.228045916668293
5 to 10 years,7500000.0,7653.0,2,2.0,,706.0,980.0,4.0,5.0,Semi-Furnished,,,Apartment,Resale,Ready to Move,2026-08-21,Mumbai,Mira Road,Grishma Enclave Chs,,Mira Road Area,,,,,,,Bachelors/Family,2026-08-20 16:46:49+00:00,2BHK Multistorey Apartment for Resale in Grishma Enclave Chs at Mira Road Area,19.2829267647424,72.8627883689306,7.5,False,False,10623.229461756375,4,1.0,15.830413578506539,6.559615237493242,16.228045916668293
,6000000.0,6316.0,2,2.0,,684.0,950.0,6.0,22.0,Unfurnished,,,Apartment,Resale,Under Construction,2026-08-20,Mumbai,Virar West,Mayfair Virar Gardens,,Virar West,"Kids play area,Banquet Hall,,,Earth quake resistant,",,,,"NA|null,P99000028348|-1",,Bachelors/Family,2026-08-20 10:53:27+00:00,2BHK Multistorey Apartment for Resale in Mayfair Virar Gardens at Virar West,19.4638767047594,72.7822993572118,,False,False,8771.929824561403,4,0.0,15.60727002719233,6.52795791762255,15.772149807434285
10 to 15 years,7700000.0,7700.0,2,2.0,3,740.0,1000.0,3.0,14.0,Furnished,West,"Garden/Park, Main Road",Apartment,Resale,Ready to Move,2026-08-14,Mumbai,Nala Sopara,Reliable Prestige,IDBI Bank,Nala Sopara,"Air Conditioned,Banquet Hall,Visitor Parking",Water Availability 2 Hours Available,No/Rare Powercut,Ceramic Tiles,,Co-operative Society,Bachelors/Family,2026-08-13 23:51:07+00:00,2BHK Multistorey Apartment for Resale in Reliable Prestige at Nala Sopara,19.4196344986519,72.8081166617887,12.5,False,False,10405.405405405405,11,2.0,15.856730886823913,6.606650186198215,15.04748204269443
,7770000.0,,2,2.0,,645.0,,,,Unfurnished,,,Apartment,New Property,Ready to Move,2025-10-23,Mumbai,Virar,Shapoorji Pallonji Joyville Virar,,Virar,,,,,"NA|null,P51900000444|-1,P99000013612|-1,P99000018521|-1,P99000019531|-1,P99000019538|-1,P99000031256|-1",,Bachelors/Family,2026-08-22 17:36:39+00:00,2BHK Multistorey Apartment for New Property in Shapoorji Pallonji Joyville Virar at Virar,19.462194642857,72.8049130698568,,False,False,12046.511627906977,2,0.0,15.86578072234383,6.4692503167957724,15.40653067895644
,8000000.0,10899.0,2,2.0,,,734.0,16.0,18.0,Semi-Furnished,,,Apartment,Resale,Ready to Move,2026-04-23,Mumbai,,,,,,,,,,,Bachelors/Family,2026-04-22 22:30:25+00:00,2BHK Multistorey Apartment for Resale in ,,,,False,False,,124,1.0,15.89495209964411,,
5 to 10 years,5000000.0,4545.0,2,2.0,,1000.0,1100.0,0.0,3.0,Semi-Furnished,,Garden/Park,Apartment,Resale,Ready to Move,2026-06-02,Mumbai,,,,,Outdoor Tennis Courts,,,,,,Bachelors/Family,2026-06-01 17:53:15+00:00,2BHK Multistorey Apartment for Resale in ,,,7.5,False,False,5000.0,84,1.0,15.424948470398375,6.907755278982137,
15 to 20 years,8000000.0,7619.0,2,2.0,3,,1050.0,2.0,3.0,Semi-Furnished,East,,Apartment,Resale,Ready to Move,2026-07-16,Mumbai,Vasai West,,,Vasai West,,,,Granite,,Co-operative Society,Bachelors/Family,2026-07-15 18:24:17+00:00,2BHK Multistorey Apartment for Resale in Vasai West,19.3745830863848,72.8076393946386,17.5,False,False,,40,1.0,15.89495209964411,,16.149761228170277
New Construction,5500000.0,11579.0,2,2.0,,,475.0,12.0,15.0,Unfurnished,East,"Pool, Main Road, Garden/Park",Apartment,New Property,Ready to Move,2026-05-08,Mumbai,,,,,,,,,,Freehold,Bachelors/Family,2026-05-05 09:46:51+00:00,2BHK Multistorey Apartment for New Property in ,,,0.0,False,False,,111,0.0,15.520258650202699,,
15 to 20 years,6200000.0,7848.0,2,2.0,,675.0,790.0,7.0,7.0,Unfurnished,South - East,Garden/Park,Apartment,New Property,Ready to Move,2026-04-27,Mumbai,Palghar Naigaon East,,Nalanda Complex,Palghar Naigaon East,Visitor Parking,Water Availability 24 Hours Available,No/Rare Powercut,Ceramic Tiles,,Freehold,Bachelors/Family,2026-04-24 23:44:55+00:00,2BHK Multistorey Apartment for New Property in Palghar Naigaon East,19.3489277756968,72.8750219955356,17.5,False,False,9185.185185185184,122,0.0,15.64005985001532,6.51471269087253,15.34271151654134
5 to 10 years,8900000.0,12192.0,2,2.0,2,,730.0,15.0,16.0,Semi-Furnished,East,"Garden/Park, Main Road",Apartment,Resale,Ready to Move,2026-08-24,Mumbai,Mira Road,Hubtown Gardenia,,Mira Road Area,"Jogging and Strolling Track,Outdoor Tennis Courts,Laundry Service,Internet/Wi-Fi Connectivity,RO Water System,Service/Goods Lift,Visitor Parking,Intercom Facility,Conference Room",,,,,Co-operative Society,Bachelors/Family,2026-08-23 23:45:05+00:00,2BHK Multistorey Apartment for Resale in Hubtown Gardenia at Mira Road Area,19.2829267647424,72.8627883689306,7.5,False,False,,1,1.0,16.00156183470237,,16.228045916668293
5 to 10 years,10000000.0,5000.0,2,2.0,,1050.0,2000.0,,,Unfurnished,,,Villa,Resale,Ready to Move,2026-08-23,Mumbai,,,,,,,,,,,Bachelors/Family,2026-08-22 21:31:25+00:00,2BHK Villa for Resale in ,,,7.5,False,False,9523.809523809523,2,0.0,16.11809565095832,6.956545443151569,
5 to 10 years,11100000.0,13875.0,2,2.0,3,609.0,800.0,18.0,22.0,Semi-Furnished,,,Apartment,Resale,Ready to Move,2026-08-21,Mumbai,,SKD Pinnacolo,,Beverly Park,,,,,"NA|null,P51700008205|-1",,Bachelors/Family,2026-08-21 08:43:05+00:00,2BHK Multistorey Apartment for Resale in SKD Pinnacolo at Beverly Park,19.295256624119,72.871489861401,7.5,False,False,18226.600985221674,3,1.0,16.222455666282563,6.411818267709897,
,10600000.0,25359.0,2,3.0,,301.0,418.0,12.0,46.0,Unfurnished,,,Apartment,Resale,Under Construction,2026-08-22,Mumbai,Borivali East,Chandak Codename GreenBiz,,Borivali East,"Kids play area,Air Conditioned,Mini Cinema Theatre,Located in the Heart of city,Guest lobby in each floor",,,,"NA|null,P51800035093|06/2028",,Bachelors/Family,2026-08-21 20:01:59+00:00,2BHK Multistorey Apartment for Resale in Chandak Codename GreenBiz at Borivali East,19.2272619069866,72.8634397272398,,False,False,35215.94684385382,3,0.0,16.176364559082295,5.707110264748875,17.562034381620705
5 to 10 years,11000000.0,14667.0,2,2.0,3,540.0,750.0,15.0,23.0,Semi-Furnished,East,Main Road,Apartment,Resale,Ready to Move,2026-08-22,Mumbai,,,Podar International School,Vinay Nagar,"Banquet Hall,Jogging and Strolling Track,Internet/Wi-Fi Connectivity,Service/Goods Lift,Visitor Parking,Intercom Facility",Water Availability 24 Hours Available,No/Rare Powercut,Vitrified,,Freehold,Bachelors/Family,2026-08-21 23:31:10+00:00,2BHK Multistorey Apartment for Resale in Vinay Nagar,19.2801994577438,72.8818023164363,7.5,False,False,20370.37037037037,3,1.0,16.213405830762646,6.29156913955832,
,8700000.0,9943.0,2,2.0,,630.0,875.0,10.0,23.0,Furnished,,,Apartment,Resale,Under Construction,2026-08-22,Mumbai,Mira Road,PNK Tiara Hills,,Mira Road Area,"Air Conditioned,Jogging and Strolling Track,,,Internet/Wi-Fi Connectivity,Earth quake resistant,Intercom Facility,Conference Room,",,,,"NA|null,P51700010406|12/2024",,Bachelors/Family,2026-08-21 11:51:49+00:00,2BHK Multistorey Apartment for Resale in PNK Tiara Hills at Mira Road Area,19.2829267647424,72.8627883689306,,False,False,13809.52380952381,3,2.0,15.978833583624812,6.4457198193855785,16.228045916668293
,9700000.0,18547.0,2,2.0,,377.0,523.0,3.0,8.0,Unfurnished,,,Apartment,Resale,Under Construction,2026-08-22,Mumbai,Andheri East,Hubtown Palmrose,,Andheri East,,,,,"NA|null,P51900000044|-1,P51900000047|-1",,Bachelors/Family,2026-08-21 13:15:25+00:00,2BHK Multistorey Apartment for Resale in Hubtown Palmrose at Andheri East,19.1154908,72.8726952,,False,False,25729.44297082228,3,0.0,16.08763644347361,5.932245187448011,17.064584727117307
New Construction,10500000.0,16154.0,2,2.0,,468.0,650.0,4.0,22.0,Unfurnished,,,Apartment,Resale,Ready to Move,2026-08-22,Mumbai,Vikhroli East,Puneet Sanjivani Tower ,,Vikhroli East,"Intercom Facility,",,,,"NA|null,P51800015397|-1,P51800017800|-1,P51800017842|-1",,Bachelors/Family,2026-08-21 14:30:32+00:00,2BHK Multistorey Apartment for Resale in Puneet Sanjivani Tower  at Vikhroli East,19.08940973659,72.9389256015301,0.0,False,False,22435.897435897437,3,0.0,16.166885815127753,6.148468295917647,16.166885815127753
5 to 10 years,8500000.0,8808.0,2,2.0,,695.0,965.0,5.0,13.0,Unfurnished,,,Apartment,Resale,Ready to Move,2026-08-22,Mumbai,Mira Road,PNK Winstone,,Mira Road Area,"Intercom Facility,",,,,,,Bachelors/Family,2026-08-21 14:55:19+00:00,2BHK Multistorey Apartment for Resale in PNK Winstone at Mira Road Area,19.2829267647424,72.8627883689306,7.5,False,False,12230.21582733813,3,0.0,15.955576721460545,6.543911845564792,16.228045916668293
New Construction,9200000.0,16727.0,2,2.0,,396.0,550.0,24.0,25.0,Unfurnished,,,Apartment,Resale,Ready to Move,2026-08-22,Mumbai,Mira Road,JP Codename Hot Cake,,Mira Road Area,"Banquet Hall,Jogging and Strolling Track,Mini Cinema Theatre,,Service/Goods Lift,Earth quake resistant,Visitor Parking,Intercom Facility,",,,,"NA|null,P51700019613|-1",,Bachelors/Family,2026-08-21 15:07:39+00:00,2BHK Multistorey Apartment for Resale in JP Codename Hot Cake at Mira Road Area,19.2829267647424,72.8627883689306,0.0,False,False,23232.323232323233,3,0.0,16.034714042019267,5.981414211254481,16.228045916668293
Less than 5 years,9000000.0,9009.0,2,2.0,,719.0,999.0,13.0,13.0,Furnished,,,Apartment,Resale,Ready to Move,2026-08-22,Mumbai,Mira Road,NG Silver Spring,,Mira Road Area,"Fireplace,Fingerprint Access,,,Air Conditioned,Jogging and Strolling Track,Outdoor Tennis Courts,Laundry Service,,,RO Water System,Service/Goods Lift,Visitor Parking,Intercom Facility,",,,,"NA|null,P51700000009|12/2018",,Bachelors/Family,2026-08-21 11:16:54+00:00,2BHK Multistorey Apartment for Resale in NG Silver Spring at Mira Road Area,19.2829267647424,72.8627883689306,3.0,False,False,12517.385257301808,3,2.0,16.012735135300492,6.577861357721047,16.228045916668293
,12000000.0,18957.0,2,1.0,,,633.0,2.0,5.0,Semi-Furnished,,,Apartment,Resale,Ready to Move,2026-08-19,Mumbai,,,,,,,,,,,Bachelors/Family,2026-08-18 21:31:59+00:00,2BHK Multistorey Apartment for Resale in ,,,,False,False,,6,1.0,16.300417207752275,,
New Construction,12000000.0,12632.0,2,2.0,,684.0,950.0,14.0,19.0,Furnished,,,Apartment,Resale,Ready to Move,2026-08-21,Mumbai,Mira Road,Kakad Paradise,,Mira Road Area,"Jogging and Strolling Track,Laundry Service,Internet/Wi-Fi Connectivity,RO Water System,Service/Goods Lift,Visitor Parking,Intercom Facility,",,,,"NA|null,P51700006750|-1",,Bachelors/Family,2026-08-20 16:14:40+00:00,2BHK Multistorey Apartment for Resale in Kakad Paradise at Mira Road Area,19.2829267647424,72.8627883689306,0.0,False,False,17543.859649122805,4,2.0,16.300417207752275,6.52795791762255,16.228045916668293
Less than 5 years,11000000.0,11957.0,2,2.0,,662.0,920.0,3.0,17.0,Semi-Furnished,,,Apartment,Resale,Ready to Move,2026-08-21,Mumbai,Kurla East,Hdil Galaxy Apartment,,Kurla East,"Jogging and Strolling Track,,Intercom Facility,",,,,,,Bachelors/Family,2026-08-20 16:11:34+00:00,2BHK Multistorey Apartment for Resale in Hdil Galaxy Apartment at Kurla East,19.0615645059118,72.880543263673,3.0,False,False,16616.31419939577,4,1.0,16.213405830762646,6.495265555937008,16.48584946437232
Less than 5 years,11000000.0,11957.0,2,2.0,,662.0,920.0,17.0,17.0,Unfurnished,,,Apartment,Resale,Ready to Move,2026-08-21,Mumbai,Kurla East,Hdil Galaxy Apartment,,Kurla East,"Jogging and Strolling Track,,Intercom Facility,",,,,,,Bachelors/Family,2026-08-20 16:11:22+00:00,2BHK Multistorey Apartment for Resale in Hdil Galaxy Apartment at Kurla East,19.0615645059118,72.880543263673,3.0,False,False,16616.31419939577,4,0.0,16.213405830762646,6.495265555937008,16.48584946437232
Less than 5 years,9500000.0,12179.0,2,2.0,,562.0,780.0,18.0,19.0,Semi-Furnished,,,Apartment,Resale,Ready to Move,2026-08-22,Mumbai,Mira Road,DB Ozone,,Mira Road Area,"Air Conditioned,Banquet Hall,Jogging and Strolling Track,Outdoor Tennis Courts,,,,Laundry Service,,,,,Internet/Wi-Fi Connectivity,RO Water System,Service/Goods Lift,Visitor Parking,Intercom Facility,Conference Room,,",,,,"NA|null,P51700003433|-1",,Bachelors/Family,2026-08-21 06:45:23+00:00,2BHK Multistorey Apartment for Resale in DB Ozone at Mira Road Area,19.2829267647424,72.8627883689306,3.0,False,False,16903.914590747332,3,1.0,16.06680235657077,6.331501849893691,16.228045916668293
New Construction,9000000.0,14423.0,2,2.0,,449.0,624.0,4.0,21.0,Semi-Furnished,,,Apartment,Resale,Ready to Move,2026-08-22,Mumbai,Mira Road,DB Ozone,,Mira Road Area,"Air Conditioned,Banquet Hall,Jogging and Strolling Track,Outdoor Tennis Courts,,,,Laundry Service,,,,,Internet/Wi-Fi Connectivity,RO Water System,Service/Goods Lift,Visitor Parking,Intercom Facility,Conference Room,,",,,,"NA|null,P51700003433|-1",,Bachelors/Family,2026-08-21 06:45:19+00:00,2BHK Multistorey Apartment for Resale in DB Ozone at Mira Road Area,19.2829267647424,72.8627883689306,0.0,False,False,20044.5434298441,3,1.0,16.012735135300492,6.1070228877422545,16.228045916668293
Less than 5 years,11000000.0,11957.0,2,2.0,,662.0,920.0,1.0,20.0,Unfurnished,,,Apartment,Resale,Ready to Move,2026-08-21,Mumbai,,Galaxy Apartment,,Qureshi Nagar,"Laundry Service,Service/Goods Lift,,",,,,"NA|null,P51800010758|02/2010",,Bachelors/Family,2026-08-21 06:31:31+00:00,2BHK Multistorey Apartment for Resale in Galaxy Apartment at Qureshi Nagar,19.0599068355234,72.8771601565175,3.0,False,False,16616.31419939577,3,0.0,16.213405830762646,6.495265555937008,
10 to 15 years,9700000.0,10778.0,2,2.0,,648.0,900.0,4.0,7.0,Semi-Furnished,,,Apartment,Resale,Ready to Move,2026-08-21,Mumbai,Mira Road,Dhanlaxmi CHS,,Mira Road Area,,,,,,,Bachelors/Family,2026-08-20 16:45:33+00:00,2BHK Multistorey Apartment for Resale in Dhanlaxmi CHS at Mira Road Area,19.2829267647424,72.8627883689306,12.5,False,False,14969.135802469136,4,1.0,16.08763644347361,6.473890696352274,16.228045916668293
Less than 5 years,12000000.0,12195.0,2,2.0,,708.0,984.0,5.0,17.0,Unfurnished,,,Apartment,Resale,Ready to Move,2026-08-21,Mumbai,Mira Road,SK Imperial Heights,,Mira Road Area,"Grand Entrance lobby,",,,,"NA|null,P51700008172|-1",,Bachelors/Family,2026-08-20 17:46:10+00:00,2BHK Multistorey Apartment for Resale in SK Imperial Heights at Mira Road Area,19.2829267647424,72.8627883689306,3.0,False,False,16949.15254237288,4,0.0,16.300417207752275,6.56244409369372,16.228045916668293
15 to 20 years,9500000.0,10326.0,2,1.0,,662.0,920.0,6.0,7.0,Unfurnished,,,Apartment,Resale,Ready to Move,2026-08-22,Mumbai,Hatkesh Udhog Nagar,Salasar Garden,,Hatkesh Udhog Nagar,,,,,,,Bachelors/Family,2026-08-21 09:07:27+00:00,2BHK Multistorey Apartment for Resale in Salasar Garden at Hatkesh Udhog Nagar,19.2813658205394,72.8783658846685,17.5,False,False,14350.453172205438,3,0.0,16.06680235657077,6.495265555937008,16.06680235657077
Less than 5 years,10000000.0,10000.0,2,2.0,,720.0,1000.0,4.0,7.0,Semi-Furnished,,,Apartment,Resale,Ready to Move,2026-08-22,Mumbai,Mira Road,Salasar Garden,,Mira Road Area,,,,,,,Bachelors/Family,2026-08-21 09:07:21+00:00,2BHK Multistorey Apartment for Resale in Salasar Garden at Mira Road Area,19.2829267647424,72.8627883689306,3.0,False,False,13888.888888888889,3,1.0,16.11809565095832,6.579251212010101,16.228045916668293
15 to 20 years,10000000.0,16000.0,2,1.0,2,425.0,625.0,7.0,7.0,Semi-Furnished,South - East,Main Road,Apartment,Resale,Ready to Move,2026-08-19,Mumbai,Tata Colony Mulund East,,5 min walk eartern express highway 15 min walk to mulund east stat,Tata Colony Mulund East,,Water Availability 24 Hours Available,No/Rare Powercut,Mosaic,,Freehold,Bachelors/Family,2026-08-18 23:34:52+00:00,2BHK Multistorey Apartment for Resale in Tata Colony Mulund East,19.160263,72.957782,17.5,False,False,23529.41176470588,6,1.0,16.11809565095832,6.052089168924417,16.11809565095832
Less than 5 years,11500000.0,12849.0,2,2.0,,644.0,895.0,7.0,16.0,Semi-Furnished,,,Apartment,Resale,Ready to Move,2026-08-21,Mumbai,Bhandup West,Accel Belvedere,,Bhandup West,"Banquet Hall,Jogging and Strolling Track,,Visitor Parking,",,,,,,Bachelors/Family,2026-08-21 06:23:04+00:00,2BHK Multistorey Apartment for Resale in Accel Belvedere at Bhandup West,19.149901,72.931134,3.0,False,False,17857.14285714286,3,1.0,16.25785759333348,6.467698726104354,16.367255675821816
Less than 5 years,10500000.0,12963.0,2,2.0,,583.0,810.0,1.0,7.0,Unfurnished,,,Apartment,Resale,Ready to Move,2026-08-21,Mumbai,Kandivali West,Golden Enclave,,Kandivali West,,,,,,,Bachelors/Family,2026-08-21 04:40:40+00:00,2BHK Multistorey Apartment for Resale in Golden Enclave at Kandivali West,19.2101312179652,72.8305011930765,3.0,False,False,18010.291595197257,4,0.0,16.166885815127753,6.368187186350492,16.88809240469397
5 to 10 years,11000000.0,14865.0,2,1.0,,533.0,740.0,4.0,10.0,Unfurnished,,,Apartment,Resale,Ready to Move,2026-08-21,Mumbai,Kurla East,Baba Vihar,,Kurla East,,,,,,,Bachelors/Family,2026-08-21 04:46:23+00:00,2BHK Multistorey Apartment for Resale in Baba Vihar at Kurla East,19.0615645059118,72.880543263673,7.5,False,False,20637.898686679175,4,0.0,16.213405830762646,6.278521424165844,16.48584946437232
,17000000.0,17436.0,2,2.0,,,975.0,9.0,15.0,Furnished,,,Apartment,Resale,Ready to Move,2026-08-24,Mumbai,Ghatkopar East,Sai Life Sai Siddhi Towers,,Ghatkopar East,,,,,,,Bachelors/Family,2026-08-24 10:27:20+00:00,2BHK Multistorey Apartment for Resale in Sai Life Sai Siddhi Towers at Ghatkopar East,19.07907,72.907976,,False,False,,0,2.0,16.64872390202049,,17.19392251305016
Less than 5 years,12500000.0,12255.0,2,2.0,4,,1020.0,4.0,21.0,Semi-Furnished,North,"Garden/Park, Main Road",Apartment,Resale,Ready to Move,2026-08-22,Mumbai,Mira Road,Unique Shanti Poonam Estate Cluster 2,Shanti Garden,Mira Road Area,"Jogging and Strolling Track,Laundry Service,Internet/Wi-Fi Connectivity,Service/Goods Lift,Intercom Facility",,,,"NA|null,P51700008166|06/2019,P51700009072|03/2018,P51700011797|12/2017",Co-operative Society,Bachelors/Family,2026-08-22 06:08:09+00:00,2BHK Multistorey Apartment for Resale in Unique Shanti Poonam Estate Cluster 2 at Mira Road Area,19.2829267647424,72.8627883689306,3.0,False,False,,2,1.0,16.34123920227253,,16.228045916668293
New Construction,16700000.0,25891.0,2,2.0,,,645.0,18.0,22.0,Semi-Furnished,East,"Garden/Park, Pool",Apartment,Resale,Ready to Move,2026-08-24,Mumbai,Sector 2 Charkop,,,Sector 2 Charkop,,,,,,Co-operative Society,Bachelors/Family,2026-08-22 08:31:55+00:00,2BHK Multistorey Apartment for Resale in Sector 2 Charkop,19.21222,72.82118,0.0,False,False,,2,1.0,16.630919277386983,,16.624895108128896
,17850000.0,17000.0,2,2.0,1,684.0,1050.0,15.0,22.0,Unfurnished,North - East,"Garden/Park, Pool",Apartment,New Property,Under Construction,2026-08-24,Mumbai,Morarji Nagar,Dhanani Shree Krishna,Near Powai lake,Morarji Nagar,"Smart Home,Skydeck,Wrap Around Balcony,Fireplace,Helipad,Full Glass Wall,Fingerprint Access,House help accommodation,Air Conditioned,Banquet Hall,Jogging and Strolling Track,Outdoor Tennis Courts,Internet/Wi-Fi Connectivity,RO Water System,Service/Goods Lift,Visitor Parking,Intercom Facility,Conference Room,Downtown",Water Availability 24 Hours Available,No/Rare Powercut,Marble,"NA|null,P51800045520|-1",Freehold,Bachelors/Family,2026-08-24 07:04:44+00:00,2BHK Multistorey Apartment for New Property in Dhanani Shree Krishna at Morarji Nagar,19.13265,72.89969,,False,False,26096.491228070176,0,0.0,16.69751406618992,6.52795791762255,16.69751406618992
New Construction,16500000.0,19527.0,2,3.0,,645.0,845.0,12.0,21.0,Unfurnished,West,Main Road,Apartment,Resale,Ready to Move,2026-08-24,Mumbai,Sector 2 Charkop,Shreeji Solitaire,ies school,Sector 2 Charkop,"Outdoor Tennis Courts,Intercom Facility",Water Availability 24 Hours Available,No/Rare Powercut,Vitrified,"NA|null,P51800052931|-1",Freehold,Bachelors/Family,2026-08-24 07:35:54+00:00,2BHK Multistorey Apartment for Resale in Shreeji Solitaire at Sector 2 Charkop,19.21222,72.82118,0.0,False,False,25581.39534883721,0,0.0,16.61887093887081,6.4692503167957724,16.624895108128896
Less than 5 years,13000000.0,19288.0,2,2.0,2,580.0,674.0,3.0,18.0,Unfurnished,,Garden/Park,Apartment,Resale,Ready to Move,2026-08-24,Mumbai,Malad West,Sethia Raj Shivganga,bhoomi Mart Malad West,Malad West,"Air Conditioned,Internet/Wi-Fi Connectivity,Service/Goods Lift",,,"Vitrified,Ceramic Tiles","NA|null,P51800008454|-1",Co-operative Society,Bachelors/Family,2026-08-23 21:31:38+00:00,2BHK Multistorey Apartment for Resale in Sethia Raj Shivganga at Malad West,19.1940346300819,72.8257561606587,3.0,False,False,22413.793103448275,1,0.0,16.38045991542581,6.363028103540465,16.726961842869137
5 to 10 years,13000000.0,21667.0,2,2.0,,556.0,600.0,12.0,16.0,Semi-Furnished,East,"Garden/Park, Main Road",Apartment,Resale,Ready to Move,2026-08-24,Mumbai,Kurla East,Deraiya Nehru Nagar Nirmal ,Kurla Railway Station,Kurla East,"Air Conditioned,Internet/Wi-Fi Connectivity,RO Water System,Visitor Parking,Intercom Facility",Water Availability 24 Hours Available,No/Rare Powercut,"Vitrified,Marble,Granite","NA|null,P51800050064|-1",Leasehold,Bachelors/Family,2026-08-23 23:31:19+00:00,2BHK Multistorey Apartment for Resale in Deraiya Nehru Nagar Nirmal  at Kurla East,19.0615645059118,72.880543263673,7.5,False,False,23381.294964028777,1,1.0,16.38045991542581,6.320768294250582,16.48584946437232
10 to 15 years,15900000.0,23802.0,2,2.0,1,,668.0,1.0,7.0,Furnished,East,Garden/Park,Apartment,Resale,Ready to Move,2026-08-24,Mumbai,Dahisar,,NL Complex.,Dahisar,Air Conditioned,,,Vitrified,,Co-operative Society,Bachelors/Family,2026-08-23 23:39:21+00:00,2BHK Multistorey Apartment for Resale in Dahisar,19.253294549215,72.8588324428622,12.5,False,False,,1,2.0,16.58182966719046,,16.58182966719046
New Construction,16000000.0,16000.0,2,2.0,2,650.0,1000.0,4.0,16.0,Semi-Furnished,West,Main Road,Apartment,Resale,Ready to Move,2026-08-24,Mumbai,Chembur,Om Sai Chembur Nandadeep CHS,Chembur Railway Station,Chembur,"Central AC ,3 Tier Security System,Air Conditioned,AC in each room ,Internet/Wi-Fi Connectivity,RO Water System,Visitor Parking,Intercom Facility",,,"Vitrified,Marble,Granite","NA|null,P51800008920|-1",Freehold,Bachelors/Family,2026-08-23 23:32:06+00:00,2BHK Multistorey Apartment for Resale in Om Sai Chembur Nandadeep CHS at Chembur,19.0459181155422,72.8975231581492,0.0,False,False,24615.384615384617,1,1.0,16.588099280204055,6.476972362889683,17.204493810368014
,16000000.0,32323.0,2,2.0,,,495.0,4.0,21.0,Unfurnished,East,Garden/Park,Apartment,Resale,Under Construction,2026-08-24,Mumbai,Sunder Nagar Malad West,Nicco Sunder Milan,"Inorbit Mall ,near linking road,sv road and western express Highway",Sunder Nagar Malad West,"Banquet Hall,Jogging and Strolling Track,Internet/Wi-Fi Connectivity,Intercom Facility",,,,"NA|null,PR1180002502888|-1",Co-operative Society,Bachelors/Family,2026-08-23 23:51:51+00:00,2BHK Multistorey Apartment for Resale in Nicco Sunder Milan at Sunder Nagar Malad West,19.177041,72.841444,,False,False,,1,0.0,16.588099280204055,,17.23202642435737
Less than 5 years,17000000.0,25000.0,2,2.0,,591.0,680.0,7.0,36.0,Unfurnished,North - East,,Apartment,Resale,Ready to Move,2026-08-24,Mumbai,MHB Colony Dindoshi,JE & VEE Om Trimurti,Oberoi Mall,MHB Colony Dindoshi,,Water Availability 24 Hours Available,No/Rare Powercut,Ceramic Tiles,"NA|null,P51800020394|-1",Co-operative Society,Bachelors/Family,2026-08-23 23:50:08+00:00,2BHK Multistorey Apartment for Resale in JE & VEE Om Trimurti at MHB Colony Dindoshi,19.1778527,72.86034163,3.0,False,False,28764.805414551607,1,0.0,16.64872390202049,6.3818160174060985,16.64872390202049
Above 20 years,15000000.0,18750.0,2,2.0,,580.0,800.0,6.0,7.0,Furnished,West,Main Road,Apartment,Resale,Ready to Move,2026-08-24,Mumbai,Kurla West,Manavadrushti CHS,Opposite Kurla Court.,Kurla West,"Air Conditioned,Internet/Wi-Fi Connectivity",Water Availability 24 Hours Available,No/Rare Powercut,Marble,,Co-operative Society,Bachelors/Family,2026-08-23 23:46:24+00:00,2BHK Multistorey Apartment for Resale in Manavadrushti CHS at Kurla West,19.077063,72.8840395,25.0,False,False,25862.068965517243,1,2.0,16.523560759066484,6.363028103540465,17.26072092557152
10 to 15 years,15000000.0,14493.0,2,2.0,,760.0,1035.0,6.0,16.0,Semi-Furnished,North,Garden/Park,Apartment,Resale,Ready to Move,2026-08-24,Mumbai,Powai,Trikutta Tower,Sun City Complex,Powai,"Water Front,Internet/Wi-Fi Connectivity,Visitor Parking,Intercom Facility",Water Availability 24 Hours Available,No/Rare Powercut,Vitrified,,Co-operative Society,Bachelors/Family,2026-08-23 23:46:21+00:00,2BHK Multistorey Apartment for Resale in Trikutta Tower at Powai,19.1196773,72.9050809,12.5,False,False,19736.842105263157,1,1.0,16.523560759066484,6.633318433280377,17.080894141792264
10 to 15 years,14500000.0,15263.0,2,2.0,3,700.0,950.0,7.0,10.0,Furnished,South - East,Garden/Park,Apartment,Resale,Ready to Move,2026-08-24,Mumbai,Mira Road,Happy Home Heights,MBMC Registration Office,Mira Road Area,"Full Glass Wall,Air Conditioned,Jogging and Strolling Track,Laundry Service,Internet/Wi-Fi Connectivity,RO Water System,Service/Goods Lift,Visitor Parking,Intercom Facility",,,"Vitrified,Marble",,Freehold,Bachelors/Family,2026-08-23 23:33:29+00:00,2BHK Multistorey Apartment for Resale in Happy Home Heights at Mira Road Area,19.2829267647424,72.8627883689306,12.5,False,False,20714.285714285714,1,2.0,16.489659207390805,6.551080335043404,16.228045916668293
5 to 10 years,16500000.0,16224.0,2,2.0,2,,1017.0,9.0,12.0,Furnished,North - East,"Garden/Park, Pool, Main Road",Apartment,Resale,Ready to Move,2026-08-24,Mumbai,Mira Road,Tanvi Eminence,Kashimira police station,Mira Road Area,"Air Conditioned,Banquet Hall,Jogging and Strolling Track,Laundry Service,Internet/Wi-Fi Connectivity,RO Water System,Service/Goods Lift,Intercom Facility",,,,"NA|null,P51800008104|03/2020,P51800008105|03/2020",,Bachelors/Family,2026-08-23 23:33:41+00:00,2BHK Multistorey Apartment for Resale in Tanvi Eminence at Mira Road Area,19.2829267647424,72.8627883689306,7.5,False,False,,1,2.0,16.61887093887081,,16.228045916668293
New Construction,14400000.0,26667.0,2,2.0,,503.0,540.0,8.0,13.0,Semi-Furnished,,,Apartment,Resale,Ready to Move,2026-08-24,Mumbai,Somwari Bazar,,,Somwari Bazar,,,,,,,Bachelors/Family,2026-08-23 23:41:23+00:00,2BHK Multistorey Apartment for Resale in Somwari Bazar,19.1815923219014,72.8425215710442,0.0,False,False,28628.230616302186,1,1.0,16.48273876454623,6.220590170099739,16.48273876454623
,13350000.0,15706.0,2,2.0,,740.0,850.0,,,Semi-Furnished,,,Apartment,Resale,Ready to Move,2026-08-24,Mumbai,Amar Nagar Mulund West,Highland Park,,Amar Nagar Mulund West,,,,,,,Bachelors/Family,2026-08-24 07:01:42+00:00,2BHK Multistorey Apartment for Resale in Highland Park at Amar Nagar Mulund West,19.1683641389879,72.9312017500049,,False,False,18040.54054054054,0,1.0,16.407026942810532,6.606650186198215,16.407026942810532
5 to 10 years,15000000.0,17964.0,2,2.0,3,750.0,835.0,20.0,20.0,Semi-Furnished,East,"Garden/Park, Main Road",Apartment,New Property,Ready to Move,2026-08-23,Mumbai,Goregaon West,Kapil Vastu,Mrinaltai Gore Flyover,Goregaon West,"Jogging and Strolling Track,Laundry Service,Visitor Parking",,,Vitrified,,Co-operative Society,Bachelors/Family,2026-08-23 05:35:15+00:00,2BHK Multistorey Apartment for New Property in Kapil Vastu at Goregaon West,19.1630920855215,72.8398088005091,7.5,False,False,20000.0,2,1.0,16.523560759066484,6.620073206530356,17.72656282560243
5 to 10 years,12500000.0,12255.0,2,2.0,2,697.0,1020.0,18.0,21.0,Unfurnished,East,Main Road,Apartment,Resale,Ready to Move,2026-08-23,Mumbai,Malvani,,opp to Ram Mandir temple,Malvani,"Sea facing,Wrap Around Balcony,Internet/Wi-Fi Connectivity,Service/Goods Lift",Water Availability 24 Hours Available,No/Rare Powercut,Vitrified,,Freehold,Bachelors/Family,2026-08-22 21:31:16+00:00,2BHK Multistorey Apartment for Resale in Malvani,19.1878361476608,72.8193396211644,7.5,False,False,17934.00286944046,2,0.0,16.34123920227253,6.546785410760524,16.43239998066951
,14500000.0,22308.0,2,1.0,,,650.0,3.0,5.0,Unfurnished,,,Apartment,Resale,,2026-08-23,Mumbai,Shiv Srushti Kurla,,,Shiv Srushti Kurla,,,,,,,Bachelors/Family,2026-08-23 12:14:08+00:00,2BHK Multistorey Apartment for Resale in Shiv Srushti Kurla,19.05697,72.88198,,False,False,,1,0.0,16.489659207390805,,16.489659207390805
10 to 15 years,16000000.0,19584.0,2,2.0,,,817.0,5.0,13.0,Unfurnished,,,Apartment,Resale,Ready to Move,2026-08-23,Mumbai,Chembur,Luv Kush,,Chembur,,,,,,Freehold,Bachelors/Family,2026-08-23 05:35:04+00:00,2BHK Multistorey Apartment for Resale in Luv Kush at Chembur,19.0459181155422,72.8975231581492,12.5,False,False,,2,0.0,16.588099280204055,,17.204493810368014
,16500000.0,24554.0,2,2.0,2,661.0,672.0,0.0,19.0,Unfurnished,West,"Pool, Garden/Park, Main Road",Apartment,Resale,Under Construction,2026-08-21,Mumbai,Andheri West,Rolland Vantage,,Andheri West,,,,,"NA|null,PM1181012601154|-1",,Bachelors/Family,2026-08-20 18:45:52+00:00,2BHK Multistorey Apartment for Resale in Rolland Vantage at Andheri West,19.1373697481266,72.8257229439874,,False,False,24962.178517397882,4,0.0,16.61887093887081,6.493753839851686,17.52659843548851
Less than 5 years,14000000.0,20000.0,2,2.0,,583.0,700.0,6.0,18.0,Semi-Furnished,,,Apartment,Resale,Ready to Move,2026-08-22,Mumbai,Mulund East,Ganaraje Luxuria,,Mulund East,,,,,,,Bachelors/Family,2026-08-21 10:44:14+00:00,2BHK Multistorey Apartment for Resale in Ganaraje Luxuria at Mulund East,19.1531029501285,72.9678051455382,3.0,False,False,24013.722126929675,3,1.0,16.454567887579532,6.368187186350492,16.86695469044897
,12700000.0,21167.0,2,3.0,,432.0,600.0,16.0,26.0,Unfurnished,,,Apartment,Resale,Under Construction,2026-08-22,Mumbai,Borivali West,Passcode Fusion,,Borivali West,,,,,"NA|null,P51800045675|-1,P51800045778|-1",,Bachelors/Family,2026-08-21 20:02:28+00:00,2BHK Multistorey Apartment for Resale in Passcode Fusion at Borivali West,19.2335321,72.839198,,False,False,29398.14814814815,3,0.0,16.35711255142882,6.068425588244111,17.24410940087686
,17900000.0,17480.0,2,2.0,,737.0,1024.0,7.0,14.0,Semi-Furnished,,,Apartment,Resale,Under Construction,2026-08-22,Mumbai,Mulund West,Atlanta Malhaar Guide,,Mulund West,,,,,,,Bachelors/Family,2026-08-21 19:58:04+00:00,2BHK Multistorey Apartment for Resale in Atlanta Malhaar Guide at Mulund West,19.1749536837097,72.943103519999,,False,False,24287.652645861603,3,1.0,16.70031127081098,6.602587892189336,17.223121841269137
,16500000.0,24627.0,2,2.0,,482.0,670.0,12.0,37.0,Unfurnished,,,Apartment,Resale,Under Construction,2026-08-22,Mumbai,Goregaon East,Agarwal Floresta Maple,,Goregaon East,"Smart Home,Skydeck,Fireplace,Theme based Architectures,Full Glass Wall,Grand Entrance lobby,Kids play area,Health club with Steam / Jaccuzi,Library,Air Conditioned,Banquet Hall,Jogging and Strolling Track,Outdoor Tennis Courts,Laundry Service,,Internet/Wi-Fi Connectivity,Service/Goods Lift,Visitor Parking,Intercom Facility,Conference Room,Downtown,",,,,"NA|null,P51800030147|12/2026",,Bachelors/Family,2026-08-21 19:57:37+00:00,2BHK Multistorey Apartment for Resale in Agarwal Floresta Maple at Goregaon East,19.1562110822264,72.8758090633208,,False,False,34232.365145228214,3,0.0,16.61887093887081,6.1779441140506,17.204116971054173
10 to 15 years,13000000.0,17931.0,2,2.0,3,525.0,725.0,8.0,8.0,Semi-Furnished,North,Main Road,Apartment,Resale,Ready to Move,2026-08-22,Mumbai,Kandivali East,Gaurav Shikar,Evershine Millennium Paradise,Kandivali East,"Internet/Wi-Fi Connectivity,Visitor Parking",,,Ceramic Tiles,,Co-operative Society,Bachelors/Family,2026-08-21 23:33:23+00:00,2BHK Multistorey Apartment for Resale in Gaurav Shikar at Kandivali East,19.2050017,72.8692711,12.5,False,False,24761.904761904763,3,1.0,16.38045991542581,6.263398262591624,17.422295377931313
,17000000.0,25000.0,2,2.0,,490.0,680.0,8.0,13.0,Unfurnished,,,Apartment,Resale,Under Construction,2026-08-22,Mumbai,Borivali East,Monarch Kitkat,,Borivali East,,,,,"NA|null,P51800028408|-1",,Bachelors/Family,2026-08-21 20:02:06+00:00,2BHK Multistorey Apartment for Resale in Monarch Kitkat at Borivali East,19.2272619069866,72.8634397272398,,False,False,34693.87755102041,3,0.0,16.64872390202049,6.194405391104672,17.562034381620705
New Construction,14000000.0,21538.0,2,2.0,,520.0,650.0,17.0,20.0,Unfurnished,North,"Garden/Park, Main Road",Apartment,New Property,Ready to Move,2026-08-22,Mumbai,Malad East,DEM Phoenix,F Residences,Malad East,"Skyline View,Smart Home,Jogging and Strolling Track,Service/Goods Lift,Visitor Parking,Intercom Facility",,,Vitrified,"NA|null,P51800048376|10/2025",Freehold,Bachelors/Family,2026-08-21 23:32:13+00:00,2BHK Multistorey Apartment for New Property in DEM Phoenix at Malad East,19.1848724519187,72.8629697025013,0.0,False,False,26923.076923076922,3,0.0,16.454567887579532,6.253828811575473,16.8963646152373
Less than 5 years,15000000.0,15000.0,2,2.0,,720.0,1000.0,2.0,9.0,Unfurnished,,,Apartment,Resale,Ready to Move,2026-08-22,Mumbai,Malad East,Vraj Nirmal,,Malad East,,,,,,,Bachelors/Family,2026-08-21 16:15:34+00:00,2BHK Multistorey Apartment for Resale in Vraj Nirmal at Malad East,19.1848724519187,72.8629697025013,3.0,False,False,20833.333333333332,3,0.0,16.523560759066484,6.579251212010101,16.8963646152373
5 to 10 years,25000000.0,26316.0,2,2.0,3,780.0,950.0,10.0,20.0,Furnished,West,Garden/Park,Apartment,Resale,Ready to Move,2026-08-22,Mumbai,Mindspace,K Raheja Interface Heights,"2 min walk to Infinity Mall, Malad5 min walk to Malad Metro Station",Mindspace,"Banquet Hall,Internet/Wi-Fi Connectivity,Visitor Parking,Intercom Facility",Water Availability 24 Hours Available,No/Rare Powercut,Wooden,,Co-operative Society,Bachelors/Family,2026-08-22 10:22:38+00:00,2BHK Multistorey Apartment for Resale in K Raheja Interface Heights at Mindspace,19.18345,72.83243,7.5,False,False,32051.28205128205,2,2.0,17.034386382832476,6.659293919683638,17.034386382832476
15 to 20 years,18500000.0,19474.0,2,2.0,1,700.0,950.0,7.0,15.0,Furnished,East,"Garden/Park, Pool, Main Road",Apartment,Resale,Ready to Move,2026-08-24,Mumbai,Chandivali,Dedhia Palatial Height,Near Chandivali Farm Road,Chandivali,"Jogging and Strolling Track,Laundry Service,Service/Goods Lift,Visitor Parking",Water Availability 24 Hours Available,No/Rare Powercut,"Ceramic Tiles,Marble,Vitrified",,Co-operative Society,Bachelors/Family,2026-08-24 06:36:12+00:00,2BHK Multistorey Apartment for Resale in Dedhia Palatial Height at Chandivali,19.1104892624542,72.899191014387,17.5,False,False,26428.571428571428,0,2.0,16.733281290048552,6.551080335043404,16.76975578987164
Less than 5 years,19500000.0,,2,2.0,,783.0,,9.0,22.0,Unfurnished,West,,Apartment,Resale,Ready to Move,2026-08-24,Mumbai,Goregaon West,,,Goregaon West,"Banquet Hall,Intercom Facility",,,Vitrified,,Freehold,Bachelors/Family,2026-08-23 23:36:42+00:00,2BHK Multistorey Apartment for Resale in Goregaon West,19.1630920855215,72.8398088005091,3.0,False,False,24904.21455938697,1,0.0,16.785925023533974,6.663132695990803,17.72656282560243
15 to 20 years,18900000.0,29077.0,2,2.0,,500.0,650.0,8.0,12.0,Semi-Furnished,East,,Apartment,Resale,Ready to Move,2026-08-24,Mumbai,Goregaon East,Acme Amay,Udupi hotel,Goregaon East,"Air Conditioned,Jogging and Strolling Track,Laundry Service,Internet/Wi-Fi Connectivity,RO Water System,Service/Goods Lift,Visitor Parking,Intercom Facility",Water Availability 24 Hours Available,No/Rare Powercut,"Vitrified,Ceramic Tiles",,Freehold,Bachelors/Family,2026-08-23 23:35:45+00:00,2BHK Multistorey Apartment for Resale in Acme Amay at Goregaon East,19.1562110822264,72.8758090633208,17.5,False,False,37800.0,1,1.0,16.75467248002987,6.214608098422191,17.204116971054173
Less than 5 years,22500000.0,18750.0,2,2.0,1,825.0,1200.0,14.0,16.0,Unfurnished,North,,Apartment,Resale,Ready to Move,2026-08-24,Mumbai,Chembur,Satra Harmony,,Chembur,"Air Conditioned,Internet/Wi-Fi Connectivity,Intercom Facility",,,,"NA|null,P51800000726|12/2019",Freehold,Bachelors/Family,2026-08-23 23:50:35+00:00,2BHK Multistorey Apartment for Resale in Satra Harmony at Chembur,19.0459181155422,72.8975231581492,3.0,False,False,27272.727272727272,1,0.0,16.929025867174648,6.715383386334681,17.204493810368014
Less than 5 years,21500000.0,30714.0,2,2.0,,649.0,700.0,6.0,7.0,Semi-Furnished,West,Main Road,Apartment,Resale,Ready to Move,2026-08-24,Mumbai,,SUN UNITED ELDORA,Sindhi Society Gymkhana,Sindhi Society Chembur,"Air Conditioned,Internet/Wi-Fi Connectivity,RO Water System,Visitor Parking,Intercom Facility",,,"Vitrified,Marble,Granite",,Freehold,Bachelors/Family,2026-08-23 23:54:04+00:00,2BHK Multistorey Apartment for Resale in SUN UNITED ELDORA at Sindhi Society Chembur,19.0513118771399,72.8904735289576,3.0,False,False,33127.88906009245,1,1.0,16.883563493097892,6.47543271670409,
5 to 10 years,22000000.0,27919.0,2,2.0,,630.0,788.0,9.0,10.0,Semi-Furnished,South,Main Road,Apartment,Resale,Ready to Move,2026-08-24,Mumbai,Andheri East,Gokul Valley,JB Nagar Circle,Andheri East,"Air Conditioned,Internet/Wi-Fi Connectivity,RO Water System,Service/Goods Lift,Visitor Parking,Intercom Facility",,,Vitrified,,Co-operative Society,Bachelors/Family,2026-08-23 23:34:52+00:00,2BHK Multistorey Apartment for Resale in Gokul Valley at Andheri East,19.1154908,72.8726952,7.5,False,False,34920.63492063492,1,1.0,16.90655301132259,6.4457198193855785,17.064584727117307
5 to 10 years,22500000.0,21226.0,2,2.0,1,520.0,1060.0,6.0,17.0,Semi-Furnished,West,Main Road,Apartment,Resale,Ready to Move,2026-08-24,Mumbai,Dharavi,Evershine Meadows,Mahim Railway Station,Dharavi,"Central AC ,3 Tier Security System,Air Conditioned,All wooden flooring,AC in each room ,Laundry Service,Internet/Wi-Fi Connectivity,RO Water System,Visitor Parking,Intercom Facility",Water Availability 24 Hours Available,No/Rare Powercut,"Vitrified,Marble,Granite",,Freehold,Bachelors/Family,2026-08-23 23:34:46+00:00,2BHK Multistorey Apartment for Resale in Evershine Meadows at Dharavi,19.045871,72.8573865,7.5,False,False,43269.230769230766,1,1.0,16.929025867174648,6.253828811575473,16.929025867174648
15 to 20 years,23000000.0,35826.0,2,2.0,,535.0,642.0,10.0,10.0,Furnished,West,Main Road,Apartment,Resale,Ready to Move,2026-08-24,Mumbai,Navyug Nagar,,Bhatia Hospital,Navyug Nagar,"Central AC ,3 Tier Security System,Air Conditioned,All wooden flooring,AC in each room ,Internet/Wi-Fi Connectivity,RO Water System,Visitor Parking,Intercom Facility",Water Availability 24 Hours Available,No/Rare Powercut,"Vitrified,Marble,Granite",,Freehold,Bachelors/Family,2026-08-23 23:31:53+00:00,2BHK Multistorey Apartment for Resale in Navyug Nagar,19.3786967,72.82382747,17.5,False,False,42990.654205607476,1,2.0,16.951004773893423,6.282266746896006,16.951004773893423
15 to 20 years,24000000.0,34286.0,2,2.0,2,612.0,700.0,5.0,14.0,Furnished,East,Main Road,Apartment,Resale,Ready to Move,2026-08-24,Mumbai,,,Sion Hospital.,Sion East,"Air Conditioned,Internet/Wi-Fi Connectivity,RO Water System,Visitor Parking,Intercom Facility",,,"Vitrified,Marble,Granite",,Co-operative Society,Bachelors/Family,2026-08-23 23:31:47+00:00,2BHK Multistorey Apartment for Resale in Sion East,19.0406208013187,72.8695165321764,17.5,False,False,39215.686274509804,1,2.0,16.99356438831222,6.416732282512326,
Less than 5 years,25000000.0,23234.0,2,2.0,2,839.0,1076.0,14.0,22.0,Semi-Furnished,South -West,,Apartment,Resale,Ready to Move,2026-08-24,Mumbai,Deonar,Yash Signature,,Deonar Govandi East,"Service/Goods Lift,Visitor Parking",,,,"NA|null,P51800008836|-1",Co-operative Society,Bachelors/Family,2026-08-23 23:44:21+00:00,2BHK Multistorey Apartment for Resale in Yash Signature at Deonar Govandi East,19.0554764325778,72.9194685725362,3.0,False,False,29797.377830750895,1,1.0,17.034386382832476,6.732210706467206,17.034386382832476
10 to 15 years,19600000.0,18937.0,2,2.0,2,1000.0,1035.0,4.0,16.0,Furnished,West,"Garden/Park, Main Road",Apartment,Resale,Ready to Move,2026-08-24,Mumbai,Lal Bahadur Shastri Road,Gundecha Altura,KanjurMarg Railway Station,Lal Bahadur Shastri Road,"Air Conditioned,Banquet Hall,Jogging and Strolling Track,Internet/Wi-Fi Connectivity,RO Water System,Visitor Parking,Intercom Facility",Water Availability 24 Hours Available,No/Rare Powercut,"Vitrified,Marble,Granite",,Freehold,Bachelors/Family,2026-08-23 23:44:15+00:00,2BHK Multistorey Apartment for Resale in Gundecha Altura at Lal Bahadur Shastri Road,19.1020434,72.919613,12.5,False,False,19600.0,1,2.0,16.791040124200745,6.907755278982137,17.33679497248817
Above 20 years,18500000.0,20556.0,2,2.0,1,700.0,900.0,1.0,6.0,Furnished,West,Garden/Park,Apartment,Resale,Ready to Move,2026-08-23,Mumbai,Borivali West,,,Borivali West,"Full Glass Wall,Air Conditioned",,,Granite,,Freehold,Bachelors/Family,2026-08-23 05:35:14+00:00,2BHK Multistorey Apartment for Resale in Borivali West,19.2335321,72.839198,25.0,False,False,26428.571428571428,2,2.0,16.733281290048552,6.551080335043404,17.24410940087686
15 to 20 years,19000000.0,25606.0,2,2.0,,505.0,742.0,7.0,7.0,Furnished,,,Apartment,Resale,Ready to Move,2026-08-23,Mumbai,,,,,Intercom Facility,,,,,,Bachelors/Family,2026-08-22 21:31:24+00:00,2BHK Multistorey Apartment for Resale in ,,,17.5,False,False,37623.762376237624,2,2.0,16.759949537130716,6.22455842927536,
5 to 10 years,23500000.0,18077.0,2,2.0,4,900.0,1300.0,2.0,22.0,Furnished,East,Main Road,Apartment,Resale,Ready to Move,2026-08-24,Mumbai,Goregaon West,Raj Spaces Apartment,,Goregaon West,"Air Conditioned,Visitor Parking,Intercom Facility",Water Availability 24 Hours Available,No/Rare Powercut,Vitrified,,Freehold,Bachelors/Family,2026-08-23 23:39:57+00:00,2BHK Multistorey Apartment for Resale in Raj Spaces Apartment at Goregaon West,19.1630920855215,72.8398088005091,7.5,False,False,26111.11111111111,1,2.0,16.972510979114386,6.802394763324311,17.72656282560243
Above 20 years,25000000.0,33333.0,2,2.0,,550.0,750.0,3.0,3.0,Semi-Furnished,East,Main Road,Apartment,Resale,Ready to Move,2026-08-22,Mumbai,Mahim,Ideal Home,The Property is close to Matunga Road Station.,Mahim,Air Conditioned,Water Availability 24 Hours Available,No/Rare Powercut,"Mosaic,Vitrified",,Freehold,Bachelors/Family,2026-08-21 15:29:37+00:00,2BHK Multistorey Apartment for Resale in Ideal Home at Mahim,19.0388120275329,72.8419652875755,25.0,False,False,45454.545454545456,3,1.0,17.034386382832476,6.309918278226516,16.438198190055296
15 to 20 years,25000000.0,31250.0,2,2.0,,576.0,800.0,2.0,7.0,Unfurnished,,,Apartment,Resale,Ready to Move,2026-08-22,Mumbai,Vile Parle East,Pragati Apartment,,Vile Parle East,,,,,,,Bachelors/Family,2026-08-21 19:41:17+00:00,2BHK Multistorey Apartment for Resale in Pragati Apartment at Vile Parle East,19.10046297,72.84924449,17.5,False,False,43402.77777777778,3,0.0,17.034386382832476,6.3561076606958915,17.028947819081466
,19900000.0,22111.0,2,2.0,,648.0,900.0,5.0,13.0,Unfurnished,,,Apartment,Resale,Under Construction,2026-08-22,Mumbai,Chandivali,Mahindra Alcove,,Chandivali,"Water Front,Smart Home,Concierge Services,Full Glass Wall,Infinity Swimming Pool,Bar/Lounge,Fingerprint Access,Large Clubhouse ,Air Conditioned,Banquet Hall,Jogging and Strolling Track,Outdoor Tennis Courts,Private Garage,,,Internet/Wi-Fi Connectivity,RO Water System,Service/Goods Lift,Visitor Parking,Conference Room,Downtown",,,,"NA|null,P51800028352|-1,P51800031699|-1,P51800033573|-1",,Bachelors/Family,2026-08-21 19:35:19+00:00,2BHK Multistorey Apartment for Resale in Mahindra Alcove at Chandivali,19.1104892624542,72.899191014387,,False,False,30709.876543209877,3,0.0,16.80623028969472,6.473890696352274,16.76975578987164
15 to 20 years,20000000.0,20000.0,2,2.0,,720.0,1000.0,1.0,7.0,Unfurnished,,,Apartment,Resale,Ready to Move,2026-08-22,Mumbai,Bhandup East,Akashdeep Apartment,,Bhandup East,,,,,,,Bachelors/Family,2026-08-21 19:31:24+00:00,2BHK Multistorey Apartment for Resale in Akashdeep Apartment at Bhandup East,19.1401705,72.9431038,17.5,False,False,27777.777777777777,3,0.0,16.811242831518264,6.579251212010101,16.811242831518264
15 to 20 years,21000000.0,20608.0,2,2.0,,734.0,1019.0,9.0,15.0,Furnished,,,Apartment,Resale,Ready to Move,2026-08-22,Mumbai,Prem Nagar Goregaon West,Acme Complex 2A,,Prem Nagar Goregaon West,,,,,,,Bachelors/Family,2026-08-21 19:30:07+00:00,2BHK Multistorey Apartment for Resale in Acme Complex 2A at Prem Nagar Goregaon West,19.1704641760473,72.8386889823124,17.5,False,False,28610.35422343324,3,2.0,16.860032995687696,6.598509028614515,16.860032995687696
Above 20 years,20000000.0,22222.0,2,2.0,,648.0,900.0,4.0,7.0,Furnished,,,Apartment,Resale,Ready to Move,2026-08-22,Mumbai,Ghatkopar East,Shankheswar Apartment,,Ghatkopar East,,,,,,,Bachelors/Family,2026-08-21 19:39:58+00:00,2BHK Multistorey Apartment for Resale in Shankheswar Apartment at Ghatkopar East,19.07907,72.907976,25.0,False,False,30864.197530864196,3,2.0,16.811242831518264,6.473890696352274,17.19392251305016
,24800000.0,21889.0,2,2.0,,816.0,1133.0,20.0,40.0,Unfurnished,,,Apartment,Resale,Under Construction,2026-08-22,Mumbai,Wadala,Godrej Horizon,,Wadala,"Pool with temperature control ,,Fingerprint Access,Grand Entrance lobby,Kids play area,3 Tier Security System,Large Clubhouse ,,Jogging and Strolling Track,,Earth quake resistant,Visitor Parking,Intercom Facility",,,,"NA|null,P51900034851|-1,P51900049757|-1",,Bachelors/Family,2026-08-21 20:01:22+00:00,2BHK Multistorey Apartment for Resale in Godrej Horizon at Wadala,19.012216203088,72.8604594318626,,False,False,30392.156862745098,3,0.0,17.02635421113521,6.704414354964107,17.462494324299676
,23200000.0,33143.0,2,2.0,,504.0,700.0,6.0,23.0,Semi-Furnished,,,Apartment,Resale,Under Construction,2026-08-22,Mumbai,Bandra East,Rustomjee Erika,,Bandra East,"Kids play area,Intercom Facility,",,,,"NA|null,P51800033014|-1",,Bachelors/Family,2026-08-21 19:59:58+00:00,2BHK Multistorey Apartment for Resale in Rustomjee Erika at Bandra East,19.062055421515,72.8541362644682,,False,False,46031.74603174603,3,1.0,16.95966283663654,6.222576268071369,17.765795881767904
,24700000.0,32933.0,2,2.0,,540.0,750.0,24.0,40.0,Semi-Furnished,,,Apartment,Resale,Under Construction,2026-08-22,Mumbai,Wadala,Ajmera Manhattan,,Wadala,"Skyline View,Sea facing,Skydeck,Private jaccuzi,Concierge Services,Private pool ,Pool with temperature control ,Fingerprint Access,Grand Entrance lobby,Kids play area,Health club with Steam / Jaccuzi,Premium branded fittings,3 Tier Security System,Large Clubhouse ,Library,,,Air Conditioned,Banquet Hall,Mini Cinema Theatre,Located in the Heart of city,Large Open space,Guest lobby in each floor,AC in each room ,Laundry Service,,,,Earth quake resistant,Intercom Facility,Conference Room,",,,,"NA|null,P51800032948|-1,PR1180002500822|-1",,Bachelors/Family,2026-08-21 19:59:47+00:00,2BHK Multistorey Apartment for Resale in Ajmera Manhattan at Wadala,19.012216203088,72.8604594318626,,False,False,45740.74074074074,3,1.0,17.022313801598205,6.29156913955832,17.462494324299676
Less than 5 years,22000000.0,27500.0,2,2.0,,576.0,800.0,5.0,15.0,Semi-Furnished,,,Apartment,Resale,Ready to Move,2026-08-22,Mumbai,Santacruz East,Kalpataru Primus Residences,,Santacruz East,,,,,,,Bachelors/Family,2026-08-21 19:46:40+00:00,2BHK Multistorey Apartment for Resale in Kalpataru Primus Residences at Santacruz East,19.0799983,72.8545019,3.0,False,False,38194.444444444445,3,1.0,16.90655301132259,6.3561076606958915,17.09743793355776
Less than 5 years,21000000.0,19091.0,2,2.0,,670.0,1100.0,20.0,50.0,Semi-Furnished,East,"Garden/Park, Pool, Main Road",Apartment,Resale,Ready to Move,2026-08-22,Mumbai,CGS Colony Kanjurmarg East,Runwal Bliss,Kanjurmarg Railway Station,CGS Colony Kanjurmarg East,"Farm-House,Central AC ,3 Tier Security System,Air Conditioned,All wooden flooring,AC in each room ,Laundry Service,Internet/Wi-Fi Connectivity,RO Water System,Visitor Parking,Intercom Facility",Water Availability 24 Hours Available,No/Rare Powercut,"Vitrified,Marble,Granite","NA|null,P51800001296|12/2023,P51800001477|12/2023,P51800001670|12/2023,P51800001903|12/2023,P51800005684|12/2023,P51800032824|-1,P51800035134|-1,P51800050459|-1,P51800050459|-1",Freehold,Bachelors/Family,2026-08-21 23:31:52+00:00,2BHK Multistorey Apartment for Resale in Runwal Bliss at CGS Colony Kanjurmarg East,19.13985208,72.93746747,3.0,False,False,31343.283582089553,3,1.0,16.860032995687696,6.507277712385012,16.860032995687696
New Construction,18000000.0,29752.0,2,2.0,,436.0,605.0,2.0,8.0,Furnished,,,Apartment,Resale,Ready to Move,2026-08-22,Mumbai,Malad West,Peace Castle,,Malad West,,,,,,,Bachelors/Family,2026-08-21 16:12:36+00:00,2BHK Multistorey Apartment for Resale in Peace Castle at Malad West,19.1940346300819,72.8257561606587,0.0,False,False,41284.40366972477,3,2.0,16.70588231586044,6.077642243349034,16.726961842869137
Less than 5 years,18000000.0,21792.0,2,2.0,,595.0,826.0,16.0,22.0,Unfurnished,,,Apartment,Resale,Ready to Move,2026-08-22,Mumbai,Jogeshwari West,Universal Cubical,,Jogeshwari West,,,,,"NA|null,P51800002157|-1",,Bachelors/Family,2026-08-21 12:44:08+00:00,2BHK Multistorey Apartment for Resale in Universal Cubical at Jogeshwari West,19.1438823857409,72.8427830413067,3.0,False,False,30252.100840336134,3,0.0,16.70588231586044,6.38856140554563,16.629341310334215
,23000000.0,27059.0,2,2.0,,612.0,850.0,8.0,15.0,Unfurnished,,,Apartment,Resale,Under Construction,2026-08-22,Mumbai,Pant Nagar,Terraform Dwarka,,Pant Nagar,"Grand Entrance lobby,,Earth quake resistant,Visitor Parking,Intercom Facility,",,,,"NA|null,P51800002718|12/2022,P51800002826|12/2022,P51800020608|12/2022,P51800020666|07/2024",,Bachelors/Family,2026-08-21 12:46:35+00:00,2BHK Multistorey Apartment for Resale in Terraform Dwarka at Pant Nagar,19.08537,72.91069,,False,False,37581.69934640523,3,0.0,16.951004773893423,6.416732282512326,16.951004773893423
,19500000.0,16957.0,2,2.0,,828.0,1150.0,14.0,17.0,Unfurnished,,,Apartment,Resale,Under Construction,2026-08-22,Mumbai,Goregaon East,Sheetal Aniket,,Goregaon East,,,,,"NA|null,P51800001704|-1",,Bachelors/Family,2026-08-21 12:42:34+00:00,2BHK Multistorey Apartment for Resale in Sheetal Aniket at Goregaon East,19.1562110822264,72.8758090633208,,False,False,23550.72463768116,3,0.0,16.785925023533974,6.71901315438526,17.204116971054173
Less than 5 years,28000000.0,24348.0,2,3.0,,807.0,1150.0,33.0,58.0,Unfurnished,North,Pool,Apartment,Resale,Ready to Move,2026-08-24,Mumbai,Malad West,Transcon Auris Serenity,Kanchpada Link Road Malad West,Malad West,"Bar/Lounge,Banquet Hall,Jogging and Strolling Track,Outdoor Tennis Courts,Internet/Wi-Fi Connectivity,Intercom Facility",Water Availability 24 Hours Available,No/Rare Powercut,"Vitrified,Wooden","NA|null,P51800001080|-1,P51800001082|12/2023,P51800001413|-1",Co-operative Society,Bachelors/Family,2026-08-24 09:10:24+00:00,2BHK Multistorey Apartment for Resale in Transcon Auris Serenity at Malad West,19.1940346300819,72.8257561606587,3.0,False,False,34696.40644361834,0,0.0,17.14771506813948,6.693323668269949,16.726961842869137
15 to 20 years,28500000.0,30000.0,2,2.0,1,861.0,950.0,18.0,20.0,Semi-Furnished,East,"Garden/Park, Main Road",Apartment,Resale,Ready to Move,2026-08-24,Mumbai,Powai,K Raheja Maple Leaf,A.M.Naik International School,Powai,"Air Conditioned,Banquet Hall,Jogging and Strolling Track,Outdoor Tennis Courts,Laundry Service,Internet/Wi-Fi Connectivity,RO Water System,Service/Goods Lift,Intercom Facility",,,,,Freehold,Bachelors/Family,2026-08-24 10:18:18+00:00,2BHK Multistorey Apartment for Resale in K Raheja Maple Leaf at Powai,19.1196773,72.9050809,17.5,False,False,33101.04529616725,0,1.0,17.16541464523888,6.7580945044277305,17.080894141792264
New Construction,25000000.0,,2,2.0,,607.0,,3.0,16.0,Furnished,East,"Pool, Main Road",Apartment,Resale,Ready to Move,2026-08-24,Mumbai,Andheri West,Jiten Apartment ,Andheri West Near by Azad Nagar metro station,Andheri West,"Jogging and Strolling Track,Laundry Service,Internet/Wi-Fi Connectivity,RO Water System,Service/Goods Lift,Intercom Facility",,,,,Freehold,Bachelors/Family,2026-08-24 10:43:06+00:00,2BHK Multistorey Apartment for Resale in Jiten Apartment  at Andheri West,19.1373697481266,72.8257229439874,0.0,False,False,41186.161449752886,0,2.0,17.034386382832476,6.408528791059498,17.52659843548851
Above 20 years,31000000.0,38750.0,2,2.0,,720.0,800.0,5.0,6.0,Unfurnished,North - East,Main Road,Apartment,Resale,Ready to Move,2026-08-24,Mumbai,Andheri West,Flower Queen,,Andheri West,Visitor Parking,,,,,Co-operative Society,Bachelors/Family,2026-08-23 23:38:03+00:00,2BHK Multistorey Apartment for Resale in Flower Queen at Andheri West,19.1373697481266,72.8257229439874,25.0,False,False,43055.555555555555,1,0.0,17.24949776244942,6.579251212010101,17.52659843548851
10 to 15 years,26500000.0,29444.0,2,2.0,3,786.0,900.0,12.0,13.0,Semi-Furnished,,"Garden/Park, Pool",Apartment,Resale,Ready to Move,2026-08-24,Mumbai,Jogeshwari Vikhroli Link Road,,,Jogeshwari Vikhroli Link Road,"Banquet Hall,Jogging and Strolling Track,Laundry Service,Visitor Parking,Conference Room",,,,,,Bachelors/Family,2026-08-23 23:35:52+00:00,2BHK Multistorey Apartment for Resale in Jogeshwari Vikhroli Link Road,19.12761,72.88863,12.5,False,False,33715.01272264631,1,1.0,17.09265529095645,6.666956792429207,17.439436417804497
Less than 5 years,26900000.0,35867.0,2,2.0,,561.0,750.0,2.0,14.0,Furnished,East,Pool,Apartment,Resale,Ready to Move,2026-08-24,Mumbai,Chembur,Godrej RKS,,Chembur,"Fingerprint Access,Banquet Hall,Visitor Parking,Intercom Facility",,,Marble,"NA|null,P51800023915|12/2023",Freehold,Bachelors/Family,2026-08-23 23:52:39+00:00,2BHK Multistorey Apartment for Resale in Godrej RKS at Chembur,19.0459181155422,72.8975231581492,3.0,False,False,47950.08912655972,1,2.0,17.107636844572067,6.329720905522696,17.204493810368014
New Construction,26000000.0,34667.0,2,2.0,1,638.0,750.0,25.0,33.0,Semi-Furnished,East,Main Road,Apartment,Resale,Ready to Move,2026-08-24,Mumbai,Wadala,Lodha New Cuffe Parade,Wadala Monorail Depot,Wadala,"Bar/Lounge,Central AC ,3 Tier Security System,Air Conditioned,All wooden flooring,Banquet Hall,Jogging and Strolling Track,Outdoor Tennis Courts,AC in each room ,RO Water System,Visitor Parking,Intercom Facility",Water Availability 24 Hours Available,No/Rare Powercut,"Vitrified,Marble,Granite","NA|null,P51900000314|06/2019,P51900000367|06/2019,P51900000521|01/2019,P51900000567|06/2019,P51900000629|03/2021,P51900015715|03/2022",Freehold,Bachelors/Family,2026-08-23 23:32:45+00:00,2BHK Multistorey Apartment for Resale in Lodha New Cuffe Parade at Wadala,19.012216203088,72.8604594318626,0.0,False,False,40752.35109717868,1,1.0,17.073607095985757,6.45833828334479,17.462494324299676
,34000000.0,,2,3.0,,527.0,,21.0,21.0,Semi-Furnished,,"Garden/Park, Main Road",Apartment,New Property,Ready to Move,2026-08-24,Mumbai,Khar West,,,Khar West,,,,,,,Bachelors/Family,2026-08-23 23:31:58+00:00,2BHK Multistorey Apartment for New Property in Khar West,19.0699335919407,72.8363080829478,,False,False,64516.12903225807,1,1.0,17.341871082580436,6.267200548541362,18.10029841849183
5 to 10 years,32900000.0,37386.0,2,2.0,,677.0,880.0,12.0,13.0,Unfurnished,South,,Apartment,Resale,Ready to Move,2026-08-24,Mumbai,Andheri West,Sunteck Gilbird,,Andheri West,"Banquet Hall,Jogging and Strolling Track,Internet/Wi-Fi Connectivity,Visitor Parking",Water Availability 24 Hours Available,No/Rare Powercut,Vitrified,"NA|null,P51800014646|07/2016",Freehold,Bachelors/Family,2026-08-23 23:49:26+00:00,2BHK Multistorey Apartment for Resale in Sunteck Gilbird at Andheri West,19.1373697481266,72.8257229439874,7.5,False,False,48596.75036927622,1,0.0,17.3089832157356,6.517671272912275,17.52659843548851
Above 20 years,30000000.0,30000.0,2,2.0,,720.0,1000.0,5.0,6.0,Semi-Furnished,,,Apartment,Resale,Ready to Move,2026-08-22,Mumbai,Santacruz East,Kailash Parbhat CHS,,Santacruz East,,,,,,,Bachelors/Family,2026-08-21 19:43:23+00:00,2BHK Multistorey Apartment for Resale in Kailash Parbhat CHS at Santacruz East,19.0799983,72.8545019,25.0,False,False,41666.666666666664,3,1.0,17.216707939626428,6.579251212010101,17.09743793355776
15 to 20 years,28000000.0,25112.0,2,2.0,,803.0,1115.0,3.0,12.0,Semi-Furnished,,,Apartment,Resale,Ready to Move,2026-08-22,Mumbai,Andheri East,Akruti Nova A Wing CHS L,,Andheri East,,,,,,,Bachelors/Family,2026-08-21 19:42:35+00:00,2BHK Multistorey Apartment for Resale in Akruti Nova A Wing CHS L at Andheri East,19.1154908,72.8726952,17.5,False,False,34869.2403486924,3,1.0,17.14771506813948,6.688354713946762,17.064584727117307
Less than 5 years,32500000.0,54167.0,2,1.0,,432.0,600.0,1.0,1.0,Furnished,,,Apartment,Resale,Ready to Move,2026-08-22,Mumbai,Bandra West,ALJ Residency,,Bandra West,,,,,,,Bachelors/Family,2026-08-21 20:15:11+00:00,2BHK Multistorey Apartment for Resale in ALJ Residency at Bandra West,19.055229,72.830829,3.0,False,False,75231.48148148147,3,2.0,17.296750647299966,6.068425588244111,17.63488085620438
New Construction,25000000.0,24038.0,2,2.0,,749.0,1040.0,2.0,7.0,Unfurnished,,,Apartment,Resale,Ready to Move,2026-08-22,Mumbai,,,,,,,,,,,Bachelors/Family,2026-08-21 12:40:50+00:00,2BHK Multistorey Apartment for Resale in ,,,0.0,False,False,33377.83711615487,3,0.0,17.034386382832476,6.618738983517219,
5 to 10 years,25000000.0,36603.0,2,2.0,,492.0,683.0,4.0,7.0,Furnished,,,Apartment,Resale,Ready to Move,2026-08-22,Mumbai,Vile Parle East,Vile Parle Kalpavriksha CHS Ltd. ,,Vile Parle East,,,,,,,Bachelors/Family,2026-08-21 12:23:07+00:00,2BHK Multistorey Apartment for Resale in Vile Parle Kalpavriksha CHS Ltd.  at Vile Parle East,19.10046297,72.84924449,7.5,False,False,50813.0081300813,3,2.0,17.034386382832476,6.198478716492308,17.028947819081466
Above 20 years,30000000.0,29211.0,2,2.0,,739.0,1027.0,3.0,3.0,Furnished,,,Apartment,Resale,Ready to Move,2026-08-22,Mumbai,Vile Parle East,Shyam Kamal Building,,Vile Parle East,,,,,,,Bachelors/Family,2026-08-21 12:18:26+00:00,2BHK Multistorey Apartment for Resale in Shyam Kamal Building at Vile Parle East,19.10046297,72.84924449,25.0,False,False,40595.399188092015,3,2.0,17.216707939626428,6.6052979209482015,17.028947819081466
Above 20 years,35000000.0,30435.0,2,3.0,,875.0,1150.0,4.0,8.0,Furnished,South - East,"Garden/Park, Main Road",Apartment,Resale,Ready to Move,2026-08-21,Mumbai,,,Byculla Railway Station,Byculla East,"Air Conditioned,Internet/Wi-Fi Connectivity,RO Water System,Visitor Parking,Intercom Facility",Water Availability 24 Hours Available,No/Rare Powercut,"Marble,Granite",,Freehold,Bachelors/Family,2026-08-20 23:39:41+00:00,2BHK Multistorey Apartment for Resale in Byculla East,18.9828560965024,72.8388476258909,25.0,False,False,40000.0,4,2.0,17.37085861945369,6.774223886357614,
New Construction,27500000.0,38462.0,2,2.0,,515.0,715.0,5.0,16.0,Furnished,,,Apartment,Resale,Ready to Move,2026-08-22,Mumbai,Vakola,Kalpataru Primus Residences,,Vakola,"Kids play area,Cycling track,",,,,"NA|null,P51800003522|12/2022",,Bachelors/Family,2026-08-21 13:07:56+00:00,2BHK Multistorey Apartment for Resale in Kalpataru Primus Residences at Vakola,19.0794899226775,72.8542218874446,0.0,False,False,53398.05825242718,3,2.0,17.1296965626368,6.244166900663736,16.82662866085164
15 to 20 years,25000000.0,30303.0,2,2.0,,594.0,825.0,3.0,6.0,Furnished,,,Apartment,Resale,Ready to Move,2026-08-22,Mumbai,Chembur,Sai Samman,,Chembur,,,,,,,Bachelors/Family,2026-08-21 15:55:59+00:00,2BHK Multistorey Apartment for Resale in Sai Samman at Chembur,19.0459181155422,72.8975231581492,17.5,False,False,42087.54208754209,3,2.0,17.034386382832476,6.386879319362645,17.204493810368014
New Construction,32700000.0,21858.0,2,2.0,,1077.0,1496.0,21.0,55.0,Semi-Furnished,,,Apartment,Resale,Ready to Move,2026-08-22,Mumbai,Bhoiwada - Parel,L&T Crescent Bay Callisto,,Bhoiwada,"Bar/Lounge,Health club with Steam / Jaccuzi,Golf Course,3 Tier Security System,,,Air Conditioned,Jogging and Strolling Track,Outdoor Tennis Courts,Laundry Service,,Service/Goods Lift,Visitor Parking,Intercom Facility,Conference Room,Downtown,",,,,"NA|null,P51900004544|-1,P51900004666|-1,P51900005188|-1,P51900006593|-1,P51900008032|-1,P51900010178|-1",,Bachelors/Family,2026-08-21 15:42:38+00:00,2BHK Multistorey Apartment for Resale in L&T Crescent Bay Callisto at Bhoiwada,19.0052791781479,72.8456771170313,0.0,False,False,30362.116991643456,3,1.0,17.302885635867483,6.981934677156389,16.913223164133647
New Construction,32000000.0,22222.0,2,2.0,,1037.0,1440.0,9.0,16.0,Furnished,,,Apartment,Resale,Ready to Move,2026-08-22,Mumbai,Andheri West,Ozone The Gateway,,Andheri West,"Air Conditioned,Jogging and Strolling Track,Internet/Wi-Fi Connectivity,RO Water System,Earth quake resistant,Intercom Facility,Conference Room,",,,,"NA|null,P51800002922|03/2019",,Bachelors/Family,2026-08-21 15:06:06+00:00,2BHK Multistorey Apartment for Resale in Ozone The Gateway at Andheri West,19.1373697481266,72.8257229439874,0.0,False,False,30858.24493731919,3,2.0,17.281246460764002,6.9440872082295275,17.52659843548851
,29300000.0,44060.0,2,2.0,,479.0,665.0,10.0,15.0,Unfurnished,,,Apartment,Resale,Under Construction,2026-08-22,Mumbai,Andheri West,Platinum Life,,Andheri West,"Infinity Swimming Pool,Cycling track,,Banquet Hall,Jogging and Strolling Track,Outdoor Tennis Courts,Laundry Service,,,,Service/Goods Lift,Intercom Facility",,,,"NA|null,P51800014518|12/2024",,Bachelors/Family,2026-08-21 14:59:15+00:00,2BHK Multistorey Apartment for Resale in Platinum Life at Andheri West,19.1373697481266,72.8257229439874,,False,False,61169.10229645094,3,0.0,17.193098073987297,6.171700597410915,17.52659843548851
5 to 10 years,29500000.0,26818.0,2,2.0,,792.0,1100.0,7.0,8.0,Unfurnished,,,Apartment,Resale,Ready to Move,2026-08-22,Mumbai,Goregaon East,Vrindavan Society,,Goregaon East,,,,,,,Bachelors/Family,2026-08-21 14:36:50+00:00,2BHK Multistorey Apartment for Resale in Vrindavan Society at Goregaon East,19.1562110822264,72.8758090633208,7.5,False,False,37247.47474747475,3,0.0,17.19990082131005,6.674561391814426,17.204116971054173
Less than 5 years,25000000.0,21739.0,2,2.0,,828.0,1150.0,10.0,23.0,Semi-Furnished,,,Apartment,Resale,Ready to Move,2026-08-22,Mumbai,Goregaon East,,,Goregaon East,,,,,,,Bachelors/Family,2026-08-21 17:45:31+00:00,2BHK Multistorey Apartment for Resale in Goregaon East,19.1562110822264,72.8758090633208,3.0,False,False,30193.236714975847,3,1.0,17.034386382832476,6.71901315438526,17.204116971054173
New Construction,25000000.0,32510.0,2,2.0,,554.0,769.0,7.0,18.0,Unfurnished,,,Apartment,Resale,Ready to Move,2026-08-22,Mumbai,,Sri Vayuputhra Gem Paradise,,Azad Nagar 2,"Kids play area,",,,,,,Bachelors/Family,2026-08-21 17:57:01+00:00,2BHK Multistorey Apartment for Resale in Sri Vayuputhra Gem Paradise at Azad Nagar 2,19.131203,72.834365,0.0,False,False,45126.35379061372,3,0.0,17.034386382832476,6.317164686747284,
5 to 10 years,32500000.0,38235.0,2,2.0,,612.0,850.0,3.0,11.0,Semi-Furnished,,,Apartment,Resale,Ready to Move,2026-08-22,Mumbai,Mahim West,Buildarch Residency,,Mahim West,,,,,,,Bachelors/Family,2026-08-21 16:51:43+00:00,2BHK Multistorey Apartment for Resale in Buildarch Residency at Mahim West,19.0383794616621,72.8398930483562,7.5,False,False,53104.575163398695,3,1.0,17.296750647299966,6.416732282512326,17.56120215784331
15 to 20 years,30000000.0,27273.0,2,2.0,,792.0,1100.0,6.0,6.0,Unfurnished,,,Apartment,Resale,Ready to Move,2026-08-22,Mumbai,Vile Parle,Shashi Tower,,Vile Parle,,,,,,,Bachelors/Family,2026-08-21 16:51:08+00:00,2BHK Multistorey Apartment for Resale in Shashi Tower at Vile Parle,19.0945678932926,72.8616060335919,17.5,False,False,37878.78787878788,3,0.0,17.216707939626428,6.674561391814426,17.216707939626428
New Construction,42000000.0,30000.0,2,2.0,1,918.0,1400.0,6.0,22.0,Furnished,West,,Apartment,Resale,Ready to Move,2026-08-23,Mumbai,,Lodha Bellagio,Near Hiranandani Hospital  Powai,Hiranandani Gardens,"Skyline View,Concierge Services,Air Conditioned,Banquet Hall,Jogging and Strolling Track,Visitor Parking",Water Availability 24 Hours Available,No/Rare Powercut,"Marble,Vitrified","NA|null,P51800033966|12/2026,P51800034759|-1",Freehold,Bachelors/Family,2026-08-23 17:32:18+00:00,2BHK Multistorey Apartment for Resale in Lodha Bellagio at Hiranandani Gardens,19.1177459703185,72.9111144020492,0.0,False,False,45751.63398692811,1,2.0,17.553180176247643,6.822197390620491,
Above 20 years,50000000.0,79365.0,2,2.0,,,630.0,2.0,3.0,Semi-Furnished,East,Garden/Park,Apartment,Resale,Ready to Move,2026-08-24,Mumbai,MIG Colony Adarsh Nagar,,D y patil international school.,MIG Colony Adarsh Nagar,"Air Conditioned,Jogging and Strolling Track,Internet/Wi-Fi Connectivity,RO Water System,Visitor Parking",Water Availability 24 Hours Available,No/Rare Powercut,Ceramic Tiles,,Co-operative Society,Bachelors/Family,2026-08-24 10:02:54+00:00,2BHK Multistorey Apartment for Resale in MIG Colony Adarsh Nagar,19.01554072,72.82060215,25.0,False,False,,0,1.0,17.72753356339242,,17.72753356339242
Less than 5 years,40000150.0,47059.0,2,2.0,,787.0,850.0,11.0,54.0,Unfurnished,East,Main Road,Apartment,New Property,Ready to Move,2026-08-24,Mumbai,Parel,Runwal Nirvana,,Parel,"Bar/Lounge,Air Conditioned,Banquet Hall,Jogging and Strolling Track,Outdoor Tennis Courts,Service/Goods Lift,Visitor Parking,Intercom Facility,Conference Room",Water Availability 24 Hours Available,No/Rare Powercut,,"NA|null,P51900010100|11/2022",Co-operative Society,Bachelors/Family,2026-08-24 08:15:24+00:00,2BHK Multistorey Apartment for New Property in Runwal Nirvana at Parel,18.9982694030581,72.8410429440342,3.0,False,False,50826.111817026685,0,0.0,17.504393762071178,6.668228248417403,17.791329599241287
New Construction,46500000.0,51667.0,2,2.0,,852.0,900.0,34.0,64.0,Unfurnished,East,"Main Road, Garden/Park, Pool",Apartment,Resale,Ready to Move,2026-08-24,Mumbai,Byculla,Marathon Montesouth  ,byculla East,Byculla,,,,Vitrified,"NA|null,P51800001585|-1,P51800001681|-1,P51800001779|-1,P51900001936|-1",Freehold,Bachelors/Family,2026-08-24 09:27:20+00:00,2BHK Multistorey Apartment for Resale in Marathon Montesouth   at Byculla,18.9763051806034,72.8384452613639,0.0,False,False,54577.464788732395,0,0.0,17.654962870557586,6.747586526829315,17.557921818251476
Above 20 years,37500000.0,43605.0,2,2.0,1,699.0,860.0,5.0,7.0,Semi-Furnished,West,Main Road,Apartment,Resale,Ready to Move,2026-08-24,Mumbai,Santacruz West,Usha Kunj Apartment,Juhu Koliwada,Santacruz West,"Sea facing,Modular Kitchen,Air Conditioned,AC in each room ,Internet/Wi-Fi Connectivity,RO Water System,Service/Goods Lift,Visitor Parking,Intercom Facility",Water Availability 24 Hours Available,No/Rare Powercut,"Vitrified,Wooden",,Co-operative Society,Bachelors/Family,2026-08-23 23:44:24+00:00,2BHK Multistorey Apartment for Resale in Usha Kunj Apartment at Santacruz West,19.0812559812257,72.8376604906028,25.0,False,False,53648.0686695279,1,1.0,17.43985149094064,6.54965074223381,17.876290531425422
Less than 5 years,42000000.0,,2,2.0,,847.0,,7.0,19.0,Unfurnished,East,Garden/Park,Apartment,Resale,Ready to Move,2026-08-23,Mumbai,Matunga East,Balaji Sharan,,Matunga East,Intercom Facility,Water Availability 24 Hours Available,No/Rare Powercut,Ceramic Tiles,"NA|null,P51900013393|03/2001",Freehold,Bachelors/Family,2026-08-22 18:45:09+00:00,2BHK Multistorey Apartment for Resale in Balaji Sharan at Matunga East,19.0277771413147,72.8560635075251,3.0,False,False,49586.776859504134,2,0.0,17.553180176247643,6.741700694652055,17.84257011283503
Less than 5 years,45000000.0,43269.0,2,2.0,,749.0,1040.0,9.0,41.0,Furnished,,,Apartment,Resale,Ready to Move,2026-08-22,Mumbai,Grant Road,Siddhesh Jyoti Tower,,Grant Road,,,,,,,Bachelors/Family,2026-08-21 19:33:03+00:00,2BHK Multistorey Apartment for Resale in Siddhesh Jyoti Tower at Grant Road,18.9619875122216,72.8175575207679,3.0,False,False,60080.106809078774,3,2.0,17.622173047734595,6.618738983517219,17.766014083960485
Above 20 years,40000000.0,36364.0,2,2.0,,792.0,1100.0,4.0,7.0,Unfurnished,,,Apartment,Resale,Ready to Move,2026-08-22,Mumbai,Santacruz East,Shreenathji Group Kolina,,Santacruz East,,,,,"NA|null,P51800005626|-1",,Bachelors/Family,2026-08-21 16:15:25+00:00,2BHK Multistorey Apartment for Resale in Shreenathji Group Kolina at Santacruz East,19.0799983,72.8545019,25.0,False,False,50505.0505050505,3,0.0,17.50439001207821,6.674561391814426,17.09743793355776
Less than 5 years,38500000.0,51265.0,2,2.0,,541.0,751.0,2.0,13.0,Unfurnished,,,Apartment,Resale,Ready to Move,2026-08-22,Mumbai,Andheri West,Kalpataru Yashodhan,,Andheri West,,,,,"NA|null,P51800000442|04/2021",,Bachelors/Family,2026-08-21 12:51:31+00:00,2BHK Multistorey Apartment for Resale in Kalpataru Yashodhan at Andheri West,19.1373697481266,72.8257229439874,3.0,False,False,71164.5101663586,3,0.0,17.466168799258014,6.293419278846481,17.52659843548851
10 to 15 years,37500000.0,36909.0,2,2.0,,732.0,1016.0,5.0,7.0,Semi-Furnished,,,Apartment,Resale,Ready to Move,2026-08-22,Mumbai,Khar West,Sadanand Classic,,Khar West,,,,,,,Bachelors/Family,2026-08-21 16:50:32+00:00,2BHK Multistorey Apartment for Resale in Sadanand Classic at Khar West,19.0699335919407,72.8363080829478,12.5,False,False,51229.50819672131,3,1.0,17.43985149094064,6.595780513961311,18.10029841849183
,40000000.0,32103.0,2,2.0,,897.0,1246.0,40.0,50.0,Unfurnished,,,Apartment,Resale,Under Construction,2026-08-22,Mumbai,Byculla,Piramal Aranya ,,Byculla,"Water Front,Sea facing,Skydeck,Island Kitchen Layout,Concierge Services,Fireplace,Theme based Architectures,Barbeque space,Wine Cellar,Private pool ,Full Glass Wall,Bar/Lounge,Fingerprint Access,Grand Entrance lobby,Kids play area,Health club with Steam / Jaccuzi,Golf Course,High Ceiling,House help accommodation,Premium branded fittings,,,Library,,,,,Air Conditioned,Banquet Hall,Jogging and Strolling Track,Located in the Heart of city,Large Open space,Private Garage,,Laundry Service,,,Internet/Wi-Fi Connectivity,RO Water System,Service/Goods Lift,Earth quake resistant,Visitor Parking,Intercom Facility,Conference Room,Downtown,",,,,"NA|null,P51900003324|-1,P51900018039|-1,P51900020330|08/2027,P51900051735|-1",,Bachelors/Family,2026-08-21 10:53:40+00:00,2BHK Multistorey Apartment for Resale in Piramal Aranya  at Byculla,18.9763051806034,72.8384452613639,,False,False,44593.08807134894,3,0.0,17.50439001207821,6.799055862058796,17.557921818251476
5 to 10 years,39000000.0,41053.0,2,2.0,,850.0,950.0,42.0,43.0,Semi-Furnished,East,"Garden/Park, Pool, Main Road",Apartment,Resale,Ready to Move,2026-08-19,Mumbai,Parel,L&T Crescent Bay,Tata Memorial Hospital,Parel,"Water Front,Skyline View,Sea facing,Skydeck,Health club with Steam / Jaccuzi,Central AC ,3 Tier Security System,Air Conditioned,All wooden flooring,Banquet Hall,Jogging and Strolling Track,Outdoor Tennis Courts,Private Garage,AC in each room ,Laundry Service,Internet/Wi-Fi Connectivity,RO Water System,Service/Goods Lift,Visitor Parking,Intercom Facility,Conference Room,Downtown",Water Availability 24 Hours Available,No/Rare Powercut,"Vitrified,Marble,Granite","NA|null,P51900004544|-1,P51900004666|-1,P51900006593|-1,P51900008032|-1,P51900010178|-1",Leasehold,Bachelors/Family,2026-08-18 23:39:15+00:00,2BHK Multistorey Apartment for Resale in L&T Crescent Bay at Parel,18.9982694030581,72.8410429440342,7.5,False,False,45882.35294117647,6,1.0,17.47907220409392,6.745236349484363,17.791329599241287
5 to 10 years,40000000.0,43956.0,2,2.0,,910.0,910.0,6.0,7.0,Semi-Furnished,North,Main Road,Apartment,Resale,Ready to Move,2026-08-19,Mumbai,Santacruz West,,High Life Mall,Santacruz West,"Modular Kitchen,Air Conditioned,AC in each room ,Internet/Wi-Fi Connectivity,RO Water System,Visitor Parking,Intercom Facility",Water Availability 24 Hours Available,No/Rare Powercut,Vitrified,,Freehold,Bachelors/Family,2026-08-18 23:33:50+00:00,2BHK Multistorey Apartment for Resale in Santacruz West,19.0812559812257,72.8376604906028,7.5,False,False,43956.043956043955,6,1.0,17.50439001207821,6.813444599510896,17.876290531425422
10 to 15 years,35000000.0,31818.0,2,2.0,,792.0,1100.0,16.0,23.0,Unfurnished,,,Apartment,Resale,Ready to Move,2026-08-22,Mumbai,Lower Parel,Aum Saheel Tower,,Lower Parel,,,,,,,Bachelors/Family,2026-08-21 10:02:37+00:00,2BHK Multistorey Apartment for Resale in Aum Saheel Tower at Lower Parel,18.9982431278398,72.8270305579981,12.5,False,False,44191.919191919194,3,0.0,17.37085861945369,6.674561391814426,18.34377448266777
Less than 5 years,35000000.0,27668.0,2,2.0,,911.0,1265.0,5.0,20.0,Semi-Furnished,,,Apartment,Resale,Ready to Move,2026-08-22,Mumbai,Matunga West,Rohan Lifescapes Mirage,,Matunga West,"Grand Entrance lobby,,Internet/Wi-Fi Connectivity,Earth quake resistant,Intercom Facility,",,,,"NA|null,P51900001725|-1",,Bachelors/Family,2026-08-21 07:12:41+00:00,2BHK Multistorey Apartment for Resale in Rohan Lifescapes Mirage at Matunga West,19.0288217353274,72.8440906063583,3.0,False,False,38419.31942919868,3,1.0,17.37085861945369,6.814542897259958,17.5942010176288
Less than 5 years,45000000.0,42857.0,2,3.0,,756.0,1050.0,7.0,11.0,Furnished,,,Apartment,Resale,Ready to Move,2026-08-21,Mumbai,Khar West,Lok Nirman,,Khar West,"Internet/Wi-Fi Connectivity,Visitor Parking,Intercom Facility",,,,,,Bachelors/Family,2026-08-20 17:57:46+00:00,2BHK Multistorey Apartment for Resale in Lok Nirman at Khar West,19.0699335919407,72.8363080829478,3.0,False,False,59523.80952380953,4,2.0,17.622173047734595,6.628041376179533,18.10029841849183
New Construction,35000000.0,28112.0,2,2.0,,896.0,1245.0,11.0,20.0,Unfurnished,,,Apartment,Resale,Ready to Move,2026-08-21,Mumbai,Mulund West,AAP Tirumala Habitats,,Mulund West,"Bar/Lounge,Fingerprint Access,Grand Entrance lobby,,Large Clubhouse ,,,,,,,,,,Air Conditioned,Banquet Hall,Jogging and Strolling Track,Outdoor Tennis Courts,,,,,Internet/Wi-Fi Connectivity,RO Water System,Service/Goods Lift,Visitor Parking,Intercom Facility,Conference Room,,",,,,"NA|null,P51800004278|06/2019",,Bachelors/Family,2026-08-20 17:51:35+00:00,2BHK Multistorey Apartment for Resale in AAP Tirumala Habitats at Mulund West,19.1749536837097,72.943103519999,0.0,False,False,39062.5,4,0.0,17.37085861945369,6.79794041297493,17.223121841269137
5 to 10 years,36000000.0,34286.0,2,2.0,,756.0,1050.0,26.0,30.0,Semi-Furnished,,,Apartment,Resale,Ready to Move,2026-08-21,Mumbai,Parel,Omkar Veda,,Parel,"Jogging and Strolling Track,,,,Visitor Parking,",,,,,,Bachelors/Family,2026-08-20 14:34:08+00:00,2BHK Multistorey Apartment for Resale in Omkar Veda at Parel,18.9982694030581,72.8410429440342,7.5,False,False,47619.04761904762,4,1.0,17.399029496420383,6.628041376179533,17.791329599241287
5 to 10 years,43500000.0,36250.0,2,2.0,,864.0,1200.0,25.0,31.0,Furnished,,,Apartment,Resale,Ready to Move,2026-08-21,Mumbai,Matunga West,Shreeji Heights,,Matunga West,"Grand Entrance lobby,Air Conditioned,Laundry Service,Service/Goods Lift,Earth quake resistant,Visitor Parking,Intercom Facility,",,,,,,Bachelors/Family,2026-08-21 06:09:51+00:00,2BHK Multistorey Apartment for Resale in Shreeji Heights at Matunga West,19.0288217353274,72.8440906063583,7.5,False,False,50347.22222222222,3,2.0,17.588271496058912,6.761572768804055,17.5942010176288
Above 20 years,37500000.0,37500.0,2,3.0,,720.0,1000.0,3.0,4.0,Semi-Furnished,,,Apartment,Resale,Ready to Move,2026-08-21,Mumbai,Pali Hill,Zeba Corner,,Pali Hill,,,,,,,Bachelors/Family,2026-08-21 05:00:44+00:00,2BHK Multistorey Apartment for Resale in Zeba Corner at Pali Hill,19.0690964899859,72.8264947990287,25.0,False,False,52083.333333333336,4,1.0,17.43985149094064,6.579251212010101,17.462019397850668
15 to 20 years,45000000.0,37815.0,2,4.0,,857.0,1190.0,3.0,16.0,Furnished,,,Apartment,Resale,Ready to Move,2026-08-21,Mumbai,Parel,Shiromani Tower,,Parel,,,,,,,Bachelors/Family,2026-08-21 05:01:13+00:00,2BHK Multistorey Apartment for Resale in Shiromani Tower at Parel,18.9982694030581,72.8410429440342,17.5,False,False,52508.75145857643,4,2.0,17.622173047734595,6.75343791859778,17.791329599241287
10 to 15 years,35000000.0,38293.0,2,2.0,,658.0,914.0,1.0,7.0,Unfurnished,,,Apartment,Resale,Ready to Move,2026-08-21,Mumbai,Dadar West,Nirmala building,,Dadar West,,,,,,,Bachelors/Family,2026-08-21 04:22:35+00:00,2BHK Multistorey Apartment for Resale in Nirmala building at Dadar West,19.0200667964879,72.8380779661804,12.5,False,False,53191.48936170213,4,0.0,17.37085861945369,6.489204931325317,17.406796767394848
Above 20 years,38000000.0,37438.0,2,2.0,,731.0,1015.0,1.0,6.0,Semi-Furnished,,,Apartment,Resale,Ready to Move,2026-08-21,Mumbai,Santacruz West,Rajkamal Apartment,,Santacruz West,"Laundry Service,Visitor Parking,",,,,,,Bachelors/Family,2026-08-21 04:15:20+00:00,2BHK Multistorey Apartment for Resale in Rajkamal Apartment at Santacruz West,19.0812559812257,72.8376604906028,25.0,False,False,51983.58413132695,4,1.0,17.45309671769066,6.594413459749778,17.876290531425422
Above 20 years,49500000.0,45000.0,2,2.0,,792.0,1100.0,3.0,7.0,Furnished,,,Apartment,Resale,Ready to Move,2026-08-21,Mumbai,Juhu,Silver Sea Apartment,,Juhu,,,,,,,Bachelors/Family,2026-08-21 04:38:03+00:00,2BHK Multistorey Apartment for Resale in Silver Sea Apartment at Juhu,19.098267753993,72.8335140160125,25.0,False,False,62500.0,4,2.0,17.717483227538917,6.674561391814426,18.303285651459202
New Construction,37000000.0,26504.0,2,2.0,,1005.0,1396.0,4.0,60.0,Semi-Furnished,,,Apartment,Resale,Ready to Move,2026-08-21,Mumbai,Sewri,Peninsula Celestia Spaces,,Sewri,"Bar/Lounge,Health club with Steam / Jaccuzi,,,,Air Conditioned,Banquet Hall,Jogging and Strolling Track,Outdoor Tennis Courts,Laundry Service,,,Internet/Wi-Fi Connectivity,RO Water System,Service/Goods Lift,Visitor Parking,Intercom Facility,Conference Room,",,,,"NA|null,P51900005432|12/2020",,Bachelors/Family,2026-08-21 05:09:21+00:00,2BHK Multistorey Apartment for Resale in Peninsula Celestia Spaces at Sewri,18.9920224182449,72.8537565266891,0.0,False,False,36815.92039800995,4,1.0,17.4264284706085,6.912742820493176,17.39184339973837
New Construction,35500000.0,26084.0,2,2.0,,980.0,1361.0,12.0,50.0,Unfurnished,,,Apartment,Resale,Ready to Move,2026-08-21,Mumbai,Sewri,Peninsula Celestia Spaces,,Sewri,"Bar/Lounge,Health club with Steam / Jaccuzi,,,,Air Conditioned,Banquet Hall,Jogging and Strolling Track,Outdoor Tennis Courts,Laundry Service,,,Internet/Wi-Fi Connectivity,RO Water System,Service/Goods Lift,Visitor Parking,Intercom Facility,Conference Room,",,,,"NA|null,P51900005432|12/2020",,Bachelors/Family,2026-08-21 05:09:37+00:00,2BHK Multistorey Apartment for Resale in Peninsula Celestia Spaces at Sewri,18.9920224182449,72.8537565266891,0.0,False,False,36224.489795918365,4,0.0,17.385043254445645,6.887552571664617,17.39184339973837
New Construction,35500000.0,27308.0,2,2.0,,936.0,1300.0,4.0,50.0,Unfurnished,,,Apartment,Resale,Ready to Move,2026-08-21,Mumbai,Sewri,Peninsula Celestia Spaces,,Sewri,"Bar/Lounge,Health club with Steam / Jaccuzi,,,,Air Conditioned,Banquet Hall,Jogging and Strolling Track,Outdoor Tennis Courts,Laundry Service,,,Internet/Wi-Fi Connectivity,RO Water System,Service/Goods Lift,Visitor Parking,Intercom Facility,Conference Room,",,,,"NA|null,P51900005432|12/2020",,Bachelors/Family,2026-08-21 05:09:26+00:00,2BHK Multistorey Apartment for Resale in Peninsula Celestia Spaces at Sewri,18.9920224182449,72.8537565266891,0.0,False,False,37927.35042735043,4,0.0,17.385043254445645,6.841615476477592,17.39184339973837
Above 20 years,36500000.0,32589.0,2,2.0,,806.0,1120.0,5.0,5.0,Furnished,,,Apartment,Resale,Ready to Move,2026-08-21,Mumbai,Santacruz West,Gautam Apartments,,Santacruz West,,,,,,,Bachelors/Family,2026-08-21 05:08:12+00:00,2BHK Multistorey Apartment for Resale in Gautam Apartments at Santacruz West,19.0812559812257,72.8376604906028,25.0,False,False,45285.359801488834,4,2.0,17.41282281855272,6.692083742506628,17.876290531425422
5 to 10 years,40000000.0,38462.0,2,2.0,,749.0,1040.0,34.0,69.0,Furnished,,,Apartment,Resale,Ready to Move,2026-08-20,Mumbai,Parel,Lodha Venezia,,Parel,"Bar/Lounge,,,,,,,,,,,Air Conditioned,Banquet Hall,Jogging and Strolling Track,Outdoor Tennis Courts,,,,Laundry Service,,,,Internet/Wi-Fi Connectivity,RO Water System,Service/Goods Lift,Visitor Parking,Intercom Facility,Conference Room,,",,,,"NA|null,P51900005378|-1",,Bachelors/Family,2026-08-20 13:14:30+00:00,2BHK Multistorey Apartment for Resale in Lodha Venezia at Parel,18.9982694030581,72.8410429440342,7.5,False,False,53404.5393858478,4,2.0,17.50439001207821,6.618738983517219,17.791329599241287
5 to 10 years,59000000.0,51304.0,2,2.0,,816.0,1150.0,6.0,24.0,Furnished,West,"Garden/Park, Pool, Main Road",Apartment,Resale,Ready to Move,2026-08-24,Mumbai,Mahim West,,,Mahim West,"Jogging and Strolling Track,Laundry Service,Service/Goods Lift,Visitor Parking",,,Ceramic Tiles,,Co-operative Society,Bachelors/Family,2026-08-23 06:47:16+00:00,2BHK Multistorey Apartment for Resale in Mahim West,19.0383794616621,72.8398930483562,7.5,False,False,72303.92156862745,1,2.0,17.893048001869992,6.704414354964107,17.56120215784331
New Construction,56200000.0,,2,2.0,,804.0,,2.0,14.0,Unfurnished,East,,Apartment,Resale,Ready to Move,2026-08-23,Mumbai,Saraswat Colony,AP Nutex,Mai mandir,Saraswat Colony Potohar Nagar,"Visitor Parking,Intercom Facility",Water Availability 24 Hours Available,No/Rare Powercut,Marble,"NA|null,P51800045434|-1",,Bachelors/Family,2026-08-22 23:31:16+00:00,2BHK Multistorey Apartment for Resale in AP Nutex at Saraswat Colony Potohar Nagar,19.0818068374154,72.8322632976278,0.0,False,False,69900.49751243781,2,0.0,17.84442731486392,6.6895992691789665,17.84442731486392
New Construction,60000000.0,48583.0,2,2.0,,915.0,1235.0,14.0,15.0,Unfurnished,West,Main Road,Apartment,Resale,Ready to Move,2026-08-19,Mumbai,Juhu,Options Kinara,Noble Chemist,Juhu,"Bar/Lounge,Visitor Parking",Water Availability 24 Hours Available,No/Rare Powercut,Normal Tiles/Kotah Stone,"NA|null,P51800029182|-1",Co-operative Society,Bachelors/Family,2026-08-18 23:51:38+00:00,2BHK Multistorey Apartment for Resale in Options Kinara at Juhu,19.098267753993,72.8335140160125,0.0,False,False,65573.77049180328,6,0.0,17.909855120186375,6.818924065275521,18.303285651459202
Above 20 years,65000000.0,56522.0,2,2.0,1,780.0,1150.0,27.0,31.0,Semi-Furnished,West,"Garden/Park, Main Road",Apartment,Resale,Ready to Move,2026-08-20,Mumbai,Colaba,Sagar Sangeet,President Hotel,Colaba,"Water Front,Skyline View,Sea facing,Central AC ,3 Tier Security System,Air Conditioned,All wooden flooring,AC in each room ,Internet/Wi-Fi Connectivity,RO Water System,Service/Goods Lift,Visitor Parking,Intercom Facility,Downtown",Water Availability 24 Hours Available,No/Rare Powercut,"Ceramic Tiles,Marble,Granite",,Co-operative Society,Bachelors/Family,2026-08-19 23:31:40+00:00,2BHK Multistorey Apartment for Resale in Sagar Sangeet at Colaba,18.9037004,72.8131432,25.0,False,False,83333.33333333333,5,1.0,17.98989782785991,6.659293919683638,18.047090822435145
Less than 5 years,55000000.0,40411.0,2,2.0,,980.0,1361.0,11.0,16.0,Unfurnished,,,Apartment,Resale,Ready to Move,2026-08-22,Mumbai,Khar West,Dotom Nivan,,Khar West,"Jogging and Strolling Track,AC in each room ,,Service/Goods Lift,Conference Room",,,,"NA|null,P51800011423|-1",,Bachelors/Family,2026-08-21 10:47:37+00:00,2BHK Multistorey Apartment for Resale in Dotom Nivan at Khar West,19.0699335919407,72.8363080829478,3.0,False,False,56122.448979591834,3,0.0,17.822843743196746,6.887552571664617,18.10029841849183
Above 20 years,55000000.0,45833.0,2,2.0,,864.0,1200.0,3.0,5.0,Furnished,,,Apartment,Resale,Ready to Move,2026-08-21,Mumbai,Pedder Road,Shanti Buildings,,Pedder Road,,,,,,,Bachelors/Family,2026-08-20 16:37:07+00:00,2BHK Multistorey Apartment for Resale in Shanti Buildings at Pedder Road,18.96887,72.80882,25.0,False,False,63657.40740740741,4,2.0,17.822843743196746,6.761572768804055,17.822843743196746
Above 20 years,62500000.0,61275.0,2,2.0,,734.0,1020.0,6.0,7.0,Furnished,,,Apartment,Resale,Ready to Move,2026-08-21,Mumbai,Napean Sea Road,Prem Milan,,Napean Sea Road,"Visitor Parking,",,,,,,Bachelors/Family,2026-08-21 04:59:59+00:00,2BHK Multistorey Apartment for Resale in Prem Milan at Napean Sea Road,18.9552223151731,72.7987763458566,25.0,False,False,85149.86376021798,4,2.0,17.95067711470663,6.598509028614515,17.56413145120467
,69025000.0,,2,2.0,,1255.0,,,,Unfurnished,,,Apartment,New Property,Dec '27,2026-08-11,Mumbai,Byculla,Marathon Monte South,,Byculla,Skyline View,Water Availability 24 Hours Available,No/Rare Powercut,"Vitrified,Wooden,Marbonite","NA|null,P51800001585|06/2023,P51800001681|06/2022,P51800001779|12/2021,P51800002818|06/2024,P51900001346|12/2023,P51900001936|12/2021,P51900033347|06/2026,P51900048944|06/2027,P51900049688|12/2027",,Bachelors/Family,2026-08-20 17:36:46+00:00,2BHK Multistorey Apartment for New Property in Marathon Monte South at Byculla,18.9763051806034,72.8384452613639,,False,False,55000.0,4,0.0,18.049979315780494,7.134890851565884,17.557921818251476
5 to 10 years,54000000.0,51429.0,2,2.0,,893.0,1050.0,65.0,78.0,Unfurnished,West,"Garden/Park, Pool, Main Road",Apartment,Resale,Ready to Move,2026-08-23,Mumbai,Worli,Lodha Park,Pandurang Budhkar Marg Next to Shree Simandhar Swami Jain Temple.,Worli,"Skyline View,Sea facing,Bar/Lounge,Golf Course,Air Conditioned,Banquet Hall,Jogging and Strolling Track,Outdoor Tennis Courts,Laundry Service,Internet/Wi-Fi Connectivity,RO Water System,Service/Goods Lift,Visitor Parking,Intercom Facility,Conference Room",,,"Ceramic Tiles,Granite,Normal Tiles/Kotah Stone,Vitrified","NA|null,P51900001339|-1,P51900016526|12/2021",Freehold,Bachelors/Family,2026-08-22 23:45:19+00:00,2BHK Multistorey Apartment for Resale in Lodha Park at Worli,19.0036486667054,72.8175254882335,7.5,False,False,60470.324748040315,2,0.0,17.80449460452855,6.794586580876499,18.25306630158134
15 to 20 years,54900000.0,42394.0,2,2.0,1,847.0,1295.0,4.0,35.0,Semi-Furnished,North,Main Road,Apartment,Resale,Ready to Move,2026-08-24,Mumbai,Andheri West,Oberoi Springs,East West Flyover,Andheri West,"Bar/Lounge,Air Conditioned,Banquet Hall,Jogging and Strolling Track,Outdoor Tennis Courts,Laundry Service,Internet/Wi-Fi Connectivity,RO Water System,Service/Goods Lift,Visitor Parking,Intercom Facility,Conference Room",Water Availability 24 Hours Available,No/Rare Powercut,"Vitrified,Wooden",,Co-operative Society,Bachelors/Family,2026-08-23 23:45:19+00:00,2BHK Multistorey Apartment for Resale in Oberoi Springs at Andheri West,19.1373697481266,72.8257229439874,17.5,False,False,64817.00118063755,1,1.0,17.82102390647976,6.741700694652055,17.52659843548851
New Construction,52900000.0,39185.0,2,2.0,,1150.0,1350.0,10.0,56.0,Unfurnished,East,"Garden/Park, Main Road",Apartment,New Property,Ready to Move,2026-08-22,Mumbai,Byculla,Marathon Monte South,Railway station 1.6 kmJ J Hospital 2.1 kmPalladium Mall 3.8 km,Byculla,"Skyline View,Fireplace,Theme based Architectures,Air Conditioned,Jogging and Strolling Track,Outdoor Tennis Courts,Internet/Wi-Fi Connectivity,Service/Goods Lift,Visitor Parking,Intercom Facility",Water Availability 24 Hours Available,No/Rare Powercut,"Ceramic Tiles,Vitrified","NA|null,P51800001585|06/2023,P51800001681|06/2022,P51800001779|12/2021,P51800002818|06/2024,P51900001346|12/2023,P51900001936|12/2021,P51900033347|06/2026,P51900048944|06/2027,P51900049688|12/2027",Freehold,Bachelors/Family,2026-08-22 12:10:33+00:00,2BHK Multistorey Apartment for New Property in Marathon Monte South at Byculla,18.9763051806034,72.8384452613639,0.0,False,False,46000.0,2,0.0,17.783913896828526,7.047517221357296,17.557921818251476
Less than 5 years,52500000.0,60137.0,2,2.0,,873.0,873.0,19.0,22.0,Unfurnished,North - East,Main Road,Apartment,Resale,Ready to Move,2026-08-22,Mumbai,Shivaji Park,,,Shivaji Park,,Water Availability 24 Hours Available,No/Rare Powercut,Vitrified,,Co-operative Society,Bachelors/Family,2026-08-22 14:59:21+00:00,2BHK Multistorey Apartment for Resale in Shivaji Park,19.0287954865428,72.838688734427,3.0,False,False,60137.45704467354,2,0.0,17.776323727561852,6.771935555839602,17.73656438417685
10 to 15 years,58500000.0,61579.0,2,3.0,,950.0,950.0,10.0,14.0,Semi-Furnished,East,Main Road,Apartment,Resale,Ready to Move,2026-08-22,Mumbai,Girgaon,,Girgaon Chowpatty,Girgaon,"Smart Home,Jogging and Strolling Track",Water Availability 24 Hours Available,No/Rare Powercut,Vitrified,,Co-operative Society,Bachelors/Family,2026-08-22 06:11:59+00:00,2BHK Multistorey Apartment for Resale in Girgaon,18.9567919804138,72.8192909983038,12.5,False,False,61578.94736842105,2,1.0,17.884537312202085,6.856461984594587,18.29120963737705
,58500000.0,55981.0,2,2.0,1,,1045.0,10.0,14.0,Unfurnished,,,Apartment,Resale,Ready to Move,2026-07-09,Mumbai,Nalasopara East,vidya apartment,,Nalasopara East,,,,,,,Bachelors/Family,2026-07-08 22:30:43+00:00,2BHK Multistorey Apartment for Resale in vidya apartment at Nalasopara East,19.43138984792,72.8497262547151,,False,False,,47,0.0,17.884537312202085,,15.256196731670533
New Construction,52000000.0,58890.0,2,2.0,1,,883.0,33.0,33.0,Unfurnished,East,"Pool, Garden/Park, Main Road",Apartment,Resale,Ready to Move,2026-07-18,Mumbai,Byculla,Prestige Jasdan Classic,,Byculla,"Banquet Hall,Service/Goods Lift",,,,"NA|null,P51900031285|-1",,Bachelors/Family,2026-07-18 13:44:25+00:00,2BHK Multistorey Apartment for Resale in Prestige Jasdan Classic at Byculla,18.9763051806034,72.8384452613639,0.0,False,False,,37,0.0,17.7667542765457,,17.557921818251476
Above 20 years,65000000.0,28446.0,2,2.0,1,2300.0,2285.0,,,Semi-Furnished,East,"Garden/Park, Main Road",Residential House,Resale,Ready to Move,2026-08-17,Mumbai,Andheri West,,,Andheri West,,,,Marble,,,Bachelors/Family,2026-08-04 22:30:37+00:00,2BHK Residential House for Resale in Andheri West,19.1373697481266,72.8257229439874,25.0,False,False,28260.869565217392,20,1.0,17.98989782785991,7.7406644019172415,17.52659843548851
Above 20 years,71500000.0,,2,2.0,,1037.0,,13.0,16.0,Furnished,West,Garden/Park,Apartment,Resale,Ready to Move,2026-05-28,Mumbai,Cuffe Parade,Sea Lord,,Cuffe Parade,"Sea facing,Air Conditioned,Banquet Hall,Private Garage,Downtown",Water Availability 24 Hours Available,No/Rare Powercut,Vitrified,,Co-operative Society,Bachelors/Family,2026-05-27 17:48:14+00:00,2BHK Multistorey Apartment for Resale in Sea Lord at Cuffe Parade,18.9146859411536,72.8196960395871,25.0,False,False,68948.89103182257,89,2.0,18.085208007664235,6.9440872082295275,18.1971508039911
,59900000.0,66115.0,2,2.0,2,906.0,906.0,0.0,6.0,Unfurnished,North,Garden/Park,Builder Floor Apartment,New Property,Under Construction,2026-08-23,Mumbai,Dadar West,Suraj Palette,Situated at Shivaji Park near CCIL Bhavan Dadar West,Dadar West,Health club with Steam / Jaccuzi,Water Availability 24 Hours Available,No/Rare Powercut,"Granite,Marble","NA|null,P51900008207|-1",Freehold,Bachelors/Family,2026-08-22 23:45:19+00:00,2BHK Builder Floor Apartment for New Property in Suraj Palette at Dadar West,19.0200667964879,72.8380779661804,,False,False,66114.79028697572,2,0.0,17.908187063085677,6.80903930604298,17.406796767394848
,53300000.0,61547.0,2,2.0,,866.0,866.0,10.0,56.0,Semi-Furnished,South,"Garden/Park, Pool, Main Road",Apartment,New Property,Under Construction,2026-08-23,Mumbai,Mazgaon,The Aga Hall Estate,"Near Eastern Express Hwy, Byculla Stn  Prince Aly Khan Hosp.",Mazgaon,"Skyline View,Sea facing,Smart Home,Skydeck,Island Kitchen Layout,Concierge Services,Theme based Architectures,Full Glass Wall,Sky Villa,Fingerprint Access,Health club with Steam / Jaccuzi,Golf Course,Air Conditioned,Banquet Hall,Jogging and Strolling Track,Visitor Parking,Downtown",Water Availability 24 Hours Available,No/Rare Powercut,"Ceramic Tiles,Marble,Marbonite,Mosaic","NA|null,P51900026326|-1",Freehold,Bachelors/Family,2026-08-22 23:45:18+00:00,2BHK Multistorey Apartment for New Property in The Aga Hall Estate at Mazgaon,18.9633811595298,72.8440624733612,,False,False,61547.3441108545,2,1.0,17.791446889136072,6.763884908562435,17.791446889136072
New Construction,55000000.0,56877.0,2,2.0,,967.0,967.0,55.0,63.0,Unfurnished,West,Garden/Park,Apartment,Resale,Ready to Move,2026-08-23,Mumbai,Worli,Lodha Adrina,A beautiful apartment is available for SaleRent in South Mumbai.,Worli,"Sea facing,Theme based Architectures,Private pool ,Golf Course,Banquet Hall,Laundry Service,Visitor Parking,Intercom Facility,Conference Room",Water Availability 24 Hours Available,No/Rare Powercut,Marble,"NA|null,P51900014937|07/2024",Freehold,Bachelors/Family,2026-08-22 23:45:20+00:00,2BHK Multistorey Apartment for Resale in Lodha Adrina at Worli,19.0036486667054,72.8175254882335,0.0,False,False,56876.93898655636,2,0.0,17.822843743196746,6.874198495453294,18.25306630158134
New Construction,65392000.0,,2,2.0,,976.0,,7.0,22.0,Semi-Furnished,East,"Garden/Park, Pool, Main Road",Apartment,New Property,Ready to Move,2026-08-23,Mumbai,Bandra Kurla Complex,Radius 10 BKC,,Bandra Kurla Complex,"Bar/Lounge,Air Conditioned,Banquet Hall,Jogging and Strolling Track,Outdoor Tennis Courts,Laundry Service,Internet/Wi-Fi Connectivity,RO Water System,Service/Goods Lift,Visitor Parking,Intercom Facility,Conference Room",Water Availability 24 Hours Available,,Marble,"NA|null,P51800004889|09/2023",Leasehold,Bachelors/Family,2026-08-22 23:45:14+00:00,2BHK Multistorey Apartment for New Property in Radius 10 BKC at Bandra Kurla Complex,19.0626802993452,72.8650539233055,0.0,False,False,67000.0,2,1.0,17.995910484786197,6.883462586413092,16.270084432480974
Above 20 years,60000000.0,49100.0,2,2.0,,940.0,1222.0,10.0,16.0,Furnished,South - East,Main Road,Apartment,Resale,Ready to Move,2026-08-23,Mumbai,Cuffe Parade,Sea Lord,This apartment sound in a vibrant and wellestablished locality.,Cuffe Parade,"Sea facing,Private Garage,Laundry Service,Visitor Parking",Water Availability 24 Hours Available,No/Rare Powercut,Marble,,Co-operative Society,Bachelors/Family,2026-08-22 23:45:18+00:00,2BHK Multistorey Apartment for Resale in Sea Lord at Cuffe Parade,18.9146859411536,72.8196960395871,25.0,False,False,63829.78723404255,2,2.0,17.909855120186375,6.84587987526405,18.1971508039911
New Construction,50000000.0,73529.0,2,2.0,2,680.0,680.0,25.0,50.0,Semi-Furnished,North,"Pool, Garden/Park, Main Road",Apartment,Resale,Ready to Move,2026-08-23,Mumbai,,Prestige Jasdan Classic,Near Bycull Station and Sath Rasta,Byculla East,"Concierge Services,Bar/Lounge,Air Conditioned,Internet/Wi-Fi Connectivity,Conference Room",Water Availability 24 Hours Available,No/Rare Powercut,"Mosaic,Wooden,Ceramic Tiles,Marble,Granite","NA|null,P51900031285|-1",Leasehold,Bachelors/Family,2026-08-22 23:45:18+00:00,2BHK Multistorey Apartment for Resale in Prestige Jasdan Classic at Byculla East,18.9828560965024,72.8388476258909,0.0,False,False,73529.41176470589,2,1.0,17.72753356339242,6.522092798170152,
New Construction,57900000.0,48861.0,2,2.0,,988.0,1185.0,7.0,22.0,Unfurnished,East,"Garden/Park, Pool, Main Road",Apartment,Resale,Ready to Move,2026-08-23,Mumbai,Bandra Kurla Complex,Adani Ten BKC ,Bandra Kurla Complex,Bandra Kurla Complex,"Jogging and Strolling Track,Service/Goods Lift,Visitor Parking,Intercom Facility",Water Availability 24 Hours Available,No/Rare Powercut,Vitrified,"NA|null,P51800004889|-1",Freehold,Bachelors/Family,2026-08-22 23:45:18+00:00,2BHK Multistorey Apartment for Resale in Adani Ten BKC  at Bandra Kurla Complex,19.0626802993452,72.8650539233055,0.0,False,False,58603.23886639676,2,0.0,17.874227942543225,6.895682697747868,16.270084432480974
Above 20 years,75000000.0,88235.0,2,2.0,1,800.0,850.0,0.0,3.0,Furnished,East,"Garden/Park, Main Road",Apartment,Resale,Ready to Move,2026-08-23,Mumbai,Worli,Venus Apartments ,"Bandra Worli Sealink, Coastal road.",Worli,"Sea facing,Air Conditioned,Jogging and Strolling Track,Laundry Service,Internet/Wi-Fi Connectivity,Service/Goods Lift,Visitor Parking",,,Marble,,Co-operative Society,Bachelors/Family,2026-08-22 23:45:18+00:00,2BHK Multistorey Apartment for Resale in Venus Apartments  at Worli,19.0036486667054,72.8175254882335,25.0,False,False,93750.0,2,2.0,18.132998671500584,6.684611727667927,18.25306630158134
,52200000.0,43500.0,2,2.0,1,847.0,1200.0,5.0,62.0,Unfurnished,East,"Pool, Main Road",Apartment,New Property,Under Construction,2026-08-23,Mumbai,Sewri West,Sobha Inizio,Direct access to Atal Setu via upcoming Sewri-Worli Connector,Sewri West,"Sea facing,Full Glass Wall,Air Conditioned,Banquet Hall,Jogging and Strolling Track,Service/Goods Lift,Visitor Parking,Intercom Facility",Water Availability 24 Hours Available,No/Rare Powercut,Marble,"NA|null,PR1170002501523|-1",Freehold,Bachelors/Family,2026-08-22 23:45:21+00:00,2BHK Multistorey Apartment for New Property in Sobha Inizio at Sewri West,19.0016245,72.85270978,,False,False,61629.27981109799,2,0.0,17.770593052852867,6.741700694652055,17.770593052852867
,59900000.0,,2,2.0,1,905.0,,1.0,50.0,Unfurnished,East,"Pool, Main Road",Apartment,New Property,Ready to Move,2026-08-23,Mumbai,Dadar West,Suraj Palette,"Raobahadur SK Bole Rd, Chandrakant Dhuru Wadi, Dadar, Mumbai, Maharash",Dadar West,Health club with Steam / Jaccuzi,Water Availability 24 Hours Available,No/Rare Powercut,"Granite,Marble,Marbonite","NA|null,P51900008207|-1",Freehold,Bachelors/Family,2026-08-22 23:45:17+00:00,2BHK Multistorey Apartment for New Property in Suraj Palette at Dadar West,19.0200667964879,72.8380779661804,,False,False,66187.8453038674,2,0.0,17.908187063085677,6.807934943699926,17.406796767394848
New Construction,53000000.0,50476.0,2,2.0,,893.0,1050.0,,,Semi-Furnished,East,"Garden/Park, Pool, Main Road",Apartment,New Property,Ready to Move,2026-08-23,Mumbai,Worli,Lodha Allura,Worli,Worli,"Water Front,Concierge Services,Fireplace,Theme based Architectures,Private pool ,Full Glass Wall,Sky Villa,Bar/Lounge,Health club with Steam / Jaccuzi,Air Conditioned,Banquet Hall,Jogging and Strolling Track,Outdoor Tennis Courts,Private Garage,Laundry Service,Internet/Wi-Fi Connectivity,RO Water System,Service/Goods Lift,Visitor Parking,Intercom Facility,Conference Room,Downtown",Water Availability 24 Hours Available,No/Rare Powercut,"Vitrified,Wooden,Ceramic Tiles,Marble,Normal Tiles/Kotah Stone,Granite,Marbonite",,Co-operative Society,Bachelors/Family,2026-08-22 23:45:20+00:00,2BHK Multistorey Apartment for New Property in Lodha Allura at Worli,19.0036486667054,72.8175254882335,0.0,False,False,59350.5039193729,2,1.0,17.785802471516394,6.794586580876499,18.25306630158134
New Construction,56000000.0,50909.0,2,2.0,1,783.0,1100.0,3.0,16.0,Unfurnished,East,Main Road,Apartment,Resale,Ready to Move,2026-08-23,Mumbai,Khar West,Nugget Apartments,near Nobel Medical,Khar West,"Water Front,Wine Cellar,Full Glass Wall,Air Conditioned,Visitor Parking",Water Availability 24 Hours Available,No/Rare Powercut,Marble,,Co-operative Society,Bachelors/Family,2026-08-22 23:45:19+00:00,2BHK Multistorey Apartment for Resale in Nugget Apartments at Khar West,19.0699335919407,72.8363080829478,0.0,False,False,71519.79565772669,2,0.0,17.840862248699423,6.663132695990803,18.10029841849183
5 to 10 years,97500000.0,92857.0,2,2.0,1,1000.0,1050.0,14.0,14.0,Semi-Furnished,West,"Garden/Park, Main Road",Apartment,Resale,Ready to Move,2026-08-22,Mumbai,Cuffe Parade,Maker Tower,World Trade Centre,Cuffe Parade,"Air Conditioned,Internet/Wi-Fi Connectivity,RO Water System,Visitor Parking,Intercom Facility",Water Availability 24 Hours Available,No/Rare Powercut,"Vitrified,Marble,Granite",,Freehold,Bachelors/Family,2026-08-21 23:38:08+00:00,2BHK Multistorey Apartment for Resale in Maker Tower at Cuffe Parade,18.9146859411536,72.8196960395871,7.5,False,False,97500.0,3,1.0,18.395362935968077,6.907755278982137,18.1971508039911
,84227500.0,,2,2.0,1,755.0,,15.0,22.0,Semi-Furnished,East,"Garden/Park, Pool, Main Road",Apartment,New Property,Under Construction,2026-08-23,Mumbai,Jawahar Nagar,Velstand Ariha Vincere,Jawahar Nagar Railway Station NearbySV Road Nearby,Jawahar Nagar Goregaon West,Jogging and Strolling Track,Water Availability 24 Hours Available,No/Rare Powercut,Vitrified,"NA|null,P51800076927|-1",Freehold,Bachelors/Family,2026-08-22 23:45:19+00:00,2BHK Multistorey Apartment for New Property in Velstand Ariha Vincere at Jawahar Nagar Goregaon West,19.1593130319176,72.8473192718963,,False,False,111559.60264900663,2,1.0,18.249032029214714,6.626717749249025,17.857600414236366
15 to 20 years,85000000.0,,2,2.0,2,1200.0,,3.0,17.0,Furnished,East,Garden/Park,Apartment,Resale,Ready to Move,2026-08-23,Mumbai,Gamadia Colony,Vastu Shilp Apartment,"Gamdia Coloney, Tardeo",Gamadia Colony,"Air Conditioned,Banquet Hall,Jogging and Strolling Track,Internet/Wi-Fi Connectivity,Visitor Parking,Intercom Facility",Water Availability 24 Hours Available,No/Rare Powercut,Marble,,Co-operative Society,Bachelors/Family,2026-08-22 23:45:21+00:00,2BHK Multistorey Apartment for Resale in Vastu Shilp Apartment at Gamadia Colony,18.9692960320195,72.812668058328,17.5,False,False,70833.33333333333,2,2.0,18.258161814454592,7.090076835776092,18.489473575428647
New Construction,100000000.0,90909.0,2,1.0,2,1099.0,1100.0,50.0,55.0,Furnished,,,Apartment,New Property,Ready to Move,2026-08-24,Mumbai,Parel,Indiabulls Sky,,Parel,,,,,"NA|null,P51900000467|04/2016,P51900000616|07/2017",,Bachelors/Family,2026-08-23 23:45:18+00:00,2BHK Multistorey Apartment for New Property in Indiabulls Sky at Parel,18.9982694030581,72.8410429440342,0.0,False,False,90991.81073703367,1,2.0,18.420680743952367,7.002155954403621,17.791329599241287
Above 20 years,85000000.0,69050.0,2,3.0,,947.0,1231.0,4.0,15.0,Semi-Furnished,East,"Garden/Park, Main Road",Apartment,Resale,Ready to Move,2026-08-24,Mumbai,Cuffe Parade,Maker Tower,Best Locality in South Mumbai.,Cuffe Parade,"House help accommodation,Air Conditioned,Jogging and Strolling Track,Private Garage,Internet/Wi-Fi Connectivity,RO Water System,Service/Goods Lift,Visitor Parking,Intercom Facility",Water Availability 24 Hours Available,No/Rare Powercut,Marble,,Co-operative Society,Bachelors/Family,2026-08-23 23:45:18+00:00,2BHK Multistorey Apartment for Resale in Maker Tower at Cuffe Parade,18.9146859411536,72.8196960395871,25.0,False,False,89757.1277719113,1,1.0,18.258161814454592,6.853299093186078,18.1971508039911
Above 20 years,100000000.0,76923.0,2,3.0,,1300.0,1300.0,16.0,78.0,Furnished,South,"Garden/Park, Pool",Apartment,Resale,Ready to Move,2026-08-24,Mumbai,Mahalakshmi,Lokhandwala Minerva,Mahalaxmi,Mahalakshmi,"Banquet Hall,Jogging and Strolling Track,Outdoor Tennis Courts,Laundry Service,Service/Goods Lift,Visitor Parking,Intercom Facility,Conference Room",Water Availability 24 Hours Available,No/Rare Powercut,"Ceramic Tiles,Marble","NA|null,P51900008204|-1",Freehold,Bachelors/Family,2026-08-23 23:45:18+00:00,2BHK Multistorey Apartment for Resale in Lokhandwala Minerva at Mahalakshmi,18.9865617867147,72.8182867539311,25.0,False,False,76923.07692307692,1,2.0,18.420680743952367,7.170119543449628,18.60187312627558
Above 20 years,83500000.0,52188.0,2,3.0,1,1050.0,1600.0,6.0,25.0,Semi-Furnished,East,Garden/Park,Apartment,Resale,Ready to Move,2026-08-24,Mumbai,Tardeo,Mahindra Heights,next lamington Police Station,Tardeo,"Air Conditioned,Banquet Hall,Jogging and Strolling Track,Laundry Service,Internet/Wi-Fi Connectivity,Service/Goods Lift,Visitor Parking,Intercom Facility,Conference Room",,,"Marble,Normal Tiles/Kotah Stone",,Freehold,Bachelors/Family,2026-08-23 23:45:16+00:00,2BHK Multistorey Apartment for Resale in Mahindra Heights at Tardeo,18.9693555488714,72.8133774658556,25.0,False,False,79523.80952380953,1,1.0,18.240357189821083,6.956545443151569,18.19148810138135
5 to 10 years,80000000.0,72727.0,2,2.0,,900.0,1100.0,15.0,50.0,Semi-Furnished,East,,Apartment,Resale,Ready to Move,2026-08-17,Mumbai,Lower Parel,India Bulls Sky Forest,"High Street Phoenix Mall,  Lower Parel Railway Station",Lower Parel,"Water Front,Smart Home,Island Kitchen Layout,Concierge Services,Full Glass Wall,Fingerprint Access,Health club with Steam / Jaccuzi,House help accommodation,Air Conditioned,Banquet Hall,Jogging and Strolling Track,Outdoor Tennis Courts,Laundry Service,Internet/Wi-Fi Connectivity,RO Water System,Service/Goods Lift,Visitor Parking,Intercom Facility,Conference Room",Water Availability 24 Hours Available,No/Rare Powercut,Vitrified,"NA|null,P51900000467|-1,P51900000616|-1",Freehold,Bachelors/Family,2026-08-17 06:47:27+00:00,2BHK Multistorey Apartment for Resale in India Bulls Sky Forest at Lower Parel,18.9982431278398,72.8270305579981,7.5,False,False,88888.88888888889,7,1.0,18.197537192638155,6.802394763324311,18.34377448266777
Above 20 years,84500000.0,70417.0,2,2.0,1,1000.0,1200.0,4.0,7.0,Furnished,West,Garden/Park,Apartment,Resale,Ready to Move,2026-08-23,Mumbai,JP Road,,Builidng itself is Landmark.,JP Road,"Water Front,Sea facing,Bar/Lounge,Air Conditioned,Visitor Parking",Water Availability 24 Hours Available,No/Rare Powercut,Vitrified,,Freehold,Bachelors/Family,2026-08-22 23:45:18+00:00,2BHK Multistorey Apartment for Resale in JP Road,19.12933715,72.82618347,25.0,False,False,84500.0,2,2.0,18.252262092327403,6.907755278982137,18.252262092327403
15 to 20 years,90000000.0,64286.0,2,3.0,1,1100.0,1400.0,7.0,7.0,Unfurnished,East,"Garden/Park, Pool, Main Road",Apartment,Resale,Ready to Move,2026-08-23,Mumbai,Mount Mary,,Mount Unique  Mount marry hill,Mount Mary,"Water Front,Hilltop,Skyline View,Smart Home,Island Kitchen Layout,Wrap Around Balcony,Concierge Services,Fireplace,Theme based Architectures,Wine Cellar,Helipad,Full Glass Wall,Bar/Lounge,Fingerprint Access,Health club with Steam / Jaccuzi,Golf Course,House help accommodation,Air Conditioned,Banquet Hall,Jogging and Strolling Track,Laundry Service,Internet/Wi-Fi Connectivity,Visitor Parking,Intercom Facility,Conference Room,Downtown",Water Availability 24 Hours Available,No/Rare Powercut,"Ceramic Tiles,Granite,Vitrified,Wooden",,Freehold,Bachelors/Family,2026-08-22 23:45:20+00:00,2BHK Multistorey Apartment for Resale in Mount Mary,19.04625,72.82381,17.5,False,False,81818.18181818182,2,0.0,18.31532022829454,7.003065458786462,18.356983173569343
15 to 20 years,75000000.0,62500.0,2,2.0,,1000.0,1200.0,3.0,6.0,Semi-Furnished,East,Main Road,Apartment,Resale,Ready to Move,2026-08-23,Mumbai,Juhu,,Janki Kutir,Juhu,Intercom Facility,Water Availability 24 Hours Available,No/Rare Powercut,Marble,,Freehold,Bachelors/Family,2026-08-22 23:45:15+00:00,2BHK Multistorey Apartment for Resale in Juhu,19.098267753993,72.8335140160125,17.5,False,False,75000.0,2,1.0,18.132998671500584,6.907755278982137,18.303285651459202
New Construction,75000000.0,62500.0,2,3.0,,827.0,1200.0,57.0,68.0,Unfurnished,North,"Garden/Park, Pool, Main Road",Apartment,Resale,Ready to Move,2026-08-23,Mumbai,Worli,Indiabulls Blu,,Worli,"Health club with Steam / Jaccuzi,Golf Course,Air Conditioned,Banquet Hall,Outdoor Tennis Courts,Laundry Service,Service/Goods Lift,Visitor Parking,Intercom Facility,Conference Room",Water Availability 24 Hours Available,No/Rare Powercut,Marble,"NA|null,P51900000469|-1,P51900000473|-1,P51900000843|-1,P51900000871|-1",Freehold,Bachelors/Family,2026-08-22 23:45:17+00:00,2BHK Multistorey Apartment for Resale in Indiabulls Blu at Worli,19.0036486667054,72.8175254882335,0.0,False,False,90689.23821039904,2,0.0,18.132998671500584,6.717804695023691,18.25306630158134
,76700000.0,,2,3.0,,902.0,,45.0,74.0,Unfurnished,East,Pool,Apartment,New Property,Under Construction,2026-08-23,Mumbai,Marine Lines,One Marina,,Marine Lines,"Banquet Hall,Jogging and Strolling Track,Visitor Parking",Water Availability 24 Hours Available,No/Rare Powercut,Vitrified,"NA|null,P51900019619|-1",Freehold,Bachelors/Family,2026-08-22 23:45:16+00:00,2BHK Multistorey Apartment for New Property in One Marina at Marine Lines,18.9428828062276,72.8277012805855,,False,False,85033.25942350333,2,0.0,18.155412266337486,6.804614520062624,18.240572382489667
,75000000.0,,2,2.0,1,848.0,,38.0,80.0,Unfurnished,East,"Garden/Park, Main Road",Apartment,Resale,Under Construction,2026-08-24,Mumbai,Worli,Birla Niyaara,Near Atria Mall.,Worli,"Skydeck,Bar/Lounge,Visitor Parking,Intercom Facility",Water Availability 24 Hours Available,No/Rare Powercut,"Granite,Vitrified","NA|null,P51900031916|-1",Freehold,Bachelors/Family,2026-08-23 23:45:20+00:00,2BHK Multistorey Apartment for Resale in Birla Niyaara at Worli,19.0036486667054,72.8175254882335,,False,False,88443.39622641509,1,0.0,18.132998671500584,6.742880635791903,18.25306630158134
,75768000.0,84000.0,2,2.0,,902.0,902.0,55.0,74.0,Semi-Furnished,North,"Pool, Garden/Park, Main Road",Apartment,New Property,Under Construction,2026-08-24,Mumbai,Chandan Wadi,One Marina,"The location offers great connectivity - just minutes away from Girgaon Metro, CST Station, the Coastal Road upcoming, Eastern Freeway, and Mumbai Airport. One Marina is set to become one of South Mumbais most iconic luxury addresses.",Chandan Wadi,"Banquet Hall,Jogging and Strolling Track,Visitor Parking",Water Availability 24 Hours Available,No/Rare Powercut,Marble,"NA|null,P51900019619|-1",Leasehold,Bachelors/Family,2026-08-23 23:45:16+00:00,2BHK Multistorey Apartment for New Property in One Marina at Chandan Wadi,18.945749270852,72.8260029224797,,False,False,84000.0,1,1.0,18.143186597888075,6.804614520062624,18.143186597888075
,78820000.0,83851.0,2,3.0,,940.0,940.0,1.0,30.0,Unfurnished,East,"Garden/Park, Pool, Main Road",Apartment,New Property,Under Construction,2026-08-24,Mumbai,Malad West,Yukti Anchorpoint Aviara,"Near Metro , market, shopping mall, Hospital, Station Connectivity,",Malad West,"Smart Home,Concierge Services,Bar/Lounge,Jogging and Strolling Track,Conference Room",Water Availability 24 Hours Available,No/Rare Powercut,"Ceramic Tiles,Granite,Marble,Vitrified","NA|null,P51800055516|-1",Freehold,Bachelors/Family,2026-08-23 23:45:21+00:00,2BHK Multistorey Apartment for New Property in Yukti Anchorpoint Aviara at Malad West,19.1940346300819,72.8257561606587,,False,False,83851.06382978724,1,0.0,18.18267732973113,6.84587987526405,16.726961842869137
,82960000.0,,2,2.0,,1039.0,,,,Unfurnished,,,Apartment,New Property,Nov '30,2026-08-17,Mumbai,Bandra West,Hiranandani Bay Heights,,Bandra West,,,,,"NA|null,PR1180002501983|-1",,Bachelors/Family,2026-08-18 17:37:12+00:00,2BHK Multistorey Apartment for New Property in Hiranandani Bay Heights at Bandra West,19.055229,72.830829,,False,False,79846.00577478345,6,0.0,18.233869121885547,6.946013991099227,17.63488085620438
,84000000.0,84000.0,2,3.0,2,1000.0,1000.0,31.0,75.0,Unfurnished,West,Main Road,Apartment,Resale,Under Construction,2026-08-21,Mumbai,Worli,Birla Niyaara,The Property is close to Aqua line Metro Station.,Worli,"Sea facing,Skydeck,Bar/Lounge,Jogging and Strolling Track,Visitor Parking",Water Availability 24 Hours Available,No/Rare Powercut,Marble,"NA|null,P51900031916|-1",Freehold,Bachelors/Family,2026-08-21 10:35:45+00:00,2BHK Multistorey Apartment for Resale in Birla Niyaara at Worli,19.0036486667054,72.8175254882335,,False,False,84000.0,3,0.0,18.246327356807587,6.907755278982137,18.25306630158134
Above 20 years,75000000.0,46875.0,2,2.0,,,1600.0,4.0,6.0,Semi-Furnished,North,,Apartment,Resale,Ready to Move,2026-08-24,Mumbai,Juhu Beach Area,Sea Goddess,Juhu Post Office.,Juhu Beach Area,"Air Conditioned,Jogging and Strolling Track",,,Wooden,,Freehold,Bachelors/Family,2026-08-23 22:30:49+00:00,2BHK Multistorey Apartment for Resale in Sea Goddess at Juhu Beach Area,19.0877022,72.8260685,25.0,False,False,,1,1.0,18.132998671500584,,18.132998671500584
Less than 5 years,80000000.0,72727.0,2,3.0,,850.0,1100.0,28.0,45.0,Semi-Furnished,,Garden/Park,Apartment,Resale,Ready to Move,2026-08-14,Mumbai,Worli,Indiabulls Blu,,Worli,"Health club with Steam / Jaccuzi,Golf Course,Banquet Hall,Outdoor Tennis Courts,Laundry Service,Visitor Parking,Intercom Facility,Conference Room",Water Availability 24 Hours Available,No/Rare Powercut,Marble,"NA|null,P51900000469|-1,P51900000473|-1,P51900000843|-1,P51900000871|-1",Freehold,Bachelors/Family,2026-08-14 09:37:33+00:00,2BHK Multistorey Apartment for Resale in Indiabulls Blu at Worli,19.0036486667054,72.8175254882335,3.0,False,False,94117.64705882352,10,1.0,18.197537192638155,6.745236349484363,18.25306630158134
10 to 15 years,95000000.0,,2,2.0,3,1600.0,,3.0,10.0,Semi-Furnished,,"Garden/Park, Pool, Main Road",Apartment,Resale,Ready to Move,2026-08-16,Mumbai,Churchgate,,"Schools, Colleges, Banks, Hospitals, Restaurants.",Churchgate,"Water Front,RO Water System,Service/Goods Lift,Visitor Parking,Intercom Facility",Water Availability 24 Hours Available,No/Rare Powercut,Vitrified,,Freehold,Bachelors/Family,2026-08-16 12:41:44+00:00,2BHK Multistorey Apartment for Resale in Churchgate,18.934203702005,72.8257970296035,12.5,False,False,59375.0,8,1.0,18.369387449564815,7.3777589082278725,18.369387449564815
New Construction,78265000.0,55000.0,2,2.0,1,1297.0,1423.0,9.0,61.0,Unfurnished,East,"Garden/Park, Main Road",Apartment,New Property,Ready to Move,2026-08-13,Mumbai,Lower Parel,,Near Chinchpokli Station,Lower Parel,"Private jaccuzi,Private pool ,Bar/Lounge,Fingerprint Access,Air Conditioned,Banquet Hall,Outdoor Tennis Courts",Water Availability 24 Hours Available,No/Rare Powercut,"Ceramic Tiles,Granite,Marble,Mosaic",,Freehold,Bachelors/Family,2026-08-12 12:50:06+00:00,2BHK Multistorey Apartment for New Property in Lower Parel,18.9982431278398,72.8270305579981,0.0,False,False,60343.099460292986,12,0.0,18.175611062304462,7.167809184316444,18.34377448266777
,90942000.0,,2,2.0,1,1166.0,,,,Unfurnished,,,Apartment,New Property,Dec '28,2026-08-07,Mumbai,Marine Lines,One Marina,,Marine Lines,,,,,"NA|null,P51900019619|-1",,Bachelors/Family,2026-08-23 17:37:16+00:00,2BHK Multistorey Apartment for New Property in One Marina at Marine Lines,18.9428828062276,72.8277012805855,,False,False,77994.85420240137,1,0.0,18.325732498641848,7.061334366910438,18.240572382489667
15 to 20 years,100000000.0,111111.0,2,2.0,,799.0,900.0,6.0,7.0,Semi-Furnished,East,,Apartment,Resale,Ready to Move,2026-07-01,Mumbai,Mount Mary,Vaikunth Apartment,easy access to bandstand,Mount Mary,"Sea facing,Air Conditioned,Private Garage",Water Availability 24 Hours Available,No/Rare Powercut,"Ceramic Tiles,Granite,Marble,Vitrified",,Co-operative Society,Bachelors/Family,2026-07-01 12:06:21+00:00,2BHK Multistorey Apartment for Resale in Vaikunth Apartment at Mount Mary,19.04625,72.82381,17.5,True,False,125156.44555694619,54,1.0,18.420680743952367,6.683360945766275,18.356983173569343
5 to 10 years,80000000.0,51948.0,2,3.0,2,1240.0,1540.0,,,Semi-Furnished,East,"Garden/Park, Main Road",Apartment,Resale,Ready to Move,2026-08-01,Mumbai,Lower Parel,,Peninsula Corporate Park,Lower Parel,"Bar/Lounge,Health club with Steam / Jaccuzi,House help accommodation,Air Conditioned,Banquet Hall,Jogging and Strolling Track,Outdoor Tennis Courts,Laundry Service,Internet/Wi-Fi Connectivity,RO Water System,Service/Goods Lift,Visitor Parking,Intercom Facility,Conference Room",,,Marble,,Freehold,Bachelors/Family,2026-08-01 05:34:12+00:00,2BHK Multistorey Apartment for Resale in Lower Parel,18.9982431278398,72.8270305579981,7.5,False,False,64516.12903225807,24,1.0,18.197537192638155,7.122866658599083,18.34377448266777
,85000000.0,100000.0,2,2.0,,850.0,850.0,20.0,80.0,Unfurnished,North - East,"Garden/Park, Pool",Apartment,New Property,Under Construction,2026-07-03,Mumbai,Worli,Birla Niyaara,Worli,Worli,"Smart Home,Skydeck,Bar/Lounge,Visitor Parking",Water Availability 24 Hours Available,No/Rare Powercut,Marble,"NA|null,P51900031916|-1",Freehold,Bachelors/Family,2026-07-03 09:49:13+00:00,2BHK Multistorey Apartment for New Property in Birla Niyaara at Worli,19.0036486667054,72.8175254882335,,True,False,100000.0,52,0.0,18.258161814454592,6.745236349484363,18.25306630158134
,95000000.0,73077.0,2,2.0,,,1300.0,13.0,20.0,Semi-Furnished,,,Apartment,Resale,Ready to Move,2026-07-13,Mumbai,Cuffe Parade,,Cuffe Parade,Cuffe Parade,,Water Availability 24 Hours Available,No/Rare Powercut,"Granite,Vitrified",,Co-operative Society,Bachelors/Family,2026-07-13 09:56:12+00:00,2BHK Multistorey Apartment for Resale in Cuffe Parade,18.9146859411536,72.8196960395871,,False,False,,42,1.0,18.369387449564815,,18.1971508039911
15 to 20 years,82500000.0,51562.0,2,3.0,,,1600.0,6.0,24.0,Semi-Furnished,,,Apartment,Resale,Ready to Move,2026-08-07,Mumbai,Tardeo,Mahindra Heights,,Tardeo,,,,,,,Bachelors/Family,2026-08-07 08:47:43+00:00,2BHK Multistorey Apartment for Resale in Mahindra Heights at Tardeo,18.9693555488714,72.8133774658556,17.5,False,False,,17,1.0,18.22830885130491,,18.19148810138135
Above 20 years,120000000.0,93168.0,2,3.0,2,1200.0,1288.0,24.0,31.0,Furnished,West,Main Road,Apartment,Resale,Ready to Move,2026-08-17,Mumbai,Altamount Road,,Jaslok Hospital,Altamount Road,"Air Conditioned,Internet/Wi-Fi Connectivity,RO Water System,Visitor Parking,Intercom Facility",Water Availability 24 Hours Available,No/Rare Powercut,"Vitrified,Marble,Granite",,Freehold,Bachelors/Family,2026-08-16 23:31:21+00:00,2BHK Multistorey Apartment for Resale in Altamount Road,18.9675516147694,72.8096968598132,25.0,False,False,100000.0,8,2.0,18.60300230074632,7.090076835776092,18.60300230074632
Above 20 years,110000000.0,44000.0,2,2.0,1,2300.0,2500.0,0.0,4.0,Unfurnished,East,"Garden/Park, Main Road",Apartment,Resale,Ready to Move,2026-07-05,Mumbai,Colaba,Sagar Sangeet,Sassoon Dock,Colaba,"Sea facing,Air Conditioned,Internet/Wi-Fi Connectivity,RO Water System,Visitor Parking,Intercom Facility",,,"Vitrified,Ceramic Tiles,Marble",,Freehold,Bachelors/Family,2026-07-04 22:30:37+00:00,2BHK Multistorey Apartment for Resale in Sagar Sangeet at Colaba,18.9037004,72.8131432,25.0,False,False,47826.086956521736,51,0.0,18.51599092375669,7.7406644019172415,18.047090822435145
Above 20 years,110000000.0,76230.0,2,3.0,,1110.0,1443.0,11.0,16.0,Furnished,North - East,,Apartment,Resale,Ready to Move,2026-08-23,Mumbai,Cuffe Parade,Maker Tower,"Hotels, Shopping mall, Art gallery. This spot gets plenty of sunlight.",Cuffe Parade,"Sea facing,House help accommodation,Air Conditioned,Jogging and Strolling Track,Internet/Wi-Fi Connectivity,RO Water System,Service/Goods Lift,Visitor Parking,Intercom Facility",Water Availability 24 Hours Available,No/Rare Powercut,Marble,,Co-operative Society,Bachelors/Family,2026-08-22 23:45:18+00:00,2BHK Multistorey Apartment for Resale in Maker Tower at Cuffe Parade,18.9146859411536,72.8196960395871,25.0,False,False,99099.0990990991,2,2.0,18.51599092375669,7.01211529430638,18.1971508039911
Less than 5 years,120000000.0,75000.0,2,2.0,1,1220.0,1600.0,26.0,55.0,Unfurnished,,,Apartment,Resale,Ready to Move,2026-08-23,Mumbai,Worli,Lodha Kiara,,Worli,,,,,"NA|null,P51900001339|05/2018",,Bachelors/Family,2026-08-22 23:45:17+00:00,2BHK Multistorey Apartment for Resale in Lodha Kiara at Worli,19.0036486667054,72.8175254882335,3.0,False,False,98360.65573770492,2,0.0,18.60300230074632,7.106606137727303,18.25306630158134
5 to 10 years,105000000.0,97493.0,2,2.0,,877.0,1077.0,30.0,50.0,Furnished,East,,Apartment,Resale,Ready to Move,2026-08-17,Mumbai,Worli,Indiabulls Blu,"Worli Sea Face,  Atria The Millennium Mall.",Worli,"Smart Home,Island Kitchen Layout,Concierge Services,Full Glass Wall,Fingerprint Access,Health club with Steam / Jaccuzi,Golf Course,House help accommodation,Air Conditioned,Banquet Hall,Jogging and Strolling Track,Outdoor Tennis Courts,Laundry Service,Internet/Wi-Fi Connectivity,Service/Goods Lift,Visitor Parking,Intercom Facility,Conference Room",Water Availability 24 Hours Available,No/Rare Powercut,Marble,"NA|null,P51900000469|-1,P51900000473|-1,P51900000843|-1,P51900000871|-1",Freehold,Bachelors/Family,2026-08-17 07:21:49+00:00,2BHK Multistorey Apartment for Resale in Indiabulls Blu at Worli,19.0036486667054,72.8175254882335,7.5,False,False,119726.33979475485,7,2.0,18.469470908121796,6.776506992372183,18.25306630158134
,106400000.0,112000.0,2,2.0,,660.0,950.0,8.0,8.0,Unfurnished,East,,Apartment,New Property,Under Construction,2026-08-22,Mumbai,,Arham Westbrook,Near dn nagar metro.,DN Nagar,"Banquet Hall,Outdoor Tennis Courts,Visitor Parking",Water Availability 24 Hours Available,No/Rare Powercut,"Marble,Wooden","NA|null,PM1180002502560|-1",Freehold,Bachelors/Family,2026-08-21 23:45:15+00:00,2BHK Multistorey Apartment for New Property in Arham Westbrook at DN Nagar,19.12296883,72.83012082,,True,False,161212.12121212122,3,0.0,18.48271613487182,6.492239835020471,
10 to 15 years,114643010.0,107143.0,2,2.0,1,856.0,1070.0,8.0,12.0,Semi-Furnished,North - East,,Apartment,New Property,Ready to Move,2026-08-21,Mumbai,Bandra West,Landmark Apartment,"Opp. Carter Road Promenade, near Joggers Park",Bandra West,"Sea facing,House help accommodation,Internet/Wi-Fi Connectivity,RO Water System,Visitor Parking,Intercom Facility",Water Availability 24 Hours Available,No/Rare Powercut,Marble,,Freehold,Bachelors/Family,2026-08-20 18:03:02+00:00,2BHK Multistorey Apartment for New Property in Landmark Apartment at Bandra West,19.055229,72.830829,12.5,True,False,133928.75,4,1.0,18.557333597245577,6.752270376141742,17.63488085620438
,106555000.0,,2,2.0,,1130.0,,,,Unfurnished,,,Apartment,New Property,Nov '28,2026-08-04,Mumbai,Tardeo,Lodha marQ,,Tardeo,,Water Availability 24 Hours Available,No/Rare Powercut,,"NA|null,P51900046132|-1",,Bachelors/Family,2026-08-23 17:37:18+00:00,2BHK Multistorey Apartment for New Property in Lodha marQ at Tardeo,18.9693555488714,72.8133774658556,,False,False,94296.46017699115,1,0.0,18.484171841733563,7.029972911706386,18.19148810138135
Less than 5 years,101000002.0,,2,2.0,2,720.0,,,,Unfurnished,,,Apartment,New Property,Ready To Move,2026-08-20,Mumbai,Mira Road,Sanghvi Ecocity,,Mira Road Area,,,,,"NA|null,P51900006575|02/2020,P51900008323|09/2020",,Bachelors/Family,2026-08-23 17:37:15+00:00,2BHK Multistorey Apartment for New Property in Sanghvi Ecocity at Mira Road Area,19.2829267647424,72.8627883689306,3.0,False,False,140277.78055555557,1,0.0,18.430631094607513,6.579251212010101,16.228045916668293
New Construction,141178000.0,65029.0,2,2.0,,2171.0,2171.0,59.0,67.0,Semi-Furnished,,,Apartment,New Property,Ready to Move,2026-08-24,Mumbai,Worli,Lodha Adrina,,Worli,"Sea facing,Theme based Architectures,Private pool ,Golf Course,Banquet Hall,Laundry Service,Visitor Parking,Intercom Facility,Conference Room",Water Availability 24 Hours Available,No/Rare Powercut,Marble,"NA|null,P51900014937|07/2024",,Bachelors/Family,2026-08-23 23:45:21+00:00,2BHK Multistorey Apartment for New Property in Lodha Adrina at Worli,19.0036486667054,72.8175254882335,0.0,False,False,65029.01888530631,1,1.0,18.765532063518748,7.682943169878292,18.25306630158134
Above 20 years,105000000.0,78358.0,2,2.0,,1340.0,1340.0,1.0,15.0,Semi-Furnished,East,Main Road,Apartment,Resale,Ready to Move,2026-07-20,Mumbai,,,Villa Theresa High School,Peddar Road,"Air Conditioned,Service/Goods Lift,Visitor Parking",Water Availability 24 Hours Available,No/Rare Powercut,"Granite,Marble,Vitrified",,,Bachelors/Family,2026-07-20 09:34:27+00:00,2BHK Multistorey Apartment for Resale in Peddar Road,18.97038665,72.8095057,25.0,False,False,78358.20895522388,35,1.0,18.469470908121796,7.200424892944957,
10 to 15 years,145000000.0,65909.0,2,3.0,1,1800.0,2200.0,5.0,7.0,Furnished,East,Garden/Park,Apartment,Resale,Ready to Move,2026-07-13,Mumbai,Juhu,,Near Juhu Beach,Juhu,"Sea facing,Wrap Around Balcony,Laundry Service,Visitor Parking",Water Availability 24 Hours Available,No/Rare Powercut,Vitrified,,Freehold,Bachelors/Family,2026-07-13 13:04:10+00:00,2BHK Multistorey Apartment for Resale in Juhu,19.098267753993,72.8335140160125,12.5,False,False,80555.55555555556,42,2.0,18.792244300384848,7.495541943884256,18.303285651459202
5 to 10 years,100000000.0,50000.0,2,2.0,2,1450.0,2000.0,11.0,13.0,Semi-Furnished,West,Garden/Park,Apartment,Resale,Ready to Move,2026-07-02,Mumbai,Bandra West,,On Request,Bandra West,Sea facing,Water Availability 24 Hours Available,No/Rare Powercut,"Wooden,Marble",,Co-operative Society,Bachelors/Family,2026-06-29 01:59:27+00:00,2BHK Multistorey Apartment for Resale in Bandra West,19.055229,72.830829,7.5,False,False,68965.5172413793,57,1.0,18.420680743952367,7.27931883541462,17.63488085620438
5 to 10 years,127500000.0,98837.0,2,2.0,2,1290.0,1290.0,30.0,39.0,Semi-Furnished,East,"Garden/Park, Main Road",Apartment,Resale,Ready to Move,2026-07-18,Mumbai,Lower Parel,India Bulls Sky Forest,"Lower Parel, Mumbai, Maharashtra",Lower Parel,"Full Glass Wall,Sky Villa,Health club with Steam / Jaccuzi,Air Conditioned,RO Water System,Conference Room",Water Availability 24 Hours Available,No/Rare Powercut,Vitrified,"NA|null,P51900000467|-1,P51900000616|-1",Freehold,Bachelors/Family,2026-07-18 07:59:39+00:00,2BHK Multistorey Apartment for Resale in India Bulls Sky Forest at Lower Parel,18.9982431278398,72.8270305579981,7.5,False,False,98837.20930232559,37,1.0,18.663626922562756,7.162397497355718,18.34377448266777
Less than 5 years,101000000.0,,2,4.0,2,720.0,,,,Unfurnished,,,Apartment,New Property,Ready To Move,2026-08-07,Mumbai,Mira Road,Sanghvi Ecocity,,Mira Road Area,,,,,"NA|null,P51900006575|02/2020,P51900008323|09/2020",,Bachelors/Family,2026-08-20 17:36:45+00:00,2BHK Multistorey Apartment for New Property in Sanghvi Ecocity at Mira Road Area,19.2829267647424,72.8627883689306,3.0,False,False,140277.77777777778,4,0.0,18.430631074805532,6.579251212010101,16.228045916668293
Less than 5 years,130000000.0,173333.0,2,2.0,,540.0,750.0,3.0,6.0,Semi-Furnished,,,Apartment,Resale,Ready to Move,2026-08-21,Mumbai,Jogeshwari West,Blossom Park,,Jogeshwari West,Visitor Parking,,,,,,Bachelors/Family,2026-08-21 04:36:27+00:00,2BHK Multistorey Apartment for Resale in Blossom Park at Jogeshwari West,19.1438823857409,72.8427830413067,3.0,True,False,240740.74074074073,4,1.0,18.683045008419857,6.29156913955832,16.629341310334215
Less than 5 years,200000000.0,148810.0,2,2.0,,968.0,1344.0,5.0,6.0,Furnished,,,Apartment,Resale,Ready to Move,2026-08-21,Mumbai,Andheri West,Amboli Angles,,Andheri West,Visitor Parking,,,,,,Bachelors/Family,2026-08-20 15:11:17+00:00,2BHK Multistorey Apartment for Resale in Amboli Angles at Andheri West,19.1373697481266,72.8257229439874,3.0,True,False,206611.57024793388,4,2.0,19.11382792451231,6.875232087276577,17.52659843548851
,120000000.0,116505.0,2,2.0,,,1030.0,1.0,22.0,Semi-Furnished,,,Apartment,Resale,Ready to Move,2026-07-12,Mumbai,Mira Road,Unique Shanti Poonam Estate Cluster 2,,Mira Road Area,,,,,"NA|null,P51700008166|06/2019,P51700009072|03/2018,P51700011797|12/2017",,Bachelors/Family,2026-07-06 10:45:17+00:00,2BHK Multistorey Apartment for Resale in Unique Shanti Poonam Estate Cluster 2 at Mira Road Area,19.2829267647424,72.8627883689306,,True,False,,49,1.0,18.60300230074632,,16.228045916668293
New Construction,170500000.0,95411.0,2,2.0,1,1787.0,1787.0,12.0,27.0,Unfurnished,North,,Apartment,New Property,Ready to Move,2026-08-17,Mumbai,Gamdevi,,"Tejpal Rd, Babulnath, Papanas Wadi, Gamdevi, Mumbai",Gamdevi,"Smart Home,Jogging and Strolling Track",Water Availability 24 Hours Available,No/Rare Powercut,Vitrified,,Freehold,Bachelors/Family,2026-08-17 04:37:27+00:00,2BHK Multistorey Apartment for New Property in Gamdevi,18.9588642516714,72.8122625700998,0.0,False,False,95411.30386121992,8,0.0,18.954245854687844,7.488293515159428,18.954245854687844
,150000000.0,194805.0,2,1.0,,,770.0,3.0,3.0,Furnished,,,Builder Floor Apartment,Resale,Ready to Move,2026-08-20,Mumbai,Kurla West,,,Kurla West,,,,,,,Bachelors/Family,2026-08-19 21:31:19+00:00,2BHK Builder Floor Apartment for Resale in Kurla West,19.077063,72.8840395,,True,False,,5,2.0,18.82614585206053,,17.26072092557152
Less than 5 years,248900000.0,189855.0,2,2.0,2,920.0,1311.0,7.0,36.0,Unfurnished,South -West,"Garden/Park, Pool, Main Road",Apartment,Resale,Ready to Move,2026-06-16,Mumbai,Madh,Raheja Exotica Sorento,Raheja Exotica Sorento itself is a landmark.,Madh,"Bar/Lounge,Air Conditioned,Banquet Hall,Jogging and Strolling Track,Outdoor Tennis Courts,Laundry Service,Internet/Wi-Fi Connectivity,RO Water System,Service/Goods Lift,Visitor Parking,Intercom Facility,Conference Room",,,Vitrified,,Freehold,Bachelors/Family,2026-06-15 22:30:39+00:00,2BHK Multistorey Apartment for Resale in Raheja Exotica Sorento at Madh,19.164158290758,72.7944570829882,3.0,True,False,270543.47826086957,70,0.0,19.332561767337822,6.824373670043086,19.332561767337822
New Construction,127500000.0,98684.0,2,4.0,1,1290.0,1292.0,25.0,39.0,Furnished,,,Apartment,New Property,Ready to Move,2026-08-23,Mumbai,Lower Parel,Indiabulls Sky,,Lower Parel,"Bar/Lounge,Banquet Hall,Jogging and Strolling Track,Outdoor Tennis Courts,Conference Room",,,,"NA|null,P51900000467|04/2016,P51900000616|07/2017",,Bachelors/Family,2026-08-22 23:45:18+00:00,2BHK Multistorey Apartment for New Property in Indiabulls Sky at Lower Parel,18.9982431278398,72.8270305579981,0.0,False,False,98837.20930232559,2,2.0,18.663626922562756,7.162397497355718,18.34377448266777
Less than 5 years,225000.0,138.0,3,3.0,,1102.0,1626.0,7.0,29.0,Unfurnished,North,Garden/Park,Apartment,Resale,Ready to Move,2026-08-23,Mumbai,Bandra Kurla Complex,,Bandra Railway Station,Bandra Kurla Complex,"Internet/Wi-Fi Connectivity,Visitor Parking,Intercom Facility",Water Availability 24 Hours Available,No/Rare Powercut,Marble,,Freehold,Bachelors/Family,2026-08-22 23:45:19+00:00,3BHK Multistorey Apartment for Resale in Bandra Kurla Complex,19.0626802993452,72.8650539233055,3.0,False,False,204.1742286751361,2,0.0,12.323855681186558,7.004881989712859,16.270084432480974
New Construction,275000.0,196.0,3,3.0,1,1259.0,1400.0,16.0,22.0,Semi-Furnished,East,"Main Road, Garden/Park",Apartment,New Property,Ready to Move,2026-08-22,Mumbai,Bandra Kurla Complex,Radius 10 BKC,,Bandra Kurla Complex,,,,,"NA|null,P51800004889|09/2023",Co-operative Society,Bachelors/Family,2026-08-21 23:45:16+00:00,3BHK Multistorey Apartment for New Property in Radius 10 BKC at Bandra Kurla Complex,19.0626802993452,72.8650539233055,0.0,False,False,218.42732327243846,3,1.0,12.524526376648708,7.138073034044347,16.270084432480974
10 to 15 years,575000.0,442.0,3,3.0,1,1300.0,1300.0,10.0,23.0,Semi-Furnished,East,"Garden/Park, Pool, Main Road",Apartment,Resale,Ready to Move,2026-08-22,Mumbai,Worli,Ansal Heights,"Ansal Heights in Worli, Mumbai, is a luxury residential landmark compl",Worli,"Water Front,Wrap Around Balcony,Fireplace,Wine Cellar,Air Conditioned,Laundry Service,Internet/Wi-Fi Connectivity,Service/Goods Lift,Visitor Parking,Intercom Facility",Water Availability 24 Hours Available,No/Rare Powercut,"Ceramic Tiles,Marble,Vitrified",,Freehold,Bachelors/Family,2026-08-21 23:45:16+00:00,3BHK Multistorey Apartment for Resale in Ansal Heights at Worli,19.0036486667054,72.8175254882335,12.5,False,False,442.3076923076923,3,1.0,13.262125319779487,7.170119543449628,18.25306630158134
15 to 20 years,120000.0,,3,4.0,,1500.0,,3.0,6.0,Furnished,,,Apartment,Resale,Ready to Move,2026-06-26,Mumbai,Tilak Road,Karwat Cottage,,Tilak Road,,,,,,,Bachelors/Family,2026-06-26 11:51:01+00:00,3BHK Multistorey Apartment for Resale in Karwat Cottage at Tilak Road,19.01757928,72.84804782,17.5,False,False,80.0,59,2.0,11.695247021764184,7.313220387090301,11.695247021764184
15 to 20 years,275000.0,138.0,3,4.0,4,1500.0,2000.0,22.0,30.0,Furnished,East,"Garden/Park, Pool, Main Road",Apartment,Resale,Ready to Move,2026-08-07,Mumbai,Powai,Rajesh Raj Grandeur,"Raj Grandeur,Hiranandani Garden,Powai,Mumbai.",Powai,"Smart Home,Bar/Lounge,Air Conditioned,Banquet Hall,Jogging and Strolling Track,Outdoor Tennis Courts,Laundry Service,Internet/Wi-Fi Connectivity,RO Water System,Service/Goods Lift,Visitor Parking,Intercom Facility,Conference Room",Water Availability 24 Hours Available,No/Rare Powercut,Vitrified,,Freehold,Bachelors/Family,2026-08-07 11:24:25+00:00,3BHK Multistorey Apartment for Resale in Rajesh Raj Grandeur at Powai,19.1196773,72.9050809,17.5,False,False,183.33333333333334,17,2.0,12.524526376648708,7.313220387090301,17.080894141792264
,,,3,2.0,,884.0,1179.0,,,Unfurnished,,,Apartment,Resale,Ready to Move,2026-08-24,Mumbai,Bhandup East,Mayuresh Apartment,,Bhandup East,,,,,,,Bachelors/Family,2026-08-24 07:02:06+00:00,3BHK Multistorey Apartment for Resale in Mayuresh Apartment at Bhandup East,19.1401705,72.9431038,,False,False,,0,0.0,,6.784457062637643,16.811242831518264
Above 20 years,,,3,,,,1070.0,,,,West,,Apartment,Resale,Ready to Move,2026-08-15,Mumbai,Santacruz West,Dheeraj Heritage Residency,"Close to Juhu Beach, Santacruz Station and Airport",Santacruz West,"Air Conditioned,Jogging and Strolling Track",Water Availability 24 Hours Available,No/Rare Powercut,Ceramic Tiles,,Freehold,Bachelors/Family,2026-08-14 22:30:39+00:00,3BHK Multistorey Apartment for Resale in Dheeraj Heritage Residency at Santacruz West,19.0812559812257,72.8376604906028,25.0,False,False,,10,,,,17.876290531425422
,,,3,3.0,1,1030.0,,8.0,9.0,Furnished,,Main Road,Apartment,Resale,Ready to Move,2026-05-14,Mumbai,Dr Ambedkar Road,Sugee Preksha ,,Dr Ambedkar Road,,Water Availability 24 Hours Available,No/Rare Powercut,Vitrified,"NA|null,P51900000978|09/2020",,Bachelors/Family,2026-04-16 17:13:04+00:00,3BHK Multistorey Apartment for Resale in Sugee Preksha  at Dr Ambedkar Road,19.06719296,72.82996509,,False,False,,130,2.0,,6.937314081223682,
,,,3,,,,1418.0,,,,,,Apartment,,,2026-08-20,Mumbai,Andheri West,Bharat altavista,,Andheri West,,,,,"NA|null,P51800052790|-1",,Bachelors/Family,2026-08-19 19:30:17+00:00,3BHK Multistorey Apartment in Bharat altavista at Andheri West,19.1373697481266,72.8257229439874,,False,False,,5,,,,17.52659843548851
,,,3,3.0,2,900.0,,17.0,22.0,Unfurnished,,,Apartment,Resale,,2026-08-23,Mumbai,Kandivali West,Gagangiri Anvaya,,Kandivali West,,,,,"NA|null,PR1180002500146|-1",,Bachelors/Family,2026-07-20 08:50:13+00:00,3BHK Multistorey Apartment for Resale in Gagangiri Anvaya at Kandivali West,19.2101312179652,72.8305011930765,,False,False,,35,0.0,,6.802394763324311,16.88809240469397
,,,3,3.0,1,1003.0,,18.0,57.0,Unfurnished,,,Apartment,Resale,Ready to Move,2026-07-27,Mumbai,Kandivali West,Siddha Seabrook,,Kandivali West,,,,,"NA|null,P51800008859|12/2021",,Bachelors/Family,2026-07-27 11:50:58+00:00,3BHK Multistorey Apartment for Resale in Siddha Seabrook at Kandivali West,19.2101312179652,72.8305011930765,,False,False,,28,0.0,,6.910750787961936,16.88809240469397
New Construction,,,3,3.0,,902.0,,3.0,22.0,Semi-Furnished,,,Apartment,Resale,Ready to Move,2026-08-09,Mumbai,Goregaon East,Dindoshi Mahad Complex,,Goregaon East,,,,,,,Bachelors/Family,2026-05-11 14:00:20+00:00,3BHK Multistorey Apartment for Resale in Dindoshi Mahad Complex at Goregaon East,19.1562110822264,72.8758090633208,0.0,False,False,,105,1.0,,6.804614520062624,17.204116971054173
Less than 5 years,,,3,3.0,,1224.0,1700.0,5.0,10.0,Furnished,,,Apartment,Resale,Ready to Move,2026-08-21,Mumbai,Santacruz West,Lido Towers,,Santacruz West,"Internet/Wi-Fi Connectivity,Visitor Parking,",,,,,,Bachelors/Family,2026-08-20 18:15:38+00:00,3BHK Multistorey Apartment for Resale in Lido Towers at Santacruz West,19.0812559812257,72.8376604906028,3.0,False,False,,4,2.0,,7.1098794630722715,17.876290531425422
Less than 5 years,,,3,3.0,,1299.0,1804.0,21.0,36.0,,,,Apartment,Resale,Ready to Move,2026-08-21,Mumbai,Lower Parel,Marathon Nextgen Icon,,Lower Parel,,,,,,,Bachelors/Family,2026-08-20 18:22:50+00:00,3BHK Multistorey Apartment for Resale in Marathon Nextgen Icon at Lower Parel,18.9982431278398,72.8270305579981,3.0,False,False,,4,,,7.1693500166706,18.34377448266777
,,,3,,,,911.0,,,,,,Apartment,Resale,,2026-06-20,Mumbai,Mulund West,Nirmal Zircon and Amethyst,,Mulund West,,,,,"NA|null,P51800004719|01/2016",,Bachelors/Family,2026-06-19 21:32:13+00:00,3BHK Multistorey Apartment for Resale in Nirmal Zircon and Amethyst at Mulund West,19.1749536837097,72.943103519999,,False,False,,66,,,,17.223121841269137
New Construction,,,3,3.0,1,1459.0,,8.0,17.0,Semi-Furnished,,,Apartment,Resale,Ready to Move,2026-05-07,Mumbai,,,,,,,,,,,Bachelors/Family,2026-05-07 15:17:39+00:00,3BHK Multistorey Apartment for Resale in ,,,0.0,False,False,,109,1.0,,7.285506548522785,
,,,3,3.0,2,,,,,Semi-Furnished,,,Residential House,Resale,,2026-05-13,Mumbai,Koliwada Manori,,,Koliwada Manori,,,,,,,Bachelors/Family,2026-05-06 06:00:57+00:00,3BHK Residential House for Resale in Koliwada Manori,19.19864669,72.78956381,,False,False,,110,1.0,,,
,,,3,3.0,3,,1400.0,1.0,39.0,,,,Apartment,Resale,,2026-07-20,Mumbai,Parel,Siroya Kingston Tower,,Parel,,,,,,,Bachelors/Family,2026-04-21 16:20:10+00:00,3BHK Multistorey Apartment for Resale in Siroya Kingston Tower at Parel,18.9982694030581,72.8410429440342,,False,False,,125,,,,17.791329599241287
,,,3,3.0,,785.0,11.0,14.0,18.0,Semi-Furnished,North - West,,Apartment,Resale,,2026-08-01,Mumbai,Sonapur,,Near NAHUR RAILWAY STATION,Sonapur Bhandup West,"Wrap Around Balcony,Fireplace,Air Conditioned,Banquet Hall,Jogging and Strolling Track,Laundry Service,Internet/Wi-Fi Connectivity,Service/Goods Lift,Visitor Parking,Intercom Facility,Conference Room",Water Availability 24 Hours Available,No/Rare Powercut,Ceramic Tiles,,Leasehold,Bachelors/Family,2026-08-01 14:19:05+00:00,3BHK Multistorey Apartment for Resale in Sonapur Bhandup West,19.1618505811352,72.9339959419525,,False,False,,23,1.0,,6.665683717782408,
,,,3,4.0,,,1555.0,9.0,18.0,Unfurnished,,,Apartment,Resale,Ready to Move,2026-05-20,Mumbai,Matunga East,,,Matunga East,,,,,,,Bachelors/Family,2026-05-19 16:53:09+00:00,3BHK Multistorey Apartment for Resale in Matunga East,19.0277771413147,72.8560635075251,,False,False,,97,0.0,,,17.84257011283503
15 to 20 years,,,3,3.0,,1048.0,1455.0,2.0,11.0,Semi-Furnished,,,Apartment,Resale,Ready to Move,2026-08-22,Mumbai,Borivali East,Triumph Siddhivinayak,,Borivali East,,,,,"NA|null,P51800011066|-1",,Bachelors/Family,2026-08-21 16:58:16+00:00,3BHK Multistorey Apartment for Resale in Triumph Siddhivinayak at Borivali East,19.2272619069866,72.8634397272398,17.5,False,False,,3,1.0,,6.954638864880987,17.562034381620705
,,,3,3.0,3,1800.0,2200.0,6.0,7.0,Semi-Furnished,,,Apartment,Resale,,2026-08-22,Mumbai,Santacruz East,Prabhat Kunj Apartment,,Santacruz East,,,,,"NA|null,P51800047024|-1",,Bachelors/Family,2026-08-21 21:32:12+00:00,3BHK Multistorey Apartment for Resale in Prabhat Kunj Apartment at Santacruz East,19.0799983,72.8545019,,False,False,,3,1.0,,7.495541943884256,17.09743793355776
,,,3,3.0,1,1400.0,,4.0,7.0,Furnished,South,,Apartment,Resale,Ready to Move,2026-07-17,Mumbai,Juhu Tara Road,,,Juhu Tara Road,,,,Vitrified,,,Bachelors/Family,2026-07-17 09:18:47+00:00,3BHK Multistorey Apartment for Resale in Juhu Tara Road,19.0920638740885,72.8280432572397,,False,False,,38,2.0,,7.24422751560335,
,,,3,,,,774.0,,,,,,Apartment,Resale,,2026-04-30,Mumbai,,,,,,,,,,,Bachelors/Family,2026-04-29 21:30:44+00:00,3BHK Multistorey Apartment for Resale in ,,,,False,False,,117,,,,
Less than 5 years,,,3,3.0,,,,1.0,27.0,Furnished,North - East,,Residential House,Resale,Ready to Move,2026-04-23,Mumbai,Malad West,,"Near Inorbit Shopping Mall, Near S.V. Road,",Malad West,,,,,,Co-operative Society,Bachelors/Family,2026-04-22 17:43:05+00:00,3BHK Residential House for Resale in Malad West,19.1940346300819,72.8257561606587,3.0,False,False,,124,2.0,,,16.726961842869137
,,,3,,,,1000.0,,,,,,Apartment,Resale,Ready to Move,2026-04-17,Mumbai,Andheri West,,,Andheri West,,,,,,,Bachelors/Family,2026-04-16 17:13:05+00:00,3BHK Multistorey Apartment for Resale in Andheri West,19.1373697481266,72.8257229439874,,False,False,,130,,,,17.52659843548851
,,,3,,,,1000.0,,,,,,Residential House,Resale,,2026-04-20,Mumbai,Dahisar East,,,Dahisar East,,,,,,,Bachelors/Family,2026-04-20 12:30:28+00:00,3BHK Residential House for Resale in Dahisar East,19.2530390003417,72.8684258373265,,False,False,,126,,,,16.84692436301283
,,,3,3.0,,,1200.0,,,Unfurnished,,,Residential House,Resale,Ready to Move,2026-06-30,Mumbai,Bhayandar West,,,Bhayandar West,,,,,,,Bachelors/Family,2026-06-30 13:58:59+00:00,3BHK Residential House for Resale in Bhayandar West,19.302684296237,72.8274295067014,,False,False,,55,0.0,,,16.231848263642956
5 to 10 years,3800000.0,4471.0,3,2.0,,612.0,850.0,0.0,8.0,Semi-Furnished,,,Apartment,Resale,Ready to Move,2026-08-21,Mumbai,Vasai East,Evershine City,,Vasai East,,,,,,,Bachelors/Family,2026-08-20 16:08:37+00:00,3BHK Multistorey Apartment for Resale in Evershine City at Vasai East,19.39954,72.8604165,7.5,False,False,6209.150326797386,4,1.0,15.150511624696614,6.416732282512326,15.390093368549772
15 to 20 years,2400000.0,2667.0,3,2.0,1,600.0,900.0,,,Semi-Furnished,,,Residential House,Resale,Ready to Move,2026-07-10,Mumbai,Nalasopara East,,,Nalasopara East,,,,,,,Bachelors/Family,2026-07-10 09:21:30+00:00,3BHK Residential House for Resale in Nalasopara East,19.43138984792,72.8497262547151,17.5,False,False,4000.0,45,1.0,14.690979295318174,6.396929655216146,15.256196731670533
5 to 10 years,2700000.0,4500.0,3,2.0,1,450.0,600.0,,,Unfurnished,East,,Residential House,Resale,Ready to Move,2026-06-06,Mumbai,,,coco Island,,,,,,,Freehold,Bachelors/Family,2026-06-05 21:30:41+00:00,3BHK Residential House for Resale in ,,,7.5,False,False,6000.0,80,0.0,14.808762330974558,6.1092475827643655,
,4080000.0,5191.0,3,2.0,,786.0,786.0,,,Unfurnished,,,Apartment,Resale,,2026-08-24,Mumbai,Kapadia Nagar,,,Kapadia Nagar,,,,,,,Bachelors/Family,2026-08-24 07:00:49+00:00,3BHK Multistorey Apartment for Resale in Kapadia Nagar,19.0734847185611,72.8745984758395,,False,False,5190.839694656489,0,0.0,15.221607546380344,6.666956792429207,15.221607546380344
Less than 5 years,5000000.0,5155.0,3,2.0,,698.0,970.0,1.0,4.0,Unfurnished,,,Apartment,Resale,Ready to Move,2026-08-22,Mumbai,,M Baria Castle View Apartment,,Agashi,,,,,,,Bachelors/Family,2026-08-21 19:29:33+00:00,3BHK Multistorey Apartment for Resale in M Baria Castle View Apartment at Agashi,19.4661888148379,72.7700777769154,3.0,False,False,7163.323782234957,3,0.0,15.424948470398375,6.548219102762372,
10 to 15 years,4800000.0,3810.0,3,2.0,1,1000.0,1260.0,3.0,4.0,Unfurnished,East,Main Road,Apartment,Resale,Ready to Move,2026-06-26,Mumbai,Ulhasnagar,,Near Swami Dharamdas Darbar,Ulhasnagar,Visitor Parking,Water Availability 24 Hours Available,No/Rare Powercut,Vitrified,,Freehold,Bachelors/Family,2026-06-25 21:31:44+00:00,3BHK Multistorey Apartment for Resale in Ulhasnagar,19.2298419727021,73.1644753282394,12.5,False,False,4800.0,60,0.0,15.38412647587812,6.907755278982137,15.59047976555874
Less than 5 years,4000000.0,3347.0,3,3.0,,,1195.0,3.0,4.0,Semi-Furnished,,,Residential House,Resale,,2026-06-20,Mumbai,Vasai,,Vasant nagri. Near stadium.,Vasai,Visitor Parking,,,,,Co-operative Society,Bachelors/Family,2026-06-19 22:30:35+00:00,3BHK Residential House for Resale in Vasai,19.3914260104194,72.8285855834131,3.0,False,False,,66,1.0,15.201804919084164,,15.876706569663893
,3940000.0,,3,2.0,,,,,,Furnished,,,Residential House,Resale,,2026-08-24,Mumbai,Motilal Nagar 1,,,Motilal Nagar 1,,,,,,,Bachelors/Family,2026-08-24 07:09:22+00:00,3BHK Residential House for Resale in Motilal Nagar 1,19.1572961813933,72.839749980275,,False,False,,0,2.0,15.186691281274117,,14.81938933415497
,2830000.0,3144.0,3,2.0,,750.0,900.0,,,Unfurnished,,,Residential House,Resale,,2026-08-24,Mumbai,BMC Colony Malad West,,,BMC Colony Malad West,,,,,,,Bachelors/Family,2026-08-24 06:56:01+00:00,3BHK Residential House for Resale in BMC Colony Malad West,19.1929626603671,72.8220574622949,,False,False,3773.3333333333335,0,0.0,14.85578726961942,6.620073206530356,14.063070216102936
10 to 15 years,5000000.0,4167.0,3,2.0,1,1100.0,1200.0,2.0,3.0,Semi-Furnished,,,Apartment,Resale,Ready to Move,2026-07-01,Mumbai,Virar East,,,Virar East,,,,,,,Bachelors/Family,2026-06-30 17:24:09+00:00,3BHK Multistorey Apartment for Resale in Virar East,19.4652899784439,72.8189990617033,12.5,False,False,4545.454545454545,55,1.0,15.424948470398375,7.003065458786462,14.602566034625413
Above 20 years,2700000.0,1607.0,3,2.0,2,1300.0,1680.0,5.0,7.0,Furnished,East,Main Road,Apartment,Resale,Ready to Move,2026-08-19,Mumbai,Ulhasnagar,,Vegetable Market,Ulhasnagar,,Water Availability 24 Hours Available,No/Rare Powercut,,,Freehold,Bachelors/Family,2026-08-18 22:30:38+00:00,3BHK Multistorey Apartment for Resale in Ulhasnagar,19.2298419727021,73.1644753282394,25.0,False,False,2076.923076923077,6,2.0,14.808762330974558,7.170119543449628,15.59047976555874
New Construction,2100000.0,2392.0,3,3.0,1,878.0,878.0,1.0,34.0,Unfurnished,North,,Apartment,New Property,Ready to Move,2026-08-11,Mumbai,Mira Road,Kalpataru Shrishti,,Mira Road,,,,Vitrified,,,Bachelors/Family,2026-08-11 15:43:30+00:00,3BHK Multistorey Apartment for New Property in Kalpataru Shrishti at Mira Road,19.2824790028886,72.8826767010947,0.0,False,False,2391.7995444191342,13,0.0,14.557447902693651,6.777646593635117,16.228045916668293
,3050000.0,3050.0,3,3.0,,,1000.0,1.0,3.0,Semi-Furnished,,,Apartment,Resale,Ready to Move,2026-07-29,Mumbai,,,,,,,,,,,Bachelors/Family,2026-07-29 10:10:11+00:00,3BHK Multistorey Apartment for Resale in ,,,,False,False,,26,1.0,14.930652148583594,,
New Construction,4500000.0,7500.0,3,3.0,,,600.0,,,,,,Residential House,Resale,Ready to Move,2026-08-18,Mumbai,Shivaji Nagar Phase 1,,,Phase 1 Shivaji Nagar,,,,,,,Bachelors/Family,2026-08-18 08:21:16+00:00,3BHK Residential House for Resale in Phase 1 Shivaji Nagar,19.0656590659501,72.9220325409402,0.0,False,False,,6,,15.319587954740548,,15.319587954740548
,4300000.0,14333.0,3,3.0,,,300.0,,,Semi-Furnished,,,Residential House,Resale,Ready to Move,2026-07-22,Mumbai,Malad West,,,Malad West,,,,,,,Bachelors/Family,2026-07-22 08:59:47+00:00,3BHK Residential House for Resale in Malad West,19.1940346300819,72.8257561606587,,False,False,,33,1.0,15.27412558066379,,16.726961842869137
,4650000.0,4750.0,3,2.0,,,979.0,0.0,2.0,Unfurnished,,,Apartment,Resale,Ready to Move,2026-08-10,Mumbai,Virar West,,,Virar West,,,,,,,Bachelors/Family,2026-08-09 18:00:38+00:00,3BHK Multistorey Apartment for Resale in Virar West,19.4638767047594,72.7822993572118,,False,False,,15,0.0,15.35237777756354,,15.772149807434285
Less than 5 years,2600000.0,1733.0,3,3.0,6,,1500.0,,,Furnished,,,Villa,Resale,Ready to Move,2026-08-06,Mumbai,Virar,,,Virar,,,,,,,Bachelors/Family,2026-08-06 12:24:26+00:00,3BHK Villa for Resale in Virar,19.462194642857,72.8049130698568,3.0,False,False,,18,2.0,14.77102200299171,,15.40653067895644
,3420000.0,3420.0,3,3.0,,,1000.0,,,Unfurnished,,,Builder Floor Apartment,Resale,,2026-08-24,Mumbai,Null Bazar,,,Null Bazar,,,,,,,Bachelors/Family,2026-08-24 07:03:58+00:00,3BHK Builder Floor Apartment for Resale in Null Bazar,18.9576327496957,72.8294530560645,,False,False,,0,0.0,15.045151109038787,,16.33366207838669
,3020000.0,3149.0,3,1.0,,769.0,959.0,,,Unfurnished,,,Residential House,Resale,,2026-08-24,Mumbai,Turner Road,,,Turner Road,,,,,,,Bachelors/Family,2026-08-24 07:10:34+00:00,3BHK Residential House for Resale in Turner Road,19.05931,72.83467,,False,False,3927.178153446034,0,0.0,14.920767389351052,6.645090969505644,14.920767389351052
Less than 5 years,2700000.0,9000.0,3,2.0,,,300.0,,,,,,Residential House,Resale,Ready to Move,2026-08-18,Mumbai,Lotus Colony Worli,,,Lotus Colony Worli,,,,,,,Bachelors/Family,2026-08-18 08:07:34+00:00,3BHK Residential House for Resale in Lotus Colony Worli,18.9886900396384,72.8147787031436,3.0,False,False,,6,,14.808762330974558,,14.808762330974558
,4720000.0,3147.0,3,2.0,,,1500.0,,,Furnished,,,Residential House,Resale,,2026-08-24,Mumbai,Thakurdwar,,,Thakurdwar,,,,,,,Bachelors/Family,2026-08-24 07:02:48+00:00,3BHK Residential House for Resale in Thakurdwar,18.9497301367546,72.8225775085991,,False,False,,0,2.0,15.367319357561739,,15.414781806351904
,4790000.0,3421.0,3,3.0,,,1400.0,,,Semi-Furnished,,,Builder Floor Apartment,Resale,,2026-08-24,Mumbai,Parsi Colony Dadar East,,,Parsee Colony,,,,,,,Bachelors/Family,2026-08-24 07:00:56+00:00,3BHK Builder Floor Apartment for Resale in Parsee Colony,19.01879,72.85187,,False,False,,0,1.0,15.382040969387099,,15.382040969387099
,4790000.0,3421.0,3,3.0,,,1400.0,,,Semi-Furnished,,,Builder Floor Apartment,Resale,,2026-08-24,Mumbai,Prabhat Colony,,,Prabhat Colony,,,,,,,Bachelors/Family,2026-08-24 06:58:28+00:00,3BHK Builder Floor Apartment for Resale in Prabhat Colony,19.08775,72.84348,,False,False,,0,1.0,15.382040969387099,,15.382040969387099
5 to 10 years,5600000.0,4628.0,3,3.0,,871.0,1210.0,4.0,7.0,Semi-Furnished,,,Apartment,Resale,Ready to Move,2026-08-21,Mumbai,Virar,Yashodham Veehar,,Virar,,,,,,,Bachelors/Family,2026-08-20 16:54:16+00:00,3BHK Multistorey Apartment for Resale in Yashodham Veehar at Virar,19.462194642857,72.8049130698568,7.5,False,False,6429.39150401837,4,1.0,15.538277155705378,6.769641976852503,15.40653067895644
New Construction,6500000.0,5200.0,3,3.0,,900.0,1250.0,3.0,7.0,Semi-Furnished,,,Apartment,Resale,Ready to Move,2026-08-22,Mumbai,Virar West,HDIL Residency Park,,Virar West,,,,,,,Bachelors/Family,2026-08-21 09:00:23+00:00,3BHK Multistorey Apartment for Resale in HDIL Residency Park at Virar West,19.4638767047594,72.7822993572118,0.0,False,False,7222.222222222223,3,1.0,15.687312734865866,6.802394763324311,15.772149807434285
,7450000.0,,3,3.0,,750.0,,,,Unfurnished,,,Apartment,New Property,Ready to Move,2026-07-14,Mumbai,Palghar Naigaon East,Sunteck World,,Palghar Naigaon East,,Water Availability 24 Hours Available,No/Rare Powercut,,"NA|null,P99000024072|-1",,Bachelors/Family,2026-08-23 17:37:17+00:00,3BHK Multistorey Apartment for New Property in Sunteck World at Palghar Naigaon East,19.3489277756968,72.8750219955356,,False,False,9933.333333333334,1,0.0,15.823724590355742,6.620073206530356,15.34271151654134
New Construction,6400000.0,4765.0,3,4.0,,814.0,1343.0,10.0,23.0,Unfurnished,East,"Garden/Park, Pool, Main Road",Apartment,New Property,Ready to Move,2026-08-23,Mumbai,Palghar Naigaon East,Sunteck One World,"Excellent connectivity to Western Express Highway, railway stations",Palghar Naigaon East,"Private jaccuzi,Fingerprint Access,Health club with Steam / Jaccuzi,Golf Course,Air Conditioned,Banquet Hall,Jogging and Strolling Track,Internet/Wi-Fi Connectivity,Service/Goods Lift,Visitor Parking,Intercom Facility",Water Availability 24 Hours Available,No/Rare Powercut,Vitrified,"NA|null,P99000032834|-1,P99000032855|-1",Freehold,Bachelors/Family,2026-08-22 23:45:16+00:00,3BHK Multistorey Apartment for New Property in Sunteck One World at Palghar Naigaon East,19.3489277756968,72.8750219955356,0.0,False,False,7862.407862407862,2,0.0,15.671808548329901,6.70196036600254,15.34271151654134
,7795000.0,8501.0,3,2.0,5,655.0,917.0,,,Unfurnished,,,Apartment,New Property,Jun '27,2026-07-30,Mumbai,Virar West,Shree Krishna Heights II,,Virar West,,,,,"NA|null,P99000079760|-1",,Bachelors/Family,2026-08-23 17:37:16+00:00,3BHK Multistorey Apartment for New Property in Shree Krishna Heights II at Virar West,19.4638767047594,72.7822993572118,,False,False,11900.763358778626,1,0.0,15.868993060474015,6.484635235635252,15.772149807434285
,6436000.0,6449.0,3,3.0,5,713.0,998.0,,,Unfurnished,,,Apartment,New Property,Dec '27,2026-08-06,Mumbai,Vasai East,JSB Nakshatra Veda,,Vasai East,,,,,"NA|null,P99000047826|-1,P99000048852|-1",,Bachelors/Family,2026-08-20 17:36:45+00:00,3BHK Multistorey Apartment for New Property in JSB Nakshatra Veda at Vasai East,19.39954,72.8604165,,False,False,9026.647966339411,4,0.0,15.677417787094411,6.569481420414296,15.390093368549772
,7790000.0,5193.0,3,2.0,,930.0,1500.0,,,Unfurnished,,,Apartment,Resale,,2026-08-24,Mumbai,Mitha Nagar,,,Mitha Nagar,,,,,,,Bachelors/Family,2026-08-24 06:55:14+00:00,3BHK Multistorey Apartment for Resale in Mitha Nagar,19.1614630933385,72.8375027666535,,False,False,8376.344086021505,0,0.0,15.868351417846931,6.835184586147301,15.868351417846931
,6590000.0,5189.0,3,3.0,,,1270.0,,,Unfurnished,,,Apartment,Resale,,2026-08-24,Mumbai,NL Complex,,,NL Complex,,,,,,,Bachelors/Family,2026-08-24 06:57:13+00:00,3BHK Multistorey Apartment for Resale in NL Complex,19.25969,72.86799,,False,False,,0,0.0,15.70106390647869,,14.819396048583606
,7200000.0,7676.0,3,3.0,,675.0,938.0,8.0,16.0,Semi-Furnished,,,Apartment,Resale,Under Construction,2026-08-21,Mumbai,Virar West,Vinay Unique Gardens,,Virar West,"Bar/Lounge,,,,,Air Conditioned,Banquet Hall,Jogging and Strolling Track,Outdoor Tennis Courts,Laundry Service,,Internet/Wi-Fi Connectivity,RO Water System,Service/Goods Lift,Intercom Facility,Conference Room,",,,,"NA|null,P99000012052|-1",,Bachelors/Family,2026-08-20 15:29:04+00:00,3BHK Multistorey Apartment for Resale in Vinay Unique Gardens at Virar West,19.4638767047594,72.7822993572118,,False,False,10666.666666666666,4,1.0,15.789591583986283,6.51471269087253,15.772149807434285
New Construction,8000000.0,10667.0,3,3.0,,750.0,750.0,6.0,8.0,Unfurnished,,,Apartment,Resale,Ready to Move,2026-06-23,Mumbai,Virar West,Agarwal Lifestyle Avenue B1,,Virar West,,,,,,,Bachelors/Family,2026-06-22 20:53:50+00:00,3BHK Multistorey Apartment for Resale in Agarwal Lifestyle Avenue B1 at Virar West,19.4638767047594,72.7822993572118,0.0,False,False,10666.666666666666,63,0.0,15.89495209964411,6.620073206530356,15.772149807434285
Less than 5 years,5030000.0,,3,3.0,5,505.0,,,,Unfurnished,,,Apartment,New Property,Ready To Move,2026-08-13,Mumbai,Virar West,Agarwal Paramount,,Virar West,,,,,"NA|null,P99000002207|-1",,Bachelors/Family,2026-08-21 17:37:06+00:00,3BHK Multistorey Apartment for New Property in Agarwal Paramount at Virar West,19.4638767047594,72.7822993572118,3.0,False,False,9960.39603960396,3,0.0,15.430930542075922,6.22455842927536,15.772149807434285
5 to 10 years,7200000.0,5760.0,3,3.0,4,,1250.0,9.0,15.0,Semi-Furnished,East,"Pool, Garden/Park, Main Road",Apartment,Resale,Ready to Move,2026-08-02,Mumbai,Virar West,Ekta Parksville,near max mall global city virar west,Virar West,"Bar/Lounge,Air Conditioned,Banquet Hall,Jogging and Strolling Track,Outdoor Tennis Courts,Laundry Service,Internet/Wi-Fi Connectivity,RO Water System,Service/Goods Lift,Intercom Facility,Conference Room",,,,"NA|null,P99000000109|06/2020,P99000000115|12/2020,P99000000116|12/2019",Freehold,Bachelors/Family,2026-08-02 04:18:35+00:00,3BHK Multistorey Apartment for Resale in Ekta Parksville at Virar West,19.4638767047594,72.7822993572118,7.5,False,False,,23,1.0,15.789591583986283,,15.772149807434285
5 to 10 years,7000000.0,7330.0,3,3.0,,688.0,955.0,7.0,7.0,Unfurnished,,,Apartment,Resale,Ready to Move,2026-08-22,Mumbai,Virar West,HDIL Residency Park,,Virar West,,,,,,,Bachelors/Family,2026-08-21 08:59:48+00:00,3BHK Multistorey Apartment for Resale in HDIL Residency Park at Virar West,19.4638767047594,72.7822993572118,7.5,False,False,10174.418604651162,3,0.0,15.761420707019587,6.5337888379333435,15.772149807434285
Less than 5 years,5500000.0,6111.0,3,2.0,,648.0,900.0,2.0,7.0,Semi-Furnished,,,Apartment,Resale,Ready to Move,2026-08-21,Mumbai,Vasai,Rashmi Garden,,Vasai,"Laundry Service,Service/Goods Lift,Visitor Parking",,,,,,Bachelors/Family,2026-08-20 15:31:03+00:00,3BHK Multistorey Apartment for Resale in Rashmi Garden at Vasai,19.3914260104194,72.8285855834131,3.0,False,False,8487.654320987655,4,1.0,15.520258650202699,6.473890696352274,15.876706569663893
5 to 10 years,7200000.0,6000.0,3,3.0,,864.0,1200.0,7.0,7.0,Semi-Furnished,,,Apartment,Resale,Ready to Move,2026-08-20,Mumbai,Virar West,Rustomjee Global City,,Virar West,"Banquet Hall,Jogging and Strolling Track,,,,Laundry Service,,,,,Internet/Wi-Fi Connectivity,RO Water System,Visitor Parking,Intercom Facility,Conference Room,,",,,," P99000018043|-1,NA|null",,Bachelors/Family,2026-08-20 12:31:09+00:00,3BHK Multistorey Apartment for Resale in Rustomjee Global City at Virar West,19.4638767047594,72.7822993572118,7.5,False,False,8333.333333333334,4,1.0,15.789591583986283,6.761572768804055,15.772149807434285
5 to 10 years,6000000.0,5792.0,3,3.0,,746.0,1036.0,1.0,7.0,Unfurnished,,,Apartment,Resale,Ready to Move,2026-08-20,Mumbai,Virar West,Rustomjee Global City,,Virar West,"Banquet Hall,Jogging and Strolling Track,,,,Laundry Service,,,,,Internet/Wi-Fi Connectivity,RO Water System,Visitor Parking,Intercom Facility,Conference Room,,",,,," P99000018043|-1,NA|null",,Bachelors/Family,2026-08-20 12:30:58+00:00,3BHK Multistorey Apartment for Resale in Rustomjee Global City at Virar West,19.4638767047594,72.7822993572118,7.5,False,False,8042.8954423592495,4,0.0,15.60727002719233,6.61472560020376,15.772149807434285
10 to 15 years,8000000.0,4706.0,3,3.0,2,1700.0,1700.0,,,Unfurnished,South,Main Road,Residential House,Resale,Ready to Move,2026-06-26,Mumbai,,,shah hospital mahindra road ambarnath ordanance factory,,,,,Ceramic Tiles,,Freehold,Bachelors/Family,2026-06-25 17:01:49+00:00,3BHK Residential House for Resale in ,,,12.5,False,False,4705.882352941177,60,0.0,15.89495209964411,7.438383530044307,
,7400000.0,6727.0,3,2.0,,,1100.0,1.0,6.0,Unfurnished,,,Builder Floor Apartment,Resale,Ready to Move,2026-06-28,Mumbai,Virar,,,Virar,,,,,,,Bachelors/Family,2026-06-27 17:28:32+00:00,3BHK Builder Floor Apartment for Resale in Virar,19.462194642857,72.8049130698568,,False,False,,58,0.0,15.816990558174398,,15.40653067895644
5 to 10 years,7000000.0,6667.0,3,2.0,2,955.0,1050.0,3.0,7.0,Semi-Furnished,East,,Apartment,Resale,Ready to Move,2026-04-29,Mumbai,,,,,RO Water System,,,,,Co-operative Society,Bachelors/Family,2026-04-28 16:37:30+00:00,3BHK Multistorey Apartment for Resale in ,,,7.5,False,False,7329.842931937173,118,1.0,15.761420707019587,6.86171134048073,
Above 20 years,8000000.0,11679.0,3,1.0,,493.0,685.0,3.0,4.0,Semi-Furnished,,,Apartment,Resale,Ready to Move,2026-08-21,Mumbai,Mira Road,Star Paradise,,Mira Road Area,,,,,,,Bachelors/Family,2026-08-20 16:50:34+00:00,3BHK Multistorey Apartment for Resale in Star Paradise at Mira Road Area,19.2829267647424,72.8627883689306,25.0,False,False,16227.180527383367,4,1.0,15.89495209964411,6.20050917404269,16.228045916668293
Less than 5 years,7200000.0,5455.0,3,3.0,,950.0,1320.0,5.0,16.0,Furnished,,,Apartment,Resale,Ready to Move,2026-08-21,Mumbai,Virar West,Vinay Unique Imperia,,Virar West,"Service/Goods Lift,Earth quake resistant,Visitor Parking",,,,"NA|null,P99000008596|12/2019",,Bachelors/Family,2026-08-20 16:53:46+00:00,3BHK Multistorey Apartment for Resale in Vinay Unique Imperia at Virar West,19.4638767047594,72.7822993572118,3.0,False,False,7578.9473684210525,4,2.0,15.789591583986283,6.856461984594587,15.772149807434285
,7850000.0,6157.0,3,2.0,,,1275.0,4.0,18.0,Unfurnished,,,Apartment,Resale,Under Construction,2026-04-15,Mumbai,Mira Road,Rna Viva,,Mira Road Area,,,,,"NA|null,P51700004482|07/2019,P51700008296|07/2019",,Bachelors/Family,2026-04-15 16:21:06+00:00,3BHK Multistorey Apartment for Resale in Rna Viva at Mira Road Area,19.2829267647424,72.8627883689306,,False,False,,131,0.0,15.876024089758591,,16.228045916668293
,5190000.0,5190.0,3,2.0,,800.0,1000.0,,,Unfurnished,,,Apartment,Resale,,2026-08-24,Mumbai,Thakurdwar,,,Thakurdwar,,,,,,,Bachelors/Family,2026-08-24 07:02:54+00:00,3BHK Multistorey Apartment for Resale in Thakurdwar,18.9497301367546,72.8225775085991,,False,False,6487.5,0,0.0,15.462244255142071,6.684611727667927,15.414781806351904
5 to 10 years,7800000.0,7393.0,3,2.0,3,763.0,1055.0,4.0,7.0,Semi-Furnished,East,Garden/Park,Apartment,Resale,Ready to Move,2026-08-04,Mumbai,Vithalwadi,,,Vithalwadi,"RO Water System,Visitor Parking",,,Marble,,Co-operative Society,Bachelors/Family,2026-08-03 22:30:46+00:00,3BHK Multistorey Apartment for Resale in Vithalwadi,18.9499045303706,72.8299256969052,7.5,False,False,10222.804718217561,21,1.0,15.86963429165982,6.637258031284457,15.86963429165982
10 to 15 years,7800000.0,7573.0,3,2.0,,800.0,1030.0,1.0,7.0,Furnished,North,,Apartment,Resale,Ready to Move,2026-05-08,Mumbai,Mulund West,,Station,Mulund West,Air Conditioned,,,,,Co-operative Society,Bachelors/Family,2026-05-07 15:17:55+00:00,3BHK Multistorey Apartment for Resale in Mulund West,19.1749536837097,72.943103519999,12.5,False,False,9750.0,109,2.0,15.86963429165982,6.684611727667927,17.223121841269137
,6120000.0,5186.0,3,3.0,,,1180.0,,,Furnished,,,Apartment,Resale,,2026-08-24,Mumbai,Sikka Nagar,,,Sikka Nagar,,,,,,,Bachelors/Family,2026-08-24 07:03:34+00:00,3BHK Multistorey Apartment for Resale in Sikka Nagar,18.95674,72.82284,,False,False,,0,2.0,15.62707265448851,,15.656422871584391
,6490000.0,,3,2.0,,,,,,Unfurnished,,,Apartment,Resale,,2026-08-24,Mumbai,Sikka Nagar,,,Sikka Nagar,,,,,,,Bachelors/Family,2026-08-24 07:03:24+00:00,3BHK Multistorey Apartment for Resale in Sikka Nagar,18.95674,72.82284,,False,False,,0,0.0,15.685773088680273,,15.656422871584391
Less than 5 years,9500000.0,,3,3.0,,850.0,,0.0,2.0,Unfurnished,,,Residential House,New Property,Ready to Move,2026-08-24,Mumbai,Tilak Nagar Goregaon West,,,Tilak Nagar Goregaon West,,,,,,,Bachelors/Family,2026-08-23 21:32:02+00:00,3BHK Residential House for New Property in Tilak Nagar Goregaon West,19.16125902795,72.8404872857367,3.0,False,False,11176.470588235294,1,0.0,16.06680235657077,6.745236349484363,16.06680235657077
New Construction,8300000.0,7943.0,3,2.0,,752.0,1045.0,10.0,22.0,Unfurnished,,,Apartment,Resale,Ready to Move,2026-08-22,Mumbai,Virar,Shapoorji Pallonji Joyville Virar,,Virar,"Bar/Lounge,Modular Kitchen,Air Conditioned,Banquet Hall,Jogging and Strolling Track,Outdoor Tennis Courts,Internet/Wi-Fi Connectivity,RO Water System,Service/Goods Lift,Intercom Facility",,,,"NA|null,P51900000444|-1,P99000013612|-1,P99000018521|-1,P99000019531|-1,P99000019538|-1,P99000031256|-1",,Bachelors/Family,2026-08-21 13:07:25+00:00,3BHK Multistorey Apartment for Resale in Shapoorji Pallonji Joyville Virar at Virar,19.462194642857,72.8049130698568,0.0,False,False,11037.234042553191,3,0.0,15.931766072766827,6.62273632394984,15.40653067895644
5 to 10 years,11800000.0,10261.0,3,3.0,2,650.0,1150.0,,,Unfurnished,East,,Villa,Resale,Ready to Move,2026-08-13,Mumbai,Marol,,Near 10 mins from metro station.,Marol,,Water Availability 6 Hours Available,No/Rare Powercut,Marbonite,,Freehold,Bachelors/Family,2026-08-13 04:41:08+00:00,3BHK Villa for Resale in Marol,19.1169810025439,72.8801253056097,7.5,False,False,18153.846153846152,12,0.0,16.283610089435893,6.476972362889683,16.283610089435893
5 to 10 years,10500000.0,7609.0,3,3.0,1,833.0,1380.0,,,Unfurnished,East,"Garden/Park, Main Road",Apartment,Resale,Ready to Move,2026-06-02,Mumbai,Virar West,,Above to Vijay sales,Virar West,"Bar/Lounge,Laundry Service",,,Vitrified,,Freehold,Bachelors/Family,2026-06-01 17:14:36+00:00,3BHK Multistorey Apartment for Resale in Virar West,19.4638767047594,72.7822993572118,7.5,False,False,12605.042016806723,84,0.0,16.166885815127753,6.725033642166843,15.772149807434285
15 to 20 years,9800000.0,8673.0,3,4.0,1,900.0,1130.0,1.0,3.0,Furnished,,Garden/Park,Apartment,Resale,Ready to Move,2026-06-28,Mumbai,,,,,,,,,,,Bachelors/Family,2026-06-21 12:55:42+00:00,3BHK Multistorey Apartment for Resale in ,,,17.5,False,False,10888.888888888889,64,2.0,16.0978929436408,6.802394763324311,
5 to 10 years,8100000.0,9771.0,3,3.0,3,,829.0,5.0,8.0,Unfurnished,East,Main Road,Apartment,Resale,Ready to Move,2026-08-17,Mumbai,,,,,,Water Availability 24 Hours Available,No/Rare Powercut,Vitrified,,Freehold,Bachelors/Family,2026-08-06 23:34:23+00:00,3BHK Multistorey Apartment for Resale in ,,,7.5,False,False,,18,0.0,15.907374619642667,,
,10000000.0,10000.0,3,3.0,,,1000.0,4.0,14.0,Semi-Furnished,,,Apartment,Resale,Ready to Move,2026-06-26,Mumbai,,,,,,,,,,,Bachelors/Family,2026-06-26 05:36:39+00:00,3BHK Multistorey Apartment for Resale in ,,,,False,False,,60,1.0,16.11809565095832,,
10 to 15 years,11000000.0,10000.0,3,3.0,,,1100.0,4.0,7.0,Unfurnished,,Garden/Park,Apartment,Resale,Ready to Move,2026-07-05,Mumbai,Vasai West,,"close to Bishop house, next to Pavilion restaurant",Vasai West,"Internet/Wi-Fi Connectivity,Visitor Parking,Intercom Facility",Water Availability 2 Hours Available,No/Rare Powercut,"Ceramic Tiles,Marble",,Freehold,Bachelors/Family,2026-07-05 05:33:17+00:00,3BHK Multistorey Apartment for Resale in Vasai West,19.3745830863848,72.8076393946386,12.5,False,False,,51,0.0,16.213405830762646,,16.149761228170277
New Construction,9120000.0,6080.0,3,4.0,6,910.0,1500.0,5.0,7.0,Semi-Furnished,East,"Garden/Park, Pool, Main Road",Apartment,New Property,Ready to Move,2026-08-23,Mumbai,Vasai West,Shantee Flamingo Residency,Vasai West is one of the attractive locations to own a home in mumbai,Vasai West,"Outdoor Tennis Courts,Visitor Parking",Water Availability 24 Hours Available,No/Rare Powercut,Vitrified,"NA|null,P99000076599|-1",Freehold,Bachelors/Family,2026-08-22 23:45:16+00:00,3BHK Multistorey Apartment for New Property in Shantee Flamingo Residency at Vasai West,19.3745830863848,72.8076393946386,0.0,False,False,10021.978021978022,2,1.0,16.025980362050515,6.813444599510896,16.149761228170277
Less than 5 years,9200000.0,6815.0,3,3.0,3,900.0,1350.0,11.0,12.0,Unfurnished,East,"Garden/Park, Main Road",Apartment,Resale,Ready to Move,2026-08-21,Mumbai,Virar West,Shree Siddhi Heights,Yashwant Gaurav,Virar West,"Jogging and Strolling Track,Internet/Wi-Fi Connectivity,RO Water System,Service/Goods Lift,Intercom Facility",Water Availability 1 Hour Available,No/Rare Powercut,Vitrified,"NA|null,P99000007407|-1",Leasehold,Bachelors/Family,2026-08-19 10:38:15+00:00,3BHK Multistorey Apartment for Resale in Shree Siddhi Heights at Virar West,19.4638767047594,72.7822993572118,3.0,False,False,10222.222222222223,5,0.0,16.034714042019267,6.802394763324311,15.772149807434285
,11649000.0,,3,2.0,4,728.0,,,,Unfurnished,,,Apartment,New Property,Dec '26,2026-08-20,Mumbai,Mira Bhayandar,Chheda Avighna ,,Mira Bhayandar,,,,,"NA|null,P51700047096|-1",,Bachelors/Family,2026-08-23 17:37:15+00:00,3BHK Multistorey Apartment for New Property in Chheda Avighna  at Mira Bhayandar,19.2783121,72.8580188,,False,False,16001.373626373626,1,0.0,16.270730897381913,6.590301048196686,16.08416528757378
,9403000.0,,3,3.0,,1055.0,,,,Unfurnished,,,Apartment,New Property,Dec '30,2026-08-05,Mumbai,Vasai,Techton Akhand ,,Vasai,,,,,"NA|null,P99000053393|-1,PM1244042601396|-1",,Bachelors/Family,2026-08-23 17:37:16+00:00,3BHK Multistorey Apartment for New Property in Techton Akhand  at Vasai,19.3914260104194,72.8285855834131,,False,False,8912.796208530806,1,0.0,16.056539345259214,6.961296045910167,15.876706569663893
,11786000.0,,3,2.0,,737.0,,,,Unfurnished,,,Apartment,New Property,Dec '28,2026-08-01,Mumbai,,Pramanik Walchand Avenue,,Mira Road East,,,,,"NA|null,P51700056323|-1",,Bachelors/Family,2026-08-23 17:37:18+00:00,3BHK Multistorey Apartment for New Property in Pramanik Walchand Avenue at Mira Road East,19.282975,72.873618,,False,False,15991.858887381275,1,0.0,16.282422944379995,6.602587892189336,
Less than 5 years,11609000.0,,3,2.0,4,981.0,,,,Unfurnished,,,Apartment,New Property,Ready To Move,2026-07-30,Mumbai,Virar West,Mehta Gokul Aura,,Virar West,,,,,"NA|null,P99000035169|-1",,Bachelors/Family,2026-08-18 17:37:12+00:00,3BHK Multistorey Apartment for New Property in Mehta Gokul Aura at Virar West,19.4638767047594,72.7822993572118,3.0,False,False,11833.843017329256,6,0.0,16.267291217320174,6.8885724595653635,15.772149807434285
,8630000.0,,3,3.0,4,728.0,,,,Unfurnished,,,Apartment,New Property,Dec '27,2026-08-06,Mumbai,Vasai East,JSB Nakshatra Veda,,Vasai East,,,,,"NA|null,P99000047826|-1,P99000048852|-1",,Bachelors/Family,2026-08-19 17:36:53+00:00,3BHK Multistorey Apartment for New Property in JSB Nakshatra Veda at Vasai East,19.39954,72.8604165,,False,False,11854.395604395604,5,0.0,15.970755063059611,6.590301048196686,15.390093368549772
,11766000.0,,3,2.0,4,728.0,,,,Unfurnished,,,Apartment,New Property,Dec '26,2026-08-05,Mumbai,Mira Bhayandar,Chheda Avighna ,,Mira Bhayandar,,,,,"NA|null,P51700047096|-1",,Bachelors/Family,2026-08-17 17:37:06+00:00,3BHK Multistorey Apartment for New Property in Chheda Avighna  at Mira Bhayandar,19.2783121,72.8580188,,False,False,16162.087912087913,7,0.0,16.280724574406538,6.590301048196686,16.08416528757378
Less than 5 years,10000000.0,8333.0,3,3.0,,864.0,1200.0,7.0,8.0,Semi-Furnished,,,Apartment,Resale,Ready to Move,2026-08-21,Mumbai,Vasai,Mirchandani Garden,,Vasai,Intercom Facility,,,,,,Bachelors/Family,2026-08-21 05:23:31+00:00,3BHK Multistorey Apartment for Resale in Mirchandani Garden at Vasai,19.3914260104194,72.8285855834131,3.0,False,False,11574.074074074075,4,1.0,16.11809565095832,6.761572768804055,15.876706569663893
,10500000.0,8235.0,3,2.0,,918.0,1275.0,4.0,19.0,Unfurnished,,,Apartment,Resale,Under Construction,2026-08-20,Mumbai,Mira Road,Rna Viva,,Mira Road Area,"Jogging and Strolling Track,Outdoor Tennis Courts,Laundry Service,,,Service/Goods Lift,Visitor Parking,",,,,"NA|null,P51700004482|07/2019,P51700008296|07/2019",,Bachelors/Family,2026-08-20 12:38:26+00:00,3BHK Multistorey Apartment for Resale in Rna Viva at Mira Road Area,19.2829267647424,72.8627883689306,,False,False,11437.908496732027,4,0.0,16.166885815127753,6.822197390620491,16.228045916668293
10 to 15 years,9800000.0,7000.0,3,3.0,2,850.0,1400.0,4.0,7.0,Unfurnished,East,Garden/Park,Apartment,Resale,Ready to Move,2026-08-11,Mumbai,Vasai West,Kingston Tower,wellness forever,Vasai West,"Jogging and Strolling Track,Laundry Service",,,,,Freehold,Bachelors/Family,2026-08-11 07:39:23+00:00,3BHK Multistorey Apartment for Resale in Kingston Tower at Vasai West,19.3745830863848,72.8076393946386,12.5,False,False,11529.411764705883,13,0.0,16.0978929436408,6.745236349484363,16.149761228170277
Above 20 years,9000000.0,9730.0,3,3.0,,700.0,925.0,2.0,3.0,Semi-Furnished,West,,Apartment,Resale,Ready to Move,2026-07-03,Mumbai,Vasai West,,"K. T. Vihar complex, om nagar, ambadi road, vasai west",Vasai West,"House help accommodation,Air Conditioned,Laundry Service,Visitor Parking",Water Availability 24 Hours Available,No/Rare Powercut,Marble,,Freehold,Bachelors/Family,2026-07-03 08:01:02+00:00,3BHK Multistorey Apartment for Resale in Vasai West,19.3745830863848,72.8076393946386,25.0,False,False,12857.142857142857,52,1.0,16.012735135300492,6.551080335043404,16.149761228170277
,10303000.0,,3,3.0,5,1077.0,,,,Unfurnished,,,Apartment,New Property,Mar '30,2026-08-13,Mumbai,Virar West,Cosmos Serenity,,Virar West,,,,,"NA|null,P99000080932|-1,PM1241012502317|-1",,Bachelors/Family,2026-08-21 17:37:06+00:00,3BHK Multistorey Apartment for New Property in Cosmos Serenity at Virar West,19.4638767047594,72.7822993572118,,False,False,9566.388115134634,3,0.0,16.147945672927204,6.981934677156389,15.772149807434285
Less than 5 years,11000000.0,8059.0,3,3.0,,983.0,1365.0,2.0,13.0,Unfurnished,,,Apartment,Resale,Ready to Move,2026-08-22,Mumbai,Mira Road,NG Silver Spring,,Mira Road Area,"Fireplace,Fingerprint Access,,,Air Conditioned,Jogging and Strolling Track,Outdoor Tennis Courts,Laundry Service,,,RO Water System,Service/Goods Lift,Visitor Parking,Intercom Facility,",,,,"NA|null,P51700000009|12/2018",,Bachelors/Family,2026-08-21 11:16:40+00:00,3BHK Multistorey Apartment for Resale in NG Silver Spring at Mira Road Area,19.2829267647424,72.8627883689306,3.0,False,False,11190.233977619531,3,0.0,16.213405830762646,6.890609120147166,16.228045916668293
Less than 5 years,11500000.0,13143.0,3,2.0,,630.0,875.0,5.0,9.0,Semi-Furnished,,,Apartment,Resale,Ready to Move,2026-08-21,Mumbai,Mira Road,RNA COURTYARD CHS LTD,,Mira Road Area,,,,,,,Bachelors/Family,2026-08-20 16:49:42+00:00,3BHK Multistorey Apartment for Resale in RNA COURTYARD CHS LTD at Mira Road Area,19.2829267647424,72.8627883689306,3.0,False,False,18253.968253968254,4,1.0,16.25785759333348,6.4457198193855785,16.228045916668293
5 to 10 years,12000000.0,9375.0,3,3.0,,922.0,1280.0,7.0,12.0,Unfurnished,,,Apartment,Resale,Ready to Move,2026-08-20,Mumbai,,La Gardenia,,Beverly Park,"Visitor Parking,",,,,,,Bachelors/Family,2026-08-20 13:28:41+00:00,3BHK Multistorey Apartment for Resale in La Gardenia at Beverly Park,19.295256624119,72.871489861401,7.5,False,False,13015.184381778741,4,0.0,16.300417207752275,6.826545223556594,
Less than 5 years,12000000.0,12000.0,3,3.0,,720.0,1000.0,6.0,13.0,Unfurnished,,,Apartment,Resale,Ready to Move,2026-08-20,Mumbai,Mira Road,La Gardenia,,Mira Road Area,"Visitor Parking,",,,,,,Bachelors/Family,2026-08-20 13:28:29+00:00,3BHK Multistorey Apartment for Resale in La Gardenia at Mira Road Area,19.2829267647424,72.8627883689306,3.0,False,False,16666.666666666668,4,0.0,16.300417207752275,6.579251212010101,16.228045916668293
Less than 5 years,10500000.0,9906.0,3,3.0,,763.0,1060.0,9.0,13.0,Unfurnished,,,Apartment,Resale,Ready to Move,2026-08-21,Mumbai,Mira Road,Arkade Art,,Mira Road Area,"Jogging and Strolling Track,Laundry Service,,,Internet/Wi-Fi Connectivity,Service/Goods Lift,Visitor Parking,Intercom Facility,Conference Room,",,,,"NA|null,P51700004092|12/2021,P51700004429|12/2018",,Bachelors/Family,2026-08-20 14:12:05+00:00,3BHK Multistorey Apartment for Resale in Arkade Art at Mira Road Area,19.2829267647424,72.8627883689306,3.0,False,False,13761.467889908257,4,0.0,16.166885815127753,6.637258031284457,16.228045916668293
Less than 5 years,12000000.0,11321.0,3,3.0,,763.0,1060.0,9.0,13.0,Unfurnished,,,Apartment,Resale,Ready to Move,2026-08-21,Mumbai,Mira Road,Arkade Art,,Mira Road Area,"Jogging and Strolling Track,Laundry Service,,,Internet/Wi-Fi Connectivity,Service/Goods Lift,Visitor Parking,Intercom Facility,Conference Room,",,,,"NA|null,P51700004092|12/2021,P51700004429|12/2018",,Bachelors/Family,2026-08-20 14:11:47+00:00,3BHK Multistorey Apartment for Resale in Arkade Art at Mira Road Area,19.2829267647424,72.8627883689306,3.0,False,False,15727.391874180865,4,0.0,16.300417207752275,6.637258031284457,16.228045916668293
Above 20 years,14000000.0,13084.0,3,2.0,1,1070.0,1070.0,1.0,3.0,Furnished,West,Main Road,Apartment,Resale,Ready to Move,2026-08-24,Mumbai,Devchand Nagar Sripal Nagar,,Above Living Liquids near Maharashtra Hindu Bakery,Devchand Nagar Sripal Nagar,"Smart Home,Air Conditioned,Internet/Wi-Fi Connectivity",Water Availability 24 Hours Available,No/Rare Powercut,"Marble,Vitrified",,Co-operative Society,Bachelors/Family,2026-08-23 21:31:44+00:00,3BHK Multistorey Apartment for Resale in Devchand Nagar Sripal Nagar,19.30422037,72.85099631,25.0,False,False,13084.11214953271,1,2.0,16.454567887579532,6.975413927455952,16.454567887579532
New Construction,16000000.0,16000.0,3,2.0,1,754.0,1000.0,28.0,32.0,Unfurnished,East,"Garden/Park, Main Road",Apartment,Resale,Ready to Move,2026-08-24,Mumbai,Mira Road,,GCC Club,Mira Road Area,"Jogging and Strolling Track,Internet/Wi-Fi Connectivity,Service/Goods Lift,Visitor Parking,Intercom Facility",Water Availability 24 Hours Available,No/Rare Powercut,Vitrified,,Freehold,Bachelors/Family,2026-08-23 23:39:18+00:00,3BHK Multistorey Apartment for Resale in Mira Road Area,19.2829267647424,72.8627883689306,0.0,False,False,21220.159151193635,1,0.0,16.588099280204055,6.625392368007956,16.228045916668293
15 to 20 years,17000000.0,,3,2.0,3,675.0,,3.0,7.0,Unfurnished,,,Apartment,Resale,Ready to Move,2026-08-20,Mumbai,Ashok Van,Raj Utsav,,Ashok Van,,,,,,,Bachelors/Family,2026-08-19 23:31:09+00:00,3BHK Multistorey Apartment for Resale in Raj Utsav at Ashok Van,19.2432574090995,72.8661280746361,17.5,False,False,25185.185185185186,5,0.0,16.64872390202049,6.51471269087253,16.64872390202049
10 to 15 years,16500000.0,12840.0,3,2.0,,925.0,1285.0,3.0,8.0,Semi-Furnished,,,Apartment,Resale,Ready to Move,2026-08-22,Mumbai,Kandivali East,Akurli Om,,Kandivali East,,,,,,,Bachelors/Family,2026-08-21 06:46:37+00:00,3BHK Multistorey Apartment for Resale in Akurli Om at Kandivali East,19.2050017,72.8692711,12.5,False,False,17837.837837837837,3,1.0,16.61887093887081,6.829793737512425,17.422295377931313
5 to 10 years,12500000.0,10000.0,3,3.0,,900.0,1250.0,7.0,12.0,Semi-Furnished,,,Apartment,Resale,Ready to Move,2026-08-20,Mumbai,Mira Road,La Gardenia,,Mira Road Area,"Visitor Parking,",,,,,,Bachelors/Family,2026-08-20 13:28:37+00:00,3BHK Multistorey Apartment for Resale in La Gardenia at Mira Road Area,19.2829267647424,72.8627883689306,7.5,False,False,13888.888888888889,4,1.0,16.34123920227253,6.802394763324311,16.228045916668293
5 to 10 years,12500000.0,10000.0,3,3.0,,900.0,1250.0,6.0,12.0,Unfurnished,,,Apartment,Resale,Ready to Move,2026-08-20,Mumbai,Mira Road,La Gardenia,,Mira Road Area,"Visitor Parking,",,,,,,Bachelors/Family,2026-08-20 13:28:33+00:00,3BHK Multistorey Apartment for Resale in La Gardenia at Mira Road Area,19.2829267647424,72.8627883689306,7.5,False,False,13888.888888888889,4,0.0,16.34123920227253,6.802394763324311,16.228045916668293
5 to 10 years,13000000.0,10400.0,3,3.0,,900.0,1250.0,5.0,7.0,Semi-Furnished,,,Apartment,Resale,Ready to Move,2026-08-22,Mumbai,Vasai West,Kaul Heritage City,,Vasai West,,,,,,,Bachelors/Family,2026-08-21 08:30:43+00:00,3BHK Multistorey Apartment for Resale in Kaul Heritage City at Vasai West,19.3745830863848,72.8076393946386,7.5,False,False,14444.444444444445,3,1.0,16.38045991542581,6.802394763324311,16.149761228170277
10 to 15 years,15950000.0,11393.0,3,3.0,,1008.0,1400.0,7.0,13.0,Semi-Furnished,,,Apartment,Resale,Ready to Move,2026-08-21,Mumbai,Sector 9 Charkop,Platinum Tower,,Sector 9 Charkop,"Service/Goods Lift,Visitor Parking",,,,,,Bachelors/Family,2026-08-21 04:40:50+00:00,3BHK Multistorey Apartment for Resale in Platinum Tower at Sector 9 Charkop,19.221365412144,72.8231860530706,12.5,False,False,15823.412698412698,4,1.0,16.584969387195127,6.915723448631314,16.584969387195127
5 to 10 years,15000000.0,12000.0,3,3.0,,900.0,1250.0,13.0,20.0,Semi-Furnished,,,Apartment,Resale,Ready to Move,2026-08-21,Mumbai,Goregaon East,Summit Apartment,,Goregaon East,"Bar/Lounge,,,,,Banquet Hall,,Laundry Service,Service/Goods Lift,Visitor Parking,Conference Room,,",,,,,,Bachelors/Family,2026-08-21 04:32:06+00:00,3BHK Multistorey Apartment for Resale in Summit Apartment at Goregaon East,19.1562110822264,72.8758090633208,7.5,False,False,16666.666666666668,4,1.0,16.523560759066484,6.802394763324311,17.204116971054173
10 to 15 years,18000000.0,15929.0,3,2.0,,814.0,1130.0,3.0,8.0,Furnished,,,Apartment,Resale,Ready to Move,2026-08-21,Mumbai,Malad West,Divya Smruthi,,Malad West,Visitor Parking,,,,,,Bachelors/Family,2026-08-21 04:50:19+00:00,3BHK Multistorey Apartment for Resale in Divya Smruthi at Malad West,19.1940346300819,72.8257561606587,12.5,False,False,22113.022113022114,4,2.0,16.70588231586044,6.70196036600254,16.726961842869137
5 to 10 years,17300000.0,15310.0,3,3.0,4,,1130.0,11.0,15.0,Furnished,West,"Garden/Park, Pool, Main Road",Apartment,Resale,Ready to Move,2026-08-17,Mumbai,Mira Road,,"Shanti Garden Area, Surya Shopping Centre, Shrishti.",Mira Road,"Fireplace,Air Conditioned,Banquet Hall,Jogging and Strolling Track,Laundry Service,Internet/Wi-Fi Connectivity,RO Water System,Visitor Parking,Intercom Facility,Conference Room",Water Availability 24 Hours Available,No/Rare Powercut,Vitrified,,Freehold,Bachelors/Family,2026-08-16 23:32:24+00:00,3BHK Multistorey Apartment for Resale in Mira Road,19.2824790028886,72.8826767010947,7.5,False,False,,8,2.0,16.666217059468007,,16.228045916668293
New Construction,18000000.0,24161.0,3,2.0,,745.0,745.0,10.0,19.0,Unfurnished,East,,Apartment,New Property,Ready to Move,2026-08-23,Mumbai,Mulund East,Palan Gagangiri Ekta,"90 Feet Road, Near Kelkar College, Mulund East",Mulund East,Internet/Wi-Fi Connectivity,Water Availability 24 Hours Available,No/Rare Powercut,Vitrified,"NA|null,P51800052661|12/2025",Freehold,Bachelors/Family,2026-08-22 23:45:15+00:00,3BHK Multistorey Apartment for New Property in Palan Gagangiri Ekta at Mulund East,19.1531029501285,72.9678051455382,0.0,False,False,24161.073825503358,2,0.0,16.70588231586044,6.61338421837956,16.86695469044897
,13460340.0,15780.0,3,3.0,1,853.0,853.0,5.0,5.0,Unfurnished,East,"Garden/Park, Main Road",Apartment,New Property,Under Construction,2026-08-22,Mumbai,,Pramanik Walchand Park View,"Poonam Gardens, Mira Road",Poonam Gardens,Banquet Hall,Water Availability 24 Hours Available,No/Rare Powercut,"Ceramic Tiles,Granite,Vitrified","NA|null,PR1330002600092|-1",Freehold,Bachelors/Family,2026-08-22 08:47:35+00:00,3BHK Multistorey Apartment for New Property in Pramanik Walchand Park View at Poonam Gardens,19.285007,72.871962,,False,False,15780.0,2,0.0,16.415258141891545,6.748759547491679,
,17000000.0,18478.0,3,3.0,1,849.0,920.0,17.0,44.0,Unfurnished,East,Main Road,Apartment,New Property,Under Construction,2026-08-22,Mumbai,Upper Govind Nagar,Right Channel Tower 28,It is close to Upper Govind Nagar Malad East,Upper Govind Nagar,"Water Front,Sea facing,Smart Home,Island Kitchen Layout,Fingerprint Access,Air Conditioned,Banquet Hall,Internet/Wi-Fi Connectivity,Service/Goods Lift,Visitor Parking,Intercom Facility,Conference Room,Downtown",Water Availability 24 Hours Available,No/Rare Powercut,Vitrified,"NA|null,P51800009511|03/2020,P51800028777|-1",Freehold,Bachelors/Family,2026-08-22 07:22:17+00:00,3BHK Multistorey Apartment for New Property in Right Channel Tower 28 at Upper Govind Nagar,19.1762768410761,72.854752956029,,False,False,20023.557126030624,2,0.0,16.64872390202049,6.744059186311348,16.86116549900312
Less than 5 years,13800000.0,13800.0,3,2.0,1,800.0,1000.0,7.0,14.0,Furnished,,,Apartment,Resale,Ready to Move,2026-05-07,Mumbai,,,"Gladys alwares marg,chital sar.",,,Water Availability 24 Hours Available,No/Rare Powercut,,,Freehold,Bachelors/Family,2026-05-06 17:10:46+00:00,3BHK Multistorey Apartment for Resale in ,,,3.0,False,False,17250.0,110,2.0,16.440179150127435,6.684611727667927,
10 to 15 years,14000000.0,,3,3.0,,1240.0,,2.0,7.0,Semi-Furnished,West,Main Road,Apartment,Resale,Ready to Move,2026-05-05,Mumbai,Vasai West,Anora Tower,"St Francis High School, Opp Mirchandani complex, off 100 ft road",Vasai West,"Air Conditioned,Laundry Service,Internet/Wi-Fi Connectivity,Visitor Parking,Intercom Facility",Water Availability 24 Hours Available,Less Than 2 Hour Powercut,Vitrified,,Freehold,Bachelors/Family,2026-05-04 21:30:40+00:00,3BHK Multistorey Apartment for Resale in Anora Tower at Vasai West,19.3745830863848,72.8076393946386,12.5,False,False,11290.322580645161,112,1.0,16.454567887579532,7.122866658599083,16.149761228170277
,15000000.0,10714.0,3,2.0,,,1400.0,1.0,3.0,Semi-Furnished,,,Builder Floor Apartment,Resale,Ready to Move,2026-06-21,Mumbai,Ulhasnagar,,,Ulhasnagar,,,,,,,Bachelors/Family,2026-06-20 21:31:21+00:00,3BHK Builder Floor Apartment for Resale in Ulhasnagar,19.2298419727021,73.1644753282394,,False,False,,65,1.0,16.523560759066484,,15.59047976555874
5 to 10 years,12500000.0,8929.0,3,3.0,1,1300.0,1400.0,0.0,2.0,Furnished,,Main Road,Residential House,New Property,Ready to Move,2026-06-17,Mumbai,Malad West,,Near Hotel Sahara,Malad West,,,,,,Freehold,Bachelors/Family,2026-06-17 07:57:30+00:00,3BHK Residential House for New Property in Malad West,19.1940346300819,72.8257561606587,7.5,False,False,9615.384615384615,68,2.0,16.34123920227253,7.170119543449628,16.726961842869137
,18000000.0,24161.0,3,2.0,,,745.0,4.0,4.0,Unfurnished,,,Apartment,Resale,Ready to Move,2026-06-08,Mumbai,Mulund West,,,Mulund West,,,,,,,Bachelors/Family,2026-06-08 03:56:39+00:00,3BHK Multistorey Apartment for Resale in Mulund West,19.1749536837097,72.943103519999,,False,False,,78,0.0,16.70588231586044,,17.223121841269137
,14000000.0,9722.0,3,3.0,,,1440.0,3.0,30.0,Furnished,,,Apartment,Resale,Ready to Move,2026-08-03,Mumbai,New Panvel,,,New Panvel,,,,,,,Bachelors/Family,2026-05-29 04:00:17+00:00,3BHK Multistorey Apartment for Resale in New Panvel,19.0003258753664,73.1153385297118,,False,False,,88,2.0,16.454567887579532,,16.454567887579532
5 to 10 years,17800000.0,17800.0,3,3.0,2,,1000.0,1.0,14.0,Semi-Furnished,East,Garden/Park,Apartment,Resale,Ready to Move,2026-08-02,Mumbai,Mira Road,Kalpataru Shrishti,"iscon temple, Bhaktivedanta",Mira Road Area,"Bar/Lounge,Air Conditioned,Banquet Hall,Jogging and Strolling Track,Internet/Wi-Fi Connectivity,RO Water System,Service/Goods Lift,Intercom Facility,Conference Room",,,,,Freehold,Bachelors/Family,2026-08-02 15:15:08+00:00,3BHK Multistorey Apartment for Resale in Kalpataru Shrishti at Mira Road Area,19.2829267647424,72.8627883689306,7.5,False,False,,22,1.0,16.694709015262312,,16.228045916668293
New Construction,17000000.0,17895.0,3,2.0,,690.0,950.0,4.0,4.0,Semi-Furnished,East,"Garden/Park, Main Road",Apartment,Resale,Ready to Move,2026-07-18,Mumbai,Shanti Nagar Mira Road,,Mira Road Railway Station,Shanti Nagar Mira Road,,Water Availability 24 Hours Available,No/Rare Powercut,"Vitrified,Wooden",,Freehold,Bachelors/Family,2026-07-17 17:55:51+00:00,3BHK Multistorey Apartment for Resale in Shanti Nagar Mira Road,19.2794272,72.86146863,0.0,False,False,24637.681159420288,38,1.0,16.64872390202049,6.536691597591305,16.64872390202049
Above 20 years,14000000.0,7778.0,3,4.0,,,1800.0,0.0,1.0,Unfurnished,,,Residential House,Resale,Ready to Move,2026-05-19,Mumbai,,,,Dhumal Nagar,,Water Availability 24 Hours Available,No/Rare Powercut,Marble,,Freehold,Bachelors/Family,2026-05-18 22:30:41+00:00,3BHK Residential House for Resale in Dhumal Nagar,19.421961185771,72.8677938353084,25.0,False,False,,98,0.0,16.454567887579532,,
5 to 10 years,14000000.0,8434.0,3,3.0,3,1400.0,1660.0,2.0,7.0,Furnished,North - West,Garden/Park,Apartment,Resale,Ready to Move,2026-07-21,Mumbai,Royal Palms,Lake View 2,,Royal Palms,,Water Availability 24 Hours Available,No/Rare Powercut,"Wooden,Ceramic Tiles",,Freehold,Bachelors/Family,2026-07-20 21:31:59+00:00,3BHK Multistorey Apartment for Resale in Lake View 2 at Royal Palms,19.15346782,72.8865788,7.5,False,False,10000.0,35,2.0,16.454567887579532,7.24422751560335,16.99778142749674
5 to 10 years,15000000.0,7692.0,3,4.0,1,1500.0,1950.0,0.0,3.0,Furnished,East,Garden/Park,Residential House,Resale,Ready to Move,2026-04-30,Mumbai,Malvani,,Patang Maidan,Malvani,"Air Conditioned,Jogging and Strolling Track,Internet/Wi-Fi Connectivity,Intercom Facility",Water Availability 24 Hours Available,No/Rare Powercut,Vitrified,,Freehold,Bachelors/Family,2026-04-29 17:01:25+00:00,3BHK Residential House for Resale in Malvani,19.1878361476608,72.8193396211644,7.5,False,False,10000.0,117,2.0,16.523560759066484,7.313220387090301,16.43239998066951
New Construction,16000000.0,16842.0,3,3.0,,744.0,950.0,9.0,23.0,Unfurnished,East,"Garden/Park, Main Road",Apartment,Resale,Ready to Move,2026-04-21,Mumbai,Kandivali West,Parinee Essence,Acme Avenue Building,Kandivali West,,Water Availability 24 Hours Available,No/Rare Powercut,Vitrified,"NA|null,P51800001334|-1",Freehold,Bachelors/Family,2026-04-21 05:24:55+00:00,3BHK Multistorey Apartment for Resale in Parinee Essence at Kandivali West,19.2101312179652,72.8305011930765,0.0,False,False,21505.37634408602,126,0.0,16.588099280204055,6.612041034833092,16.88809240469397
,15000000.0,14151.0,3,3.0,,,1060.0,7.0,7.0,Furnished,,,Apartment,Resale,Ready to Move,2026-04-21,Mumbai,Vasant Nagari,,,Vasant Nagari,,,,,,,Bachelors/Family,2026-04-21 05:25:25+00:00,3BHK Multistorey Apartment for Resale in Vasant Nagari,19.40322986,72.83143301,,False,False,,126,2.0,16.523560759066484,,16.523560759066484
,15000000.0,10714.0,3,3.0,1,1000.0,1400.0,10.0,35.0,Unfurnished,East,"Garden/Park, Main Road",Apartment,New Property,Under Construction,2026-08-23,Mumbai,Mira Road,JP Infra Mira Road,near to metro,Mira Road Area,"Banquet Hall,Jogging and Strolling Track,Service/Goods Lift,Visitor Parking,Intercom Facility,Conference Room",,,Vitrified,"NA|null,NA|null,P51700004117|12/2020,P51700007001|06/2021,P51700008667|06/2019,P51700008916|12/2020,P51700016290|12/2024,P51700016736|12/2024",Freehold,Bachelors/Family,2026-08-22 23:45:17+00:00,3BHK Multistorey Apartment for New Property in JP Infra Mira Road at Mira Road Area,19.2829267647424,72.8627883689306,,False,False,15000.0,2,0.0,16.523560759066484,6.907755278982137,16.228045916668293
New Construction,17020000.0,11500.0,3,3.0,5,980.0,1480.0,12.0,22.0,Unfurnished,East,Garden/Park,Apartment,New Property,Ready to Move,2026-08-23,Mumbai,,Aristone Vasudev Paradise,"Nr. Temple, Market, Shopping Mall, Bank, Hospital, School etc",Beverly Park,"Fireplace,Fingerprint Access,Health club with Steam / Jaccuzi,Outdoor Tennis Courts,Laundry Service,Internet/Wi-Fi Connectivity,Service/Goods Lift,Visitor Parking,Intercom Facility,Conference Room",Water Availability 24 Hours Available,No/Rare Powercut,Vitrified,"NA|null,P51700021181|01/2025",Freehold,Bachelors/Family,2026-08-22 23:45:15+00:00,3BHK Multistorey Apartment for New Property in Aristone Vasudev Paradise at Beverly Park,19.295256624119,72.871489861401,0.0,False,False,17367.34693877551,2,0.0,16.649899681109503,6.887552571664617,
,18000000.0,18000.0,3,3.0,1,647.0,1000.0,15.0,50.0,Unfurnished,East,Garden/Park,Apartment,New Property,Under Construction,2026-08-23,Mumbai,Kanjurmarg East,Runwal Avenue,near Kanjurmarg station,Kanjurmarg East,"Health club with Steam / Jaccuzi,Service/Goods Lift,Visitor Parking,Intercom Facility",Water Availability 24 Hours Available,No/Rare Powercut,Vitrified,"NA|null,P51800026860|-1,P51800028811|-1,P51800031895|-1,P51800033514|-1,P51800047714|-1,P51800048234|-1",Freehold,Bachelors/Family,2026-08-22 23:45:20+00:00,3BHK Multistorey Apartment for New Property in Runwal Avenue at Kanjurmarg East,19.1303464798827,72.934955451681,,False,False,27820.710973724883,2,0.0,16.70588231586044,6.472346294500901,16.47483325567379
15 to 20 years,22000000.0,20735.0,3,3.0,,,1061.0,1.0,13.0,Unfurnished,East,Main Road,Apartment,Resale,Ready to Move,2026-08-24,Mumbai,Mulund East,Sainath Heights,"Very close to Jain temple less than 100 meters, school, park and eas.",Mulund East,,Water Availability 24 Hours Available,No/Rare Powercut,Vitrified,,Freehold,Bachelors/Family,2026-08-23 23:45:07+00:00,3BHK Multistorey Apartment for Resale in Sainath Heights at Mulund East,19.1531029501285,72.9678051455382,17.5,False,False,,1,0.0,16.90655301132259,,16.86695469044897
10 to 15 years,23000000.0,17037.0,3,2.0,1,1250.0,1350.0,8.0,12.0,Furnished,East,Main Road,Apartment,Resale,Ready to Move,2026-08-24,Mumbai,Mulund East,,Gavanpada Fire Station.,Mulund East,"Air Conditioned,Internet/Wi-Fi Connectivity,RO Water System,Service/Goods Lift,Visitor Parking,Intercom Facility",,,"Vitrified,Granite",,Co-operative Society,Bachelors/Family,2026-08-23 23:45:15+00:00,3BHK Multistorey Apartment for Resale in Mulund East,19.1531029501285,72.9678051455382,12.5,False,False,18400.0,1,2.0,16.951004773893423,7.1308988302963465,16.86695469044897
Less than 5 years,22000000.0,23913.0,3,2.0,,662.0,920.0,4.0,11.0,Unfurnished,,,Apartment,Resale,Ready to Move,2026-08-22,Mumbai,Mulund East,Danvijay Co Operative Housing Society ,,Mulund East,,,,,,,Bachelors/Family,2026-08-21 20:14:46+00:00,3BHK Multistorey Apartment for Resale in Danvijay Co Operative Housing Society  at Mulund East,19.1531029501285,72.9678051455382,3.0,False,False,33232.62839879154,3,0.0,16.90655301132259,6.495265555937008,16.86695469044897
Less than 5 years,24000000.0,14371.0,3,2.0,,1202.0,1670.0,5.0,15.0,Unfurnished,,,Apartment,Resale,Ready to Move,2026-08-22,Mumbai,Andheri West,Rajveer Apartment,,Andheri West,"Internet/Wi-Fi Connectivity,Service/Goods Lift,Intercom Facility",,,,,,Bachelors/Family,2026-08-21 13:34:18+00:00,3BHK Multistorey Apartment for Resale in Rajveer Apartment at Andheri West,19.1373697481266,72.8257229439874,3.0,False,False,19966.722129783695,3,0.0,16.99356438831222,7.091742115095153,17.52659843548851
New Construction,24000000.0,24390.0,3,3.0,,708.0,984.0,2.0,12.0,Semi-Furnished,,,Apartment,Resale,Ready to Move,2026-08-22,Mumbai,Yashwant Nagar Santacruz East,Megaj Shivom Enclave,,Yashwant Nagar Santacruz East,"Health club with Steam / Jaccuzi,RO Water System,Earth quake resistant,Intercom Facility",,,,"NA|null,P51800002943|12/2022",,Bachelors/Family,2026-08-21 14:08:10+00:00,3BHK Multistorey Apartment for Resale in Megaj Shivom Enclave at Yashwant Nagar Santacruz East,19.07635,72.85719,0.0,False,False,33898.30508474576,3,1.0,16.99356438831222,6.56244409369372,16.99356438831222
New Construction,24000000.0,18045.0,3,3.0,,958.0,1330.0,14.0,14.0,Unfurnished,,,Apartment,Resale,Ready to Move,2026-08-22,Mumbai,Malad East,Maitri Gaurav,,Malad East,,,,,"NA|null,P51800013434|-1",,Bachelors/Family,2026-08-21 15:56:17+00:00,3BHK Multistorey Apartment for Resale in Maitri Gaurav at Malad East,19.1848724519187,72.8629697025013,0.0,False,False,25052.192066805845,3,0.0,16.99356438831222,6.86484777797086,16.8963646152373
Less than 5 years,23000000.0,22158.0,3,3.0,,747.0,1038.0,13.0,18.0,Unfurnished,,,Apartment,Resale,Ready to Move,2026-08-22,Mumbai,Andheri East,Atul Hillcrest,,Andheri East,"Bar/Lounge,Grand Entrance lobby,Kids play area,,Jogging and Strolling Track,Large Open space,,Visitor Parking,Intercom Facility,",,,,"NA|null,P51800000493|-1,P51800000508|-1,P51800002556|-1",,Bachelors/Family,2026-08-21 17:27:07+00:00,3BHK Multistorey Apartment for Resale in Atul Hillcrest at Andheri East,19.1154908,72.8726952,3.0,False,False,30789.825970548864,3,0.0,16.951004773893423,6.616065185132817,17.064584727117307
New Construction,25000000.0,24752.0,3,3.0,,727.0,1010.0,10.0,17.0,Unfurnished,,,Apartment,Resale,Ready to Move,2026-08-22,Mumbai,Gundavali Gaothan,A and O Bianca,,Gundavali Gaothan,,,,,,,Bachelors/Family,2026-08-21 17:50:21+00:00,3BHK Multistorey Apartment for Resale in A and O Bianca at Gundavali Gaothan,19.12123,72.85483,0.0,False,False,34387.8954607978,3,0.0,17.034386382832476,6.588926477533519,17.034386382832476
15 to 20 years,24000000.0,17778.0,3,3.0,,972.0,1350.0,0.0,7.0,Semi-Furnished,,,Apartment,Resale,Ready to Move,2026-08-22,Mumbai,Mulund West,Redwood Apartments,,Mulund West,,,,,,,Bachelors/Family,2026-08-21 10:41:37+00:00,3BHK Multistorey Apartment for Resale in Redwood Apartments at Mulund West,19.1749536837097,72.943103519999,17.5,False,False,24691.35802469136,3,1.0,16.99356438831222,6.879355804460439,17.223121841269137
15 to 20 years,23500000.0,24582.0,3,2.0,,688.0,956.0,7.0,8.0,Unfurnished,,,Apartment,Resale,Ready to Move,2026-08-22,Mumbai,Chembur,Kohinoor Apartment,,Chembur,Visitor Parking,,,,,,Bachelors/Family,2026-08-21 06:36:38+00:00,3BHK Multistorey Apartment for Resale in Kohinoor Apartment at Chembur,19.0459181155422,72.8975231581492,17.5,False,False,34156.976744186046,3,0.0,16.972510979114386,6.5337888379333435,17.204493810368014
New Construction,25000000.0,15823.0,3,3.0,,1138.0,1580.0,11.0,11.0,Unfurnished,,,Apartment,Resale,Ready to Move,2026-08-21,Mumbai,Andheri East,Dreamax Vega,,Andheri East,"Jogging and Strolling Track,,,Service/Goods Lift,Visitor Parking,Intercom Facility,",,,,"NA|null,P51800004649|-1",,Bachelors/Family,2026-08-20 18:17:16+00:00,3BHK Multistorey Apartment for Resale in Dreamax Vega at Andheri East,19.1154908,72.8726952,0.0,False,False,21968.365553602813,4,0.0,17.034386382832476,7.037027614686276,17.064584727117307
10 to 15 years,22000000.0,17671.0,3,3.0,,896.0,1245.0,4.0,11.0,Unfurnished,,,Apartment,Resale,Ready to Move,2026-08-22,Mumbai,Andheri East,Vastu Labh,,Andheri East,,,,,,,Bachelors/Family,2026-08-21 08:31:41+00:00,3BHK Multistorey Apartment for Resale in Vastu Labh at Andheri East,19.1154908,72.8726952,12.5,False,False,24553.571428571428,3,0.0,16.90655301132259,6.79794041297493,17.064584727117307
10 to 15 years,19500000.0,18056.0,3,3.0,,778.0,1080.0,4.0,8.0,Semi-Furnished,,,Apartment,Resale,Ready to Move,2026-08-22,Mumbai,Kandivali West,N G Garden,,Kandivali West,,,,,,,Bachelors/Family,2026-08-21 09:05:01+00:00,3BHK Multistorey Apartment for Resale in N G Garden at Kandivali West,19.2101312179652,72.8305011930765,12.5,False,False,25064.26735218509,3,1.0,16.785925023533974,6.656726524178391,16.88809240469397
New Construction,25000000.0,20542.0,3,3.0,,876.0,1217.0,2.0,42.0,Unfurnished,,,Apartment,Resale,Ready to Move,2026-08-21,Mumbai,Dahisar East,N Rose Northern Heights,,Dahisar East,"Jogging and Strolling Track,",,,,"NA|null,P51700007900|12/2020",,Bachelors/Family,2026-08-21 05:55:13+00:00,3BHK Multistorey Apartment for Resale in N Rose Northern Heights at Dahisar East,19.2530390003417,72.8684258373265,0.0,False,False,28538.812785388127,3,0.0,17.034386382832476,6.775366090936392,16.84692436301283
New Construction,23500000.0,19013.0,3,2.0,,890.0,1236.0,9.0,43.0,Semi-Furnished,,,Apartment,Resale,Ready to Move,2026-08-22,Mumbai,Mulund West,Wadhwa Atmoshphere,,Mulund West,"Air Conditioned,Jogging and Strolling Track,,Internet/Wi-Fi Connectivity,RO Water System,Visitor Parking,Intercom Facility,Conference Room,",,,,"NA|null,P51800001243|-1",,Bachelors/Family,2026-08-21 07:20:19+00:00,3BHK Multistorey Apartment for Resale in Wadhwa Atmoshphere at Mulund West,19.1749536837097,72.943103519999,0.0,False,False,26404.494382022473,3,1.0,16.972510979114386,6.7912214627261855,17.223121841269137
Less than 5 years,21000000.0,16154.0,3,2.0,,936.0,1300.0,4.0,9.0,Semi-Furnished,,,Apartment,Resale,Ready to Move,2026-08-22,Mumbai,Mulund East,Takshashila Apartment,,Mulund East,"Air Conditioned,Banquet Hall,,Visitor Parking,Intercom Facility,Conference Room,,",,,,"NA|null,P52900014542|-1",,Bachelors/Family,2026-08-21 06:50:21+00:00,3BHK Multistorey Apartment for Resale in Takshashila Apartment at Mulund East,19.1531029501285,72.9678051455382,3.0,False,False,22435.897435897437,3,1.0,16.860032995687696,6.841615476477592,16.86695469044897
10 to 15 years,23500000.0,19106.0,3,3.0,,886.0,1230.0,7.0,7.0,Furnished,,,Apartment,Resale,Ready to Move,2026-08-21,Mumbai,Mulund West,Aakruti Abich Apartment,,Mulund West,,,,,,,Bachelors/Family,2026-08-21 04:56:19+00:00,3BHK Multistorey Apartment for Resale in Aakruti Abich Apartment at Mulund West,19.1749536837097,72.943103519999,12.5,False,False,26523.70203160271,4,2.0,16.972510979114386,6.786716950605081,17.223121841269137
15 to 20 years,23500000.0,19106.0,3,3.0,,886.0,1230.0,7.0,7.0,Furnished,,,Apartment,Resale,Ready to Move,2026-08-21,Mumbai,Tambe Nagar,Aakruti Abich Apartment,,Tambe Nagar,,,,,,,Bachelors/Family,2026-08-21 04:56:12+00:00,3BHK Multistorey Apartment for Resale in Aakruti Abich Apartment at Tambe Nagar,19.1805503799405,72.9562796743222,17.5,False,False,26523.70203160271,4,2.0,16.972510979114386,6.786716950605081,16.972510979114386
Less than 5 years,22000000.0,22000.0,3,3.0,,720.0,1000.0,5.0,8.0,Semi-Furnished,,,Apartment,Resale,Ready to Move,2026-08-21,Mumbai,Mulund West,Silver Oaks Apartment,,Mulund West,,,,,,,Bachelors/Family,2026-08-21 04:58:38+00:00,3BHK Multistorey Apartment for Resale in Silver Oaks Apartment at Mulund West,19.1749536837097,72.943103519999,3.0,False,False,30555.555555555555,4,1.0,16.90655301132259,6.579251212010101,17.223121841269137
15 to 20 years,23500000.0,18217.0,3,3.0,,929.0,1290.0,3.0,7.0,Semi-Furnished,,,Apartment,Resale,Ready to Move,2026-08-21,Mumbai,Mulund West,Silver Oaks Apartment,,Mulund West,,,,,,,Bachelors/Family,2026-08-21 04:58:33+00:00,3BHK Multistorey Apartment for Resale in Silver Oaks Apartment at Mulund West,19.1749536837097,72.943103519999,17.5,False,False,25296.017222820235,4,1.0,16.972510979114386,6.834108738813838,17.223121841269137
10 to 15 years,22000000.0,16296.0,3,3.0,,972.0,1350.0,1.0,25.0,Unfurnished,,,Apartment,Resale,Ready to Move,2026-08-21,Mumbai,Mulund West,KJ Takshashila,,Mulund West,"Banquet Hall,,Service/Goods Lift,Visitor Parking,",,,,,,Bachelors/Family,2026-08-21 04:57:43+00:00,3BHK Multistorey Apartment for Resale in KJ Takshashila at Mulund West,19.1749536837097,72.943103519999,12.5,False,False,22633.744855967077,4,0.0,16.90655301132259,6.879355804460439,17.223121841269137
Less than 5 years,22500000.0,14331.0,3,3.0,,1130.0,1570.0,16.0,33.0,Furnished,,,Apartment,Resale,Ready to Move,2026-08-22,Mumbai,Dahisar East,Heaven plaza,,Dahisar East,"Laundry Service,Visitor Parking,",,,,"NA|null,P51700007936|06/2000",,Bachelors/Family,2026-08-21 06:41:57+00:00,3BHK Multistorey Apartment for Resale in Heaven plaza at Dahisar East,19.2530390003417,72.8684258373265,3.0,False,False,19911.504424778763,3,2.0,16.929025867174648,7.029972911706386,16.84692436301283
15 to 20 years,18500000.0,17619.0,3,3.0,,756.0,1050.0,7.0,7.0,Unfurnished,,,Apartment,Resale,Ready to Move,2026-08-21,Mumbai,Ghatkopar East,Gemini Apartment,,Ghatkopar East,,,,,,,Bachelors/Family,2026-08-21 04:26:58+00:00,3BHK Multistorey Apartment for Resale in Gemini Apartment at Ghatkopar East,19.07907,72.907976,17.5,False,False,24470.899470899472,4,0.0,16.733281290048552,6.628041376179533,17.19392251305016
Less than 5 years,20000000.0,13333.0,3,2.0,,1080.0,1500.0,10.0,12.0,Unfurnished,,,Apartment,Resale,Ready to Move,2026-08-21,Mumbai,Marol Maroshi Road,,,Marol Maroshi Road,,,,,,,Bachelors/Family,2026-08-21 04:09:23+00:00,3BHK Multistorey Apartment for Resale in Marol Maroshi Road,19.1169232198219,72.880025218135,3.0,False,False,18518.51851851852,4,0.0,16.811242831518264,6.984716320118266,16.811242831518264
New Construction,22500000.0,15517.0,3,3.0,,1044.0,1450.0,7.0,23.0,Furnished,,,Apartment,Resale,Ready to Move,2026-08-21,Mumbai,Mulund West,Ashwa Platinum,,Mulund West,"RO Water System,Service/Goods Lift,Visitor Parking,Intercom Facility",,,,"NA|null,P51700001143|-1,P51800005636|-1",,Bachelors/Family,2026-08-20 18:30:53+00:00,3BHK Multistorey Apartment for Resale in Ashwa Platinum at Mulund West,19.1749536837097,72.943103519999,0.0,False,False,21551.724137931036,4,2.0,16.929025867174648,6.950814768442584,17.223121841269137
5 to 10 years,19400000.0,15144.0,3,3.0,,922.0,1281.0,10.0,17.0,Semi-Furnished,,,Apartment,Resale,Ready to Move,2026-08-21,Mumbai,Bhandup West,Chheda Heights,,Bhandup West,,,,,,,Bachelors/Family,2026-08-21 04:15:37+00:00,3BHK Multistorey Apartment for Resale in Chheda Heights at Bhandup West,19.149901,72.931134,7.5,False,False,21041.214750542298,4,1.0,16.780783624033557,6.826545223556594,16.367255675821816
15 to 20 years,24500000.0,18015.0,3,3.0,,979.0,1360.0,3.0,7.0,Furnished,,,Apartment,Resale,Ready to Move,2026-08-21,Mumbai,Malad West,Abrol house,,Malad West,"Bar/Lounge,Service/Goods Lift,Visitor Parking,",,,,,,Bachelors/Family,2026-08-20 15:34:04+00:00,3BHK Multistorey Apartment for Resale in Abrol house at Malad West,19.1940346300819,72.8257561606587,17.5,False,False,25025.536261491317,4,2.0,17.014183675514957,6.88653164253051,16.726961842869137
Less than 5 years,25000000.0,24438.0,3,3.0,,737.0,1023.0,8.0,24.0,Semi-Furnished,,,Apartment,Resale,Ready to Move,2026-08-20,Mumbai,Goregaon East,Lalani Grandeur,,Goregaon East,"Banquet Hall,Jogging and Strolling Track,Service/Goods Lift,Earth quake resistant,Visitor Parking,Intercom Facility,",,,,,,Bachelors/Family,2026-08-20 13:21:45+00:00,3BHK Multistorey Apartment for Resale in Lalani Grandeur at Goregaon East,19.1562110822264,72.8758090633208,3.0,False,False,33921.30257801899,4,1.0,17.034386382832476,6.602587892189336,17.204116971054173
New Construction,33000000.0,33000.0,3,3.0,,954.0,1000.0,6.0,9.0,Unfurnished,East,Main Road,Apartment,Resale,Ready to Move,2026-08-24,Mumbai,Kandivali West,,Nr Kandivali Swimming Pool.,Kandivali West,,Water Availability 24 Hours Available,No/Rare Powercut,Vitrified,,Co-operative Society,Bachelors/Family,2026-08-24 08:06:30+00:00,3BHK Multistorey Apartment for Resale in Kandivali West,19.2101312179652,72.8305011930765,0.0,False,False,34591.19496855346,0,0.0,17.312018119430753,6.860663671448287,16.88809240469397
5 to 10 years,35000000.0,31818.0,3,2.0,,930.0,1100.0,5.0,13.0,Semi-Furnished,East,"Garden/Park, Main Road",Apartment,Resale,Ready to Move,2026-08-24,Mumbai,Ghatkopar West,Skyline Oasis ,Don Bosco Institute of Technology,Ghatkopar West,"Central AC ,3 Tier Security System,Air Conditioned,All wooden flooring,AC in each room ,Internet/Wi-Fi Connectivity,RO Water System,Visitor Parking,Intercom Facility",Water Availability 24 Hours Available,No/Rare Powercut,"Vitrified,Marble,Granite",,Freehold,Bachelors/Family,2026-08-23 23:31:41+00:00,3BHK Multistorey Apartment for Resale in Skyline Oasis  at Ghatkopar West,19.0908063,72.9076669,7.5,False,False,37634.408602150535,1,1.0,17.37085861945369,6.835184586147301,17.48912003066651
New Construction,26500000.0,27895.0,3,3.0,,890.0,950.0,7.0,11.0,Semi-Furnished,North - East,Garden/Park,Apartment,Resale,Ready to Move,2026-08-24,Mumbai,Saint Pius Colony,,Mahakavi Kalidas Natyamandir,Saint Pius Colony,"Air Conditioned,Jogging and Strolling Track,Internet/Wi-Fi Connectivity,RO Water System,Visitor Parking,Intercom Facility",Water Availability 24 Hours Available,No/Rare Powercut,"Vitrified,Marble,Granite",,Co-operative Society,Bachelors/Family,2026-08-23 23:37:25+00:00,3BHK Multistorey Apartment for Resale in Saint Pius Colony,19.16834545,72.94703707,0.0,False,False,29775.280898876405,1,1.0,17.09265529095645,6.7912214627261855,17.09265529095645
New Construction,33000000.0,18966.0,3,3.0,3,1100.0,1740.0,34.0,36.0,Furnished,North - East,"Garden/Park, Main Road",Apartment,Resale,Ready to Move,2026-08-23,Mumbai,Mulund,Runwal Greens,Next Fortis Hospital,Mulund,"Bar/Lounge,Air Conditioned,Banquet Hall,Jogging and Strolling Track,Outdoor Tennis Courts,Laundry Service,Internet/Wi-Fi Connectivity,RO Water System,Service/Goods Lift,Visitor Parking,Intercom Facility,Conference Room",Water Availability 24 Hours Available,No/Rare Powercut,"Wooden,Marbonite","NA|null,P51800000271|12/2019",Freehold,Bachelors/Family,2026-08-23 05:35:05+00:00,3BHK Multistorey Apartment for Resale in Runwal Greens at Mulund,19.1650004119132,72.9640308142804,0.0,False,False,30000.0,2,2.0,17.312018119430753,7.003065458786462,17.584261153834913
,31500000.0,29275.0,3,3.0,,,1076.0,7.0,40.0,Unfurnished,,,Apartment,Resale,Under Construction,2026-08-23,Mumbai,Kandivali East,SD Aquila at Sarova,,Kandivali East,,,,,"NA|null,P51800032647|-1",,Bachelors/Family,2026-08-23 05:35:44+00:00,3BHK Multistorey Apartment for Resale in SD Aquila at Sarova at Kandivali East,19.2050017,72.8692711,,False,False,,2,0.0,17.26549810379586,,17.422295377931313
New Construction,26000000.0,29817.0,3,3.0,,628.0,872.0,4.0,17.0,Unfurnished,,,Apartment,Resale,Ready to Move,2026-08-22,Mumbai,Borivali West,Prasham Vishal 2,,Borivali West,Intercom Facility,,,,"NA|null,P51800016704|-1",,Bachelors/Family,2026-08-21 20:01:55+00:00,3BHK Multistorey Apartment for Resale in Prasham Vishal 2 at Borivali West,19.2335321,72.839198,0.0,False,False,41401.27388535032,3,0.0,17.073607095985757,6.4425401664681985,17.24410940087686
Less than 5 years,27500000.0,19643.0,3,3.0,,1008.0,1400.0,12.0,15.0,Furnished,,,Apartment,Resale,Ready to Move,2026-08-22,Mumbai,,,,,,,,,,,Bachelors/Family,2026-08-21 19:58:08+00:00,3BHK Multistorey Apartment for Resale in ,,,3.0,False,False,27281.74603174603,3,2.0,17.1296965626368,6.915723448631314,
15 to 20 years,35000000.0,28226.0,3,2.0,3,850.0,1240.0,7.0,15.0,Semi-Furnished,North - East,Garden/Park,Apartment,Resale,Ready to Move,2026-08-22,Mumbai,Poonam Nagar Jogeshwari East,Kalpataru Estate,"Full fledged Takshila Market walking distance with grocery, vegetable, fruits, clothes, shoes, salons and other shops plus restaurants. Society main gate opens on JVLR and WEH is merely 7-8 minutes away. Oberoi International School right opposite the Society. Metro and flyover coming up on JVLR. Close to Holy Spirit Hospital.",Poonam Nagar Jogeshwari East,"Banquet Hall,Jogging and Strolling Track,Outdoor Tennis Courts,Conference Room",,,Vitrified,,Co-operative Society,Bachelors/Family,2026-08-21 23:31:15+00:00,3BHK Multistorey Apartment for Resale in Kalpataru Estate at Poonam Nagar Jogeshwari East,19.13692,72.86769,17.5,False,False,41176.470588235294,3,1.0,17.37085861945369,6.745236349484363,17.37085861945369
5 to 10 years,26500000.0,25359.0,3,2.0,,752.0,1045.0,14.0,21.0,Furnished,,,Apartment,Resale,Ready to Move,2026-08-22,Mumbai,Borivali West,Krishraj Tower,,Borivali West,,,,,,,Bachelors/Family,2026-08-21 13:45:59+00:00,3BHK Multistorey Apartment for Resale in Krishraj Tower at Borivali West,19.2335321,72.839198,7.5,False,False,35239.36170212766,3,2.0,17.09265529095645,6.62273632394984,17.24410940087686
Less than 5 years,35000000.0,26677.0,3,3.0,,945.0,1312.0,7.0,7.0,Semi-Furnished,,,Apartment,Resale,Ready to Move,2026-08-22,Mumbai,Borivali West,Casa Castello,,Borivali West,,,,,,,Bachelors/Family,2026-08-21 14:35:02+00:00,3BHK Multistorey Apartment for Resale in Casa Castello at Borivali West,19.2335321,72.839198,3.0,False,False,37037.03703703704,3,1.0,17.37085861945369,6.851184927493743,17.24410940087686
Less than 5 years,28000000.0,38251.0,3,2.0,,527.0,732.0,3.0,8.0,Unfurnished,,,Apartment,Resale,Ready to Move,2026-08-22,Mumbai,Vile Parle East,Udayanjali,,Vile Parle East,,,,,"NA|null,P51800004917|-1",,Bachelors/Family,2026-08-21 15:47:39+00:00,3BHK Multistorey Apartment for Resale in Udayanjali at Vile Parle East,19.10046297,72.84924449,3.0,False,False,53130.929791271345,3,0.0,17.14771506813948,6.267200548541362,17.028947819081466
Above 20 years,26500000.0,26500.0,3,2.0,,720.0,1000.0,0.0,2.0,Unfurnished,,,Apartment,Resale,Ready to Move,2026-08-22,Mumbai,Sion,Jain Society,,Sion,,,,,,,Bachelors/Family,2026-08-21 14:41:30+00:00,3BHK Multistorey Apartment for Resale in Jain Society at Sion,19.0446433751251,72.8709840746083,25.0,False,False,36805.555555555555,3,0.0,17.09265529095645,6.579251212010101,17.326245959933924
New Construction,30000000.0,25000.0,3,3.0,,864.0,1200.0,5.0,11.0,Unfurnished,,,Apartment,Resale,Ready to Move,2026-08-22,Mumbai,Santacruz East,DGS Sheetal Amar Geta,,Santacruz East,,,,,,,Bachelors/Family,2026-08-21 15:03:57+00:00,3BHK Multistorey Apartment for Resale in DGS Sheetal Amar Geta at Santacruz East,19.0799983,72.8545019,0.0,False,False,34722.22222222222,3,0.0,17.216707939626428,6.761572768804055,17.09743793355776
15 to 20 years,33500000.0,24815.0,3,3.0,,972.0,1350.0,10.0,13.0,Furnished,,,Apartment,Resale,Ready to Move,2026-08-22,Mumbai,Ghatkopar West,Skyline Oasis ,,Ghatkopar West,,,,,,,Bachelors/Family,2026-08-21 16:56:07+00:00,3BHK Multistorey Apartment for Resale in Skyline Oasis  at Ghatkopar West,19.0908063,72.9076669,17.5,False,False,34465.02057613169,3,2.0,17.327055996795295,6.879355804460439,17.48912003066651
5 to 10 years,29000000.0,30526.0,3,3.0,,684.0,950.0,21.0,22.0,Semi-Furnished,,,Apartment,Resale,Ready to Move,2026-08-22,Mumbai,Andheri West,Shiv Shivam ,,Andheri West,,,,,,,Bachelors/Family,2026-08-21 10:52:26+00:00,3BHK Multistorey Apartment for Resale in Shiv Shivam  at Andheri West,19.1373697481266,72.8257229439874,7.5,False,False,42397.66081871345,3,1.0,17.182806387950748,6.52795791762255,17.52659843548851
10 to 15 years,26000000.0,19403.0,3,2.0,1,930.0,1340.0,6.0,13.0,Semi-Furnished,North - East,Garden/Park,Apartment,Resale,Ready to Move,2026-08-19,Mumbai,Upper Govind Nagar,Boulevard 15,Shree Shani Mahatma temple,Upper Govind Nagar,"Air Conditioned,Internet/Wi-Fi Connectivity,Intercom Facility",Water Availability 24 Hours Available,No/Rare Powercut,Ceramic Tiles,,Freehold,Bachelors/Family,2026-08-18 23:41:07+00:00,3BHK Multistorey Apartment for Resale in Boulevard 15 at Upper Govind Nagar,19.1762768410761,72.854752956029,12.5,False,False,27956.989247311827,6,1.0,17.073607095985757,6.835184586147301,16.86116549900312
New Construction,32500000.0,27083.0,3,2.0,1,1100.0,1200.0,7.0,7.0,Semi-Furnished,,"Garden/Park, Main Road",Apartment,Resale,Ready to Move,2026-08-19,Mumbai,Versova,Express Apartment,mandir masjid,Versova Andheri West,,,,,,Freehold,Bachelors/Family,2026-08-19 15:33:09+00:00,3BHK Multistorey Apartment for Resale in Express Apartment at Versova Andheri West,19.13844,72.812187,0.0,False,False,29545.454545454544,5,1.0,17.296750647299966,7.003065458786462,17.296750647299966
Less than 5 years,27500000.0,19573.0,3,3.0,,852.0,1405.0,7.0,18.0,Semi-Furnished,East,"Garden/Park, Main Road",Apartment,Resale,Ready to Move,2026-08-19,Mumbai,Chincholi Bunder,Advent Palazzo,Near Malad HP petrol Pump,Chincholi Bunder,"Fireplace,Health club with Steam / Jaccuzi,Laundry Service,RO Water System",Water Availability 24 Hours Available,No/Rare Powercut,"Vitrified,Wooden","NA|null,P51800002649|06/2018",Freehold,Bachelors/Family,2026-08-18 23:38:27+00:00,3BHK Multistorey Apartment for Resale in Advent Palazzo at Chincholi Bunder,19.17957831,72.83839457,3.0,False,False,32276.99530516432,6,1.0,17.1296965626368,6.747586526829315,17.76806738958327
5 to 10 years,27000000.0,24545.0,3,3.0,1,800.0,1100.0,6.0,7.0,Semi-Furnished,,Main Road,Apartment,Resale,Ready to Move,2026-08-21,Mumbai,Kandivali East,Aangan CHS,Opp to thakur college.,Kandivali East,"Air Conditioned,Outdoor Tennis Courts,Laundry Service,Internet/Wi-Fi Connectivity,Intercom Facility",Water Availability 24 Hours Available,,Vitrified,,Freehold,Bachelors/Family,2026-08-21 07:46:08+00:00,3BHK Multistorey Apartment for Resale in Aangan CHS at Kandivali East,19.2050017,72.8692711,7.5,False,False,33750.0,3,1.0,17.111347423968603,6.684611727667927,17.422295377931313
,28000000.0,25455.0,3,3.0,,792.0,1100.0,19.0,43.0,,,,Apartment,Resale,Under Construction,2026-08-22,Mumbai,Goregaon West,Sahajanand Arista,,Goregaon West,"Air Conditioned,Banquet Hall,Service/Goods Lift,Visitor Parking,Intercom Facility,",,,,"NA|null,P51800003375|12/2021",,Bachelors/Family,2026-08-21 09:03:33+00:00,3BHK Multistorey Apartment for Resale in Sahajanand Arista at Goregaon West,19.1630920855215,72.8398088005091,,False,False,35353.53535353536,3,,17.14771506813948,6.674561391814426,17.72656282560243
New Construction,27500000.0,15714.0,3,4.0,,1260.0,1750.0,10.0,16.0,Unfurnished,,,Apartment,Resale,Ready to Move,2026-08-22,Mumbai,Ghatkopar East,Daga Sofrance,,Ghatkopar East,,,,,"NA|null,P51800006959|05/2006,P51800007146|02/2001",,Bachelors/Family,2026-08-21 15:16:36+00:00,3BHK Multistorey Apartment for Resale in Daga Sofrance at Ghatkopar East,19.07907,72.907976,0.0,False,False,21825.396825396827,3,0.0,17.1296965626368,7.138866999945524,17.19392251305016
5 to 10 years,26000000.0,16883.0,3,2.0,,1109.0,1540.0,14.0,16.0,Furnished,,,Apartment,Resale,Ready to Move,2026-08-21,Mumbai,Andheri West,Pramukh Heights,,Andheri West,,,,,,,Bachelors/Family,2026-08-20 17:44:34+00:00,3BHK Multistorey Apartment for Resale in Pramukh Heights at Andheri West,19.1373697481266,72.8257229439874,7.5,False,False,23444.54463480613,4,2.0,17.073607095985757,7.011213987350367,17.52659843548851
Less than 5 years,33000000.0,30000.0,3,3.0,,792.0,1100.0,16.0,30.0,Furnished,,,Apartment,Resale,Ready to Move,2026-08-21,Mumbai,Andheri West,Metropolis Tower,,Andheri West,"Bar/Lounge,,,,Visitor Parking,Intercom Facility,Conference Room,",,,,,,Bachelors/Family,2026-08-20 17:40:59+00:00,3BHK Multistorey Apartment for Resale in Metropolis Tower at Andheri West,19.1373697481266,72.8257229439874,3.0,False,False,41666.666666666664,4,2.0,17.312018119430753,6.674561391814426,17.52659843548851
5 to 10 years,32500000.0,18056.0,3,3.0,,1296.0,1800.0,3.0,14.0,Furnished,,,Apartment,Resale,Ready to Move,2026-08-21,Mumbai,Mulund West,Marathon Maxima,,Mulund West,,,,,,,Bachelors/Family,2026-08-20 17:27:18+00:00,3BHK Multistorey Apartment for Resale in Marathon Maxima at Mulund West,19.1749536837097,72.943103519999,7.5,False,False,25077.16049382716,4,2.0,17.296750647299966,7.16703787691222,17.223121841269137
10 to 15 years,32000000.0,26016.0,3,3.0,,886.0,1230.0,3.0,11.0,Semi-Furnished,,,Apartment,Resale,Ready to Move,2026-08-21,Mumbai,Andheri East,Joy Valencia,,Andheri East,"Internet/Wi-Fi Connectivity,Visitor Parking,Intercom Facility,",,,,,,Bachelors/Family,2026-08-20 17:57:25+00:00,3BHK Multistorey Apartment for Resale in Joy Valencia at Andheri East,19.1154908,72.8726952,12.5,False,False,36117.38148984199,4,1.0,17.281246460764002,6.786716950605081,17.064584727117307
Less than 5 years,26000000.0,17568.0,3,3.0,,1066.0,1480.0,5.0,39.0,Unfurnished,,,Apartment,Resale,Ready to Move,2026-08-21,Mumbai,Mulund West,AAP Tirumala Habitats,,Mulund West,"Bar/Lounge,Fingerprint Access,Grand Entrance lobby,,Large Clubhouse ,,,,,,,,,,Air Conditioned,Banquet Hall,Jogging and Strolling Track,Outdoor Tennis Courts,,,,,Internet/Wi-Fi Connectivity,RO Water System,Service/Goods Lift,Visitor Parking,Intercom Facility,Conference Room,,",,,,"NA|null,P51800004278|06/2019",,Bachelors/Family,2026-08-20 17:51:15+00:00,3BHK Multistorey Apartment for Resale in AAP Tirumala Habitats at Mulund West,19.1749536837097,72.943103519999,3.0,False,False,24390.243902439026,4,0.0,17.073607095985757,6.97166860472579,17.223121841269137
Less than 5 years,32500000.0,27426.0,3,3.0,,853.0,1185.0,4.0,12.0,Furnished,,,Apartment,Resale,Ready to Move,2026-08-21,Mumbai,Powai,Bombay Sahil Exotica,,Powai,"Service/Goods Lift,",,,," P51800003978|06/2019,NA|null",,Bachelors/Family,2026-08-20 17:19:26+00:00,3BHK Multistorey Apartment for Resale in Bombay Sahil Exotica at Powai,19.1196773,72.9050809,3.0,False,False,38100.82063305979,4,2.0,17.296750647299966,6.748759547491679,17.080894141792264
Less than 5 years,28500000.0,18874.0,3,3.0,,1087.0,1510.0,16.0,39.0,Unfurnished,,,Apartment,Resale,Ready to Move,2026-08-21,Mumbai,Mulund West,AAP Tirumala Habitats,,Mulund West,"Bar/Lounge,Fingerprint Access,Grand Entrance lobby,,Large Clubhouse ,,,,,,,,,,Air Conditioned,Banquet Hall,Jogging and Strolling Track,Outdoor Tennis Courts,,,,,Internet/Wi-Fi Connectivity,RO Water System,Service/Goods Lift,Visitor Parking,Intercom Facility,Conference Room,,",,,,"NA|null,P51800004278|06/2019",,Bachelors/Family,2026-08-20 17:51:56+00:00,3BHK Multistorey Apartment for Resale in AAP Tirumala Habitats at Mulund West,19.1749536837097,72.943103519999,3.0,False,False,26218.951241950323,4,0.0,17.16541464523888,6.99117688712121,17.223121841269137
5 to 10 years,49000000.0,,3,3.0,,1060.0,,17.0,20.0,Semi-Furnished,South,Main Road,Apartment,Resale,Ready to Move,2026-08-24,Mumbai,Dadar East,Pashmina Serene,"Raja Shivaji Vidyalaya, Near Five Gardens Matunga, Near Dadar East Railway Station",Dadar East,"RO Water System,Intercom Facility",,,,,Co-operative Society,Bachelors/Family,2026-08-24 10:47:14+00:00,3BHK Multistorey Apartment for Resale in Pashmina Serene at Dadar East,19.0135792007831,72.8448295038214,7.5,False,False,46226.41509433962,0,1.0,17.7073308560749,6.966024187106113,17.770550032182708
5 to 10 years,42500000.0,25449.0,3,3.0,3,1244.0,1670.0,38.0,55.0,Semi-Furnished,East,Main Road,Apartment,Resale,Ready to Move,2026-08-23,Mumbai,Western Express Highway,Omkar Alta Monte,"Western Express Highway ,Oberoi Mall, Vibgyor High School.",Western Express Highway,"Concierge Services,Bar/Lounge,Fingerprint Access,Health club with Steam / Jaccuzi,Air Conditioned,Banquet Hall,Jogging and Strolling Track,Outdoor Tennis Courts,Conference Room,Downtown",Water Availability 24 Hours Available,No/Rare Powercut,"Marble,Vitrified,Wooden","NA|null,P51800010463|-1",Freehold,Bachelors/Family,2026-08-23 04:34:44+00:00,3BHK Multistorey Apartment for Resale in Omkar Alta Monte at Western Express Highway,19.15517,72.85705,7.5,False,False,34163.98713826366,2,1.0,17.565014633894645,7.126087273299125,17.565014633894645
Above 20 years,42500000.0,25000.0,3,3.0,,,1700.0,3.0,15.0,Semi-Furnished,,,Apartment,Resale,Ready to Move,2026-08-24,Mumbai,Andheri West,Indra Darshan Apartment,,Andheri West,,,,,,Co-operative Society,Bachelors/Family,2026-08-23 23:33:54+00:00,3BHK Multistorey Apartment for Resale in Indra Darshan Apartment at Andheri West,19.1373697481266,72.8257229439874,25.0,False,False,,1,1.0,17.565014633894645,,17.52659843548851
5 to 10 years,39500000.0,26333.0,3,3.0,,970.0,1500.0,6.0,8.0,Semi-Furnished,East,"Garden/Park, Main Road",Apartment,Resale,Ready to Move,2026-08-24,Mumbai,Koladongri,Gokul Crescent,Regency Hotel,Koldongri Andheri East,"Air Conditioned,Internet/Wi-Fi Connectivity,RO Water System,Visitor Parking,Intercom Facility",Water Availability 24 Hours Available,No/Rare Powercut,Vitrified,,Co-operative Society,Bachelors/Family,2026-08-23 23:41:21+00:00,3BHK Multistorey Apartment for Resale in Gokul Crescent at Koldongri Andheri East,19.1120237317343,72.850866925174,7.5,False,False,40721.64948453608,1,1.0,17.49181122987135,6.877296071497429,17.49181122987135
Above 20 years,50000000.0,38314.0,3,3.0,2,,1305.0,,,Unfurnished,South -West,Garden/Park,Residential House,Resale,Ready to Move,2026-08-24,Mumbai,New Mandala,,"Close to Navi Mumbai Airport, Metro Line, Local Railway and Freeway.",New Mandala,Wrap Around Balcony,Water Availability 24 Hours Available,No/Rare Powercut,Ceramic Tiles,,Freehold,Bachelors/Family,2026-08-23 23:37:54+00:00,3BHK Residential House for Resale in New Mandala,19.04020305,72.93094959,25.0,False,False,,1,0.0,17.72753356339242,,17.72753356339242
New Construction,37500000.0,22059.0,3,3.0,,,1700.0,39.0,40.0,Semi-Furnished,East,,Apartment,Resale,Ready to Move,2026-08-23,Mumbai,Malad West,Raj Infinia,"5 mins walk Dmart, Metro Station, Infinity Mall, Hospitals, Schools.",Malad West,"Water Front,Skyline View,Sea facing,Smart Home,Fireplace,Full Glass Wall,Health club with Steam / Jaccuzi,Banquet Hall,Jogging and Strolling Track,Internet/Wi-Fi Connectivity,RO Water System,Service/Goods Lift,Visitor Parking,Intercom Facility,Conference Room",Water Availability 24 Hours Available,No/Rare Powercut,Vitrified,"NA|null,P51800012243|12/2022",Co-operative Society,Bachelors/Family,2026-08-22 23:31:14+00:00,3BHK Multistorey Apartment for Resale in Raj Infinia at Malad West,19.1940346300819,72.8257561606587,0.0,False,False,,2,1.0,17.43985149094064,,16.726961842869137
5 to 10 years,45500000.0,26765.0,3,3.0,1,1005.0,1700.0,8.0,30.0,Unfurnished,North - East,Main Road,Apartment,Resale,Ready to Move,2026-08-24,Mumbai,Mulund West,Piramal Revanta,,Mulund West,"Smart Home,Fingerprint Access",Water Availability 24 Hours Available,No/Rare Powercut,Vitrified,"NA|null,P51800005983|03/2022,P51800014021|09/2022,P51800018099|11/2030,P51800031310|-1,P51800054164|11/2028",Freehold,Bachelors/Family,2026-08-23 23:49:10+00:00,3BHK Multistorey Apartment for Resale in Piramal Revanta at Mulund West,19.1749536837097,72.943103519999,7.5,False,False,45273.63184079602,1,0.0,17.633222883921178,6.912742820493176,17.223121841269137
New Construction,47500000.0,50532.0,3,3.0,,854.0,940.0,4.0,8.0,Unfurnished,East,,Apartment,New Property,Ready to Move,2026-08-22,Mumbai,Santacruz West,Lucrative Gateway Residential,,Santacruz West,,,,,"NA|null,P51800046773|-1",Freehold,Bachelors/Family,2026-08-21 08:52:28+00:00,3BHK Multistorey Apartment for New Property in Lucrative Gateway Residential at Santacruz West,19.0812559812257,72.8376604906028,0.0,False,False,55620.608899297426,3,0.0,17.676240269004868,6.74993119378857,17.876290531425422
,40000000.0,23613.0,3,3.0,,1220.0,1694.0,18.0,40.0,Unfurnished,,,Apartment,Resale,Under Construction,2026-08-22,Mumbai,Wadala,Godrej Horizon,,Wadala,"Pool with temperature control ,,Fingerprint Access,Grand Entrance lobby,Kids play area,3 Tier Security System,Large Clubhouse ,,Jogging and Strolling Track,,Earth quake resistant,Visitor Parking,Intercom Facility",,,,"NA|null,P51900034851|-1,P51900049757|-1",,Bachelors/Family,2026-08-21 20:01:26+00:00,3BHK Multistorey Apartment for Resale in Godrej Horizon at Wadala,19.012216203088,72.8604594318626,,False,False,32786.88524590164,3,0.0,17.50439001207821,7.106606137727303,17.462494324299676
Less than 5 years,36000000.0,20000.0,3,3.0,,1296.0,1800.0,2.0,15.0,Unfurnished,,,Apartment,Resale,Ready to Move,2026-08-22,Mumbai,Andheri West,Ozone The Gateway,,Andheri West,"Air Conditioned,Jogging and Strolling Track,Internet/Wi-Fi Connectivity,RO Water System,Earth quake resistant,Intercom Facility,Conference Room,",,,,"NA|null,P51800002922|03/2019",,Bachelors/Family,2026-08-21 15:06:15+00:00,3BHK Multistorey Apartment for Resale in Ozone The Gateway at Andheri West,19.1373697481266,72.8257229439874,3.0,False,False,27777.777777777777,3,0.0,17.399029496420383,7.16703787691222,17.52659843548851
Less than 5 years,49500000.0,53629.0,3,3.0,,665.0,923.0,8.0,13.0,Semi-Furnished,,,Apartment,Resale,Ready to Move,2026-08-22,Mumbai,Khar West,Samyakth Bliss,,Khar West,"Internet/Wi-Fi Connectivity,Visitor Parking,Intercom Facility,",,,,"NA|null,P51800008134|06/2023",,Bachelors/Family,2026-08-21 10:32:47+00:00,3BHK Multistorey Apartment for Resale in Samyakth Bliss at Khar West,19.0699335919407,72.8363080829478,3.0,False,False,74436.09022556391,3,1.0,17.717483227538917,6.499787040655854,18.10029841849183
New Construction,41100000.0,34250.0,3,3.0,,1111.0,1200.0,2.0,18.0,Semi-Furnished,East,"Garden/Park, Main Road",Apartment,Resale,Ready to Move,2026-08-19,Mumbai,Chembur,Tricity Natraj,Cubic Mall,Chembur,"Bar/Lounge,Air Conditioned,Banquet Hall,Internet/Wi-Fi Connectivity,RO Water System,Service/Goods Lift,Visitor Parking,Intercom Facility,Conference Room",,,"Vitrified,Marble,Granite","NA|null,P51800050160|-1",Freehold,Bachelors/Family,2026-08-18 23:32:30+00:00,3BHK Multistorey Apartment for Resale in Tricity Natraj at Chembur,19.0459181155422,72.8975231581492,0.0,False,False,36993.69936993699,6,1.0,17.531518679466462,7.01301578963963,17.204493810368014
10 to 15 years,42500000.0,23876.0,3,3.0,2,1300.0,1780.0,1.0,8.0,Semi-Furnished,East,Garden/Park,Apartment,Resale,Ready to Move,2026-08-19,Mumbai,Andheri East,Lodha Eternis,Seepz,Andheri East,"Air Conditioned,Jogging and Strolling Track,Internet/Wi-Fi Connectivity,RO Water System,Service/Goods Lift,Visitor Parking,Intercom Facility",,,,"NA|null,P51800000293|-1,P51800000294|-1,P51800000345|-1,P51800026509|-1",Co-operative Society,Bachelors/Family,2026-08-18 23:41:07+00:00,3BHK Multistorey Apartment for Resale in Lodha Eternis at Andheri East,19.1154908,72.8726952,12.5,False,False,32692.30769230769,6,1.0,17.565014633894645,7.170119543449628,17.064584727117307
Less than 5 years,38000000.0,22619.0,3,3.0,3,1250.0,1680.0,3.0,55.0,Semi-Furnished,South,"Garden/Park, Pool, Main Road",Apartment,Resale,Ready to Move,2026-08-21,Mumbai,Malad East,Omkar Alta Monte,,Malad East,"Air Conditioned,Banquet Hall,Jogging and Strolling Track,Outdoor Tennis Courts,Laundry Service,Internet/Wi-Fi Connectivity,Service/Goods Lift,Visitor Parking,Intercom Facility",,,,"NA|null,P51800010463|-1",Co-operative Society,Bachelors/Family,2026-08-20 17:43:54+00:00,3BHK Multistorey Apartment for Resale in Omkar Alta Monte at Malad East,19.1848724519187,72.8629697025013,3.0,False,False,30400.0,4,1.0,17.45309671769066,7.1308988302963465,16.8963646152373
Above 20 years,37500000.0,26786.0,3,3.0,3,1098.0,1400.0,2.0,7.0,Furnished,East,Main Road,Apartment,Resale,Ready to Move,2026-08-20,Mumbai,Marve,,Garden Court Restaurant,Marve,"Air Conditioned,Jogging and Strolling Track,Private Garage,Internet/Wi-Fi Connectivity,RO Water System,Visitor Parking,Intercom Facility",Water Availability 24 Hours Available,No/Rare Powercut,"Ceramic Tiles,Marble",,Freehold,Bachelors/Family,2026-08-20 08:51:14+00:00,3BHK Multistorey Apartment for Resale in Marve,19.19174,72.79862,25.0,False,False,34153.00546448088,4,2.0,17.43985149094064,7.001245622069476,17.43985149094064
Less than 5 years,45000000.0,30000.0,3,2.0,,1080.0,1500.0,4.0,4.0,Furnished,,,Apartment,Resale,Ready to Move,2026-08-21,Mumbai,Juhu,North Bombay,,Juhu,,,,,,,Bachelors/Family,2026-08-20 16:26:40+00:00,3BHK Multistorey Apartment for Resale in North Bombay at Juhu,19.098267753993,72.8335140160125,3.0,False,False,41666.666666666664,4,2.0,17.622173047734595,6.984716320118266,18.303285651459202
10 to 15 years,37500000.0,22727.0,3,3.0,,1188.0,1650.0,13.0,16.0,Furnished,,,Apartment,Resale,Ready to Move,2026-08-21,Mumbai,Mulund West,Vikas Paradise,,Mulund West,"Banquet Hall,RO Water System,Intercom Facility,",,,,,,Bachelors/Family,2026-08-20 18:17:51+00:00,3BHK Multistorey Apartment for Resale in Vikas Paradise at Mulund West,19.1749536837097,72.943103519999,12.5,False,False,31565.656565656565,4,2.0,17.43985149094064,7.080026499922591,17.223121841269137
Less than 5 years,37500000.0,37388.0,3,3.0,,722.0,1003.0,11.0,21.0,Semi-Furnished,,,Apartment,Resale,Ready to Move,2026-08-21,Mumbai,Kandivali East,Raheja Reflection Eternity,,Kandivali East,"Jogging and Strolling Track,Internet/Wi-Fi Connectivity,Visitor Parking,Intercom Facility,",,,,,,Bachelors/Family,2026-08-20 17:42:44+00:00,3BHK Multistorey Apartment for Resale in Raheja Reflection Eternity at Kandivali East,19.2050017,72.8692711,3.0,False,False,51939.05817174515,4,1.0,17.43985149094064,6.582025138892826,17.422295377931313
Less than 5 years,36100000.0,21682.0,3,3.0,,1199.0,1665.0,1.0,21.0,Furnished,,,Apartment,Resale,Ready to Move,2026-08-21,Mumbai,Borivali West,Ajmera Pristine,,Borivali West,"Air Conditioned,Internet/Wi-Fi Connectivity,RO Water System,Service/Goods Lift,Intercom Facility",,,,,,Bachelors/Family,2026-08-20 17:20:44+00:00,3BHK Multistorey Apartment for Resale in Ajmera Pristine at Borivali West,19.2335321,72.839198,3.0,False,False,30108.42368640534,4,2.0,17.40180342330311,7.089243155027514,17.24410940087686
5 to 10 years,43000000.0,23889.0,3,3.0,,1296.0,1800.0,18.0,19.0,Furnished,,,Apartment,Resale,Ready to Move,2026-08-21,Mumbai,Borivali East,Rivali Park,,Borivali East,"Water Front,Skyline View,Sea facing,Smart Home,Skydeck,Private jaccuzi,Island Kitchen Layout,Concierge Services,Fireplace,Wine Cellar,Private pool ,Full Glass Wall,Bar/Lounge,Fingerprint Access,Golf Course,House help accommodation,,,,,Air Conditioned,Banquet Hall,Jogging and Strolling Track,Outdoor Tennis Courts,Private Garage,Laundry Service,,,,Internet/Wi-Fi Connectivity,RO Water System,Service/Goods Lift,Earth quake resistant,Visitor Parking,Intercom Facility,Conference Room,Downtown",,,,"NA|null,P51800002287|12/2018,P51800003067|12/2019",,Bachelors/Family,2026-08-20 13:52:11+00:00,3BHK Multistorey Apartment for Resale in Rivali Park at Borivali East,19.2272619069866,72.8634397272398,7.5,False,False,33179.01234567901,4,2.0,17.576710673657836,7.16703787691222,17.562034381620705
,35000000.0,40793.0,3,3.0,,618.0,858.0,25.0,36.0,Unfurnished,,,Apartment,Resale,Under Construction,2026-08-22,Mumbai,Andheri West,Transcon Triumph,,Andheri West,"Skyline View,Sea facing,Smart Home,Skydeck,Island Kitchen Layout,Fireplace,Theme based Architectures,Sky Villa,Fingerprint Access,Grand Entrance lobby,Health club with Steam / Jaccuzi,,Air Conditioned,Banquet Hall,Jogging and Strolling Track,Outdoor Tennis Courts,,,Internet/Wi-Fi Connectivity,RO Water System,Service/Goods Lift,Visitor Parking,Intercom Facility,Conference Room,Downtown",,,,"NA|null,P51800005361|12/2021",,Bachelors/Family,2026-08-21 09:26:21+00:00,3BHK Multistorey Apartment for Resale in Transcon Triumph at Andheri West,19.1373697481266,72.8257229439874,,False,False,56634.30420711974,3,0.0,17.37085861945369,6.42648845745769,17.52659843548851
5 to 10 years,45000000.0,22500.0,3,3.0,,1440.0,2000.0,18.0,20.0,Unfurnished,,,Apartment,Resale,Ready to Move,2026-08-22,Mumbai,,,,,,,,,,,Bachelors/Family,2026-08-21 09:26:10+00:00,3BHK Multistorey Apartment for Resale in ,,,7.5,False,False,31250.0,3,0.0,17.622173047734595,7.272398392570047,
Less than 5 years,35000000.0,35000.0,3,3.0,,720.0,1000.0,7.0,7.0,Furnished,,,Apartment,Resale,Ready to Move,2026-08-22,Mumbai,Sewri,Veena Beena,,Sewri,,,,,,,Bachelors/Family,2026-08-21 08:48:00+00:00,3BHK Multistorey Apartment for Resale in Veena Beena at Sewri,18.9920224182449,72.8537565266891,3.0,False,False,48611.11111111111,3,2.0,17.37085861945369,6.579251212010101,17.39184339973837
Less than 5 years,35000000.0,30702.0,3,2.0,,821.0,1140.0,7.0,7.0,Furnished,,,Apartment,Resale,Ready to Move,2026-08-22,Mumbai,Chembur,Diamond Garden,,Chembur,"Air Conditioned,Banquet Hall,Jogging and Strolling Track,Laundry Service,Internet/Wi-Fi Connectivity,RO Water System,Service/Goods Lift,Visitor Parking,Intercom Facility,",,,,,,Bachelors/Family,2026-08-21 08:27:00+00:00,3BHK Multistorey Apartment for Resale in Diamond Garden at Chembur,19.0459181155422,72.8975231581492,3.0,False,False,42630.93788063338,3,2.0,17.37085861945369,6.710523109452428,17.204493810368014
10 to 15 years,37500000.0,20270.0,3,3.0,,1332.0,1850.0,7.0,7.0,Semi-Furnished,,,Apartment,Resale,Ready to Move,2026-08-22,Mumbai,Chembur,Diamond Garden,,Chembur,"Air Conditioned,Banquet Hall,Jogging and Strolling Track,Laundry Service,Internet/Wi-Fi Connectivity,RO Water System,Service/Goods Lift,Visitor Parking,Intercom Facility,",,,,,,Bachelors/Family,2026-08-21 08:26:55+00:00,3BHK Multistorey Apartment for Resale in Diamond Garden at Chembur,19.0459181155422,72.8975231581492,12.5,False,False,28153.153153153155,3,1.0,17.43985149094064,7.194436851100335,17.204493810368014
15 to 20 years,39500000.0,27935.0,3,3.0,5,1062.0,1414.0,1.0,15.0,Semi-Furnished,East,"Garden/Park, Main Road",Apartment,Resale,Ready to Move,2026-08-21,Mumbai,Ghatkopar West,Runwal Orchard Residency,R City Mall,Ghatkopar West,"Wrap Around Balcony,Theme based Architectures,Fingerprint Access,Health club with Steam / Jaccuzi,Central AC ,3 Tier Security System,Air Conditioned,All wooden flooring,Banquet Hall,Jogging and Strolling Track,Outdoor Tennis Courts,AC in each room ,Laundry Service,Internet/Wi-Fi Connectivity,RO Water System,Service/Goods Lift,Visitor Parking,Intercom Facility",Water Availability 24 Hours Available,No/Rare Powercut,"Vitrified,Marble,Granite",,Freehold,Bachelors/Family,2026-08-20 23:35:52+00:00,3BHK Multistorey Apartment for Resale in Runwal Orchard Residency at Ghatkopar West,19.0908063,72.9076669,17.5,False,False,37193.9736346516,4,1.0,17.49181122987135,6.967909201801884,17.48912003066651
Less than 5 years,37500000.0,20833.0,3,3.0,,1296.0,1800.0,6.0,22.0,Furnished,,,Apartment,Resale,Ready to Move,2026-08-21,Mumbai,Borivali West,Amann Solitaire,,Borivali West,"Visitor Parking,",,,,,,Bachelors/Family,2026-08-21 04:17:40+00:00,3BHK Multistorey Apartment for Resale in Amann Solitaire at Borivali West,19.2335321,72.839198,3.0,False,False,28935.185185185186,4,2.0,17.43985149094064,7.16703787691222,17.24410940087686
5 to 10 years,62500000.0,29467.0,3,3.0,1,1133.0,2121.0,,,Semi-Furnished,East,"Pool, Main Road",Apartment,Resale,Ready to Move,2026-08-24,Mumbai,Borivali East,Oberoi Sky City,near maga Thane borivali East mumbai,Borivali East,"Bar/Lounge,Air Conditioned,Banquet Hall,Jogging and Strolling Track,Outdoor Tennis Courts,Laundry Service,Internet/Wi-Fi Connectivity,RO Water System,Service/Goods Lift,Visitor Parking,Intercom Facility,Conference Room",Water Availability 24 Hours Available,No/Rare Powercut,"Wooden,Marble","NA|null,P51800003582|12/2022,P51800018404|12/2023,P51800028419|-1,P51800047575|-1,PR1180002502390|-1",Freehold,Bachelors/Family,2026-08-24 03:05:50+00:00,3BHK Multistorey Apartment for Resale in Oberoi Sky City at Borivali East,19.2272619069866,72.8634397272398,7.5,False,False,55163.28331862312,1,1.0,17.95067711470663,7.0326242610280065,17.562034381620705
15 to 20 years,60000000.0,54545.0,3,3.0,,1000.0,1100.0,7.0,20.0,Furnished,North,Main Road,Apartment,Resale,Ready to Move,2026-08-24,Mumbai,Grant Road,,,Grant Road,,,,,,Freehold,Bachelors/Family,2026-08-24 10:44:18+00:00,3BHK Multistorey Apartment for Resale in Grant Road,18.9619875122216,72.8175575207679,17.5,False,False,60000.0,0,2.0,17.909855120186375,6.907755278982137,17.766014083960485
,50300000.0,45727.0,3,3.0,,,1100.0,3.0,5.0,Unfurnished,,,Apartment,Resale,,2026-08-23,Mumbai,Godrej Colony,,,Godrej Colony,,,,,,,Bachelors/Family,2026-08-23 12:14:29+00:00,3BHK Multistorey Apartment for Resale in Godrej Colony,19.10776,72.92949,,False,False,,1,0.0,17.733515635069967,,17.733515635069967
,57500000.0,49913.0,3,3.0,,,1152.0,3.0,5.0,Unfurnished,,,Apartment,Resale,Ready to Move,2026-08-23,Mumbai,,Shreeji Krupa,,Gulmohar Road,,,,,"NA|null,P51800003649|02/2001",,Bachelors/Family,2026-08-23 12:16:35+00:00,3BHK Multistorey Apartment for Resale in Shreeji Krupa at Gulmohar Road,19.10894024,72.83692149,,False,False,,1,0.0,17.86729550576758,,
,53999400.0,38571.0,3,3.0,,1008.0,1400.0,17.0,18.0,Unfurnished,,,Apartment,Resale,Under Construction,2026-08-22,Mumbai,Matunga East,Devi Sadan Apartment,,Matunga East,,,,,,,Bachelors/Family,2026-08-21 19:38:47+00:00,3BHK Multistorey Apartment for Resale in Devi Sadan Apartment at Matunga East,19.0277771413147,72.8560635075251,,False,False,53570.833333333336,3,0.0,17.804483493355708,6.915723448631314,17.84257011283503
Less than 5 years,60000000.0,41667.0,3,3.0,,1037.0,1440.0,3.0,16.0,Furnished,,,Apartment,Resale,Ready to Move,2026-08-22,Mumbai,JVPD Scheme,Birla KDI Juhu Ankur,,JVPD Scheme,"Grand Entrance lobby,Internet/Wi-Fi Connectivity,,",,,,"NA|null,P51800004899|-1",,Bachelors/Family,2026-08-21 15:41:17+00:00,3BHK Multistorey Apartment for Resale in Birla KDI Juhu Ankur at JVPD Scheme,19.108097,72.832259,3.0,False,False,57859.20925747348,3,2.0,17.909855120186375,6.9440872082295275,17.909855120186375
15 to 20 years,60000000.0,40816.0,3,3.0,,998.0,1470.0,7.0,20.0,Furnished,West,"Garden/Park, Main Road",Apartment,Resale,Ready to Move,2026-08-18,Mumbai,Grant Road West,Ackruti Aditya,Bhatia Hospital,Grant Road West,"House help accommodation,Central AC ,3 Tier Security System,Air Conditioned,All wooden flooring,Private Garage,AC in each room ,Internet/Wi-Fi Connectivity,RO Water System,Visitor Parking,Intercom Facility,Downtown",Water Availability 24 Hours Available,No/Rare Powercut,"Vitrified,Marble,Granite",,Leasehold,Bachelors/Family,2026-08-17 23:31:13+00:00,3BHK Multistorey Apartment for Resale in Ackruti Aditya at Grant Road West,18.96401953,72.81560903,17.5,False,False,60120.240480961926,7,2.0,17.909855120186375,6.905753276311464,17.909855120186375
,64000000.0,48706.0,3,3.0,1,1314.0,1314.0,21.0,66.0,Unfurnished,North - West,,Apartment,Resale,Under Construction,2026-08-18,Mumbai,Dattapada,Oberoi Sky City,Quoted price does not include applicable GST and stamp duty.,Dattapada,"Hilltop,Health club with Steam / Jaccuzi,Air Conditioned,Jogging and Strolling Track,Outdoor Tennis Courts,Internet/Wi-Fi Connectivity,Visitor Parking,Intercom Facility,Conference Room",,,,"NA|null,P51800003582|12/2022,P51800018404|12/2023,P51800028419|-1,P51800047575|-1,PR1180002502390|-1",Freehold,Bachelors/Family,2026-08-18 06:13:23+00:00,3BHK Multistorey Apartment for Resale in Oberoi Sky City at Dattapada,19.2224292956989,72.8591617598146,,False,False,48706.2404870624,6,0.0,17.974393641323946,7.1808311990445555,17.974393641323946
5 to 10 years,75000000.0,34851.0,3,4.0,,1549.0,2152.0,13.0,32.0,Furnished,,,Apartment,Resale,Ready to Move,2026-08-21,Mumbai,Worli,Zahra Tower,,Worli,"Laundry Service,Visitor Parking",,,,,,Bachelors/Family,2026-08-20 16:39:17+00:00,3BHK Multistorey Apartment for Resale in Zahra Tower at Worli,19.0036486667054,72.8175254882335,7.5,False,False,48418.33440929632,4,2.0,18.132998671500584,7.3453648404168685,18.25306630158134
5 to 10 years,75000000.0,32609.0,3,4.0,,1656.0,2300.0,16.0,16.0,Semi-Furnished,,,Apartment,Resale,Ready to Move,2026-08-21,Mumbai,Sindhu Nagar,Lodha Aria,,Sindhu Nagar,Jogging and Strolling Track,,,,,,Bachelors/Family,2026-08-20 15:54:36+00:00,3BHK Multistorey Apartment for Resale in Lodha Aria at Sindhu Nagar,18.99737,72.84765,7.5,False,False,45289.85507246377,4,1.0,18.132998671500584,7.412160334945205,18.132998671500584
10 to 15 years,52500000.0,43750.0,3,3.0,,864.0,1200.0,1.0,11.0,Furnished,,,Apartment,Resale,Ready to Move,2026-08-22,Mumbai,Juhu,,,Juhu,,,,,,,Bachelors/Family,2026-08-21 07:09:58+00:00,3BHK Multistorey Apartment for Resale in Juhu,19.098267753993,72.8335140160125,12.5,False,False,60763.88888888889,3,2.0,17.776323727561852,6.761572768804055,18.303285651459202
10 to 15 years,62500000.0,39185.0,3,3.0,,1148.0,1595.0,8.0,22.0,Semi-Furnished,,,Apartment,Resale,Ready to Move,2026-08-21,Mumbai,Powai,,,Powai,,,,,,,Bachelors/Family,2026-08-20 17:31:30+00:00,3BHK Multistorey Apartment for Resale in Powai,19.1196773,72.9050809,12.5,False,False,54442.50871080139,4,1.0,17.95067711470663,7.045776576879511,17.080894141792264
5 to 10 years,62500000.0,34722.0,3,3.0,,1296.0,1800.0,12.0,14.0,Furnished,,,Apartment,Resale,Ready to Move,2026-08-21,Mumbai,Powai,Bhagtani Krishaang,,Powai,"Visitor Parking,Intercom Facility,",,,,"NA|null,P51800005295|04/2017,P51800012276|10/2018",,Bachelors/Family,2026-08-20 14:43:09+00:00,3BHK Multistorey Apartment for Resale in Bhagtani Krishaang at Powai,19.1196773,72.9050809,7.5,False,False,48225.30864197531,4,2.0,17.95067711470663,7.16703787691222,17.080894141792264
Less than 5 years,55000000.0,32353.0,3,4.0,,1224.0,1700.0,10.0,21.0,Unfurnished,,,Apartment,Resale,Ready to Move,2026-08-22,Mumbai,Chembur,Satyam Springs,,Chembur,"Air Conditioned,Banquet Hall,Jogging and Strolling Track,,,,Visitor Parking,Intercom Facility,",,,,,,Bachelors/Family,2026-08-21 07:50:28+00:00,3BHK Multistorey Apartment for Resale in Satyam Springs at Chembur,19.0459181155422,72.8975231581492,3.0,False,False,44934.640522875816,3,0.0,17.822843743196746,7.1098794630722715,17.204493810368014
10 to 15 years,60000000.0,58252.0,3,3.0,,742.0,1030.0,4.0,22.0,Furnished,,,Apartment,Resale,Ready to Move,2026-08-22,Mumbai,Mahim West,Matoshree Pearl,,Mahim West,"Laundry Service,Visitor Parking,",,,,,,Bachelors/Family,2026-08-21 07:17:32+00:00,3BHK Multistorey Apartment for Resale in Matoshree Pearl at Mahim West,19.0383794616621,72.8398930483562,12.5,False,False,80862.53369272237,3,2.0,17.909855120186375,6.60934924316738,17.56120215784331
New Construction,58500000.0,43333.0,3,4.0,,972.0,1350.0,25.0,40.0,Unfurnished,,,Apartment,Resale,Ready to Move,2026-08-22,Mumbai,,Sheth Beaumonte,,Sion East,"Smart Home,Health club with Steam / Jaccuzi,,,,Air Conditioned,Banquet Hall,Jogging and Strolling Track,Laundry Service,,RO Water System,Service/Goods Lift,Visitor Parking,Conference Room",,,,"NA|null,P51900008720|-1,P51900015342|-1,P51900050715|12/2027",,Bachelors/Family,2026-08-21 08:22:11+00:00,3BHK Multistorey Apartment for Resale in Sheth Beaumonte at Sion East,19.0406208013187,72.8695165321764,0.0,False,False,60185.18518518518,3,0.0,17.884537312202085,6.879355804460439,
Less than 5 years,59999999.0,30000.0,3,3.0,,1440.0,2000.0,23.0,31.0,Furnished,,,Apartment,Resale,Ready to Move,2026-08-21,Mumbai,Matunga West,Sheerji Heights,,Matunga West,,,,,,,Bachelors/Family,2026-08-21 04:53:49+00:00,3BHK Multistorey Apartment for Resale in Sheerji Heights at Matunga West,19.0288217353274,72.8440906063583,3.0,False,False,41666.665972222225,4,2.0,17.909855103519707,7.272398392570047,17.5942010176288
5 to 10 years,52500000.0,34539.0,3,3.0,,1094.0,1520.0,8.0,15.0,Furnished,,,Apartment,Resale,Ready to Move,2026-08-21,Mumbai,Ghatkopar East,Shiv Shakti Heights,,Ghatkopar East,"Visitor Parking,",,,,,,Bachelors/Family,2026-08-21 04:27:32+00:00,3BHK Multistorey Apartment for Resale in Shiv Shakti Heights at Ghatkopar East,19.07907,72.907976,7.5,False,False,47989.031078610606,4,2.0,17.776323727561852,6.9975959829819265,17.19392251305016
Above 20 years,75000000.0,53191.0,3,3.0,,1015.0,1410.0,4.0,13.0,Furnished,,,Apartment,Resale,Ready to Move,2026-08-21,Mumbai,Cuffe Parade,Ameeta Apartments,,Cuffe Parade,,,,,,,Bachelors/Family,2026-08-21 04:21:12+00:00,3BHK Multistorey Apartment for Resale in Ameeta Apartments at Cuffe Parade,18.9146859411536,72.8196960395871,25.0,False,False,73891.62561576355,4,2.0,18.132998671500584,6.922643891475888,18.1971508039911
Less than 5 years,55000000.0,45833.0,3,3.0,,864.0,1200.0,1.0,8.0,Semi-Furnished,,,Apartment,Resale,Ready to Move,2026-08-21,Mumbai,Bandra West,Premalaya Apartment,,Bandra West,,,,,,,Bachelors/Family,2026-08-21 04:14:22+00:00,3BHK Multistorey Apartment for Resale in Premalaya Apartment at Bandra West,19.055229,72.830829,3.0,False,False,63657.40740740741,4,1.0,17.822843743196746,6.761572768804055,17.63488085620438
Less than 5 years,60000000.0,49587.0,3,3.0,,871.0,1210.0,26.0,29.0,Furnished,,,Apartment,Resale,Ready to Move,2026-08-21,Mumbai,Andheri West,Adani Western Heights,,Andheri West,"Bar/Lounge,,,,,,,,,,,Air Conditioned,Banquet Hall,Jogging and Strolling Track,Outdoor Tennis Courts,,,,Laundry Service,,,,,Internet/Wi-Fi Connectivity,RO Water System,Service/Goods Lift,Visitor Parking,Intercom Facility,Conference Room,,",,,,"NA|null,P51800001290|-1,P51800002219|-1",,Bachelors/Family,2026-08-20 18:36:46+00:00,3BHK Multistorey Apartment for Resale in Adani Western Heights at Andheri West,19.1373697481266,72.8257229439874,3.0,False,False,68886.33754305396,4,2.0,17.909855120186375,6.769641976852503,17.52659843548851
5 to 10 years,55000000.0,32353.0,3,3.0,,1224.0,1700.0,5.0,10.0,Furnished,,,Apartment,Resale,Ready to Move,2026-08-21,Mumbai,Santacruz West,Lido Towers,,Santacruz West,"Internet/Wi-Fi Connectivity,Visitor Parking,",,,,,,Bachelors/Family,2026-08-20 18:15:45+00:00,3BHK Multistorey Apartment for Resale in Lido Towers at Santacruz West,19.0812559812257,72.8376604906028,7.5,False,False,44934.640522875816,4,2.0,17.822843743196746,7.1098794630722715,17.876290531425422
Above 20 years,53000000.0,35333.0,3,2.0,,1080.0,1500.0,5.0,7.0,Unfurnished,,,Apartment,Resale,Ready to Move,2026-08-21,Mumbai,Santacruz West,Blue Sea,,Santacruz West,,,,,,,Bachelors/Family,2026-08-21 05:08:32+00:00,3BHK Multistorey Apartment for Resale in Blue Sea at Santacruz West,19.0812559812257,72.8376604906028,25.0,False,False,49074.07407407407,4,0.0,17.785802471516394,6.984716320118266,17.876290531425422
10 to 15 years,65000000.0,36031.0,3,3.0,,1299.0,1804.0,21.0,36.0,Semi-Furnished,,,Apartment,Resale,Ready to Move,2026-08-21,Mumbai,Lower Parel,Marathon Nextgen Icon,,Lower Parel,,,,,,,Bachelors/Family,2026-08-20 18:22:57+00:00,3BHK Multistorey Apartment for Resale in Marathon Nextgen Icon at Lower Parel,18.9982431278398,72.8270305579981,12.5,False,False,50038.491147036184,4,1.0,17.98989782785991,7.1693500166706,18.34377448266777
Less than 5 years,65000000.0,59091.0,3,3.0,,792.0,1100.0,5.0,20.0,Unfurnished,,,Apartment,Resale,Ready to Move,2026-08-21,Mumbai,Bandra East,Jade Gardens,,Bandra East,"Internet/Wi-Fi Connectivity,Intercom Facility",,,,,,Bachelors/Family,2026-08-20 14:25:39+00:00,3BHK Multistorey Apartment for Resale in Jade Gardens at Bandra East,19.062055421515,72.8541362644682,3.0,False,False,82070.70707070707,4,0.0,17.98989782785991,6.674561391814426,17.765795881767904
Less than 5 years,54000000.0,30000.0,3,3.0,,1296.0,1800.0,4.0,6.0,Semi-Furnished,,,Apartment,Resale,Ready to Move,2026-08-21,Mumbai,Santacruz West,Bhagtani Pearl One,,Santacruz West,"Visitor Parking,",,,,,,Bachelors/Family,2026-08-20 14:57:36+00:00,3BHK Multistorey Apartment for Resale in Bhagtani Pearl One at Santacruz West,19.0812559812257,72.8376604906028,3.0,False,False,41666.666666666664,4,1.0,17.80449460452855,7.16703787691222,17.876290531425422
Less than 5 years,50000000.0,45455.0,3,2.0,,792.0,1100.0,13.0,35.0,Semi-Furnished,,,Apartment,Resale,Ready to Move,2026-08-20,Mumbai,Andheri West,Oberoi Springs,,Andheri West,"Sea facing,Smart Home,Wrap Around Balcony,Concierge Services,Fireplace,Full Glass Wall,Bar/Lounge,Fingerprint Access,Health club with Steam / Jaccuzi,House help accommodation,,,Air Conditioned,Banquet Hall,Jogging and Strolling Track,Outdoor Tennis Courts,Laundry Service,,,Internet/Wi-Fi Connectivity,RO Water System,Service/Goods Lift,Visitor Parking,Intercom Facility,Conference Room,Downtown,",,,,,,Bachelors/Family,2026-08-20 12:56:24+00:00,3BHK Multistorey Apartment for Resale in Oberoi Springs at Andheri West,19.1373697481266,72.8257229439874,3.0,False,False,63131.31313131313,4,1.0,17.72753356339242,6.674561391814426,17.52659843548851
Less than 5 years,62000000.0,40470.0,3,3.0,1,1132.0,1532.0,49.0,61.0,Unfurnished,East,"Garden/Park, Main Road",Apartment,Resale,Ready to Move,2026-08-23,Mumbai,Borivali East,Oberoi Sky City,Nearby Western Express Highway.,Borivali East,"Theme based Architectures,Bar/Lounge,Air Conditioned,Banquet Hall,Jogging and Strolling Track,Outdoor Tennis Courts,Laundry Service,Internet/Wi-Fi Connectivity,RO Water System,Service/Goods Lift,Visitor Parking,Intercom Facility,Conference Room",Water Availability 24 Hours Available,No/Rare Powercut,Vitrified,"NA|null,P51800003582|12/2022,P51800018404|12/2023,P51800028419|-1,P51800047575|-1,PR1180002502390|-1",Freehold,Bachelors/Family,2026-08-23 08:44:12+00:00,3BHK Multistorey Apartment for Resale in Oberoi Sky City at Borivali East,19.2272619069866,72.8634397272398,3.0,False,False,54770.31802120141,1,0.0,17.942644943009366,7.0317412587631285,17.562034381620705
,58828940.0,55499.0,3,3.0,1,1060.0,1060.0,4.0,8.0,Unfurnished,East,,Apartment,New Property,Under Construction,2026-08-23,Mumbai,Bandra Reclamation,Inspira One,Western Express Highway  1 kmCoastal Road  1.5 kmsBandraWorli Sea L,Reclamation,"Water Front,Fireplace,Internet/Wi-Fi Connectivity,Service/Goods Lift",Water Availability 24 Hours Available,No/Rare Powercut,Marble,"NA|null,P51800079781|-1",Freehold,Bachelors/Family,2026-08-23 09:41:22+00:00,3BHK Multistorey Apartment for New Property in Inspira One at Reclamation,19.04901,72.83223,,False,False,55499.0,1,0.0,17.890144468660296,6.966024187106113,18.0206917675408
10 to 15 years,79900000.0,57071.0,3,3.0,1,1360.0,1400.0,17.0,20.0,Furnished,,,Apartment,Resale,Ready to Move,2026-08-23,Mumbai,Worli Naka,Ansal Heights,,Worli Naka,"Sea facing,Smart Home,Private pool ,Laundry Service,Internet/Wi-Fi Connectivity,Service/Goods Lift,Visitor Parking,Intercom Facility",Water Availability 24 Hours Available,No/Rare Powercut,"Ceramic Tiles,Marble",,Freehold,Bachelors/Family,2026-08-22 07:17:31+00:00,3BHK Multistorey Apartment for Resale in Ansal Heights at Worli Naka,18.9985560692086,72.8182936258445,12.5,False,False,58750.0,2,2.0,18.1962864107365,7.215239978730097,18.017005682955126
15 to 20 years,80000000.0,56140.0,3,3.0,1,925.0,1425.0,2.0,9.0,Unfurnished,North,,Apartment,Resale,Ready to Move,2026-08-24,Mumbai,Khar West,Ekta Eros ,good commercial building with lift,Khar West,Service/Goods Lift,,,,"NA|null,P51800001826|12/2019",Leasehold,Bachelors/Family,2026-08-24 10:22:00+00:00,3BHK Multistorey Apartment for Resale in Ekta Eros  at Khar West,19.0699335919407,72.8363080829478,17.5,False,False,86486.48648648648,0,0.0,18.197537192638155,6.829793737512425,18.10029841849183
New Construction,80000000.0,53333.0,3,3.0,1,1408.0,1500.0,53.0,64.0,Furnished,West,"Garden/Park, Pool, Main Road",Apartment,Resale,Ready to Move,2026-08-24,Mumbai,,Marathon Monte South,Byculla Railway Station,Byculla West,"Skyline View,Theme based Architectures,Air Conditioned,Jogging and Strolling Track,Outdoor Tennis Courts,Internet/Wi-Fi Connectivity,RO Water System,Visitor Parking,Intercom Facility",Water Availability 24 Hours Available,No/Rare Powercut,"Vitrified,Marble,Granite","NA|null,P51800001585|06/2023,P51800001681|06/2022,P51800001779|12/2021,P51800002818|06/2024,P51900001346|12/2023,P51900001936|12/2021,P51900033347|06/2026,P51900048944|06/2027,P51900049688|12/2027",Freehold,Bachelors/Family,2026-08-23 23:36:30+00:00,3BHK Multistorey Apartment for Resale in Marathon Monte South at Byculla West,18.9768508781065,72.8316043483232,0.0,False,False,56818.181818181816,1,2.0,18.197537192638155,7.249925536717988,
5 to 10 years,96500000.0,58485.0,3,3.0,,1410.0,1650.0,4.0,22.0,Furnished,North,Garden/Park,Apartment,Resale,Ready to Move,2026-08-24,Mumbai,Santacruz West,Palazzo Apartment,Subhash society,Santacruz West,"Air Conditioned,Internet/Wi-Fi Connectivity,RO Water System,Visitor Parking,Intercom Facility",Water Availability 24 Hours Available,No/Rare Powercut,Marble,,Freehold,Bachelors/Family,2026-08-23 23:47:43+00:00,3BHK Multistorey Apartment for Resale in Palazzo Apartment at Santacruz West,19.0812559812257,72.8376604906028,7.5,False,False,68439.71631205674,1,2.0,18.385053566309214,7.251344983372214,17.876290531425422
5 to 10 years,87500000.0,43750.0,3,4.0,,1401.0,2000.0,4.0,13.0,Semi-Furnished,South,Main Road,Apartment,Resale,Ready to Move,2026-08-24,Mumbai,Santacruz West,K L Mehrise,,Santacruz West,"Private pool ,Air Conditioned,Banquet Hall,Jogging and Strolling Track,Laundry Service,Service/Goods Lift",,,Marble,,Freehold,Bachelors/Family,2026-08-23 23:34:48+00:00,3BHK Multistorey Apartment for Resale in K L Mehrise at Santacruz West,19.0812559812257,72.8376604906028,7.5,False,False,62455.38900785153,1,1.0,18.287149351327844,7.244941546337007,17.876290531425422
,97000000.0,,3,4.0,2,1265.0,,18.0,19.0,Semi-Furnished,West,,Apartment,Resale,Under Construction,2026-08-24,Mumbai,Shivaji Park,Prathamesh Kapil Tirth,,Shivaji Park,,Water Availability 24 Hours Available,No/Rare Powercut,Vitrified,"NA|null,P51900050770|06/2024",Freehold,Bachelors/Family,2026-08-23 23:43:32+00:00,3BHK Multistorey Apartment for Resale in Prathamesh Kapil Tirth at Shivaji Park,19.0287954865428,72.838688734427,,False,False,76679.8418972332,1,1.0,18.390221536467656,7.142827401161621,17.73656438417685
5 to 10 years,88000000.0,41905.0,3,3.0,2,1800.0,2100.0,11.0,15.0,Furnished,East,"Garden/Park, Pool",Apartment,Resale,Ready to Move,2026-08-24,Mumbai,Andheri West,,DN Nagar Metro Station,Andheri West,"Private Garden,Bar/Lounge,Kids play area,Health club with Steam / Jaccuzi,3 Tier Security System,,Air Conditioned,Banquet Hall,Jogging and Strolling Track,Outdoor Tennis Courts,AC in each room ,Laundry Service,Internet/Wi-Fi Connectivity,RO Water System,Service/Goods Lift,Visitor Parking,Intercom Facility,Conference Room",,,Marble,,Freehold,Bachelors/Family,2026-08-23 23:43:15+00:00,3BHK Multistorey Apartment for Resale in Andheri West,19.1373697481266,72.8257229439874,7.5,False,False,48888.88888888889,1,2.0,18.29284737244248,7.495541943884256,17.52659843548851
Less than 5 years,90000000.0,69659.0,3,3.0,,930.0,1292.0,11.0,16.0,Furnished,,,Apartment,Resale,Ready to Move,2026-08-22,Mumbai,Santacruz West,64 Greens,,Santacruz West,"Bar/Lounge,Health club with Steam / Jaccuzi,Air Conditioned,Banquet Hall,Jogging and Strolling Track,Outdoor Tennis Courts,Laundry Service,RO Water System,Service/Goods Lift,Visitor Parking,Intercom Facility,Conference Room",,,,"NA|null,P51800002079|06/2019",,Bachelors/Family,2026-08-21 12:06:01+00:00,3BHK Multistorey Apartment for Resale in 64 Greens at Santacruz West,19.0812559812257,72.8376604906028,3.0,False,False,96774.19354838709,3,2.0,18.31532022829454,6.835184586147301,17.876290531425422
Less than 5 years,100000000.0,69979.0,3,2.0,,1029.0,1429.0,25.0,32.0,Furnished,,,Apartment,Resale,Ready to Move,2026-08-21,Mumbai,Mumbai Central,Kalpataru Heights,,Mumbai Central,"Laundry Service,Service/Goods Lift,Visitor Parking,",,,,,,Bachelors/Family,2026-08-21 04:59:37+00:00,3BHK Multistorey Apartment for Resale in Kalpataru Heights at Mumbai Central,18.9719357574575,72.8200902287046,3.0,False,False,97181.72983479105,4,2.0,18.420680743952367,6.9363427358340495,17.80457080371355
Less than 5 years,90000000.0,29032.0,3,3.0,,2232.0,3100.0,6.0,7.0,Furnished,,,Apartment,Resale,Ready to Move,2026-08-21,Mumbai,Khar West,Palatial Apartment,,Khar West,,,,,,,Bachelors/Family,2026-08-21 04:44:47+00:00,3BHK Multistorey Apartment for Resale in Palatial Apartment at Khar West,19.0699335919407,72.8363080829478,3.0,False,False,40322.58064516129,4,2.0,18.31532022829454,7.710653323501202,18.10029841849183
Less than 5 years,100000000.0,50327.0,3,3.0,4,1214.0,1987.0,37.0,82.0,Unfurnished,,,Apartment,Resale,Ready to Move,2026-08-20,Mumbai,Mahalakshmi,Lokhandwala Minerva,,Mahalakshmi,"Banquet Hall,Jogging and Strolling Track,Outdoor Tennis Courts,Laundry Service,Service/Goods Lift,Visitor Parking,Intercom Facility,Conference Room",Water Availability 24 Hours Available,No/Rare Powercut,,"NA|null,P51900008204|-1",Freehold,Bachelors/Family,2026-08-20 12:24:46+00:00,3BHK Multistorey Apartment for Resale in Lokhandwala Minerva at Mahalakshmi,18.9865617867147,72.8182867539311,3.0,False,False,82372.32289950577,4,0.0,18.420680743952367,7.101675971619444,18.60187312627558
15 to 20 years,85000000.0,40476.0,3,3.0,,1512.0,2100.0,8.0,13.0,Semi-Furnished,,,Apartment,Resale,Ready to Move,2026-08-21,Mumbai,Prabhadevi,El Dorado,,Prabhadevi,"Laundry Service,Conference Room",,,,,,Bachelors/Family,2026-08-21 05:04:49+00:00,3BHK Multistorey Apartment for Resale in El Dorado at Prabhadevi,19.0158585103406,72.8295254470428,17.5,False,False,56216.93121693122,4,1.0,18.258161814454592,7.321188556739478,18.662135145430923
5 to 10 years,82500000.0,37162.0,3,4.0,,1598.0,2220.0,31.0,45.0,Unfurnished,,,Apartment,Resale,Ready to Move,2026-08-20,Mumbai,Mahalakshmi,Planet Godrej,,Mahalakshmi,"Air Conditioned,Banquet Hall,Jogging and Strolling Track,Outdoor Tennis Courts,Laundry Service,Internet/Wi-Fi Connectivity,RO Water System,Service/Goods Lift,Visitor Parking,Intercom Facility,Conference Room,",,,,,,Bachelors/Family,2026-08-20 10:56:19+00:00,3BHK Multistorey Apartment for Resale in Planet Godrej at Mahalakshmi,18.9865617867147,72.8182867539311,7.5,False,False,51627.0337922403,4,0.0,18.22830885130491,7.37650812632622,18.60187312627558
Less than 5 years,100000000.0,47619.0,3,4.0,,1512.0,2100.0,16.0,19.0,Semi-Furnished,,,Apartment,Resale,Ready to Move,2026-08-20,Mumbai,Prabhadevi,Tanna Residency,,Prabhadevi,,,,,,,Bachelors/Family,2026-08-20 11:00:58+00:00,3BHK Multistorey Apartment for Resale in Tanna Residency at Prabhadevi,19.0158585103406,72.8295254470428,3.0,False,False,66137.56613756614,4,1.0,18.420680743952367,7.321188556739478,18.662135145430923
Less than 5 years,80000000.0,56140.0,3,3.0,1,925.0,1425.0,1.0,12.0,Semi-Furnished,West,"Pool, Main Road, Garden/Park",Apartment,Resale,Ready to Move,2026-08-23,Mumbai,Khar West,Ekta Eros ,,Khar West,,,,"Vitrified,Wooden,Ceramic Tiles,Normal Tiles/Kotah Stone,Granite,Marbonite","NA|null,P51800001826|12/2019",Freehold,Bachelors/Family,2026-08-23 08:51:19+00:00,3BHK Multistorey Apartment for Resale in Ekta Eros  at Khar West,19.0699335919407,72.8363080829478,3.0,False,False,86486.48648648648,1,1.0,18.197537192638155,6.829793737512425,18.10029841849183
New Construction,77500000.0,63786.0,3,3.0,1,1215.0,1215.0,11.0,11.0,Unfurnished,West,Main Road,Apartment,Resale,Ready to Move,2026-08-17,Mumbai,Santacruz West,Maheswar Shikar,Santacruz West Railway Station,Santacruz West,Visitor Parking,Water Availability 24 Hours Available,No/Rare Powercut,Vitrified,,Freehold,Bachelors/Family,2026-08-16 23:31:35+00:00,3BHK Multistorey Apartment for Resale in Maheswar Shikar at Santacruz West,19.0812559812257,72.8376604906028,0.0,False,False,63786.00823045267,8,0.0,18.165788494323575,7.102499355774649,17.876290531425422
5 to 10 years,85000000.0,60714.0,3,3.0,2,1100.0,1400.0,27.0,37.0,Semi-Furnished,East,"Garden/Park, Pool, Main Road",Apartment,Resale,Ready to Move,2026-08-23,Mumbai,Goregaon East,,Oberoi exit Oberoi builder good location good condition everything all amenities amenity stressing view Goregaon East janmdin available,Goregaon East,"Bar/Lounge,Air Conditioned,Banquet Hall,Jogging and Strolling Track,Outdoor Tennis Courts,Laundry Service,Internet/Wi-Fi Connectivity,RO Water System,Service/Goods Lift,Intercom Facility,Conference Room",Water Availability 24 Hours Available,No/Rare Powercut,Granite,,Freehold,Bachelors/Family,2026-08-23 07:30:09+00:00,3BHK Multistorey Apartment for Resale in Goregaon East,19.1562110822264,72.8758090633208,7.5,False,False,77272.72727272728,1,1.0,18.258161814454592,7.003065458786462,17.204116971054173
,78000000.0,,3,3.0,,1711.0,,,,Semi-Furnished,,,Apartment,New Property,Ready to Move,2026-04-27,Mumbai,Chembur,One Meraki,,Chembur,"Skyline View,Smart Home,Garden View,Health club with Steam / Jaccuzi,House help accommodation,Air Conditioned",Water Availability 24 Hours Available,No/Rare Powercut,,"NA|null,P51800011606|-1",,Bachelors/Family,2026-08-22 17:36:39+00:00,3BHK Multistorey Apartment for New Property in One Meraki at Chembur,19.0459181155422,72.8975231581492,,False,False,45587.37580362361,2,1.0,18.172219384653864,7.444833273892193,17.204493810368014
,77700000.0,,3,3.0,,1619.0,,,,Unfurnished,,,Apartment,New Property,Jun '27,2026-07-10,Mumbai,Vile Parle West,Avant Park West,,Vile Parle West,,Water Availability 24 Hours Available,No/Rare Powercut,,"NA|null,P51800053738|-1",,Bachelors/Family,2026-08-19 17:36:54+00:00,3BHK Multistorey Apartment for New Property in Avant Park West at Vile Parle West,19.1093928395446,72.8369701399986,,False,False,47992.58801729463,5,0.0,18.168365815337875,7.389563953677635,17.521191561909113
,86075000.0,,3,3.0,,1565.0,,,,Unfurnished,,,Apartment,New Property,Dec '27,2026-08-11,Mumbai,Byculla,Marathon Monte South,,Byculla,Skyline View,Water Availability 24 Hours Available,No/Rare Powercut,"Vitrified,Wooden,Marbonite","NA|null,P51800001585|06/2023,P51800001681|06/2022,P51800001779|12/2021,P51800002818|06/2024,P51900001346|12/2023,P51900001936|12/2021,P51900033347|06/2026,P51900048944|06/2027,P51900049688|12/2027",,Bachelors/Family,2026-08-12 17:37:06+00:00,3BHK Multistorey Apartment for New Property in Marathon Monte South at Byculla,18.9763051806034,72.8384452613639,,False,False,55000.0,12,0.0,18.270729567188862,7.355641102974253,17.557921818251476
,79300000.0,,3,5.0,,1483.0,,,,Unfurnished,,,Apartment,New Property,Oct '31,2026-04-28,Mumbai,Mahalakshmi,7 Mahalaxmi,,Mahalakshmi,Skyline View,Water Availability 24 Hours Available,No/Rare Powercut,Marble,"NA|null,P51900079270|-1,PR1170002400011|-1,PR1172022600440|-1",,Bachelors/Family,2026-08-23 17:37:17+00:00,3BHK Multistorey Apartment for New Property in 7 Mahalaxmi at Mahalakshmi,18.9865617867147,72.8182867539311,,False,False,53472.69049224545,1,0.0,18.188748686605077,7.301822342137932,18.60187312627558
New Construction,77998950.0,57777.0,3,3.0,,1254.0,1350.0,23.0,67.0,Unfurnished,East,Main Road,Apartment,New Property,Ready to Move,2026-08-23,Mumbai,Worli,Lodha Adrina,,Worli,"Sea facing,Theme based Architectures,Private pool ,Full Glass Wall,Golf Course,Banquet Hall,Jogging and Strolling Track,Laundry Service,Visitor Parking,Intercom Facility,Conference Room",Water Availability 24 Hours Available,No/Rare Powercut,Vitrified,"NA|null,P51900014937|07/2024",Freehold,Bachelors/Family,2026-08-22 23:45:18+00:00,3BHK Multistorey Apartment for New Property in Lodha Adrina at Worli,19.0036486667054,72.8175254882335,0.0,False,False,62200.11961722488,2,0.0,18.172205923024798,7.134093721192866,18.25306630158134
5 to 10 years,91100000.0,58774.0,3,4.0,,1348.0,1550.0,60.0,78.0,Unfurnished,West,"Garden/Park, Pool, Main Road",Apartment,Resale,Ready to Move,2026-08-23,Mumbai,Worli,Lodha Marquise,Pandurang Budhkar Marg Next to Shree Simandhar Swami Jain Temple,Worli,"Banquet Hall,Jogging and Strolling Track,Outdoor Tennis Courts",Water Availability 24 Hours Available,No/Rare Powercut,"Ceramic Tiles,Granite,Normal Tiles/Kotah Stone,Vitrified",,Freehold,Bachelors/Family,2026-08-22 23:45:19+00:00,3BHK Multistorey Apartment for Resale in Lodha Marquise at Worli,19.0036486667054,72.8175254882335,7.5,False,False,67581.60237388725,2,0.0,18.327468362230185,7.206377291472252,18.25306630158134
New Construction,85000000.0,57432.0,3,5.0,,,1480.0,27.0,29.0,Unfurnished,East,"Pool, Garden/Park, Main Road",Apartment,Resale,Ready to Move,2026-08-23,Mumbai,Bandra Kurla Complex,Adani Ten BKC ,,Bandra Kurla Complex,"Air Conditioned,Banquet Hall,Intercom Facility",,,,"NA|null,P51800004889|-1",Freehold,Bachelors/Family,2026-08-22 23:45:21+00:00,3BHK Multistorey Apartment for Resale in Adani Ten BKC  at Bandra Kurla Complex,19.0626802993452,72.8650539233055,0.0,False,False,,2,0.0,18.258161814454592,,16.270084432480974
5 to 10 years,75100000.0,34292.0,3,4.0,,1367.0,2190.0,22.0,50.0,Semi-Furnished,North,Garden/Park,Apartment,Resale,Ready to Move,2026-08-23,Mumbai,Goregaon East,Oberoi Esquire,"Nr. Oberoi Mall, Off Western Express Highway, Goregaon East, Mumbai",Goregaon East,"Water Front,Fireplace,Health club with Steam / Jaccuzi,House help accommodation,Air Conditioned,Banquet Hall,Jogging and Strolling Track,Outdoor Tennis Courts,Laundry Service,Internet/Wi-Fi Connectivity,RO Water System,Service/Goods Lift,Visitor Parking,Intercom Facility,Conference Room",Water Availability 24 Hours Available,No/Rare Powercut,Marble,"NA|null,P51800005229|06/2018",Freehold,Bachelors/Family,2026-08-22 23:45:21+00:00,3BHK Multistorey Apartment for Resale in Oberoi Esquire at Goregaon East,19.1562110822264,72.8758090633208,7.5,False,False,54937.820043891734,2,1.0,18.134331116734362,7.220373836723949,17.204116971054173
New Construction,95000000.0,,3,4.0,,1323.0,,,,Semi-Furnished,North - East,"Garden/Park, Pool",Apartment,Resale,Ready to Move,2026-08-24,Mumbai,Prabhadevi,Rustomjee Crown,"South Mumbai address with seamless connectivity to Worli, Dadar",Prabhadevi,"Water Front,Smart Home,Private pool ,Air Conditioned,Banquet Hall,Jogging and Strolling Track,Outdoor Tennis Courts,Internet/Wi-Fi Connectivity,Service/Goods Lift,Visitor Parking,Intercom Facility,Conference Room",Water Availability 24 Hours Available,No/Rare Powercut,Vitrified,"NA|null,P51900003268|05/2007,P51900006367|06/2001",Freehold,Bachelors/Family,2026-08-23 23:45:17+00:00,3BHK Multistorey Apartment for Resale in Rustomjee Crown at Prabhadevi,19.0158585103406,72.8295254470428,0.0,False,False,71806.50037792895,1,1.0,18.369387449564815,7.187657164114956,18.662135145430923
Less than 5 years,92000000.0,40245.0,3,4.0,1,1429.0,2286.0,19.0,22.0,Unfurnished,,,Apartment,New Property,Ready to Move,2026-08-23,Mumbai,Bandra East,,,Bandra East,,,,,,,Bachelors/Family,2026-08-22 23:45:21+00:00,3BHK Multistorey Apartment for New Property in Bandra East,19.062055421515,72.8541362644682,3.0,False,False,64380.68579426172,2,0.0,18.337299135013314,7.264730177929867,17.765795881767904
New Construction,105000000.0,72364.0,3,4.0,1,1450.0,1451.0,,,Semi-Furnished,East,"Garden/Park, Pool, Main Road",Apartment,New Property,Ready to Move,2026-08-24,Mumbai,Mahalakshmi,Piramal Mahalaxmi,Near Saath Rasta And Mahalaxmi Railway Station.,Mahalakshmi,"Town House,Water Front,Hilltop,Skyline View,Sea facing,Smart Home,Skydeck,Private jaccuzi,Fireplace,Theme based Architectures,Barbeque space,Walk-in closet,Private pool ,Helipad,Aesthetic Interior,Marble flooring,Art center,Pet park,Full Glass Wall,Sky Villa,Infinity Swimming Pool,Pool with temperature control ,,Bar/Lounge,Fingerprint Access,Bathtub,Garden View,Kids play area,Health club with Steam / Jaccuzi,Shopping center,Golf Course,Curated Garden,Cycling track,High Ceiling,Well Furnished,Modular Kitchen,Premium branded fittings,Central AC ,3 Tier Security System,Large Clubhouse ,,,Library,,,,,,,,,Air Conditioned,Banquet Hall,Jogging and Strolling Track,Mini Cinema Theatre,Located in the Heart of city,Large Open space,Guest lobby in each floor,,,,AC in each room ,,,,,Internet/Wi-Fi Connectivity,RO Water System,Earth quake resistant,Visitor Parking,Wheelchair Accessibility,Conference Room,Fire Sprinklers,Mansion,,",Water Availability 24 Hours Available,No/Rare Powercut,"Mosaic,Vitrified,Wooden,Ceramic Tiles,Marble,Normal Tiles/Kotah Stone,Granite,Marbonite","NA|null,P51900015854|12/2024,P51900016482|06/2025,P51900021057|-1",Freehold,Bachelors/Family,2026-08-24 05:08:51+00:00,3BHK Multistorey Apartment for New Property in Piramal Mahalaxmi at Mahalakshmi,18.9865617867147,72.8182867539311,0.0,False,False,72413.79310344828,1,1.0,18.469470908121796,7.27931883541462,18.60187312627558
10 to 15 years,104000000.0,41434.0,3,3.0,2,1350.0,2510.0,28.0,91.0,Unfurnished,East,Garden/Park,Apartment,Resale,Ready to Move,2026-08-24,Mumbai,Mahalakshmi,Lokhandwala Minerva,,Mahalakshmi,"Banquet Hall,Jogging and Strolling Track,Outdoor Tennis Courts,Laundry Service,Service/Goods Lift,Visitor Parking,Intercom Facility,Conference Room",Water Availability 24 Hours Available,No/Rare Powercut,Vitrified,"NA|null,P51900008204|-1",Freehold,Bachelors/Family,2026-08-23 23:49:11+00:00,3BHK Multistorey Apartment for Resale in Lokhandwala Minerva at Mahalakshmi,18.9865617867147,72.8182867539311,12.5,False,False,77037.03703703704,1,0.0,18.459901457105648,7.2078598714324755,18.60187312627558
Above 20 years,130000000.0,65000.0,3,3.0,,1440.0,2000.0,6.0,12.0,Furnished,,,Apartment,Resale,Ready to Move,2026-08-21,Mumbai,Juhu,Oberoi Beachwood House,,Juhu,"Air Conditioned,Internet/Wi-Fi Connectivity,RO Water System,Intercom Facility",,,,,,Bachelors/Family,2026-08-20 17:22:34+00:00,3BHK Multistorey Apartment for Resale in Oberoi Beachwood House at Juhu,19.098267753993,72.8335140160125,25.0,False,False,90277.77777777778,4,2.0,18.683045008419857,7.272398392570047,18.303285651459202
Above 20 years,120000000.0,64865.0,3,3.0,,1332.0,1850.0,3.0,30.0,Furnished,,,Apartment,Resale,Ready to Move,2026-08-21,Mumbai,Matunga West,Tridhaatu Kshitij,,Matunga West,"Sea facing,Skydeck,Fingerprint Access,Grand Entrance lobby,High Ceiling,Premium branded fittings,3 Tier Security System,Jogging and Strolling Track,Located in the Heart of city,Large Open space,,,Service/Goods Lift,Earth quake resistant,Visitor Parking,Intercom Facility,",,,,"NA|null,P51900009306|-1",,Bachelors/Family,2026-08-21 04:59:55+00:00,3BHK Multistorey Apartment for Resale in Tridhaatu Kshitij at Matunga West,19.0288217353274,72.8440906063583,25.0,False,False,90090.09009009009,4,2.0,18.60300230074632,7.194436851100335,17.5942010176288
Less than 5 years,110000000.0,53659.0,3,3.0,,1476.0,2050.0,55.0,62.0,Semi-Furnished,,,Apartment,Resale,Ready to Move,2026-08-20,Mumbai,Lower Parel,Lodha World Crest,,Lower Parel,"Bar/Lounge,Health club with Steam / Jaccuzi,,,,,,,,,,,Air Conditioned,Banquet Hall,Jogging and Strolling Track,Outdoor Tennis Courts,,,,Laundry Service,,,,,Internet/Wi-Fi Connectivity,RO Water System,Service/Goods Lift,Visitor Parking,Intercom Facility,Conference Room,,",,,,,,Bachelors/Family,2026-08-20 13:10:57+00:00,3BHK Multistorey Apartment for Resale in Lodha World Crest at Lower Parel,18.9982431278398,72.8270305579981,3.0,False,False,74525.74525745258,4,1.0,18.51599092375669,7.297091005160418,18.34377448266777
New Construction,132500000.0,82812.0,3,4.0,,1460.0,1600.0,20.0,22.0,Unfurnished,West,"Garden/Park, Main Road",Apartment,Resale,Ready to Move,2026-08-13,Mumbai,Mahalakshmi,Sea Vista,Girgaon Chowpatty,Mahalakshmi,"Air Conditioned,Internet/Wi-Fi Connectivity,RO Water System,Visitor Parking,Intercom Facility",Water Availability 24 Hours Available,No/Rare Powercut,"Vitrified,Marble","NA|null,P52800004514|07/2000",Freehold,Bachelors/Family,2026-08-12 23:31:49+00:00,3BHK Multistorey Apartment for Resale in Sea Vista at Mahalakshmi,18.9865617867147,72.8182867539311,0.0,False,False,90753.42465753424,12,0.0,18.70209320339055,7.286191714702382,18.60187312627558
Above 20 years,170000000.0,89474.0,3,4.0,1,1600.0,1900.0,4.0,16.0,Furnished,West,Garden/Park,Apartment,Resale,Ready to Move,2026-08-16,Mumbai,Bandra West,Le Papillon Apartment,Mount Mary Church,Bandra West,"Air Conditioned,Laundry Service,Internet/Wi-Fi Connectivity,RO Water System,Service/Goods Lift,Visitor Parking,Intercom Facility",Water Availability 24 Hours Available,No/Rare Powercut,Vitrified,,Freehold,Bachelors/Family,2026-08-15 23:40:19+00:00,3BHK Multistorey Apartment for Resale in Le Papillon Apartment at Bandra West,19.055229,72.830829,25.0,False,False,106250.0,9,2.0,18.951308995014536,7.3777589082278725,17.63488085620438
,144900000.0,,3,4.0,,1533.0,,,,Unfurnished,,,Apartment,New Property,Aug '31,2026-01-21,Mumbai,Girgaon,Shapoorji Pallonji The Odyssey,,Girgaon,,Water Availability 24 Hours Available,No/Rare Powercut,,"NA|null,P51900050998|-1",,Bachelors/Family,2026-08-23 17:37:17+00:00,3BHK Multistorey Apartment for New Property in Shapoorji Pallonji The Odyssey at Girgaon,18.9567919804138,72.8192909983038,,False,False,94520.54794520549,1,0.0,18.79155440729091,7.334981878871814,18.29120963737705
New Construction,132595000.0,115000.0,3,3.0,1,1153.0,1153.0,13.0,37.0,Unfurnished,,,Apartment,New Property,Ready to Move,2026-08-23,Mumbai,Dadar,Suraj Ocean Star,,Dadar,,,,,"NA|null,P51900007257|-1",,Bachelors/Family,2026-08-22 23:45:18+00:00,3BHK Multistorey Apartment for New Property in Suraj Ocean Star at Dadar,19.020661776708,72.8434154500363,0.0,True,False,115000.0,2,0.0,18.702809927614446,7.050122520269059,17.757026379566355
Less than 5 years,100000000.0,60606.0,3,4.0,1,1450.0,1650.0,15.0,50.0,Unfurnished,West,"Garden/Park, Main Road",Apartment,Resale,Ready to Move,2026-08-23,Mumbai,Mahalakshmi,Piramal Mahalaxmi,Mahalaxmi racecourse,Mahalakshmi,"Sea facing,Skydeck,Private jaccuzi,Theme based Architectures,Private pool ,Fingerprint Access,Health club with Steam / Jaccuzi,Jogging and Strolling Track,Visitor Parking,Intercom Facility",Water Availability 24 Hours Available,No/Rare Powercut,"Ceramic Tiles,Granite,Normal Tiles/Kotah Stone,Vitrified","NA|null,P51900015854|12/2024,P51900016482|06/2025,P51900021057|-1",Freehold,Bachelors/Family,2026-08-22 23:45:19+00:00,3BHK Multistorey Apartment for Resale in Piramal Mahalaxmi at Mahalakshmi,18.9865617867147,72.8182867539311,3.0,False,False,68965.5172413793,2,0.0,18.420680743952367,7.27931883541462,18.60187312627558
New Construction,112500000.0,56250.0,3,3.0,1,1740.0,2000.0,12.0,48.0,Semi-Furnished,East,"Garden/Park, Pool, Main Road",Apartment,Resale,Ready to Move,2026-08-23,Mumbai,Mahalakshmi,,Mahalaxmi,Mahalakshmi,"Water Front,Hilltop,Skyline View,Sea facing,Smart Home,Skydeck,Private jaccuzi,Island Kitchen Layout,Wrap Around Balcony,Concierge Services,Fireplace,Theme based Architectures,Wine Cellar,Private pool ,Helipad,Full Glass Wall,Sky Villa,Bar/Lounge,Fingerprint Access,Health club with Steam / Jaccuzi,Golf Course,House help accommodation,Air Conditioned,Banquet Hall,Jogging and Strolling Track,Outdoor Tennis Courts,Private Garage,Laundry Service,Internet/Wi-Fi Connectivity,RO Water System,Service/Goods Lift,Visitor Parking,Intercom Facility,Conference Room,Downtown",Water Availability 24 Hours Available,No/Rare Powercut,"Marble,Marbonite,Wooden",,Co-operative Society,Bachelors/Family,2026-08-22 23:45:17+00:00,3BHK Multistorey Apartment for Resale in Mahalakshmi,18.9865617867147,72.8182867539311,0.0,False,False,64655.1724137931,2,1.0,18.538463779608747,7.461640392208575,18.60187312627558
,195000000.0,81250.0,3,3.0,4,2400.0,2400.0,14.0,16.0,Unfurnished,East,Main Road,Apartment,New Property,Under Construction,2026-08-24,Mumbai,Khar West,,"Station, metro, school, restaurant, cafes.",Khar West,"Skyline View,Intercom Facility",Water Availability 24 Hours Available,No/Rare Powercut,Granite,,Freehold,Bachelors/Family,2026-08-23 23:45:20+00:00,3BHK Multistorey Apartment for New Property in Khar West,19.0699335919407,72.8363080829478,,False,False,81250.0,1,0.0,19.08851011652802,7.783224016336037,18.10029841849183
New Construction,110000000.0,42308.0,3,4.0,2,1850.0,2600.0,11.0,12.0,Unfurnished,West,Main Road,Penthouse,Resale,Ready to Move,2026-08-22,Mumbai,Khar Danda,,,Khar Danda,"Sea facing,Air Conditioned,RO Water System,Intercom Facility",Water Availability 24 Hours Available,No/Rare Powercut,"Wooden,Marble,Granite",,Freehold,Bachelors/Family,2026-08-22 03:54:07+00:00,3BHK Penthouse for Resale in Khar Danda,19.0780368146905,72.8249301895514,0.0,False,False,59459.45945945946,3,0.0,18.51599092375669,7.52294091807237,18.51599092375669
5 to 10 years,180000000.0,75000.0,3,4.0,2,2000.0,2400.0,23.0,61.0,Furnished,North - East,"Pool, Main Road",Apartment,Resale,Ready to Move,2026-06-25,Mumbai,Lower Parel,One Avighna Park,This property is good connectivity with main centers of city,Lower Parel,"Sea facing,Health club with Steam / Jaccuzi,Air Conditioned,Banquet Hall,Jogging and Strolling Track,Laundry Service,Service/Goods Lift,Visitor Parking",Water Availability 24 Hours Available,No/Rare Powercut,Marble,,Co-operative Society,Bachelors/Family,2026-06-24 22:30:41+00:00,3BHK Multistorey Apartment for Resale in One Avighna Park at Lower Parel,18.9982431278398,72.8270305579981,7.5,False,False,90000.0,61,2.0,19.008467408854486,7.600902459542082,18.34377448266777
,112979000.0,65005.0,3,5.0,1,1738.0,1738.0,10.0,67.0,Semi-Furnished,West,"Pool, Garden/Park, Main Road",Apartment,New Property,Under Construction,2026-08-23,Mumbai,Worli Naka,Runwal Raaya,Senapati Bapat Rd 5 min  Sea Link 2024 min  EEH 2527 min,Worli Naka,"Water Front,Hilltop,Skyline View,Sea facing,Smart Home,Skydeck,Private jaccuzi,Island Kitchen Layout,Concierge Services,Fireplace,Private pool ,Helipad,Full Glass Wall,Bar/Lounge,Fingerprint Access,Health club with Steam / Jaccuzi,House help accommodation,Air Conditioned,Banquet Hall,Jogging and Strolling Track,Private Garage,Laundry Service,Internet/Wi-Fi Connectivity,RO Water System,Service/Goods Lift,Visitor Parking,Intercom Facility,Conference Room,Downtown",Water Availability 24 Hours Available,No/Rare Powercut,"Granite,Marble,Marbonite,Mosaic"," P51900080252|-1,NA|null",Leasehold,Bachelors/Family,2026-08-22 23:45:18+00:00,3BHK Multistorey Apartment for New Property in Runwal Raaya at Worli Naka,18.9985560692086,72.8182936258445,,False,False,65005.178365937856,2,1.0,18.542712518698124,7.460490305825338,18.017005682955126
Less than 5 years,120000000.0,50000.0,3,3.0,,1950.0,2400.0,42.0,64.0,Semi-Furnished,,,Apartment,Resale,Ready to Move,2026-08-23,Mumbai,Dadar East,Bombay Realty Island City Center ICC 1 and 2,"G. D Ambekar Marg, Dadar East",Dadar East,"Air Conditioned,Jogging and Strolling Track,Outdoor Tennis Courts,Intercom Facility",Water Availability 24 Hours Available,No/Rare Powercut,Vitrified,"NA|null,P51900008726|08/2019",Co-operative Society,Bachelors/Family,2026-08-22 23:45:21+00:00,3BHK Multistorey Apartment for Resale in Bombay Realty Island City Center ICC 1 and 2 at Dadar East,19.0135792007831,72.8448295038214,3.0,False,False,61538.46153846154,2,1.0,18.60300230074632,7.575584651557793,17.770550032182708
10 to 15 years,120000000.0,34286.0,3,3.0,1,2650.0,3500.0,36.0,38.0,Furnished,,Main Road,Apartment,Resale,Ready to Move,2026-08-23,Mumbai,Tardeo,Orbit Heights,St. Mary High School ICSE and Diamond Jubilee High School ICSE Mazgaon Court,Tardeo,"Banquet Hall,Internet/Wi-Fi Connectivity,Intercom Facility",,,,,,Bachelors/Family,2026-08-22 23:45:21+00:00,3BHK Multistorey Apartment for Resale in Orbit Heights at Tardeo,18.9693555488714,72.8133774658556,12.5,False,False,45283.018867924526,2,2.0,18.60300230074632,7.882314918980268,18.19148810138135
New Construction,108135000.0,81000.0,3,4.0,,1300.0,1335.0,41.0,67.0,Unfurnished,West,Garden/Park,Apartment,New Property,Ready to Move,2026-08-23,Mumbai,Prabhadevi,Rustomjee Crown,Palladium MallDadar Railway StationShivaji Park,Prabhadevi,"Skyline View,Sea facing,Smart Home,Private jaccuzi,Concierge Services,Fireplace,Theme based Architectures,Private pool ,Bar/Lounge,Fingerprint Access,Health club with Steam / Jaccuzi,House help accommodation,Air Conditioned,Banquet Hall,Jogging and Strolling Track,Outdoor Tennis Courts,Private Garage,Laundry Service,Internet/Wi-Fi Connectivity,RO Water System,Service/Goods Lift,Visitor Parking,Intercom Facility,Conference Room",Water Availability 24 Hours Available,No/Rare Powercut,Marble,"NA|null,P51900003268|05/2007,P51900006367|06/2001",Freehold,Bachelors/Family,2026-08-22 23:45:21+00:00,3BHK Multistorey Apartment for New Property in Rustomjee Crown at Prabhadevi,19.0158585103406,72.8295254470428,0.0,False,False,83180.76923076923,2,0.0,18.498891004488925,7.170119543449628,18.662135145430923
New Construction,130000000.0,43333.0,3,3.0,,2195.0,3000.0,,,Semi-Furnished,East,Garden/Park,Apartment,Resale,Ready to Move,2026-08-23,Mumbai,Lower Parel,Lodha World Crest,Lower Parel.,Lower Parel,"Bar/Lounge,Health club with Steam / Jaccuzi,Golf Course,Air Conditioned,Banquet Hall,Jogging and Strolling Track,Outdoor Tennis Courts,Laundry Service,Internet/Wi-Fi Connectivity,RO Water System,Service/Goods Lift,Visitor Parking,Intercom Facility,Conference Room",Water Availability 24 Hours Available,No/Rare Powercut,Marble,,Co-operative Society,Bachelors/Family,2026-08-22 23:45:20+00:00,3BHK Multistorey Apartment for Resale in Lodha World Crest at Lower Parel,18.9982431278398,72.8270305579981,0.0,False,False,59225.5125284738,2,1.0,18.683045008419857,7.693937325509272,18.34377448266777
Less than 5 years,100000000.0,68966.0,3,5.0,2,1450.0,1450.0,39.0,60.0,Unfurnished,West,,Apartment,Resale,Ready to Move,2026-08-23,Mumbai,Dr Elijah Moses Road,Piramal Mahalaxmi,An landmark in itself,Dr Elijah Moses Road,"Skyline View,Sea facing,Smart Home,Skydeck,Private jaccuzi,Theme based Architectures,Private pool ,Full Glass Wall,Fingerprint Access,Health club with Steam / Jaccuzi,House help accommodation,Air Conditioned,Banquet Hall,Jogging and Strolling Track,Internet/Wi-Fi Connectivity,RO Water System,Service/Goods Lift,Visitor Parking,Intercom Facility",Water Availability 24 Hours Available,No/Rare Powercut,"Marble,Vitrified","NA|null,P51900015854|12/2024,P51900016482|06/2025,P51900021057|-1",Freehold,Bachelors/Family,2026-08-22 23:45:19+00:00,3BHK Multistorey Apartment for Resale in Piramal Mahalaxmi at Dr Elijah Moses Road,18.98620352,72.82389551,3.0,False,False,68965.5172413793,2,0.0,18.420680743952367,7.27931883541462,18.420680743952367
Less than 5 years,100548000.0,,3,3.0,2,1764.0,,20.0,55.0,Unfurnished,West,"Pool, Garden/Park, Main Road",Apartment,New Property,Ready to Move,2026-08-23,Mumbai,Prabhadevi,India Bulls Sky Forest,"Near Phoenix Mills, High Street Phoenix, Lower Parel Station.",Prabhadevi,"Health club with Steam / Jaccuzi,Banquet Hall,RO Water System,Conference Room",Water Availability 24 Hours Available,No/Rare Powercut,"Ceramic Tiles,Granite,Marble,Wooden","NA|null,P51900000467|-1,P51900000616|-1",Freehold,Bachelors/Family,2026-08-22 23:45:18+00:00,3BHK Multistorey Apartment for New Property in India Bulls Sky Forest at Prabhadevi,19.0158585103406,72.8295254470428,3.0,False,False,57000.0,2,0.0,18.426145783383422,7.475339236566737,18.662135145430923
Above 20 years,100000000.0,57307.0,3,4.0,,1342.0,1745.0,9.0,30.0,Semi-Furnished,North - West,"Garden/Park, Main Road",Apartment,Resale,Ready to Move,2026-08-23,Mumbai,Cuffe Parade,Jupiter Apartment,Cuffe Parade.,Cuffe Parade,"Concierge Services,Fireplace,Wine Cellar,Helipad,Sky Villa,Golf Course,House help accommodation,Private Garage,Service/Goods Lift,Conference Room",Water Availability 24 Hours Available,No/Rare Powercut,"Ceramic Tiles,Granite,Marble,Marbonite,Mosaic,Normal Tiles/Kotah Stone,Vitrified,Wooden",,Co-operative Society,Bachelors/Family,2026-08-22 23:45:18+00:00,3BHK Multistorey Apartment for Resale in Jupiter Apartment at Cuffe Parade,18.9146859411536,72.8196960395871,25.0,False,False,74515.64828614009,2,1.0,18.420680743952367,7.201916317531627,18.1971508039911
New Construction,425000000.0,124963.0,3,3.0,1,3400.0,3401.0,,,Semi-Furnished,West,"Garden/Park, Pool, Main Road",Apartment,New Property,Ready to Move,2026-08-23,Mumbai,Worli,Provenance Four Seasons Private Residences,Near Axis Bank.,Worli,"Farm-House,Town House,Water Front,Hilltop,Sea facing,Skydeck,Concierge Services,Fireplace,Theme based Architectures,Barbeque space,Walk-in closet,Private pool ,Helipad,Aesthetic Interior,Marble flooring,Pet park,Sky Villa,Infinity Swimming Pool,Pool with temperature control ,,Fingerprint Access,Bathtub,Grand Entrance lobby,Kids play area,Health club with Steam / Jaccuzi,Shopping center,Curated Garden,High Ceiling,Well Furnished,Modular Kitchen,Premium branded fittings,Central AC ,3 Tier Security System,,Large Clubhouse ,,,Library,,,,,,,,Air Conditioned,All wooden flooring,Banquet Hall,Jogging and Strolling Track,Outdoor Tennis Courts,Mini Cinema Theatre,Located in the Heart of city,Large Open space,,,,AC in each room ,Laundry Service,,Internet/Wi-Fi Connectivity,RO Water System,Earth quake resistant,Visitor Parking,Intercom Facility,Wheelchair Accessibility,Conference Room,Fire Sprinklers,Mansion,,,",Water Availability 24 Hours Available,No/Rare Powercut,"Mosaic,Vitrified,Wooden,Ceramic Tiles,Marble,Normal Tiles/Kotah Stone,Granite,Marbonite","NA|null,P51900002789|-1",Freehold,Bachelors/Family,2026-08-22 23:45:18+00:00,3BHK Multistorey Apartment for New Property in Provenance Four Seasons Private Residences at Worli,19.0036486667054,72.8175254882335,0.0,True,False,125000.0,2,1.0,19.86759972688869,8.131530710604252,18.25306630158134
5 to 10 years,102500000.0,,3,4.0,1,1720.0,,23.0,78.0,Unfurnished,East,Garden/Park,Apartment,Resale,Ready to Move,2026-08-23,Mumbai,Upper Worli,Lodha World View,"Lodha World Towers, Tulsi Pipe Road",Upper Worli,"Sea facing,Private jaccuzi,Fingerprint Access,Jogging and Strolling Track",Water Availability 24 Hours Available,No/Rare Powercut,Normal Tiles/Kotah Stone,"NA|null,P51900008962|-1,PR1170002502174|-1",Co-operative Society,Bachelors/Family,2026-08-22 23:45:21+00:00,3BHK Multistorey Apartment for Resale in Lodha World View at Upper Worli,18.9945573681973,72.8212024236503,7.5,False,False,59593.023255813954,2,0.0,18.44537335654274,7.450079569807499,18.44537335654274
New Construction,103900000.0,71606.0,3,4.0,1,1450.0,1451.0,,,Semi-Furnished,North - East,"Garden/Park, Pool, Main Road",Apartment,New Property,Ready to Move,2026-08-23,Mumbai,Mahalakshmi,Piramal Mahalaxmi,Near Kotak Bank,Mahalakshmi,"Farm-House,Town House,Water Front,Skyline View,Sea facing,Smart Home,Skydeck,Private jaccuzi,Island Kitchen Layout,Concierge Services,Theme based Architectures,Barbeque space,Walk-in closet,Private pool ,Aesthetic Interior,Art center,Pet park,Private Garden,Sky Villa,Infinity Swimming Pool,Pool with temperature control ,,Bar/Lounge,Fingerprint Access,Bathtub,Garden View,Grand Entrance lobby,Kids play area,Health club with Steam / Jaccuzi,Shopping center,Golf Course,Curated Garden,Cycling track,High Ceiling,Well Furnished,Modular Kitchen,Premium branded fittings,Central AC ,3 Tier Security System,,Large Clubhouse ,,,,,,,,,,,,All wooden flooring,Banquet Hall,Jogging and Strolling Track,Mini Cinema Theatre,Located in the Heart of city,Large Open space,Guest lobby in each floor,,,AC in each room ,Laundry Service,,,,,Service/Goods Lift,Earth quake resistant,Visitor Parking,Intercom Facility,Conference Room,Fire Sprinklers,Mansion,,,",Water Availability 24 Hours Available,No/Rare Powercut,"Mosaic,Vitrified,Wooden,Ceramic Tiles,Marble,Normal Tiles/Kotah Stone,Granite,Marbonite","NA|null,P51900015854|12/2024,P51900016482|06/2025,P51900021057|-1",Co-operative Society,Bachelors/Family,2026-08-22 23:45:16+00:00,3BHK Multistorey Apartment for New Property in Piramal Mahalaxmi at Mahalakshmi,18.9865617867147,72.8182867539311,0.0,False,False,71655.1724137931,2,1.0,18.458939456069455,7.27931883541462,18.60187312627558
Above 20 years,130000000.0,52000.0,3,3.0,3,2100.0,2500.0,11.0,13.0,Semi-Furnished,East,"Pool, Garden/Park, Main Road",Apartment,Resale,Ready to Move,2026-08-23,Mumbai,Bandra West,Pali Hill Apartment,"Bandra West, Pali Hill ,",Bandra West,"Water Front,Hilltop,Skyline View,Sea facing,Smart Home,Skydeck,Private jaccuzi,Island Kitchen Layout,Wrap Around Balcony,Concierge Services,Fireplace,Theme based Architectures,Wine Cellar,Helipad,Full Glass Wall,Sky Villa,Bar/Lounge,Fingerprint Access,Golf Course,House help accommodation,Air Conditioned,Banquet Hall,Jogging and Strolling Track,Outdoor Tennis Courts,Private Garage,Laundry Service,Internet/Wi-Fi Connectivity,RO Water System,Service/Goods Lift,Visitor Parking,Intercom Facility,Downtown",Water Availability 24 Hours Available,No/Rare Powercut,"Mosaic,Vitrified,Granite",,Freehold,Bachelors/Family,2026-08-22 23:45:20+00:00,3BHK Multistorey Apartment for Resale in Pali Hill Apartment at Bandra West,19.055229,72.830829,25.0,False,False,61904.76190476191,2,1.0,18.683045008419857,7.649692623711514,17.63488085620438
,147900000.0,85000.0,3,4.0,1,1740.0,1740.0,17.0,42.0,Unfurnished,West,"Garden/Park, Main Road",Apartment,New Property,Under Construction,2026-08-23,Mumbai,Mahalakshmi,Raheja Modern Vivarea,"Raheja Modern Vivarea Mahalaxmi has 2 towers in this project, with 44",Mahalakshmi,"Skydeck,Private pool ,Bar/Lounge,Fingerprint Access,Air Conditioned,Banquet Hall,Jogging and Strolling Track,Outdoor Tennis Courts,Visitor Parking,Intercom Facility,Conference Room",Water Availability 24 Hours Available,No/Rare Powercut,Marble,"NA|null,P51900034288|09/2028,P51900034289|03/2028",Freehold,Bachelors/Family,2026-08-22 23:45:19+00:00,3BHK Multistorey Apartment for New Property in Raheja Modern Vivarea at Mahalakshmi,18.9865617867147,72.8182867539311,,False,False,85000.0,2,0.0,18.812046927681028,7.461640392208575,18.60187312627558
,1400000.0,4000.0,1,1.0,,,350.0,5.0,5.0,Semi-Furnished,,,Apartment,Resale,Ready to Move,2026-08-24,Mumbai,Ulhasnagar,,,Ulhasnagar,,,,,,,Bachelors/Family,2026-08-23 06:41:52+00:00,1BHK Multistorey Apartment for Resale in Ulhasnagar,19.2298419727021,73.1644753282394,,False,False,,1,1.0,14.151982794585487,,15.59047976555874
10 to 15 years,1500000.0,4110.0,1,1.0,,300.0,365.0,2.0,4.0,Unfurnished,East,Main Road,Builder Floor Apartment,Resale,Ready to Move,2026-08-24,Mumbai,Bolinj,,Ram Mandir,Bolinj,Internet/Wi-Fi Connectivity,Water Availability 24 Hours Available,No/Rare Powercut,Vitrified,,Co-operative Society,Bachelors/Family,2026-08-23 23:54:37+00:00,1BHK Builder Floor Apartment for Resale in Bolinj,19.4422975939069,72.7945125078501,12.5,False,False,5000.0,1,0.0,14.22097566607244,5.703782474656201,14.22097566607244
15 to 20 years,2000000.0,4545.0,1,1.0,,317.0,440.0,0.0,4.0,Unfurnished,,,Apartment,Resale,Ready to Move,2026-08-21,Mumbai,Virar East,Ganga Sadan,,Virar East,,,,,,,Bachelors/Family,2026-08-20 16:51:50+00:00,1BHK Multistorey Apartment for Resale in Ganga Sadan at Virar East,19.4652899784439,72.8189990617033,17.5,False,False,6309.148264984227,4,0.0,14.508657738524219,5.75890177387728,14.602566034625413
,1800000.0,3600.0,1,1.0,,,500.0,1.0,3.0,Unfurnished,,,Builder Floor Apartment,Resale,Ready to Move,2026-06-26,Mumbai,,,,,,,,,,,Bachelors/Family,2026-06-26 13:07:51+00:00,1BHK Builder Floor Apartment for Resale in ,,,,False,False,,59,0.0,14.403297222866392,,
5 to 10 years,1500000.0,6944.0,1,1.0,,160.0,216.0,,,Furnished,,,Residential House,Resale,Ready to Move,2026-06-09,Mumbai,,,madh market,,,,,,,,Bachelors/Family,2026-06-09 10:11:57+00:00,1BHK Residential House for Resale in ,,,7.5,False,False,9375.0,76,2.0,14.22097566607244,5.075173815233827,
10 to 15 years,1500000.0,3067.0,1,1.0,,364.0,489.0,3.0,3.0,Unfurnished,,,Apartment,Resale,Ready to Move,2026-05-25,Mumbai,,,,,,,,,,Freehold,Bachelors/Family,2026-05-24 21:33:17+00:00,1BHK Multistorey Apartment for Resale in ,,,12.5,False,False,4120.879120879121,92,0.0,14.22097566607244,5.8971538676367405,
5 to 10 years,1700000.0,287.0,1,1.0,,,550.0,3.0,4.0,Semi-Furnished,East,"Garden/Park, Main Road",Residential House,Resale,Ready to Move,2026-06-17,Mumbai,,,Near to marathon NX,,,,,,,Co-operative Society,Bachelors/Family,2026-06-16 17:52:37+00:00,1BHK Residential House for Resale in ,,,7.5,False,False,,69,1.0,14.346138809026444,,
5 to 10 years,1650000.0,7174.0,1,1.0,,230.0,230.0,1.0,4.0,Unfurnished,North,Main Road,Apartment,Resale,Ready to Move,2026-04-21,Mumbai,,,,,Visitor Parking,,,,,,Bachelors/Family,2026-04-21 05:24:41+00:00,1BHK Multistorey Apartment for Resale in ,,,7.5,False,False,7173.913043478261,126,0.0,14.316285845876763,5.438079308923196,
,1730000.0,3145.0,1,1.0,,550.0,550.0,,,Semi-Furnished,,,Residential House,Resale,,2026-08-24,Mumbai,Sai Wadi Madh,,,Sai Wadi Madh,,,,,,,Bachelors/Family,2026-08-24 07:09:08+00:00,1BHK Residential House for Resale in Sai Wadi Madh,19.1427361553484,72.792618185964,,False,False,3145.4545454545455,0,1.0,14.363631966473962,6.309918278226516,14.363631966473962
Less than 5 years,100000.0,137.0,1,2.0,2,,730.0,12.0,21.0,Unfurnished,,,Apartment,New Property,Ready to Move,2026-06-19,Mumbai,Mira Road,Rassaz Greens,,Mira Road Area,,,,,"NA|null,P51700008730|02/2001,P51700020481|01/2005,PR1332022600812|-1",,Bachelors/Family,2026-06-15 10:56:34+00:00,1BHK Multistorey Apartment for New Property in Rassaz Greens at Mira Road Area,19.2829267647424,72.8627883689306,3.0,False,False,,70,0.0,11.512925464970229,,16.228045916668293
10 to 15 years,1600000.0,4571.0,1,1.0,,252.0,350.0,0.0,4.0,Semi-Furnished,,,Apartment,Resale,Ready to Move,2026-08-22,Mumbai,Virar East,Ashtavinayak Apartment,,Virar East,,,,,,,Bachelors/Family,2026-08-21 19:44:53+00:00,1BHK Multistorey Apartment for Resale in Ashtavinayak Apartment at Virar East,19.4652899784439,72.8189990617033,12.5,False,False,6349.206349206349,3,1.0,14.28551418721001,5.529429087511423,14.602566034625413
Less than 5 years,1400000.0,9333.0,1,1.0,,108.0,150.0,0.0,4.0,Unfurnished,,,Apartment,Resale,Ready to Move,2026-08-22,Mumbai,,,,,,,,,,,Bachelors/Family,2026-08-21 16:36:58+00:00,1BHK Multistorey Apartment for Resale in ,,,3.0,False,False,12962.962962962964,3,0.0,14.151982794585487,4.68213122712422,
10 to 15 years,1600000.0,3404.0,1,1.0,,338.0,470.0,1.0,4.0,Unfurnished,,,Apartment,Resale,Ready to Move,2026-08-22,Mumbai,Virar,Landmark,,Virar,"Air Conditioned,Banquet Hall,Outdoor Tennis Courts,Visitor Parking,Intercom Facility",,,,"NA|null,P99000001630|-1",,Bachelors/Family,2026-08-21 07:42:38+00:00,1BHK Multistorey Apartment for Resale in Landmark at Virar,19.462194642857,72.8049130698568,12.5,False,False,4733.7278106508875,3,0.0,14.28551418721001,5.823045895483019,15.40653067895644
,1600000.0,3048.0,1,1.0,,,525.0,3.0,4.0,Unfurnished,,,Apartment,Resale,Ready to Move,2026-05-23,Mumbai,,,,,,,,,,,Bachelors/Family,2026-05-21 16:29:52+00:00,1BHK Multistorey Apartment for Resale in ,,,,False,False,,95,0.0,14.28551418721001,,
Less than 5 years,900000.0,3000.0,1,1.0,,300.0,300.0,,,Unfurnished,,,Residential House,Resale,Ready to Move,2026-07-09,Mumbai,Naigaon East Vasai Link Road,,,Naigaon East Vasai Link Road,,,,,,,Bachelors/Family,2026-07-08 17:52:56+00:00,1BHK Residential House for Resale in Naigaon East Vasai Link Road,19.37873391,72.85828006,3.0,False,False,3000.0,47,0.0,13.710150042306449,5.703782474656201,13.710150042306449
5 to 10 years,1300000.0,,1,2.0,1,350.0,,3.0,3.0,Unfurnished,,Main Road,Apartment,Resale,Ready to Move,2026-07-01,Mumbai,Virar East,,,Virar East,,,,,,Co-operative Society,Bachelors/Family,2026-06-30 16:56:26+00:00,1BHK Multistorey Apartment for Resale in Virar East,19.4652899784439,72.8189990617033,7.5,False,False,3714.285714285714,55,0.0,14.077874822431765,5.857933154483459,14.602566034625413
10 to 15 years,1200000.0,7059.0,1,1.0,,,170.0,0.0,1.0,Unfurnished,,,Residential House,Resale,Ready to Move,2026-04-14,Mumbai,,,,,,,,,,Freehold,Bachelors/Family,2026-04-13 16:40:17+00:00,1BHK Residential House for Resale in ,,,12.5,False,False,,133,0.0,13.997832114758229,,
10 to 15 years,1900000.0,,1,1.0,,375.0,,3.0,4.0,Unfurnished,East,,Apartment,Resale,Ready to Move,2026-07-03,Mumbai,Nalasopara East,Om Sai Kutir Apartment,Gayatri Mandir,Nalasopara East,,,,,,Freehold,Bachelors/Family,2026-07-02 17:43:22+00:00,1BHK Multistorey Apartment for Resale in Om Sai Kutir Apartment at Nalasopara East,19.43138984792,72.8497262547151,12.5,False,False,5066.666666666667,53,0.0,14.457364444136669,5.926926025970411,15.256196731670533
10 to 15 years,2000000.0,2273.0,1,1.0,1,850.0,880.0,1.0,4.0,Unfurnished,West,Main Road,Builder Floor Apartment,New Property,Ready to Move,2026-05-24,Mumbai,Nalasopara East,,moregaon naka,Nalasopara East,,,,Ceramic Tiles,,Co-operative Society,Bachelors/Family,2026-05-24 09:46:40+00:00,1BHK Builder Floor Apartment for New Property in Nalasopara East,19.43138984792,72.8497262547151,12.5,False,False,2352.9411764705883,92,0.0,14.508657738524219,6.745236349484363,15.256196731670533
,1700000.0,1700.0,1,1.0,,,1000.0,,,Unfurnished,,,Residential House,Resale,Ready to Move,2026-06-03,Mumbai,Nala Sopara,,,Nala Sopara,,,,,,,Bachelors/Family,2026-06-02 18:05:11+00:00,1BHK Residential House for Resale in Nala Sopara,19.4196344986519,72.8081166617887,,False,False,,83,0.0,14.346138809026444,,15.04748204269443
5 to 10 years,1900000.0,4176.0,1,1.0,,328.0,455.0,3.0,4.0,Unfurnished,,,Apartment,Resale,Ready to Move,2026-08-22,Mumbai,Virar East,Mangalmurti Apartment,,Virar East,,,,,"NA|null,P99000047637|-1",,Bachelors/Family,2026-08-21 20:14:22+00:00,1BHK Multistorey Apartment for Resale in Mangalmurti Apartment at Virar East,19.4652899784439,72.8189990617033,7.5,False,False,5792.682926829269,3,0.0,14.457364444136669,5.793013608384144,14.602566034625413
,1040000.0,3152.0,1,1.0,,300.0,330.0,,,Unfurnished,,,Residential House,Resale,,2026-08-24,Mumbai,Mahada Colony Andheri West,,,Mahada Colony Andheri West,,,,,,,Bachelors/Family,2026-08-24 06:58:01+00:00,1BHK Residential House for Resale in Mahada Colony Andheri West,19.1499636913465,72.8305149497405,,False,False,3466.6666666666665,0,0.0,13.854731271117556,5.703782474656201,13.854731271117556
,1130000.0,3139.0,1,1.0,,,360.0,,,Unfurnished,,,Residential House,Resale,,2026-08-24,Mumbai,NL Complex,,,NL Complex,,,,,,,Bachelors/Family,2026-08-24 06:57:10+00:00,1BHK Residential House for Resale in NL Complex,19.25969,72.86799,,False,False,,0,0.0,13.937728190688523,,14.819396048583606
,1950000.0,,1,2.0,,375.0,,,,Unfurnished,,,Apartment,Resale,Ready to Move,2026-08-24,Mumbai,Motilal Nagar,Sethia Seaview,,Motilal Nagar,,,,,,,Bachelors/Family,2026-08-24 06:56:25+00:00,1BHK Multistorey Apartment for Resale in Sethia Seaview at Motilal Nagar,19.15627,72.83934,,False,False,5200.0,0,0.0,14.48333993053993,5.926926025970411,13.868365785175332
,570000.0,3167.0,1,1.0,,130.0,180.0,,,Semi-Furnished,,,Residential House,Resale,,2026-08-24,Mumbai,Motilal Nagar,,,Motilal Nagar,,,,,,,Bachelors/Family,2026-08-24 06:56:21+00:00,1BHK Residential House for Resale in Motilal Nagar,19.15627,72.83934,,False,False,4384.615384615385,0,1.0,13.253391639810733,4.867534450455582,13.868365785175332
,1560000.0,5200.0,1,1.0,,225.0,300.0,,,Semi-Furnished,,,Apartment,Resale,,2026-08-24,Mumbai,Dhanji Wadi,,,Dhanji Wadi,,,,,,,Bachelors/Family,2026-08-24 06:54:16+00:00,1BHK Multistorey Apartment for Resale in Dhanji Wadi,19.184528,72.856239,,False,False,6933.333333333333,0,1.0,14.26019637922572,5.41610040220442,14.26019637922572
,1870000.0,,1,1.0,,360.0,,,,Unfurnished,,,Apartment,Resale,,2026-08-24,Mumbai,Kondivita Village Andheri East,,,Kondivita,,,,,,,Bachelors/Family,2026-08-24 06:53:47+00:00,1BHK Multistorey Apartment for Resale in Kondivita,19.1172632180168,72.8709950557057,,False,False,5194.444444444444,0,0.0,14.44144898883077,5.886104031450156,14.446768187933298
,1890000.0,,1,1.0,,365.0,,,,Semi-Furnished,,,Apartment,Resale,,2026-08-24,Mumbai,Kondivita Village Andheri East,,,Kondivita,,,,,,,Bachelors/Family,2026-08-24 06:53:38+00:00,1BHK Multistorey Apartment for Resale in Kondivita,19.1172632180168,72.8709950557057,,False,False,5178.082191780822,0,1.0,14.452087387035824,5.8998973535824915,14.446768187933298
Less than 5 years,3250000.0,7222.0,1,2.0,2,392.0,450.0,11.0,22.0,Unfurnished,East,Garden/Park,Apartment,Resale,Ready to Move,2026-08-24,Mumbai,Palghar Naigaon East,,"Tivari Road ,Naigaon East",Palghar Naigaon East,"Smart Home,Air Conditioned,Banquet Hall,Jogging and Strolling Track,Intercom Facility,Conference Room",Water Availability 24 Hours Available,No/Rare Powercut,"Granite,Vitrified",,Freehold,Bachelors/Family,2026-08-24 09:43:04+00:00,1BHK Multistorey Apartment for Resale in Palghar Naigaon East,19.3489277756968,72.8750219955356,3.0,False,False,8290.816326530612,0,0.0,14.994165554305921,5.971261839790462,15.34271151654134
5 to 10 years,3300000.0,6168.0,1,2.0,2,400.0,535.0,2.0,8.0,Semi-Furnished,East,"Garden/Park, Main Road",Apartment,Resale,Ready to Move,2026-08-23,Mumbai,Palghar Naigaon East,Reliable Garden,,Palghar Naigaon East,"Jogging and Strolling Track,Service/Goods Lift,Visitor Parking",,,,,Freehold,Bachelors/Family,2026-08-23 05:35:14+00:00,1BHK Multistorey Apartment for Resale in Reliable Garden at Palghar Naigaon East,19.3489277756968,72.8750219955356,7.5,False,False,8250.0,2,1.0,15.009433026436708,5.991464547107982,15.34271151654134
Less than 5 years,2500000.0,4673.0,1,1.0,,385.0,535.0,3.0,5.0,Unfurnished,,,Apartment,Resale,Ready to Move,2026-08-22,Mumbai,Virar East,Ashtavinayak Apartment,,Virar East,,,,,,,Bachelors/Family,2026-08-21 19:44:52+00:00,1BHK Multistorey Apartment for Resale in Ashtavinayak Apartment at Virar East,19.4652899784439,72.8189990617033,3.0,False,False,6493.506493506494,3,0.0,14.73180128983843,5.953243334287785,14.602566034625413
Less than 5 years,3300000.0,5739.0,1,1.0,,414.0,575.0,4.0,7.0,Semi-Furnished,,,Apartment,Resale,Ready to Move,2026-08-22,Mumbai,Nalasopara West,Sankalp Heights,,Nalasopara West,,,,,,,Bachelors/Family,2026-08-21 19:32:10+00:00,1BHK Multistorey Apartment for Resale in Sankalp Heights at Nalasopara West,19.4129235749963,72.7885889890948,3.0,False,False,7971.014492753623,3,1.0,15.009433026436708,6.025865973825314,15.147629013998047
Less than 5 years,3800000.0,5758.0,1,1.0,,475.0,660.0,10.0,15.0,Unfurnished,,,Apartment,Resale,Ready to Move,2026-08-22,Mumbai,Nalasopara East,Sai Crystal Empire,,Nalasopara East,,,,,,,Bachelors/Family,2026-08-21 19:35:08+00:00,1BHK Multistorey Apartment for Resale in Sai Crystal Empire at Nalasopara East,19.43138984792,72.8497262547151,3.0,False,False,8000.0,3,0.0,15.150511624696614,6.163314804034641,15.256196731670533
Less than 5 years,2500000.0,4545.0,1,1.0,,396.0,550.0,2.0,4.0,Unfurnished,,,Apartment,Resale,Ready to Move,2026-08-22,Mumbai,Virar East,Shree Ganesh Apartment,,Virar East,,,,,,,Bachelors/Family,2026-08-21 18:33:41+00:00,1BHK Multistorey Apartment for Resale in Shree Ganesh Apartment at Virar East,19.4652899784439,72.8189990617033,3.0,False,False,6313.131313131313,3,0.0,14.73180128983843,5.981414211254481,14.602566034625413
5 to 10 years,3000000.0,5217.0,1,1.0,2,,575.0,5.0,7.0,Unfurnished,,Garden/Park,Apartment,Resale,Ready to Move,2026-08-23,Mumbai,,,,,,,,,,Freehold,Bachelors/Family,2026-08-22 18:25:45+00:00,1BHK Multistorey Apartment for Resale in ,,,7.5,False,False,,2,0.0,14.914122846632385,,
,3900000.0,9750.0,1,1.0,,,400.0,3.0,4.0,Furnished,,,Apartment,Resale,Ready to Move,2026-08-21,Mumbai,Vasai East,,,Vasai East,,,,,,,Bachelors/Family,2026-08-20 21:31:19+00:00,1BHK Multistorey Apartment for Resale in Vasai East,19.39954,72.8604165,,False,False,,4,2.0,15.176487111099874,,15.390093368549772
,4300000.0,8037.0,1,1.0,,,535.0,16.0,20.0,Unfurnished,,,Apartment,Resale,Ready to Move,2026-08-18,Mumbai,Aarey Colony,,,Aarey Colony,,,,,,,Bachelors/Family,2026-08-18 15:33:36+00:00,1BHK Multistorey Apartment for Resale in Aarey Colony,19.152671817767,72.879398874286,,False,False,,6,0.0,15.27412558066379,,15.27412558066379
New Construction,4300000.0,8600.0,1,2.0,,360.0,500.0,7.0,22.0,Unfurnished,,,Apartment,Resale,Ready to Move,2026-08-22,Mumbai,Palghar Naigaon East,Sunteck Naigaon,,Palghar Naigaon East,"Premium branded fittings,,,,Jogging and Strolling Track,Outdoor Tennis Courts,,RO Water System,Earth quake resistant,Visitor Parking,Intercom Facility",,,,"NA|null,P99000017606|-1,P99000017627|-1",,Bachelors/Family,2026-08-21 14:10:13+00:00,1BHK Multistorey Apartment for Resale in Sunteck Naigaon at Palghar Naigaon East,19.3489277756968,72.8750219955356,0.0,False,False,11944.444444444445,3,0.0,15.27412558066379,5.886104031450156,15.34271151654134
Less than 5 years,3000000.0,5217.0,1,1.0,,414.0,575.0,12.0,15.0,Semi-Furnished,,,Apartment,Resale,Ready to Move,2026-08-22,Mumbai,Nalasopara West,DGS Sheetal Sejal ,,Nalasopara West,,,,,,,Bachelors/Family,2026-08-21 13:57:23+00:00,1BHK Multistorey Apartment for Resale in DGS Sheetal Sejal  at Nalasopara West,19.4129235749963,72.7885889890948,3.0,False,False,7246.376811594203,3,1.0,14.914122846632385,6.025865973825314,15.147629013998047
,3000000.0,8264.0,1,2.0,,261.0,363.0,7.0,23.0,Unfurnished,,,Apartment,Resale,Under Construction,2026-08-22,Mumbai,Virar,Shapoorji Pallonji Joyville Virar,,Virar,"Bar/Lounge,Modular Kitchen,Air Conditioned,Banquet Hall,Jogging and Strolling Track,Outdoor Tennis Courts,Internet/Wi-Fi Connectivity,RO Water System,Service/Goods Lift,Intercom Facility",,,,"NA|null,P51900000444|-1,P99000013612|-1,P99000018521|-1,P99000019531|-1,P99000019538|-1,P99000031256|-1",,Bachelors/Family,2026-08-21 13:07:09+00:00,1BHK Multistorey Apartment for Resale in Shapoorji Pallonji Joyville Virar at Virar,19.462194642857,72.8049130698568,,False,False,11494.252873563219,3,0.0,14.914122846632385,5.564520407322694,15.40653067895644
5 to 10 years,3200000.0,5614.0,1,1.0,,410.0,570.0,0.0,7.0,Unfurnished,,,Apartment,Resale,Ready to Move,2026-08-22,Mumbai,Nalasopara West,Sai Abhyuday Complex,,Nalasopara West,,,,,"NA|null,P99000046994|-1",,Bachelors/Family,2026-08-21 10:04:42+00:00,1BHK Multistorey Apartment for Resale in Sai Abhyuday Complex at Nalasopara West,19.4129235749963,72.7885889890948,7.5,False,False,7804.878048780488,3,0.0,14.978661367769956,6.016157159698354,15.147629013998047
Less than 5 years,4000000.0,6667.0,1,2.0,,432.0,600.0,3.0,6.0,Semi-Furnished,,,Apartment,Resale,Ready to Move,2026-08-22,Mumbai,Vasai,Pankil Apartments,,Vasai,,,,,,,Bachelors/Family,2026-08-21 10:03:57+00:00,1BHK Multistorey Apartment for Resale in Pankil Apartments at Vasai,19.3914260104194,72.8285855834131,3.0,False,False,9259.25925925926,3,1.0,15.201804919084164,6.068425588244111,15.876706569663893
Less than 5 years,2800000.0,4444.0,1,1.0,,454.0,630.0,3.0,10.0,Unfurnished,,,Apartment,Resale,Ready to Move,2026-08-22,Mumbai,Vasai East,Deep Classic ,,Vasai East,,,,,"NA|null,P99000012178|12/2020",,Bachelors/Family,2026-08-21 11:19:49+00:00,1BHK Multistorey Apartment for Resale in Deep Classic  at Vasai East,19.39954,72.8604165,3.0,False,False,6167.400881057269,3,0.0,14.845129975145433,6.118097198041348,15.390093368549772
10 to 15 years,3300000.0,5357.0,1,2.0,,444.0,616.0,2.0,3.0,Unfurnished,,,Apartment,Resale,Ready to Move,2026-08-22,Mumbai,Palghar Naigaon East,Citizen Complex,,Palghar Naigaon East,,,,,,,Bachelors/Family,2026-08-21 12:17:02+00:00,1BHK Multistorey Apartment for Resale in Citizen Complex at Palghar Naigaon East,19.3489277756968,72.8750219955356,12.5,False,False,7432.4324324324325,3,0.0,15.009433026436708,6.095824562432225,15.34271151654134
10 to 15 years,4350000.0,29000.0,1,2.0,,150.0,150.0,,,Unfurnished,,,Residential House,Resale,Ready to Move,2026-08-20,Mumbai,Saki Naka,,Ajmeri Masjid,Saki Naka,,,,,,,Bachelors/Family,2026-08-19 23:40:20+00:00,1BHK Residential House for Resale in Saki Naka,19.0995475710707,72.8853715226256,12.5,False,False,29000.0,5,0.0,15.285686403064867,5.0106352940962555,15.614714333439204
Less than 5 years,5000000.0,5405.0,1,2.0,,666.0,925.0,1.0,8.0,Unfurnished,,,Apartment,Resale,Ready to Move,2026-08-21,Mumbai,Virar,Peninsula Park,,Virar,"Visitor Parking,",,,,,,Bachelors/Family,2026-08-20 14:45:07+00:00,1BHK Multistorey Apartment for Resale in Peninsula Park at Virar,19.462194642857,72.8049130698568,3.0,False,False,7507.507507507507,4,0.0,15.424948470398375,6.501289670540389,15.40653067895644
Less than 5 years,4100000.0,10149.0,1,2.0,,291.0,404.0,2.0,7.0,Unfurnished,,,Apartment,Resale,Ready to Move,2026-08-21,Mumbai,Y K Nagar,Peninsula Park,,Y K Nagar,"Visitor Parking,",,,,,,Bachelors/Family,2026-08-20 14:45:01+00:00,1BHK Multistorey Apartment for Resale in Peninsula Park at Y K Nagar,19.461506,72.801678,3.0,False,False,14089.347079037801,4,0.0,15.226497531674536,5.673323267171493,15.226497531674536
Less than 5 years,3300000.0,6804.0,1,1.0,,349.0,485.0,2.0,4.0,Semi-Furnished,,,Apartment,Resale,Ready to Move,2026-08-21,Mumbai,Vasai,Evershine City,,Vasai,,,,,,,Bachelors/Family,2026-08-20 16:08:24+00:00,1BHK Multistorey Apartment for Resale in Evershine City at Vasai,19.3914260104194,72.8285855834131,3.0,False,False,9455.587392550144,4,1.0,15.009433026436708,5.855071922202427,15.876706569663893
,2100000.0,5250.0,1,1.0,,,400.0,4.0,9.0,Unfurnished,,,Apartment,Resale,Ready to Move,2026-08-21,Mumbai,Nala Sopara,Royal Plaza,,Nala Sopara,"Service/Goods Lift,Visitor Parking,",,,,,,Bachelors/Family,2026-08-21 14:37:32+00:00,1BHK Multistorey Apartment for Resale in Royal Plaza at Nala Sopara,19.4196344986519,72.8081166617887,,False,False,,3,0.0,14.557447902693651,,15.04748204269443
5 to 10 years,2500000.0,5000.0,1,1.0,2,500.0,500.0,1.0,7.0,Unfurnished,East,Garden/Park,Residential House,Resale,Ready to Move,2026-08-18,Mumbai,Palghar Naigaon East,Rashmis Star City,"This property is closed to station, station is 5 to 10 mins away",Palghar Naigaon East,,Water Availability 1 Hour Available,No/Rare Powercut,Ceramic Tiles,"NA|null,P99000005391|08/2015,P99000006967|05/2019,P99000007752|02/2016,P99000009093|01/2017",Co-operative Society,Bachelors/Family,2026-08-18 15:33:37+00:00,1BHK Residential House for Resale in Rashmis Star City at Palghar Naigaon East,19.3489277756968,72.8750219955356,7.5,False,False,5000.0,6,0.0,14.73180128983843,6.214608098422191,15.34271151654134
5 to 10 years,3600000.0,6050.0,1,1.0,,428.0,595.0,7.0,7.0,Unfurnished,,,Apartment,Resale,Ready to Move,2026-08-21,Mumbai,Virar,Bachraj Paradise,,Virar,"Service/Goods Lift,Visitor Parking,",,,,,,Bachelors/Family,2026-08-20 16:05:27+00:00,1BHK Multistorey Apartment for Resale in Bachraj Paradise at Virar,19.462194642857,72.8049130698568,7.5,False,False,8411.214953271028,4,0.0,15.096444403426338,6.059123195581797,15.40653067895644
Less than 5 years,2800000.0,8485.0,1,1.0,,238.0,330.0,5.0,14.0,Semi-Furnished,,,Apartment,Resale,Ready to Move,2026-08-21,Mumbai,Palghar Naigaon East,Unicorn Global Arena,,Palghar Naigaon East,"Banquet Hall,Jogging and Strolling Track,Laundry Service,,,,Visitor Parking,Intercom Facility,,",,,,"NA|null,P99000006463|-1,P99000053168|-1",,Bachelors/Family,2026-08-20 16:03:01+00:00,1BHK Multistorey Apartment for Resale in Unicorn Global Arena at Palghar Naigaon East,19.3489277756968,72.8750219955356,3.0,False,False,11764.70588235294,4,1.0,14.845129975145433,5.472270673671475,15.34271151654134
5 to 10 years,3700000.0,5692.0,1,2.0,,468.0,650.0,14.0,15.0,Furnished,,,Apartment,Resale,Ready to Move,2026-08-22,Mumbai,Virar West,Kalash Kumkum,,Virar West,"Banquet Hall,Jogging and Strolling Track,,Laundry Service,,Service/Goods Lift,Visitor Parking,Conference Room,",,,,,,Bachelors/Family,2026-08-21 08:51:56+00:00,1BHK Multistorey Apartment for Resale in Kalash Kumkum at Virar West,19.4638767047594,72.7822993572118,7.5,False,False,7905.982905982906,3,2.0,15.123843377614453,6.148468295917647,15.772149807434285
,2800000.0,6222.0,1,1.0,,,450.0,2.0,5.0,Unfurnished,,,Apartment,Resale,Ready to Move,2026-08-19,Mumbai,Nalasopara East,,,Nalasopara East,,,,,,,Bachelors/Family,2026-08-19 05:38:10+00:00,1BHK Multistorey Apartment for Resale in Nalasopara East,19.43138984792,72.8497262547151,,False,False,,6,0.0,14.845129975145433,,15.256196731670533
Above 20 years,4200000.0,7636.0,1,2.0,,396.0,550.0,1.0,3.0,Unfurnished,,,Apartment,Resale,Ready to Move,2026-08-21,Mumbai,,,,,,,,,,,Bachelors/Family,2026-08-20 16:47:35+00:00,1BHK Multistorey Apartment for Resale in ,,,25.0,False,False,10606.060606060606,4,0.0,15.250595083253597,5.981414211254481,
Less than 5 years,3000000.0,4651.0,1,2.0,,464.0,645.0,3.0,12.0,Semi-Furnished,,,Apartment,Resale,Ready to Move,2026-08-21,Mumbai,Virar,Vinay Unique Homes,,Virar,"Jogging and Strolling Track,,,Visitor Parking,Intercom Facility,",,,,"NA|null,P99000012052|-1",,Bachelors/Family,2026-08-20 14:38:43+00:00,1BHK Multistorey Apartment for Resale in Vinay Unique Homes at Virar,19.462194642857,72.8049130698568,3.0,False,False,6465.517241379311,4,1.0,14.914122846632385,6.139884552226255,15.40653067895644
,4500000.0,15000.0,1,1.0,,216.0,300.0,1.0,13.0,Unfurnished,,,Apartment,Resale,Under Construction,2026-08-22,Mumbai,Mira Road,Seven Eleven Apna Ghar,,Mira Road Area,,,,,"NA|null,P51700002976|-1,P51700004368|06/2021,P51700007988|06/2021,P51700016020|12/2021",,Bachelors/Family,2026-08-21 08:01:05+00:00,1BHK Multistorey Apartment for Resale in Seven Eleven Apna Ghar at Mira Road Area,19.2829267647424,72.8627883689306,,False,False,20833.333333333332,3,0.0,15.319587954740548,5.375278407684165,16.228045916668293
Less than 5 years,7500000.0,16667.0,1,2.0,2,315.0,450.0,16.0,23.0,Furnished,,"Garden/Park, Main Road",Apartment,Resale,Ready to Move,2026-08-22,Mumbai,Mulund West,A And O Excellente,,Mulund West,,,,,,,Bachelors/Family,2026-08-22 07:06:01+00:00,1BHK Multistorey Apartment for Resale in A And O Excellente at Mulund West,19.1749536837097,72.943103519999,3.0,False,False,23809.52380952381,2,2.0,15.830413578506539,5.752572638825633,17.223121841269137
10 to 15 years,5485000.0,11427.0,1,1.0,,320.0,480.0,4.0,12.0,Furnished,East,Garden/Park,Apartment,Resale,Ready to Move,2026-08-24,Mumbai,,,,,"Air Conditioned,Jogging and Strolling Track,Internet/Wi-Fi Connectivity,RO Water System,Service/Goods Lift,Intercom Facility",,,,,Co-operative Society,Bachelors/Family,2026-08-24 08:11:41+00:00,1BHK Multistorey Apartment for Resale in ,,,12.5,False,False,17140.625,0,2.0,15.517527651691468,5.768320995793772,
10 to 15 years,7000000.0,24221.0,1,2.0,,,289.0,,,Unfurnished,East,Main Road,Residential House,Resale,Ready to Move,2026-08-21,Mumbai,Bangur Nagar,Prarthana Apartment,The property is super close to Bangur Nagar Metro Station,Bangur Nagar,Visitor Parking,Water Availability 24 Hours Available,No/Rare Powercut,Marble,,Freehold,Bachelors/Family,2026-08-21 05:31:39+00:00,1BHK Residential House for Resale in Prarthana Apartment at Bangur Nagar,19.16697,72.83154,12.5,False,False,,4,0.0,15.761420707019587,,16.55164589480001
Above 20 years,5100000.0,8718.0,1,1.0,,421.0,585.0,2.0,3.0,Semi-Furnished,,,Apartment,Resale,Ready to Move,2026-08-22,Mumbai,,,,,,,,,,,Bachelors/Family,2026-08-21 19:46:04+00:00,1BHK Multistorey Apartment for Resale in ,,,25.0,False,False,12114.014251781473,3,1.0,15.444751097694555,6.042632833682381,
Less than 5 years,7200000.0,13091.0,1,1.0,,396.0,550.0,8.0,16.0,Semi-Furnished,,,Apartment,Resale,Ready to Move,2026-08-22,Mumbai,Mira Road,Lodha Casa Supremo,,Mira Road Area,,,,,"NA|null,P51700012991|-1",,Bachelors/Family,2026-08-21 20:00:32+00:00,1BHK Multistorey Apartment for Resale in Lodha Casa Supremo at Mira Road Area,19.2829267647424,72.8627883689306,3.0,False,False,18181.81818181818,3,1.0,15.789591583986283,5.981414211254481,16.228045916668293
,5500000.0,12088.0,1,2.0,,328.0,455.0,5.0,22.0,Unfurnished,,,Apartment,Resale,Under Construction,2026-08-22,Mumbai,Mira Road,Ravi Origin Shubh Atika,,Mira Road Area,"Kids play area,",,,,"NA|null,P51700009680|05/2013",,Bachelors/Family,2026-08-21 14:03:49+00:00,1BHK Multistorey Apartment for Resale in Ravi Origin Shubh Atika at Mira Road Area,19.2829267647424,72.8627883689306,,False,False,16768.29268292683,3,0.0,15.520258650202699,5.793013608384144,16.228045916668293
Less than 5 years,7200000.0,20630.0,1,1.0,,251.0,349.0,21.0,22.0,Unfurnished,,,Apartment,Resale,Ready to Move,2026-08-22,Mumbai,Bhandup West,Shraddha Evoque,,Bhandup West,"Jogging and Strolling Track,Earth quake resistant,",,,,"NA|null,P51800008864|12/2022",,Bachelors/Family,2026-08-21 13:30:57+00:00,1BHK Multistorey Apartment for Resale in Shraddha Evoque at Bhandup West,19.149901,72.931134,3.0,False,False,28685.258964143428,3,0.0,15.789591583986283,5.5254529391317835,16.367255675821816
Less than 5 years,7500000.0,14019.0,1,1.0,,385.0,535.0,22.0,23.0,Furnished,,,Apartment,Resale,Ready to Move,2026-08-22,Mumbai,Bhandup West,Shraddha Evoque,,Bhandup West,"Jogging and Strolling Track,Earth quake resistant,",,,,"NA|null,P51800008864|12/2022",,Bachelors/Family,2026-08-21 13:30:41+00:00,1BHK Multistorey Apartment for Resale in Shraddha Evoque at Bhandup West,19.149901,72.931134,3.0,False,False,19480.51948051948,3,2.0,15.830413578506539,5.953243334287785,16.367255675821816
Less than 5 years,7250000.0,12719.0,1,2.0,,410.0,570.0,14.0,23.0,Unfurnished,,,Apartment,Resale,Ready to Move,2026-08-22,Mumbai,Mira Road,,,Mira Road,,,,,,,Bachelors/Family,2026-08-21 14:26:30+00:00,1BHK Multistorey Apartment for Resale in Mira Road,19.2824790028886,72.8826767010947,3.0,False,False,17682.926829268294,3,0.0,15.796512026830857,6.016157159698354,16.228045916668293
,6800000.0,21587.0,1,1.0,,227.0,315.0,19.0,23.0,Unfurnished,,,Apartment,Resale,Under Construction,2026-08-22,Mumbai,Bhandup West,Shraddha Nipun Galaxy,,Bhandup West,"Fireplace,Fire Sprinklers,",,,,"NA|null,P51800018203|07/2001",,Bachelors/Family,2026-08-21 14:49:19+00:00,1BHK Multistorey Apartment for Resale in Shraddha Nipun Galaxy at Bhandup West,19.149901,72.931134,,False,False,29955.94713656388,3,0.0,15.732433170146335,5.424950017481403,16.367255675821816
New Construction,6900000.0,20235.0,1,1.0,,246.0,341.0,22.0,23.0,Unfurnished,,,Apartment,Resale,Ready to Move,2026-08-22,Mumbai,Bhandup,Sudhanshu Imperia,,Bhandup,"Skyline View,Fireplace,Theme based Architectures,Air Conditioned,Internet/Wi-Fi Connectivity,RO Water System,Service/Goods Lift,Visitor Parking,Intercom Facility,Conference Room",,,,"NA|null,P51800003303|-1,P51800027547|-1",,Bachelors/Family,2026-08-21 16:20:12+00:00,1BHK Multistorey Apartment for Resale in Sudhanshu Imperia at Bhandup,19.14871992,72.94278085,0.0,False,False,28048.780487804877,3,0.0,15.747031969567487,5.5053315359323625,15.747031969567487
Above 20 years,7500000.0,17045.0,1,1.0,,317.0,440.0,2.0,4.0,Unfurnished,,,Apartment,Resale,Ready to Move,2026-08-22,Mumbai,Malad West,Libra CHS,,Malad West,"Service/Goods Lift,Visitor Parking",,,,,,Bachelors/Family,2026-08-21 10:11:46+00:00,1BHK Multistorey Apartment for Resale in Libra CHS at Malad West,19.1940346300819,72.8257561606587,25.0,False,False,23659.30599369085,3,0.0,15.830413578506539,5.75890177387728,16.726961842869137
5 to 10 years,5200000.0,14857.0,1,1.0,,252.0,350.0,13.0,25.0,Unfurnished,,,Apartment,Resale,Ready to Move,2026-08-22,Mumbai,Malad West,Malvani Panchratna CHS,,Malad West,Service/Goods Lift,,,,,,Bachelors/Family,2026-08-21 09:50:44+00:00,1BHK Multistorey Apartment for Resale in Malvani Panchratna CHS at Malad West,19.1940346300819,72.8257561606587,7.5,False,False,20634.920634920636,3,0.0,15.464169183551656,5.529429087511423,16.726961842869137
New Construction,7500000.0,10135.0,1,2.0,,533.0,740.0,10.0,12.0,Unfurnished,,,Apartment,Resale,Ready to Move,2026-08-22,Mumbai,Mira Road,Strawberry The Address,,Mira Road Area,"Grand Entrance lobby,Health club with Steam / Jaccuzi,,Air Conditioned,Laundry Service,,Service/Goods Lift,Intercom Facility,",,,,"NA|null,P51700010224|07/2019,P51700010395|04/2019,P51700018632|02/2018,P51700018682|04/2020",,Bachelors/Family,2026-08-21 10:25:53+00:00,1BHK Multistorey Apartment for Resale in Strawberry The Address at Mira Road Area,19.2829267647424,72.8627883689306,0.0,False,False,14071.294559099437,3,0.0,15.830413578506539,6.278521424165844,16.228045916668293
New Construction,7700000.0,17111.0,1,1.0,,324.0,450.0,2.0,4.0,Furnished,,,Apartment,Resale,Ready to Move,2026-08-22,Mumbai,Malad West,Virgo Apartment,,Malad West,Service/Goods Lift,,,,,,Bachelors/Family,2026-08-21 10:11:32+00:00,1BHK Multistorey Apartment for Resale in Virgo Apartment at Malad West,19.1940346300819,72.8257561606587,0.0,False,False,23765.432098765432,3,2.0,15.856730886823913,5.780743515792329,16.726961842869137
New Construction,7500000.0,10345.0,1,1.0,,522.0,725.0,1.0,22.0,Unfurnished,,,Apartment,Resale,Ready to Move,2026-08-22,Mumbai,Mira Road,SK PNK Imperial Heights,,Mira Road Area,"Water Front,Bar/Lounge,,,,Air Conditioned,Banquet Hall,Jogging and Strolling Track,Outdoor Tennis Courts,Laundry Service,Internet/Wi-Fi Connectivity,RO Water System,Service/Goods Lift,Visitor Parking,Intercom Facility,Conference Room",,,,"NA|null,P51700008172|09/2020",,Bachelors/Family,2026-08-21 10:01:22+00:00,1BHK Multistorey Apartment for Resale in SK PNK Imperial Heights at Mira Road Area,19.2829267647424,72.8627883689306,0.0,False,False,14367.816091954022,3,0.0,15.830413578506539,6.257667587882639,16.228045916668293
Less than 5 years,5700000.0,13194.0,1,1.0,,311.0,432.0,5.0,7.0,Unfurnished,,,Apartment,Resale,Ready to Move,2026-08-22,Mumbai,Bhandup West, Ranjana Mount Bliss,,Bhandup West,"Kids play area,,,Visitor Parking,Intercom Facility,",,,,"NA|null,P51800014154|12/2021",,Bachelors/Family,2026-08-21 18:03:30+00:00,1BHK Multistorey Apartment for Resale in  Ranjana Mount Bliss at Bhandup West,19.149901,72.931134,3.0,False,False,18327.97427652733,3,0.0,15.555976732804778,5.739792912179234,16.367255675821816
Less than 5 years,7500000.0,18293.0,1,1.0,,295.0,410.0,2.0,3.0,Unfurnished,,,Apartment,Resale,Ready to Move,2026-08-22,Mumbai,,,,,,,,,,,Bachelors/Family,2026-08-21 17:19:35+00:00,1BHK Multistorey Apartment for Resale in ,,,3.0,False,False,25423.728813559323,3,0.0,15.830413578506539,5.68697535633982,
10 to 15 years,7700000.0,14000.0,1,1.0,,396.0,550.0,5.0,7.0,Unfurnished,,,Apartment,Resale,Ready to Move,2026-08-22,Mumbai,,Midas Enclave CHS ,,Nadiyawala Colony 2,,,,,,,Bachelors/Family,2026-08-21 11:03:50+00:00,1BHK Multistorey Apartment for Resale in Midas Enclave CHS  at Nadiyawala Colony 2,19.179903,72.845384,12.5,False,False,19444.444444444445,3,0.0,15.856730886823913,5.981414211254481,
10 to 15 years,6000000.0,16000.0,1,1.0,,,375.0,5.0,8.0,Unfurnished,East,Main Road,Apartment,Resale,Ready to Move,2026-08-19,Mumbai,Charkop,,,Charkop Gaon,Air Conditioned,,,,,Co-operative Society,Bachelors/Family,2026-08-19 15:32:33+00:00,1BHK Multistorey Apartment for Resale in Charkop Gaon,19.2092681034955,72.8158628966972,12.5,False,False,,5,0.0,15.60727002719233,,16.729382532707216
5 to 10 years,6000000.0,,1,2.0,,400.0,,0.0,3.0,Semi-Furnished,,,Apartment,Resale,Ready to Move,2026-08-19,Mumbai,Mira Road,Hiral Greens,,Mira Road Area,,,,,,,Bachelors/Family,2026-08-19 07:57:08+00:00,1BHK Multistorey Apartment for Resale in Hiral Greens at Mira Road Area,19.2829267647424,72.8627883689306,7.5,False,False,15000.0,5,1.0,15.60727002719233,5.991464547107982,16.228045916668293
10 to 15 years,7000000.0,9602.0,1,2.0,1,600.0,729.0,4.0,12.0,Unfurnished,East,"Garden/Park, Main Road",Apartment,Resale,Ready to Move,2026-08-19,Mumbai,Bhayandar East,,Kanakia International School,Bhayandar East,"Internet/Wi-Fi Connectivity,Visitor Parking",,,Vitrified,,,Bachelors/Family,2026-08-18 23:41:04+00:00,1BHK Multistorey Apartment for Resale in Bhayandar East,19.3096844760714,72.8623193046283,12.5,False,False,11666.666666666666,6,0.0,15.761420707019587,6.396929655216146,16.2142810972818
Less than 5 years,5500000.0,16667.0,1,1.0,,238.0,330.0,0.0,7.0,Unfurnished,,,Apartment,Resale,Ready to Move,2026-08-21,Mumbai,Mira Road,Accord Crystal Co operative Society,,Mira Road Area,,,,,,,Bachelors/Family,2026-08-20 16:44:17+00:00,1BHK Multistorey Apartment for Resale in Accord Crystal Co operative Society at Mira Road Area,19.2829267647424,72.8627883689306,3.0,False,False,23109.243697478993,4,0.0,15.520258650202699,5.472270673671475,16.228045916668293
Less than 5 years,7000000.0,13333.0,1,1.0,,378.0,525.0,5.0,7.0,Unfurnished,,,Apartment,Resale,Ready to Move,2026-08-21,Mumbai,Mira Road,Jangid Complex,,Mira Road Area,"Jogging and Strolling Track,,Internet/Wi-Fi Connectivity,RO Water System,Visitor Parking,Intercom Facility,,",,,,,,Bachelors/Family,2026-08-20 16:17:14+00:00,1BHK Multistorey Apartment for Resale in Jangid Complex at Mira Road Area,19.2829267647424,72.8627883689306,3.0,False,False,18518.51851851852,4,0.0,15.761420707019587,5.934894195619588,16.228045916668293
New Construction,7500000.0,9615.0,1,2.0,,562.0,780.0,16.0,23.0,Unfurnished,,,Apartment,Resale,Ready to Move,2026-08-21,Mumbai,Mira Road,Kakad Paradise,,Mira Road Area,"Jogging and Strolling Track,Laundry Service,Internet/Wi-Fi Connectivity,RO Water System,Service/Goods Lift,Visitor Parking,Intercom Facility,",,,,"NA|null,P51700006750|-1",,Bachelors/Family,2026-08-20 16:14:27+00:00,1BHK Multistorey Apartment for Resale in Kakad Paradise at Mira Road Area,19.2829267647424,72.8627883689306,0.0,False,False,13345.195729537367,4,0.0,15.830413578506539,6.331501849893691,16.228045916668293
10 to 15 years,7400000.0,14231.0,1,1.0,,374.0,520.0,0.0,7.0,Unfurnished,,,Apartment,Resale,Ready to Move,2026-08-21,Mumbai,Mira Road,Ashish Complex,,Mira Road Area,"Laundry Service,Service/Goods Lift,Visitor Parking,",,,,,,Bachelors/Family,2026-08-20 16:03:26+00:00,1BHK Multistorey Apartment for Resale in Ashish Complex at Mira Road Area,19.2829267647424,72.8627883689306,12.5,False,False,19786.096256684494,4,0.0,15.816990558174398,5.924255797414532,16.228045916668293
New Construction,6000000.0,10453.0,1,2.0,,413.0,574.0,11.0,20.0,Unfurnished,,,Apartment,Resale,Ready to Move,2026-08-22,Mumbai,Mira Road,DB Ozone,,Mira Road Area,"Air Conditioned,Banquet Hall,Jogging and Strolling Track,Outdoor Tennis Courts,,,,Laundry Service,,,,,Internet/Wi-Fi Connectivity,RO Water System,Service/Goods Lift,Visitor Parking,Intercom Facility,Conference Room,,",,,,"NA|null,P51700003433|-1",,Bachelors/Family,2026-08-21 06:45:28+00:00,1BHK Multistorey Apartment for Resale in DB Ozone at Mira Road Area,19.2829267647424,72.8627883689306,0.0,False,False,14527.845036319613,3,0.0,15.60727002719233,6.023447592961033,16.228045916668293
Above 20 years,7650000.0,22500.0,1,1.0,,245.0,340.0,7.0,12.0,Unfurnished,,,Apartment,Resale,Ready to Move,2026-08-21,Mumbai,Virar,padmavati complex,,Virar,"Jogging and Strolling Track,Laundry Service",,,,,,Bachelors/Family,2026-08-20 16:52:15+00:00,1BHK Multistorey Apartment for Resale in padmavati complex at Virar,19.462194642857,72.8049130698568,25.0,False,False,31224.48979591837,4,0.0,15.850216205802719,5.501258210544727,15.40653067895644
10 to 15 years,5500000.0,8462.0,1,1.0,,468.0,650.0,7.0,7.0,Semi-Furnished,,,Apartment,Resale,Ready to Move,2026-08-21,Mumbai,,,,,,,,,,,Bachelors/Family,2026-08-20 17:05:05+00:00,1BHK Multistorey Apartment for Resale in ,,,12.5,False,False,11752.136752136752,4,1.0,15.520258650202699,6.148468295917647,
,10500000.0,16935.0,1,2.0,,,620.0,12.0,14.0,Semi-Furnished,,,Apartment,Resale,Ready to Move,2026-08-24,Mumbai,Bhandup West,Marathon Embryo,,Bhandup West,,,,,,,Bachelors/Family,2026-08-24 09:16:57+00:00,1BHK Multistorey Apartment for Resale in Marathon Embryo at Bhandup West,19.149901,72.931134,,False,False,,0,1.0,16.166885815127753,,16.367255675821816
15 to 20 years,11000000.0,20952.0,1,2.0,,425.0,525.0,1.0,7.0,Semi-Furnished,,,Apartment,Resale,Ready to Move,2026-08-22,Mumbai,Borivali West,Blue Crystal,Near JBCN School and 5 minutes from Dahisar station and IC colony.,Borivali West,,Water Availability 24 Hours Available,,Ceramic Tiles,,Freehold,Bachelors/Family,2026-08-21 18:57:14+00:00,1BHK Multistorey Apartment for Resale in Blue Crystal at Borivali West,19.2335321,72.839198,17.5,False,False,25882.352941176472,3,1.0,16.213405830762646,6.052089168924417,17.24410940087686
15 to 20 years,9500000.0,21111.0,1,1.0,,352.0,450.0,8.0,8.0,Furnished,East,Garden/Park,Apartment,Resale,Ready to Move,2026-08-24,Mumbai,Kandivali West,,"near BMC swimming pool , inside dheeraj presidency complex",Kandivali West,Air Conditioned,,,Ceramic Tiles,,Freehold,Bachelors/Family,2026-08-22 09:42:38+00:00,1BHK Multistorey Apartment for Resale in Kandivali West,19.2101312179652,72.8305011930765,17.5,False,False,26988.636363636364,2,2.0,16.06680235657077,5.863631175598097,16.88809240469397
,9100000.0,16545.0,1,2.0,1,514.0,550.0,41.0,45.0,Unfurnished,East,"Pool, Main Road",Apartment,Resale,Under Construction,2026-08-24,Mumbai,Mira Bhayandar,JP The Palace,Opp Raghuvanshi dairy,Mira Bhayandar,"Skyline View,Skydeck,Fireplace,Fingerprint Access,Banquet Hall,Jogging and Strolling Track,Visitor Parking,Intercom Facility",Water Availability 24 Hours Available,No/Rare Powercut,"Vitrified,Ceramic Tiles","NA|null,P51700078483|-1",Freehold,Bachelors/Family,2026-08-24 06:04:57+00:00,1BHK Multistorey Apartment for Resale in JP The Palace at Mira Bhayandar,19.2783121,72.8580188,,False,False,17704.280155642024,0,0.0,16.02378497148708,6.2422232654551655,16.08416528757378
Less than 5 years,12000000.0,18868.0,1,2.0,,,636.0,10.0,22.0,Semi-Furnished,North - East,"Garden/Park, Main Road",Apartment,Resale,Ready to Move,2026-08-24,Mumbai,Chembur,Crystal Armus,Anusmera residency,Chembur,"Internet/Wi-Fi Connectivity,Intercom Facility",,,,"NA|null,P51800000753|-1",Freehold,Bachelors/Family,2026-08-24 09:13:40+00:00,1BHK Multistorey Apartment for Resale in Crystal Armus at Chembur,19.0459181155422,72.8975231581492,3.0,False,False,,0,1.0,16.300417207752275,,17.204493810368014
,8100000.0,16200.0,1,1.0,,325.0,500.0,2.0,9.0,Unfurnished,East,Main Road,Apartment,Resale,Under Construction,2026-08-24,Mumbai,Kurla West,,Brahman Wadi Kurla West,Kurla West,,,,Vitrified,,Freehold,Bachelors/Family,2026-08-23 23:34:23+00:00,1BHK Multistorey Apartment for Resale in Kurla West,19.077063,72.8840395,,False,False,24923.076923076922,1,0.0,15.907374619642667,5.783825182329737,17.26072092557152
Above 20 years,11000000.0,24444.0,1,1.0,1,415.0,450.0,2.0,6.0,Furnished,North,,Apartment,New Property,Ready to Move,2026-08-24,Mumbai,Gavanpada,Gayatri Apartment,near holy angels school,Gavanpada Mulund East,,,,Ceramic Tiles,,Co-operative Society,Bachelors/Family,2026-08-24 04:40:54+00:00,1BHK Multistorey Apartment for New Property in Gayatri Apartment at Gavanpada Mulund East,19.17341,72.96469,25.0,False,False,26506.024096385543,1,2.0,16.213405830762646,6.028278520230698,16.213405830762646
New Construction,12000000.0,27088.0,1,2.0,,,443.0,10.0,22.0,Furnished,,,Apartment,Resale,Ready to Move,2026-08-24,Mumbai,Kandivali West,Sai Krupa Skylon Spaces,,Kandivali West,,,,,"NA|null,P51800010405|12/2018",,Bachelors/Family,2026-08-23 23:43:55+00:00,1BHK Multistorey Apartment for Resale in Sai Krupa Skylon Spaces at Kandivali West,19.2101312179652,72.8305011930765,0.0,False,False,,1,2.0,16.300417207752275,,16.88809240469397
,9500000.0,27143.0,1,1.0,,,350.0,3.0,5.0,Semi-Furnished,,,Apartment,Resale,,2026-08-23,Mumbai,New Nagardas Road,,,New Nagardas Road,,,,,,,Bachelors/Family,2026-08-23 12:16:29+00:00,1BHK Multistorey Apartment for Resale in New Nagardas Road,19.1250117630727,72.8499345539776,,False,False,,1,1.0,16.06680235657077,,16.06680235657077
,12000000.0,28235.0,1,2.0,,,425.0,7.0,11.0,Unfurnished,,,Apartment,Resale,Ready to Move,2026-08-22,Mumbai,Malad West,Shree Sai Imperial Hava Hira,,Malad West,,,,,"NA|null,PR1180002500372|-1",,Bachelors/Family,2026-08-21 11:17:59+00:00,1BHK Multistorey Apartment for Resale in Shree Sai Imperial Hava Hira at Malad West,19.1940346300819,72.8257561606587,,False,False,,3,0.0,16.300417207752275,,16.726961842869137
Above 20 years,9500000.0,17273.0,1,1.0,,396.0,550.0,1.0,7.0,Semi-Furnished,,,Apartment,Resale,Ready to Move,2026-08-22,Mumbai,Kandivali East,Essbel CHS,,Kandivali East,,,,,,,Bachelors/Family,2026-08-21 19:42:55+00:00,1BHK Multistorey Apartment for Resale in Essbel CHS at Kandivali East,19.2050017,72.8692711,25.0,False,False,23989.89898989899,3,1.0,16.06680235657077,5.981414211254481,17.422295377931313
5 to 10 years,12000000.0,16000.0,1,1.0,,540.0,750.0,17.0,22.0,Unfurnished,,,Apartment,Resale,Ready to Move,2026-08-22,Mumbai,MHADA Colony,Sapphire Lakeside,,MHADA Colony Chandivali,,,,,,,Bachelors/Family,2026-08-21 19:32:39+00:00,1BHK Multistorey Apartment for Resale in Sapphire Lakeside at MHADA Colony Chandivali,19.1119,72.89604,7.5,False,False,22222.222222222223,3,0.0,16.300417207752275,6.29156913955832,16.300417207752275
15 to 20 years,10000000.0,25641.0,1,1.0,,281.0,390.0,6.0,6.0,Unfurnished,,,Apartment,Resale,Ready to Move,2026-08-22,Mumbai,Andheri East,Shirin Apartment,,Andheri East,,,,,,,Bachelors/Family,2026-08-21 19:28:33+00:00,1BHK Multistorey Apartment for Resale in Shirin Apartment at Andheri East,19.1154908,72.8726952,17.5,False,False,35587.18861209964,3,0.0,16.11809565095832,5.638354669333745,17.064584727117307
Less than 5 years,12000000.0,40000.0,1,1.0,,216.0,300.0,7.0,9.0,Unfurnished,,,Apartment,Resale,Ready to Move,2026-08-22,Mumbai,Matunga West,shyam chs,,Matunga West,,,,,,,Bachelors/Family,2026-08-21 18:35:20+00:00,1BHK Multistorey Apartment for Resale in shyam chs at Matunga West,19.0288217353274,72.8440906063583,3.0,False,False,55555.555555555555,3,0.0,16.300417207752275,5.375278407684165,17.5942010176288
Less than 5 years,11000000.0,22000.0,1,1.0,,360.0,500.0,3.0,8.0,Furnished,,,Apartment,Resale,Ready to Move,2026-08-22,Mumbai,Mulund East,Neelam Nagar 11 D CHS Ltd,,Mulund East,,,,,,,Bachelors/Family,2026-08-21 19:28:04+00:00,1BHK Multistorey Apartment for Resale in Neelam Nagar 11 D CHS Ltd at Mulund East,19.1531029501285,72.9678051455382,3.0,False,False,30555.555555555555,3,2.0,16.213405830762646,5.886104031450156,16.86695469044897
Less than 5 years,10500000.0,14423.0,1,2.0,,524.0,728.0,9.0,16.0,Semi-Furnished,,,Apartment,Resale,Ready to Move,2026-08-22,Mumbai,Kurla East,Sayba Residences,,Kurla East,,,,,,,Bachelors/Family,2026-08-21 20:15:23+00:00,1BHK Multistorey Apartment for Resale in Sayba Residences at Kurla East,19.0615645059118,72.880543263673,3.0,False,False,20038.1679389313,3,1.0,16.166885815127753,6.261491684321042,16.48584946437232
Above 20 years,9900000.0,15469.0,1,2.0,,461.0,640.0,1.0,5.0,Semi-Furnished,,,Apartment,Resale,Ready to Move,2026-08-22,Mumbai,Kandivali,Shreeji Nileshwar,,Kandivali,,,,,,,Bachelors/Family,2026-08-21 16:17:01+00:00,1BHK Multistorey Apartment for Resale in Shreeji Nileshwar at Kandivali,19.205566,72.852158,25.0,False,False,21475.054229934925,3,1.0,16.108045315104818,6.133398042996649,16.108045315104818
15 to 20 years,8400000.0,15584.0,1,2.0,,388.0,539.0,6.0,6.0,Unfurnished,,,Apartment,Resale,Ready to Move,2026-08-22,Mumbai,Saki Naka,,,Saki Naka,,,,,,,Bachelors/Family,2026-08-21 16:06:05+00:00,1BHK Multistorey Apartment for Resale in Saki Naka,19.0995475710707,72.8853715226256,17.5,False,False,21649.484536082473,3,0.0,15.943742263813542,5.961005339623274,15.614714333439204
New Construction,9900000.0,22864.0,1,2.0,,312.0,433.0,14.0,23.0,Semi-Furnished,,,Apartment,Resale,Ready to Move,2026-08-22,Mumbai,Malad East,Rizvi Cedar ,,Malad East,"Intercom Facility,",,,,"NA|null,P51800003809|12/2020",,Bachelors/Family,2026-08-21 12:14:44+00:00,1BHK Multistorey Apartment for Resale in Rizvi Cedar  at Malad East,19.1848724519187,72.8629697025013,0.0,False,False,31730.76923076923,3,1.0,16.108045315104818,5.7430031878094825,16.8963646152373
Above 20 years,12000000.0,26608.0,1,1.0,,325.0,451.0,3.0,7.0,Semi-Furnished,,,Apartment,Resale,Ready to Move,2026-08-22,Mumbai,Chembur,Shiv Kripa,,Chembur,,,,,,,Bachelors/Family,2026-08-21 12:12:34+00:00,1BHK Multistorey Apartment for Resale in Shiv Kripa at Chembur,19.0459181155422,72.8975231581492,25.0,False,False,36923.07692307692,3,1.0,16.300417207752275,5.783825182329737,17.204493810368014
Less than 5 years,11500000.0,26437.0,1,2.0,,313.0,435.0,13.0,17.0,Unfurnished,,,Apartment,Resale,Ready to Move,2026-08-22,Mumbai,Andheri East,Bellevue,,Andheri East,"Grand Entrance lobby,",,,,"NA|null,P51800005944|07/2001",,Bachelors/Family,2026-08-21 12:37:17+00:00,1BHK Multistorey Apartment for Resale in Bellevue at Andheri East,19.1154908,72.8726952,3.0,False,False,36741.21405750799,3,0.0,16.25785759333348,5.746203190540153,17.064584727117307
New Construction,8600000.0,13760.0,1,2.0,,450.0,625.0,9.0,22.0,Unfurnished,,,Apartment,Resale,Ready to Move,2026-08-22,Mumbai,Bhandup West,Vasant Marvel Gold Colosseum,,Bhandup West,"Grand Entrance lobby,Earth quake resistant,Intercom Facility",,,,"NA|null,P51800006875|-1,P51800016143|12/2021",,Bachelors/Family,2026-08-21 12:13:56+00:00,1BHK Multistorey Apartment for Resale in Vasant Marvel Gold Colosseum at Bhandup West,19.149901,72.931134,0.0,False,False,19111.11111111111,3,0.0,15.967272761223736,6.1092475827643655,16.367255675821816
,9600000.0,14861.0,1,2.0,,465.0,646.0,5.0,31.0,Unfurnished,,,Apartment,Resale,Under Construction,2026-08-22,Mumbai,Kandivali East,UK Iridium,,Kandivali East,"Grand Entrance lobby,,,,,,",,,,"NA|null,P51800007275|10/2024",,Bachelors/Family,2026-08-21 12:02:15+00:00,1BHK Multistorey Apartment for Resale in UK Iridium at Kandivali East,19.2050017,72.8692711,,False,False,20645.16129032258,3,0.0,16.077273656438063,6.142037405587356,17.422295377931313
,8300000.0,18043.0,1,1.0,,331.0,460.0,15.0,22.0,Unfurnished,,,Apartment,Resale,Under Construction,2026-08-22,Mumbai,Bhandup West,Sanghvi Atlanta,,Bhandup West,,,,,"NA|null,P51800006480|03/2001",,Bachelors/Family,2026-08-21 12:30:28+00:00,1BHK Multistorey Apartment for Resale in Sanghvi Atlanta at Bhandup West,19.149901,72.931134,,False,False,25075.528700906343,3,0.0,15.931766072766827,5.802118375377063,16.367255675821816
New Construction,11500000.0,25386.0,1,2.0,,326.0,453.0,7.0,16.0,Unfurnished,,,Apartment,Resale,Ready to Move,2026-08-22,Mumbai,Chembur,Reliance Triveni CHS,,Chembur,,,,,"NA|null,P51800004685|12/2019",,Bachelors/Family,2026-08-21 12:29:37+00:00,1BHK Multistorey Apartment for Resale in Reliance Triveni CHS at Chembur,19.0459181155422,72.8975231581492,0.0,False,False,35276.073619631905,3,0.0,16.25785759333348,5.786897381366708,17.204493810368014
Less than 5 years,8200000.0,12481.0,1,2.0,,473.0,657.0,12.0,23.0,Unfurnished,,,Apartment,Resale,Ready to Move,2026-08-22,Mumbai,Mira Road,Lodha Codename Bullseye,,Mira Road Area,"Private jaccuzi,,Banquet Hall,Jogging and Strolling Track,Outdoor Tennis Courts,",,,,"NA|null,P51700012991|-1",,Bachelors/Family,2026-08-21 12:27:01+00:00,1BHK Multistorey Apartment for Resale in Lodha Codename Bullseye at Mira Road Area,19.2829267647424,72.8627883689306,3.0,False,False,17336.15221987315,3,0.0,15.919644712234481,6.159095388491933,16.228045916668293
5 to 10 years,11000000.0,16923.0,1,1.0,,468.0,650.0,3.0,8.0,Semi-Furnished,,,Apartment,Resale,Ready to Move,2026-08-22,Mumbai,Motilal Nagar 2,Sethia Green View,,Motilal Nagar 2,"Wrap Around Balcony,Bar/Lounge,Air Conditioned,Banquet Hall,Outdoor Tennis Courts,Private Garage,Laundry Service,Internet/Wi-Fi Connectivity,RO Water System,Service/Goods Lift,Visitor Parking,Intercom Facility,Conference Room",,,,,,Bachelors/Family,2026-08-21 14:34:18+00:00,1BHK Multistorey Apartment for Resale in Sethia Green View at Motilal Nagar 2,19.165226,72.83551,7.5,False,False,23504.273504273504,3,1.0,16.213405830762646,6.148468295917647,16.213405830762646
5 to 10 years,9700000.0,18476.0,1,1.0,,378.0,525.0,1.0,4.0,Furnished,,,Apartment,Resale,Ready to Move,2026-08-22,Mumbai,Mandapeshwar,,,Mandapeshwar,,,,,,,Bachelors/Family,2026-08-21 13:06:00+00:00,1BHK Multistorey Apartment for Resale in Mandapeshwar,19.24806,72.85539,7.5,False,False,25661.375661375663,3,2.0,16.08763644347361,5.934894195619588,16.08763644347361
5 to 10 years,11300000.0,17385.0,1,2.0,,468.0,650.0,7.0,7.0,Unfurnished,,,Apartment,Resale,Ready to Move,2026-08-22,Mumbai,Chembur,D Almeida Ark,,Chembur,,,,,,,Bachelors/Family,2026-08-21 13:22:55+00:00,1BHK Multistorey Apartment for Resale in D Almeida Ark at Chembur,19.0459181155422,72.8975231581492,7.5,False,False,24145.299145299145,3,0.0,16.240313283682568,6.148468295917647,17.204493810368014
Less than 5 years,9800000.0,26849.0,1,2.0,,263.0,365.0,6.0,40.0,Furnished,,,Apartment,Resale,Ready to Move,2026-08-22,Mumbai,Malad East,Sethia Imperial Avenue,,Malad East,"Premium branded fittings,,Intercom Facility,",,,,"NA|null,P51800015798|12/2022",,Bachelors/Family,2026-08-21 13:37:06+00:00,1BHK Multistorey Apartment for Resale in Sethia Imperial Avenue at Malad East,19.1848724519187,72.8629697025013,3.0,False,False,37262.35741444867,3,2.0,16.0978929436408,5.572154032177765,16.8963646152373
,15900000.0,36219.0,1,2.0,,,439.0,4.0,22.0,Unfurnished,,,Apartment,Resale,Ready to Move,2026-08-24,Mumbai,Jogeshwari Vikhroli Link Road,Kalpataru Vivant,,Jogeshwari Vikhroli Link Road,,,,,"NA|null,P51800034531|-1,P51800045360|-1,P51800045409|-1,P51800047620|-1,P51800047621|-1,P51800051153|-1,P51800051328|-1,P51800053558|-1,P51800053828|-1",,Bachelors/Family,2026-08-23 17:11:39+00:00,1BHK Multistorey Apartment for Resale in Kalpataru Vivant at Jogeshwari Vikhroli Link Road,19.12761,72.88863,,False,False,,1,0.0,16.58182966719046,,17.439436417804497
Above 20 years,13000000.0,23636.0,1,1.0,,400.0,550.0,5.0,6.0,Unfurnished,East,Garden/Park,Apartment,Resale,Ready to Move,2026-08-24,Mumbai,Andheri East,Maheshwari,"Maheshwari nagar, MIDC nearby Aqua line metro station",Andheri East,"Jogging and Strolling Track,Intercom Facility",,,,,Freehold,Bachelors/Family,2026-08-24 08:59:13+00:00,1BHK Multistorey Apartment for Resale in Maheshwari at Andheri East,19.1154908,72.8726952,25.0,False,False,32500.0,0,0.0,16.38045991542581,5.991464547107982,17.064584727117307
5 to 10 years,15000000.0,24194.0,1,2.0,3,440.0,620.0,15.0,23.0,Semi-Furnished,East,"Garden/Park, Main Road",Apartment,Resale,Ready to Move,2026-08-24,Mumbai,Gokuldham,Conwood Astoria,"near oberoi mall , aarey metro station, oberoi international school",Gokuldham Colony Goregaon East,"Banquet Hall,Jogging and Strolling Track,Laundry Service,Internet/Wi-Fi Connectivity,RO Water System,Service/Goods Lift,Visitor Parking,Intercom Facility",Water Availability 24 Hours Available,No/Rare Powercut,Vitrified,"NA|null,P51800008188|12/2018",Co-operative Society,Bachelors/Family,2026-08-24 07:40:45+00:00,1BHK Multistorey Apartment for Resale in Conwood Astoria at Gokuldham Colony Goregaon East,19.1729755212444,72.8716991438016,7.5,False,False,34090.90909090909,0,1.0,16.523560759066484,6.0867747269123065,16.523560759066484
5 to 10 years,14000000.0,25000.0,1,2.0,,465.0,560.0,8.0,8.0,Furnished,East,,Apartment,New Property,Ready to Move,2026-08-24,Mumbai,Dahisar West,Rustomjee Regency,Rustomjee Cambridge International School,Dahisar West,"Internet/Wi-Fi Connectivity,Service/Goods Lift,Visitor Parking,Intercom Facility",Water Availability 24 Hours Available,No/Rare Powercut,Vitrified,,Co-operative Society,Bachelors/Family,2026-08-23 23:34:16+00:00,1BHK Multistorey Apartment for New Property in Rustomjee Regency at Dahisar West,19.2567151019289,72.8506375105369,7.5,False,False,30107.52688172043,1,2.0,16.454567887579532,6.142037405587356,16.744477135206004
,13000000.0,20968.0,1,1.0,,,620.0,8.0,20.0,Furnished,,,Apartment,Resale,Ready to Move,2026-08-23,Mumbai,Malad West,Dheeraj Solitaire,,Malad West,,,,,,,Bachelors/Family,2026-08-23 05:34:56+00:00,1BHK Multistorey Apartment for Resale in Dheeraj Solitaire at Malad West,19.1940346300819,72.8257561606587,,False,False,,2,2.0,16.38045991542581,,16.726961842869137
Above 20 years,13000000.0,23636.0,1,2.0,,396.0,550.0,2.0,6.0,Unfurnished,,,Apartment,Resale,Ready to Move,2026-08-22,Mumbai,Kandivali West,Konark Enclave,,Kandivali West,,,,,,,Bachelors/Family,2026-08-21 18:37:24+00:00,1BHK Multistorey Apartment for Resale in Konark Enclave at Kandivali West,19.2101312179652,72.8305011930765,25.0,False,False,32828.28282828283,3,0.0,16.38045991542581,5.981414211254481,16.88809240469397
5 to 10 years,18000000.0,30769.0,1,2.0,,421.0,585.0,7.0,7.0,Furnished,,,Apartment,Resale,Ready to Move,2026-08-22,Mumbai,Andheri West,Andheri Lokhandwala,,Andheri West,Visitor Parking,,,,,,Bachelors/Family,2026-08-21 20:01:48+00:00,1BHK Multistorey Apartment for Resale in Andheri Lokhandwala at Andheri West,19.1373697481266,72.8257229439874,7.5,False,False,42755.34441805226,3,2.0,16.70588231586044,6.042632833682381,17.52659843548851
,14000000.0,40346.0,1,2.0,,,347.0,2.0,21.0,Semi-Furnished,,,Apartment,Resale,Ready to Move,2026-08-23,Mumbai,Jogeshwari,,,Jogeshwari,,,,,,,Bachelors/Family,2026-08-22 18:25:45+00:00,1BHK Multistorey Apartment for Resale in Jogeshwari,19.1391584419196,72.8491931971322,,False,False,,2,1.0,16.454567887579532,,16.454567887579532
Less than 5 years,14000000.0,33735.0,1,1.0,,299.0,415.0,9.0,17.0,Furnished,,,Apartment,Resale,Ready to Move,2026-08-22,Mumbai,Goregaon East,Yash Willows,,Goregaon East,,,,,,,Bachelors/Family,2026-08-21 12:43:41+00:00,1BHK Multistorey Apartment for Resale in Yash Willows at Goregaon East,19.1562110822264,72.8758090633208,3.0,False,False,46822.74247491639,3,2.0,16.454567887579532,5.700443573390687,17.204116971054173
Less than 5 years,16000000.0,35955.0,1,2.0,,320.0,445.0,5.0,12.0,Semi-Furnished,,,Apartment,Resale,Ready to Move,2026-08-22,Mumbai,Andheri East,Krishna Chaitanya,,Andheri East,"Located in the Heart of city,Visitor Parking,",,,,"NA|null,P51800000078|12/2018",,Bachelors/Family,2026-08-21 12:21:51+00:00,1BHK Multistorey Apartment for Resale in Krishna Chaitanya at Andheri East,19.1154908,72.8726952,3.0,False,False,50000.0,3,1.0,16.588099280204055,5.768320995793772,17.064584727117307
Less than 5 years,12500000.0,24038.0,1,2.0,,426.0,520.0,4.0,22.0,Unfurnished,East,Main Road,Apartment,Resale,Ready to Move,2026-08-20,Mumbai,Borivali East,,Food Corporation of India Godown,Borivali East,"Bar/Lounge,Air Conditioned,Jogging and Strolling Track,Internet/Wi-Fi Connectivity,Service/Goods Lift,Intercom Facility",Water Availability 24 Hours Available,No/Rare Powercut,Vitrified,,Co-operative Society,Bachelors/Family,2026-08-19 23:31:21+00:00,1BHK Multistorey Apartment for Resale in Borivali East,19.2272619069866,72.8634397272398,3.0,False,False,29342.723004694835,5,0.0,16.34123920227253,6.054439346269371,17.562034381620705
Less than 5 years,12500000.0,18939.0,1,2.0,,475.0,660.0,7.0,12.0,Semi-Furnished,,,Apartment,Resale,Ready to Move,2026-08-22,Mumbai,Mhatre Wadi,Raviraj Tarang,,Mhatre Wadi Dahisar West,,,,,"NA|null,P51800010482|01/2001",,Bachelors/Family,2026-08-21 14:03:23+00:00,1BHK Multistorey Apartment for Resale in Raviraj Tarang at Mhatre Wadi Dahisar West,19.2524949571291,72.8576347043956,3.0,False,False,26315.78947368421,3,1.0,16.34123920227253,6.163314804034641,16.34123920227253
10 to 15 years,15000000.0,30000.0,1,1.0,,360.0,500.0,10.0,11.0,Furnished,,,Apartment,Resale,Ready to Move,2026-08-22,Mumbai,Vakola,,,Vakola,,,,,,,Bachelors/Family,2026-08-21 13:16:11+00:00,1BHK Multistorey Apartment for Resale in Vakola,19.0794899226775,72.8542218874446,12.5,False,False,41666.666666666664,3,2.0,16.523560759066484,5.886104031450156,16.82662866085164
Less than 5 years,12500000.0,30488.0,1,1.0,,295.0,410.0,2.0,10.0,Unfurnished,,,Apartment,Resale,Ready to Move,2026-08-22,Mumbai,Andheri West,Shri Arham Bluz,,Andheri West,,,,,"NA|null,P51800010383|-1",,Bachelors/Family,2026-08-21 14:26:05+00:00,1BHK Multistorey Apartment for Resale in Shri Arham Bluz at Andheri West,19.1373697481266,72.8257229439874,3.0,False,False,42372.8813559322,3,0.0,16.34123920227253,5.68697535633982,17.52659843548851
10 to 15 years,12500000.0,21079.0,1,1.0,,427.0,593.0,4.0,13.0,Semi-Furnished,,,Apartment,Resale,Ready to Move,2026-08-22,Mumbai,Jogeshwari West,Hill park Tower,,Jogeshwari West,,,,,,,Bachelors/Family,2026-08-21 09:54:26+00:00,1BHK Multistorey Apartment for Resale in Hill park Tower at Jogeshwari West,19.1438823857409,72.8427830413067,12.5,False,False,29274.00468384075,3,1.0,16.34123920227253,6.056784013228625,16.629341310334215
5 to 10 years,12000000.0,21818.0,1,1.0,,396.0,550.0,4.0,13.0,Semi-Furnished,,,Apartment,Resale,Ready to Move,2026-08-22,Mumbai,Jogeshwari West,Hill park Tower,,Jogeshwari West,,,,,,,Bachelors/Family,2026-08-21 09:54:19+00:00,1BHK Multistorey Apartment for Resale in Hill park Tower at Jogeshwari West,19.1438823857409,72.8427830413067,7.5,False,False,30303.030303030304,3,1.0,16.300417207752275,5.981414211254481,16.629341310334215
New Construction,12300000.0,28671.0,1,1.0,,309.0,429.0,21.0,23.0,Unfurnished,,,Apartment,Resale,Ready to Move,2026-08-22,Mumbai,Andheri West,Paras El Signora,,Andheri West,"Bar/Lounge,Shopping center,Internet/Wi-Fi Connectivity",,,,"NA|null,P51800005086|09/2021",,Bachelors/Family,2026-08-21 17:56:18+00:00,1BHK Multistorey Apartment for Resale in Paras El Signora at Andheri West,19.1373697481266,72.8257229439874,0.0,False,False,39805.82524271845,3,0.0,16.325109820342647,5.733341276897746,17.52659843548851
Less than 5 years,13500000.0,25520.0,1,1.0,,381.0,529.0,18.0,21.0,Unfurnished,,,Apartment,Resale,Ready to Move,2026-08-22,Mumbai,Kanjurmarg East,Kanakia Zen World,,Kanjurmarg East,"Water Front,Air Conditioned,Banquet Hall,Jogging and Strolling Track,Laundry Service,Internet/Wi-Fi Connectivity,RO Water System,Service/Goods Lift,Visitor Parking,Intercom Facility,Conference Room,",,,," P51800022936|-1,NA|null,P51800008343|-1",,Bachelors/Family,2026-08-21 11:30:56+00:00,1BHK Multistorey Apartment for Resale in Kanakia Zen World at Kanjurmarg East,19.1303464798827,72.934955451681,3.0,False,False,35433.07086614173,3,0.0,16.41820024340866,5.942799375126701,16.47483325567379
Less than 5 years,13500000.0,27000.0,1,2.0,,452.0,500.0,6.0,7.0,Semi-Furnished,,,Apartment,Resale,Ready to Move,2026-08-18,Mumbai,Jogeshwari East,Dipti Sweta CHS,,Jogeshwari East,,,,,,,Bachelors/Family,2026-08-18 15:34:09+00:00,1BHK Multistorey Apartment for Resale in Dipti Sweta CHS at Jogeshwari East,19.135330778145,72.8584643173496,3.0,False,False,29867.256637168142,6,1.0,16.41820024340866,6.113682179832232,14.348296775259229
Less than 5 years,18000000.0,,1,2.0,,430.0,,2.0,9.0,Semi-Furnished,South - East,"Pool, Garden/Park, Main Road",Apartment,Resale,Ready to Move,2026-08-20,Mumbai,Powai,Kanakia Silicon Valley,Hiranandani Hospital,Powai,"Bar/Lounge,Banquet Hall,Jogging and Strolling Track,Outdoor Tennis Courts,Laundry Service,RO Water System,Service/Goods Lift,Intercom Facility,Conference Room",,,,"NA|null,P51800017413|06/2027,P51800018007|06/2025,P51800018008|06/2025,P51800018113|06/2025,P51800034748|09/2026,P51800047422|-1",Freehold,Bachelors/Family,2026-08-20 07:03:39+00:00,1BHK Multistorey Apartment for Resale in Kanakia Silicon Valley at Powai,19.1196773,72.9050809,3.0,False,False,41860.46511627907,4,1.0,16.70588231586044,6.063785208687608,17.080894141792264
New Construction,12000000.0,18605.0,1,2.0,,464.0,645.0,4.0,22.0,Unfurnished,,,Apartment,Resale,Ready to Move,2026-08-21,Mumbai,Kandivali East,Shree Riddhi Siddhi Sumukh Hills,,Kandivali East,,,,,"NA|null,P51800005591|10/2022",,Bachelors/Family,2026-08-20 15:53:14+00:00,1BHK Multistorey Apartment for Resale in Shree Riddhi Siddhi Sumukh Hills at Kandivali East,19.2050017,72.8692711,0.0,False,False,25862.068965517243,4,0.0,16.300417207752275,6.139884552226255,17.422295377931313
Less than 5 years,13500000.0,16875.0,1,1.0,,576.0,800.0,9.0,14.0,Semi-Furnished,,,Apartment,Resale,Ready to Move,2026-08-21,Mumbai,Chembur,Omkar Raga,,Chembur,"Banquet Hall,Internet/Wi-Fi Connectivity,Visitor Parking,Intercom Facility,",,,,,,Bachelors/Family,2026-08-20 15:46:47+00:00,1BHK Multistorey Apartment for Resale in Omkar Raga at Chembur,19.0459181155422,72.8975231581492,3.0,False,False,23437.5,4,1.0,16.41820024340866,6.3561076606958915,17.204493810368014
Less than 5 years,12000000.0,16973.0,1,2.0,,509.0,707.0,1.0,21.0,Furnished,,,Apartment,Resale,Ready to Move,2026-08-22,Mumbai,Kanjurmarg East,Aadi Allure,,Kanjurmarg East,"Air Conditioned,Banquet Hall,Jogging and Strolling Track,,,Internet/Wi-Fi Connectivity,Service/Goods Lift,Visitor Parking,Intercom Facility",,,,"NA|null,P51800008521|-1,P51800016566|-1",,Bachelors/Family,2026-08-21 06:51:42+00:00,1BHK Multistorey Apartment for Resale in Aadi Allure at Kanjurmarg East,19.1303464798827,72.934955451681,3.0,False,False,23575.63850687623,3,2.0,16.300417207752275,6.2324480165505225,16.47483325567379
Less than 5 years,15000000.0,23077.0,1,1.0,,468.0,650.0,12.0,14.0,Furnished,,,Apartment,Resale,Ready to Move,2026-08-21,Mumbai,Andheri West,Palash Tower,,Andheri West,"Air Conditioned,Visitor Parking,Intercom Facility,",,,,,,Bachelors/Family,2026-08-21 06:16:07+00:00,1BHK Multistorey Apartment for Resale in Palash Tower at Andheri West,19.1373697481266,72.8257229439874,3.0,False,False,32051.28205128205,3,2.0,16.523560759066484,6.148468295917647,17.52659843548851
Less than 5 years,20000000.0,,1,1.0,,400.0,,3.0,10.0,Unfurnished,North,Main Road,Apartment,Resale,Ready to Move,2026-08-24,Mumbai,Vile Parle West,Vraj 18th Avenue,,Vile Parle West,,,,,,,Bachelors/Family,2026-08-24 08:15:37+00:00,1BHK Multistorey Apartment for Resale in Vraj 18th Avenue at Vile Parle West,19.1093928395446,72.8369701399986,3.0,False,False,50000.0,0,0.0,16.811242831518264,5.991464547107982,17.521191561909113
Above 20 years,24500000.0,39452.0,1,1.0,,550.0,621.0,9.0,16.0,Semi-Furnished,South - East,Main Road,Apartment,Resale,Ready to Move,2026-08-24,Mumbai,Andheri West,Galactica Apartment,High Point Restaurant,Andheri West,"Air Conditioned,Internet/Wi-Fi Connectivity,RO Water System,Service/Goods Lift,Visitor Parking,Intercom Facility",Water Availability 24 Hours Available,No/Rare Powercut,Vitrified,,Freehold,Bachelors/Family,2026-08-23 23:33:15+00:00,1BHK Multistorey Apartment for Resale in Galactica Apartment at Andheri West,19.1373697481266,72.8257229439874,25.0,False,False,44545.454545454544,1,1.0,17.014183675514957,6.309918278226516,17.52659843548851
Above 20 years,22500000.0,22500.0,1,1.0,,720.0,1000.0,4.0,5.0,Furnished,,,Apartment,Resale,Ready to Move,2026-08-22,Mumbai,,Kartar Bhavan,,Sion East,,,,,,,Bachelors/Family,2026-08-21 19:27:40+00:00,1BHK Multistorey Apartment for Resale in Kartar Bhavan at Sion East,19.0406208013187,72.8695165321764,25.0,False,False,31250.0,3,2.0,16.929025867174648,6.579251212010101,
Less than 5 years,20000000.0,30769.0,1,1.0,,468.0,650.0,2.0,3.0,Unfurnished,,,Apartment,Resale,Ready to Move,2026-08-22,Mumbai,Vile Parle East,Shanti Kunj,,Vile Parle East,,,,,,,Bachelors/Family,2026-08-21 16:50:03+00:00,1BHK Multistorey Apartment for Resale in Shanti Kunj at Vile Parle East,19.10046297,72.84924449,3.0,False,False,42735.042735042734,3,0.0,16.811242831518264,6.148468295917647,17.028947819081466
Above 20 years,22500000.0,34615.0,1,1.0,,550.0,650.0,4.0,6.0,Semi-Furnished,,,Apartment,Resale,Ready to Move,2026-08-18,Mumbai,Meghwadi Lal Baug,,,Meghwadi Lal Baug,,,,,,,Bachelors/Family,2026-08-17 23:31:36+00:00,1BHK Multistorey Apartment for Resale in Meghwadi Lal Baug,18.9941339,72.83901537,25.0,False,False,40909.09090909091,7,1.0,16.929025867174648,6.309918278226516,16.929025867174648
10 to 15 years,20000000.0,,1,2.0,,390.0,,1.0,6.0,Furnished,,,Apartment,Resale,Ready to Move,2026-08-19,Mumbai,Dadar,,,Dadar,,,,,,,Bachelors/Family,2026-08-19 15:33:08+00:00,1BHK Multistorey Apartment for Resale in Dadar,19.020661776708,72.8434154500363,12.5,False,False,51282.05128205128,5,2.0,16.811242831518264,5.966146739123692,17.757026379566355
5 to 10 years,20900000.0,29028.0,1,2.0,,518.0,720.0,7.0,7.0,Semi-Furnished,,,Apartment,Resale,Ready to Move,2026-08-21,Mumbai,Mahim,Cadel Castle Apartment,,Mahim,,,,,,,Bachelors/Family,2026-08-21 04:47:39+00:00,1BHK Multistorey Apartment for Resale in Cadel Castle Apartment at Mahim,19.0388120275329,72.8419652875755,7.5,False,False,40347.49034749035,4,1.0,16.855259716935038,6.249975242259483,16.438198190055296
Above 20 years,19500000.0,27857.0,1,2.0,,504.0,700.0,3.0,4.0,Unfurnished,,,Apartment,Resale,Ready to Move,2026-08-21,Mumbai,Kandivali West,Sahyadri CHS,,Kandivali West,,,,,,,Bachelors/Family,2026-08-21 04:40:52+00:00,1BHK Multistorey Apartment for Resale in Sahyadri CHS at Kandivali West,19.2101312179652,72.8305011930765,25.0,False,False,38690.47619047619,4,0.0,16.785925023533974,6.222576268071369,16.88809240469397
Less than 5 years,20000000.0,30534.0,1,2.0,,472.0,655.0,3.0,7.0,Furnished,,,Apartment,Resale,Ready to Move,2026-08-21,Mumbai,Parel,Vikas Apartments,,Parel,"Laundry Service,Visitor Parking",,,,,,Bachelors/Family,2026-08-21 05:01:08+00:00,1BHK Multistorey Apartment for Resale in Vikas Apartments at Parel,18.9982694030581,72.8410429440342,3.0,False,False,42372.8813559322,4,2.0,16.811242831518264,6.156978985585555,17.791329599241287
15 to 20 years,19500000.0,29545.0,1,2.0,,475.0,660.0,5.0,8.0,Semi-Furnished,,,Apartment,Resale,Ready to Move,2026-08-21,Mumbai,Parel,Deep Residency,,Parel,,,,,,,Bachelors/Family,2026-08-21 05:00:55+00:00,1BHK Multistorey Apartment for Resale in Deep Residency at Parel,18.9982694030581,72.8410429440342,17.5,False,False,41052.63157894737,4,1.0,16.785925023533974,6.163314804034641,17.791329599241287
Above 20 years,25000000.0,45455.0,1,2.0,,396.0,550.0,2.0,12.0,Semi-Furnished,,,Apartment,Resale,Ready to Move,2026-08-21,Mumbai,Dadar East,Navin Asha CHS,,Dadar East,"Laundry Service,Visitor Parking,",,,,,,Bachelors/Family,2026-08-21 04:21:40+00:00,1BHK Multistorey Apartment for Resale in Navin Asha CHS at Dadar East,19.0135792007831,72.8448295038214,25.0,False,False,63131.31313131313,4,1.0,17.034386382832476,5.981414211254481,17.770550032182708
Above 20 years,23500000.0,33571.0,1,2.0,,504.0,700.0,2.0,8.0,Unfurnished,,,Apartment,Resale,Ready to Move,2026-08-21,Mumbai,Santacruz West,Sushila Baug CHS,,Santacruz West,,,,,,,Bachelors/Family,2026-08-21 05:09:12+00:00,1BHK Multistorey Apartment for Resale in Sushila Baug CHS at Santacruz West,19.0812559812257,72.8376604906028,25.0,False,False,46626.98412698413,4,0.0,16.972510979114386,6.222576268071369,17.876290531425422
Above 20 years,20000000.0,27586.0,1,1.0,,544.0,725.0,1.0,4.0,Unfurnished,East,Main Road,Apartment,Resale,Ready to Move,2026-08-20,Mumbai,Vile Parle East,,Om Sai Niwas.,Vile Parle East,"Modular Kitchen,Air Conditioned,AC in each room ,Visitor Parking",Water Availability 24 Hours Available,No/Rare Powercut,Marble,,Co-operative Society,Bachelors/Family,2026-08-16 23:47:58+00:00,1BHK Multistorey Apartment for Resale in Vile Parle East,19.10046297,72.84924449,25.0,False,False,36764.705882352944,8,0.0,16.811242831518264,6.298949246855942,17.028947819081466
Above 20 years,20542500.0,46582.0,1,1.0,1,400.0,441.0,4.0,7.0,Semi-Furnished,East,Main Road,Apartment,Resale,Ready to Move,2026-08-17,Mumbai,BBD Chawl Naigaon,Dadar N J Wadia CHS,Tata Memorial Hospital,BBD Chawl Naigaon,"Central AC ,3 Tier Security System,Air Conditioned,All wooden flooring,AC in each room ,Internet/Wi-Fi Connectivity,RO Water System,Visitor Parking",Water Availability 24 Hours Available,No/Rare Powercut,"Ceramic Tiles,Marble,Granite",,Freehold,Bachelors/Family,2026-08-16 23:49:36+00:00,1BHK Multistorey Apartment for Resale in Dadar N J Wadia CHS at BBD Chawl Naigaon,19.0107327487183,72.8455858054743,25.0,False,False,51356.25,8,1.0,16.83800646878748,5.991464547107982,16.83800646878748
,22400000.0,,1,1.0,,467.0,,,,Unfurnished,,,Apartment,New Property,Jun '27,2026-07-10,Mumbai,Vile Parle West,Avant Park West,,Vile Parle West,,Water Availability 24 Hours Available,No/Rare Powercut,,"NA|null,P51800053738|-1",,Bachelors/Family,2026-08-20 17:36:46+00:00,1BHK Multistorey Apartment for New Property in Avant Park West at Vile Parle West,19.1093928395446,72.8369701399986,,False,False,47965.73875802998,4,0.0,16.924571516825267,6.1463292576688975,17.521191561909113
,18500000.0,,1,1.0,,476.0,,,,Unfurnished,,,Apartment,New Property,Ready to Move,2026-05-01,Mumbai,Vile Parle East,Panom Parleshwar Aangan,,Vile Parle East,,Water Availability 24 Hours Available,No/Rare Powercut,,"NA|null,P51800049682|12/2025",,Bachelors/Family,2026-08-21 17:37:06+00:00,1BHK Multistorey Apartment for New Property in Panom Parleshwar Aangan at Vile Parle East,19.10046297,72.84924449,,False,False,38865.5462184874,3,0.0,16.733281290048552,6.16541785423142,17.028947819081466
Above 20 years,21000000.0,,1,1.0,1,680.0,,4.0,4.0,Semi-Furnished,East,,Apartment,Resale,Ready to Move,2026-08-24,Mumbai,Vile Parle West,Kunal Apartment,,Vile Parle West,,,No/Rare Powercut,Marble,,,Bachelors/Family,2026-08-23 23:35:46+00:00,1BHK Multistorey Apartment for Resale in Kunal Apartment at Vile Parle West,19.1093928395446,72.8369701399986,25.0,False,False,30882.352941176472,1,1.0,16.860032995687696,6.522092798170152,17.521191561909113
Less than 5 years,19500000.0,34821.0,1,1.0,1,514.0,560.0,22.0,43.0,Furnished,West,"Garden/Park, Pool, Main Road",Apartment,Resale,Ready to Move,2026-08-24,Mumbai,Wadala East,Lodha New Cuffe Parade,"he best of fitness, leisure and entertainment. And a grand 75,000 sq.",Wadala East,"Sea facing,Fireplace,Private pool ,Full Glass Wall,Bar/Lounge,Golf Course,Air Conditioned,Banquet Hall,Jogging and Strolling Track,Outdoor Tennis Courts,Internet/Wi-Fi Connectivity,RO Water System,Visitor Parking,Intercom Facility,Conference Room",Water Availability 24 Hours Available,No/Rare Powercut,Marble,"NA|null,P51900000314|06/2019,P51900000367|06/2019,P51900000521|01/2019,P51900000567|06/2019,P51900000629|03/2021,P51900015715|03/2022",Leasehold,Bachelors/Family,2026-08-23 23:45:22+00:00,1BHK Multistorey Apartment for Resale in Lodha New Cuffe Parade at Wadala East,19.0135321429189,72.8602998056272,3.0,False,False,37937.74319066148,1,2.0,16.785925023533974,6.2422232654551655,17.3471681187494
New Construction,18000000.0,36000.0,1,2.0,,400.0,500.0,9.0,21.0,Unfurnished,East,"Garden/Park, Pool, Main Road",Apartment,Resale,Ready to Move,2026-08-22,Mumbai,Nagpada,White Flower,,Nagpada,"Sea facing,Smart Home,Laundry Service,Service/Goods Lift,Visitor Parking,Intercom Facility,Conference Room",Water Availability 24 Hours Available,No/Rare Powercut,Marble,,Freehold,Bachelors/Family,2026-08-22 09:41:08+00:00,1BHK Multistorey Apartment for Resale in White Flower at Nagpada,18.9648503356723,72.830608906208,0.0,False,False,45000.0,2,0.0,16.70588231586044,5.991464547107982,16.70588231586044
5 to 10 years,20000000.0,42105.0,1,2.0,,380.0,475.0,15.0,18.0,Semi-Furnished,East,"Garden/Park, Main Road",Apartment,Resale,Ready to Move,2026-08-22,Mumbai,Powai,Hiranandani Regent Hill,"Hiranandani Gardens Powai, Mumbai",Powai,"Island Kitchen Layout,Concierge Services,Fireplace,Bar/Lounge,Health club with Steam / Jaccuzi,Air Conditioned,Outdoor Tennis Courts,Private Garage,Laundry Service,Internet/Wi-Fi Connectivity,RO Water System",Water Availability 24 Hours Available,No/Rare Powercut,"Ceramic Tiles,Marble","NA|null,P51800018620|-1",Freehold,Bachelors/Family,2026-08-22 10:00:51+00:00,1BHK Multistorey Apartment for Resale in Hiranandani Regent Hill at Powai,19.1196773,72.9050809,7.5,False,False,52631.57894736842,2,1.0,16.811242831518264,5.940171252720432,17.080894141792264
,22000000.0,43564.0,1,2.0,,,505.0,1.0,8.0,Unfurnished,,,Apartment,Resale,Ready to Move,2026-05-28,Mumbai,Vile Parle East,Om Madhusadan CHS,,Vile Parle East,,,,,,,Bachelors/Family,2026-05-27 17:48:13+00:00,1BHK Multistorey Apartment for Resale in Om Madhusadan CHS at Vile Parle East,19.10046297,72.84924449,,False,False,,89,0.0,16.90655301132259,,17.028947819081466
5 to 10 years,18000000.0,37500.0,1,2.0,,380.0,480.0,7.0,7.0,Furnished,West,Main Road,Apartment,Resale,Ready to Move,2026-04-26,Mumbai,Matunga,Issardas Varandmall,Near Ram Mandir,Matunga,Service/Goods Lift,,,Vitrified,,Co-operative Society,Bachelors/Family,2026-04-26 13:49:05+00:00,1BHK Multistorey Apartment for Resale in Issardas Varandmall at Matunga,19.0303548279976,72.848006090413,7.5,False,False,47368.42105263158,120,2.0,16.70588231586044,5.940171252720432,16.70588231586044
Above 20 years,22500000.0,34615.0,1,1.0,,500.0,650.0,2.0,7.0,Unfurnished,North - East,,Apartment,Resale,Ready to Move,2026-05-03,Mumbai,Haji Ali,Maniyar Apartment,The Property is next to Hajiali Chowk,Haji Ali,,,,Mosaic,,Freehold,Bachelors/Family,2026-05-02 22:30:42+00:00,1BHK Multistorey Apartment for Resale in Maniyar Apartment at Haji Ali,18.9776780585218,72.8112400708875,25.0,False,False,45000.0,114,0.0,16.929025867174648,6.214608098422191,16.929025867174648
,18000000.0,36000.0,1,1.0,,,500.0,0.0,4.0,Unfurnished,,,Apartment,Resale,Ready to Move,2026-06-06,Mumbai,Santacruz East,,,Santacruz East,,,,,,,Bachelors/Family,2026-06-05 17:53:14+00:00,1BHK Multistorey Apartment for Resale in Santacruz East,19.0799983,72.8545019,,False,False,,80,0.0,16.70588231586044,,17.09743793355776
Above 20 years,18000000.0,,1,1.0,1,450.0,,4.0,4.0,Furnished,,,Apartment,Resale,Ready to Move,2026-04-12,Mumbai,Goregaon East,Gokuldham,"Gokuldham High School, Access to bus stop  pharmacies is very easy",Goregaon East,,Water Availability 24 Hours Available,No/Rare Powercut,"Ceramic Tiles,Normal Tiles/Kotah Stone",,Co-operative Society,Bachelors/Family,2026-04-12 12:56:49+00:00,1BHK Multistorey Apartment for Resale in Gokuldham at Goregaon East,19.1562110822264,72.8758090633208,25.0,False,False,40000.0,134,2.0,16.70588231586044,6.1092475827643655,17.204116971054173
5 to 10 years,20000000.0,33333.0,1,1.0,1,535.0,600.0,0.0,5.0,Furnished,,Main Road,Apartment,Resale,Ready to Move,2026-05-16,Mumbai,,,,,Air Conditioned,,,,,Co-operative Society,Bachelors/Family,2026-05-15 17:04:38+00:00,1BHK Multistorey Apartment for Resale in ,,,7.5,False,False,37383.17757009346,101,2.0,16.811242831518264,6.282266746896006,
Above 20 years,20000000.0,28571.0,1,2.0,,,700.0,3.0,4.0,Furnished,,,Builder Floor Apartment,Resale,Ready to Move,2026-05-31,Mumbai,,,,,,,,,,,Bachelors/Family,2026-05-31 07:39:35+00:00,1BHK Builder Floor Apartment for Resale in ,,,25.0,False,False,,85,2.0,16.811242831518264,,
New Construction,21800000.0,,1,2.0,,485.0,,15.0,20.0,Unfurnished,North - East,"Garden/Park, Main Road",Apartment,Resale,Ready to Move,2026-05-11,Mumbai,Jain Society,,"Railway Stations, BKC, Jain Society, schools  hospitals nearby.",Jain Society,"Air Conditioned,Jogging and Strolling Track,Internet/Wi-Fi Connectivity,Intercom Facility",Water Availability 24 Hours Available,No/Rare Powercut,Vitrified,,Leasehold,Bachelors/Family,2026-05-10 10:42:39+00:00,1BHK Multistorey Apartment for Resale in Jain Society,19.03860422,72.8597454,0.0,False,False,44948.45360824742,106,0.0,16.897420527759316,6.184148890937483,16.897420527759316
Less than 5 years,27000000.0,53678.0,1,1.0,,362.0,503.0,2.0,38.0,Unfurnished,,,Apartment,Resale,Ready to Move,2026-08-22,Mumbai,Matunga West,Wadhwa Pristine,,Matunga West,Fire Sprinklers,,,,"NA|null,P51900017186 |-1,P51900018891|-1",,Bachelors/Family,2026-08-21 15:04:23+00:00,1BHK Multistorey Apartment for Resale in Wadhwa Pristine at Matunga West,19.0288217353274,72.8440906063583,3.0,False,False,74585.63535911602,3,0.0,17.111347423968603,5.8916442118257715,17.5942010176288
Above 20 years,30000000.0,60000.0,1,1.0,,360.0,500.0,4.0,7.0,Furnished,,,Apartment,Resale,Ready to Move,2026-08-21,Mumbai,Dadar East,Belle View Apartment,,Dadar East,,,,,,,Bachelors/Family,2026-08-21 04:21:16+00:00,1BHK Multistorey Apartment for Resale in Belle View Apartment at Dadar East,19.0135792007831,72.8448295038214,25.0,False,False,83333.33333333333,4,2.0,17.216707939626428,5.886104031450156,17.770550032182708
,32800000.0,,1,1.0,,684.0,,,,Unfurnished,,,Apartment,New Property,Jun '27,2026-07-10,Mumbai,Vile Parle West,Avant Park West,,Vile Parle West,,Water Availability 24 Hours Available,No/Rare Powercut,,"NA|null,P51800053738|-1",,Bachelors/Family,2026-08-21 17:37:06+00:00,1BHK Multistorey Apartment for New Property in Avant Park West at Vile Parle West,19.1093928395446,72.8369701399986,,False,False,47953.216374269,3,0.0,17.305939073354374,6.52795791762255,17.521191561909113
Above 20 years,27000000.0,60000.0,1,1.0,,450.0,450.0,5.0,6.0,Furnished,North - East,Main Road,Apartment,Resale,Ready to Move,2026-07-04,Mumbai,Colaba,,,Colaba,,,,Vitrified,,Co-operative Society,Bachelors/Family,2026-06-28 11:27:28+00:00,1BHK Multistorey Apartment for Resale in Colaba,18.9037004,72.8131432,25.0,False,False,60000.0,57,2.0,17.111347423968603,6.1092475827643655,18.047090822435145
,31500000.0,62376.0,1,1.0,,,505.0,33.0,72.0,Semi-Furnished,,,Apartment,Resale,Ready to Move,2026-06-06,Mumbai,Mumbai Central,Nathani Heights,,Mumbai Central,,,,,"NA|null,P51900008587|-1,P51900011250|12/2025",,Bachelors/Family,2026-06-05 21:32:08+00:00,1BHK Multistorey Apartment for Resale in Nathani Heights at Mumbai Central,18.9719357574575,72.8200902287046,,False,False,,80,1.0,17.26549810379586,,17.80457080371355
10 to 15 years,30000000.0,,1,2.0,2,515.0,,3.0,12.0,Semi-Furnished,East,,Apartment,Resale,Ready to Move,2026-05-12,Mumbai,Vile Parle West,Moonland Sukhmani,near kafi asmi park,Vile Parle West,"Banquet Hall,Service/Goods Lift",,,,,Co-operative Society,Bachelors/Family,2026-05-12 07:21:41+00:00,1BHK Multistorey Apartment for Resale in Moonland Sukhmani at Vile Parle West,19.1093928395446,72.8369701399986,12.5,False,False,58252.42718446602,104,1.0,17.216707939626428,6.244166900663736,17.521191561909113
Above 20 years,35000000.0,67308.0,1,1.0,1,520.0,520.0,4.0,4.0,Semi-Furnished,East,,Apartment,New Property,Ready to Move,2026-04-27,Mumbai,Dadar West,Mandarmala CHS,,Dadar West,,,,,,Freehold,Bachelors/Family,2026-04-27 12:06:43+00:00,1BHK Multistorey Apartment for New Property in Mandarmala CHS at Dadar West,19.0200667964879,72.8380779661804,25.0,False,False,67307.69230769231,119,1.0,17.37085861945369,6.253828811575473,17.406796767394848
New Construction,26000000.0,,1,1.0,,333.0,,20.0,24.0,Semi-Furnished,,,Apartment,Resale,Ready to Move,2026-06-20,Mumbai,Nirmal Park Railway Colony,,,Nirmal Park Railway Colony,Skydeck,,,,,,Bachelors/Family,2026-06-19 16:47:00+00:00,1BHK Multistorey Apartment for Resale in Nirmal Park Railway Colony,18.98394906,72.83450614,0.0,False,False,78078.07807807808,66,1.0,17.073607095985757,5.808142489980444,17.073607095985757
Above 20 years,27700000.0,,1,2.0,,619.0,,1.0,4.0,Unfurnished,,,Apartment,Resale,Ready to Move,2026-05-12,Mumbai,,SURAT BAHAR,In the Colaba Fire Brigade Lane,Azad Nagar Colaba,,Water Availability 24 Hours Available,No/Rare Powercut,Ceramic Tiles,,Co-operative Society,Bachelors/Family,2026-05-12 05:30:32+00:00,1BHK Multistorey Apartment for Resale in SURAT BAHAR at Azad Nagar Colaba,18.9139352581376,72.8278101828692,25.0,False,False,44749.596122778676,105,0.0,17.136942971157566,6.428105272684596,
Above 20 years,33000000.0,64706.0,1,2.0,,480.0,510.0,3.0,6.0,Furnished,,,Apartment,Resale,Ready to Move,2026-04-19,Mumbai,Worli Naka,,,Worli Naka,,,,,,Leasehold,Bachelors/Family,2026-04-19 11:34:15+00:00,1BHK Multistorey Apartment for Resale in Worli Naka,18.9985560692086,72.8182936258445,25.0,False,False,68750.0,127,2.0,17.312018119430753,6.173786103901937,18.017005682955126
5 to 10 years,25600000.0,34133.0,1,1.0,2,514.0,750.0,8.0,38.0,Semi-Furnished,West,"Pool, Garden/Park, Main Road",Apartment,Resale,Ready to Move,2026-05-14,Mumbai,Wadala East,Lodha Altia,wadala rto,Wadala East,"Bar/Lounge,Air Conditioned,Banquet Hall,Jogging and Strolling Track,Outdoor Tennis Courts,Laundry Service,Internet/Wi-Fi Connectivity,RO Water System,Service/Goods Lift,Intercom Facility,Conference Room",,,,"NA|null,P51900000629|03/2021",Co-operative Society,Bachelors/Family,2026-05-13 18:21:08+00:00,1BHK Multistorey Apartment for Resale in Lodha Altia at Wadala East,19.0135321429189,72.8602998056272,7.5,False,False,49805.44747081712,103,1.0,17.05810290944979,6.2422232654551655,17.3471681187494
Above 20 years,25000000.0,45455.0,1,1.0,1,600.0,550.0,4.0,5.0,Semi-Furnished,,,Apartment,Resale,Ready to Move,2026-04-29,Mumbai,Santacruz East,,,Santacruz East,Air Conditioned,Water Availability 24 Hours Available,No/Rare Powercut,Ceramic Tiles,,Freehold,Bachelors/Family,2026-04-28 16:37:32+00:00,1BHK Multistorey Apartment for Resale in Santacruz East,19.0799983,72.8545019,25.0,False,False,41666.666666666664,118,1.0,17.034386382832476,6.396929655216146,17.09743793355776
,26700000.0,60135.0,1,2.0,,444.0,444.0,0.0,6.0,Semi-Furnished,North - East,Main Road,Builder Floor Apartment,New Property,Under Construction,2026-08-23,Mumbai,Mahim West,Suraj Estate Vitalis,"Situated Opp. Mahim Post Office, Lady Jamshedji Road, Mahim West.",Mahim West,"Air Conditioned,Internet/Wi-Fi Connectivity,RO Water System,Visitor Parking,Intercom Facility",Water Availability 24 Hours Available,No/Rare Powercut,"Marble,Vitrified","NA|null,P51900031447|-1",Freehold,Bachelors/Family,2026-08-22 23:45:19+00:00,1BHK Builder Floor Apartment for New Property in Suraj Estate Vitalis at Mahim West,19.0383794616621,72.8398930483562,,False,False,60135.13513513513,2,1.0,17.10017412337048,6.095824562432225,17.56120215784331
,25800000.0,46570.0,1,2.0,,554.0,554.0,9.0,18.0,Unfurnished,South -West,"Garden/Park, Pool, Main Road",Apartment,New Property,Under Construction,2026-08-23,Mumbai,Union Park,SKG One Uttam,"Near BKC, Eastern Freeway, Chembur Station, and OLPS School.",Union Park Chembur,"Banquet Hall,Internet/Wi-Fi Connectivity",Water Availability 24 Hours Available,No/Rare Powercut,"Ceramic Tiles,Marble,Marbonite,Mosaic","NA|null,PR1180002501996|-1",Freehold,Bachelors/Family,2026-08-22 23:45:15+00:00,1BHK Multistorey Apartment for New Property in SKG One Uttam at Union Park Chembur,19.049503841334,72.9022490058549,,False,False,46570.39711191336,2,0.0,17.065885049891847,6.317164686747284,17.065885049891847
,25220000.0,48500.0,1,2.0,,470.0,520.0,12.0,29.0,Unfurnished,East,"Garden/Park, Main Road",Apartment,New Property,Under Construction,2026-08-24,Mumbai,Shivaji Park,Suraj Park View,Located at Shivaji Park,Shivaji Park,"Sea facing,Private jaccuzi,Concierge Services,Air Conditioned,Banquet Hall,Jogging and Strolling Track,Internet/Wi-Fi Connectivity,RO Water System,Service/Goods Lift,Intercom Facility",Water Availability 24 Hours Available,No/Rare Powercut,Vitrified,"NA|null,P51900047891|-1,PR1170002500887|-1",Freehold,Bachelors/Family,2026-08-23 23:45:15+00:00,1BHK Multistorey Apartment for New Property in Suraj Park View at Shivaji Park,19.0287954865428,72.838688734427,,False,False,53659.574468085106,1,0.0,17.043147888501046,6.152732694704104,17.73656438417685
New Construction,25500000.0,50000.0,1,2.0,,480.0,510.0,5.0,15.0,Unfurnished,East,"Main Road, Garden/Park",Apartment,Resale,Ready to Move,2026-08-23,Mumbai,Wadala West,,"Near VJTI college, Wadala West",Wadala West,"Laundry Service,Service/Goods Lift,Visitor Parking",,,"Vitrified,Wooden,Marble",,,Bachelors/Family,2026-08-22 23:45:15+00:00,1BHK Multistorey Apartment for Resale in Wadala West,19.0151808625823,72.8575804704432,0.0,False,False,53125.0,2,0.0,17.054189010128656,6.173786103901937,17.054189010128656
,25000000.0,29412.0,1,1.0,1,660.0,850.0,,22.0,Semi-Furnished,East,"Pool, Garden/Park, Main Road",Apartment,New Property,Ready to Move,2026-08-24,Mumbai,Mahim West,,beautiful,Mahim West,"Bar/Lounge,Air Conditioned,Banquet Hall,Jogging and Strolling Track,Outdoor Tennis Courts,Laundry Service,Internet/Wi-Fi Connectivity,RO Water System,Service/Goods Lift,Intercom Facility,Conference Room",,,,,Freehold,Bachelors/Family,2026-08-23 23:45:19+00:00,1BHK Multistorey Apartment for New Property in Mahim West,19.0383794616621,72.8398930483562,,False,False,37878.78787878788,1,1.0,17.034386382832476,6.492239835020471,17.56120215784331
New Construction,26000000.0,35616.0,1,2.0,,530.0,730.0,15.0,23.0,Unfurnished,South - East,Main Road,Apartment,Resale,Ready to Move,2026-08-24,Mumbai,Grant Road East,,Pratna samaj grantroad east.,Grant Road East,,Water Availability 24 Hours Available,No/Rare Powercut,Vitrified,,Freehold,Bachelors/Family,2026-08-23 23:45:18+00:00,1BHK Multistorey Apartment for Resale in Grant Road East,18.96290794,72.81873003,0.0,False,False,49056.6037735849,1,0.0,17.073607095985757,6.272877006546167,17.073607095985757
Above 20 years,25000000.0,46992.0,1,2.0,,530.0,532.0,2.0,7.0,Semi-Furnished,East,,Apartment,Resale,Ready to Move,2026-08-12,Mumbai,Dadar West,Avarsekar Residency,"Ganesh Peth Ln, off N. C. Kelkar Marg,",Dadar West,,Water Availability 24 Hours Available,No/Rare Powercut,,,Co-operative Society,Bachelors/Family,2026-08-11 23:45:19+00:00,1BHK Multistorey Apartment for Resale in Avarsekar Residency at Dadar West,19.0200667964879,72.8380779661804,25.0,False,False,47169.811320754714,13,1.0,17.034386382832476,6.272877006546167,17.406796767394848
5 to 10 years,28000000.0,50909.0,1,1.0,1,500.0,550.0,10.0,30.0,Furnished,East,"Garden/Park, Main Road",Apartment,Resale,Ready to Move,2026-08-19,Mumbai,Tardeo,,,Tardeo,,,,,,Freehold,Bachelors/Family,2026-08-14 09:51:46+00:00,1BHK Multistorey Apartment for Resale in Tardeo,18.9693555488714,72.8133774658556,7.5,False,False,56000.0,10,2.0,17.14771506813948,6.214608098422191,18.19148810138135
,25700000.0,31380.0,1,1.0,1,468.0,819.0,12.0,24.0,Unfurnished,North - East,Garden/Park,Apartment,New Property,Under Construction,2026-08-23,Mumbai,Dadar West,Suraj Park View,Dadar West,Dadar West,"Private jaccuzi,Health club with Steam / Jaccuzi,Air Conditioned,Jogging and Strolling Track,Internet/Wi-Fi Connectivity,RO Water System,Service/Goods Lift,Intercom Facility",Water Availability 24 Hours Available,No/Rare Powercut,"Marble,Vitrified","NA|null,P51900047891|-1,PR1170002500887|-1",Co-operative Society,Bachelors/Family,2026-08-22 23:45:16+00:00,1BHK Multistorey Apartment for New Property in Suraj Park View at Dadar West,19.0200667964879,72.8380779661804,,False,False,54914.529914529914,2,0.0,17.06200154986545,6.148468295917647,17.406796767394848
Less than 5 years,25893000.0,,1,1.0,1,730.0,,,,Unfurnished,,,Apartment,New Property,Ready To Move,2026-07-30,Mumbai,Wadala,Lodha New Cuffe Parade,,Wadala,,,,,"NA|null,P51900000314|06/2019,P51900000367|06/2019,P51900000521|01/2019,P51900000567|06/2019,P51900000629|03/2021,P51900015715|03/2022",,Bachelors/Family,2026-08-23 17:37:16+00:00,1BHK Multistorey Apartment for New Property in Lodha New Cuffe Parade at Wadala,19.012216203088,72.8604594318626,3.0,False,False,35469.86301369863,1,0.0,17.069483219869905,6.593044534142437,17.462494324299676
,28470000.0,,1,1.0,1,438.0,,,,Unfurnished,,,Apartment,New Property,Aug '27,2026-08-06,Mumbai,Bandra West,Summer Queen,,Bandra West,,,,,"NA|null,P51800079930|-1",,Bachelors/Family,2026-08-23 17:37:18+00:00,1BHK Multistorey Apartment for New Property in Summer Queen at Bandra West,19.055229,72.830829,,False,False,65000.0,1,0.0,17.16436145925422,6.082218910376446,17.63488085620438
,29300000.0,57905.0,1,1.0,,506.0,506.0,17.0,38.0,Unfurnished,East,"Garden/Park, Main Road",Apartment,New Property,Under Construction,2026-08-23,Mumbai,Dadar West,Suraj Park View,Dadar West,Dadar West,"Smart Home,Private jaccuzi,Fireplace,Health club with Steam / Jaccuzi,Air Conditioned,Jogging and Strolling Track,Internet/Wi-Fi Connectivity,RO Water System,Service/Goods Lift,Visitor Parking,Intercom Facility",Water Availability 24 Hours Available,No/Rare Powercut,Vitrified,"NA|null,P51900047891|-1,PR1170002500887|-1",Freehold,Bachelors/Family,2026-08-22 23:45:18+00:00,1BHK Multistorey Apartment for New Property in Suraj Park View at Dadar West,19.0200667964879,72.8380779661804,,False,False,57905.13833992095,2,0.0,17.193098073987297,6.226536669287466,17.406796767394848
,25451000.0,45693.0,1,2.0,1,557.0,557.0,20.0,44.0,Unfurnished,North - East,Garden/Park,Apartment,New Property,Under Construction,2026-08-24,Mumbai,Naigaon Dadar East,Nandivardhan Monopoli,The property is close to Dadar railway station and Naigaon metro stn.,Dadar East - Naigaon,"Sea facing,Private pool ,Jogging and Strolling Track,Internet/Wi-Fi Connectivity",Water Availability 24 Hours Available,No/Rare Powercut,Vitrified,"NA|null,P51900049902|-1",Leasehold,Bachelors/Family,2026-08-23 23:45:21+00:00,1BHK Multistorey Apartment for New Property in Nandivardhan Monopoli at Dadar East - Naigaon,19.01081724,72.84588956,,False,False,45692.99820466786,1,0.0,17.05226559291971,6.322565239927284,17.05226559291971
,29900000.0,46000.0,1,2.0,,481.0,650.0,13.0,20.0,Semi-Furnished,North,"Garden/Park, Main Road",Apartment,Resale,Under Construction,2026-08-22,Mumbai,Seven Bungalows,Rustomjee Ocean Vista,"Very close to all major amenities atm, bank, mall, garden, school, hos.",Seven Bungalows,"Banquet Hall,Jogging and Strolling Track",Water Availability 24 Hours Available,No/Rare Powercut,"Marble,Vitrified","NA|null,P51800076673|05/2029",Freehold,Bachelors/Family,2026-08-21 23:45:16+00:00,1BHK Multistorey Apartment for Resale in Rustomjee Ocean Vista at Seven Bungalows,19.1289588950071,72.8198203373831,,False,False,62162.16216216216,3,1.0,17.213369038360916,6.175867270105761,17.213369038360916
15 to 20 years,26000000.0,53608.0,1,1.0,,485.0,485.0,8.0,14.0,Semi-Furnished,East,,Apartment,Resale,Ready to Move,2026-07-27,Mumbai,Bandra West,Monalisa Apartment,"The property is close to the bandra railway station, in 5 min distanc.",Bandra West,"Air Conditioned,Service/Goods Lift",Water Availability 24 Hours Available,No/Rare Powercut,Ceramic Tiles,,Freehold,Bachelors/Family,2026-07-27 09:24:12+00:00,1BHK Multistorey Apartment for Resale in Monalisa Apartment at Bandra West,19.055229,72.830829,17.5,False,False,53608.24742268041,28,1.0,17.073607095985757,6.184148890937483,17.63488085620438
15 to 20 years,40200000.0,29343.0,1,3.0,,,1370.0,12.0,16.0,,East,"Garden/Park, Main Road",Builder Floor Apartment,Resale,Ready to Move,2026-07-10,Mumbai,Mulund West,Lok Everest,East-West Flyover of Mulund West Opposite City of JoyEcastasy comercl,Mulund West,"Health club with Steam / Jaccuzi,Air Conditioned,Internet/Wi-Fi Connectivity,RO Water System,Service/Goods Lift,Visitor Parking,Intercom Facility",Water Availability 24 Hours Available,No/Rare Powercut,"Vitrified,Marble",,Co-operative Society,Bachelors/Family,2026-07-09 22:30:28+00:00,1BHK Builder Floor Apartment for Resale in Lok Everest at Mulund West,19.1749536837097,72.943103519999,17.5,False,False,,46,,17.50937755358925,,17.223121841269137
Above 20 years,48000000.0,76800.0,1,1.0,,585.0,625.0,12.0,15.0,Furnished,North - East,Garden/Park,Apartment,Resale,Ready to Move,2026-08-23,Mumbai,Cuffe Parade,Maker Tower,World Trade Center,Cuffe Parade,"Sea facing,Air Conditioned,Internet/Wi-Fi Connectivity,Visitor Parking,Intercom Facility",Water Availability 24 Hours Available,No/Rare Powercut,Vitrified,,Co-operative Society,Bachelors/Family,2026-08-22 23:45:20+00:00,1BHK Multistorey Apartment for Resale in Maker Tower at Cuffe Parade,18.9146859411536,72.8196960395871,25.0,False,False,82051.28205128205,2,2.0,17.686711568872166,6.371611847231857,18.1971508039911
Less than 5 years,38000000.0,60800.0,1,1.0,,539.0,625.0,27.0,67.0,Semi-Furnished,,,Apartment,Resale,Ready to Move,2026-08-23,Mumbai,Dadar East,Bombay Realty Island City Center ICC 1 and 2,"G.D Ambekar Marg, Dadar East",Dadar East,"Air Conditioned,Banquet Hall,Jogging and Strolling Track,Outdoor Tennis Courts,Intercom Facility",Water Availability 24 Hours Available,No/Rare Powercut,"Granite,Vitrified","NA|null,P51900008726|08/2019",,Bachelors/Family,2026-08-22 23:45:21+00:00,1BHK Multistorey Apartment for Resale in Bombay Realty Island City Center ICC 1 and 2 at Dadar East,19.0135792007831,72.8448295038214,3.0,False,False,70500.92764378479,2,1.0,17.45309671769066,6.289715570908998,17.770550032182708
5 to 10 years,40000000.0,53333.0,1,1.0,,500.0,750.0,6.0,12.0,Furnished,East,Main Road,Apartment,Resale,Ready to Move,2026-08-10,Mumbai,Bandra West,,Pali Hill,Bandra West,,Water Availability 24 Hours Available,No/Rare Powercut,Marble,,Co-operative Society,Bachelors/Family,2026-08-10 05:27:29+00:00,1BHK Multistorey Apartment for Resale in Bandra West,19.055229,72.830829,7.5,False,False,80000.0,15,2.0,17.50439001207821,6.214608098422191,17.63488085620438
,39200000.0,,1,1.0,1,419.0,,14.0,16.0,Furnished,,"Garden/Park, Pool, Main Road",Apartment,Resale,Under Construction,2026-08-11,Mumbai,Pali Hill,,"Schools, Colleges, Banks, Hospitals, Restaurants.",Pali Hill,"Water Front,RO Water System,Service/Goods Lift,Visitor Parking,Intercom Facility",Water Availability 24 Hours Available,No/Rare Powercut,Vitrified,,Freehold,Bachelors/Family,2026-08-11 13:36:42+00:00,1BHK Multistorey Apartment for Resale in Pali Hill,19.0690964899859,72.8264947990287,,False,False,93556.08591885441,13,2.0,17.48418730476069,6.037870919922137,17.462019397850668
,35000000.0,72165.0,1,2.0,,,485.0,4.0,7.0,Furnished,,,Apartment,Resale,Ready to Move,2026-05-27,Mumbai,Napean Sea Road,Prem Milan,,Napean Sea Road,,,,,,,Bachelors/Family,2026-05-26 21:30:39+00:00,1BHK Multistorey Apartment for Resale in Prem Milan at Napean Sea Road,18.9552223151731,72.7987763458566,,False,False,,90,2.0,17.37085861945369,,17.56413145120467
,35000000.0,31818.0,1,3.0,,850.0,1100.0,8.0,24.0,Semi-Furnished,,Garden/Park,Apartment,Resale,Ready to Move,2026-07-30,Mumbai,Worli,Lady Ratan Tower,,Worli,"Laundry Service,Internet/Wi-Fi Connectivity,Visitor Parking,Intercom Facility",Water Availability 24 Hours Available,No/Rare Powercut,Marble,,,Bachelors/Family,2026-07-30 12:15:28+00:00,1BHK Multistorey Apartment for Resale in Lady Ratan Tower at Worli,19.0036486667054,72.8175254882335,,False,False,41176.470588235294,25,1.0,17.37085861945369,6.745236349484363,18.25306630158134
Above 20 years,35000000.0,,1,1.0,,540.0,,2.0,7.0,Furnished,,,Apartment,Resale,Ready to Move,2026-07-11,Mumbai,Mumbai CST Area,,,Mumbai CST Area,,,,,,,Bachelors/Family,2026-07-10 21:31:44+00:00,1BHK Multistorey Apartment for Resale in Mumbai CST Area,18.9439272,72.836039,25.0,False,False,64814.81481481482,45,2.0,17.37085861945369,6.29156913955832,17.37085861945369
Above 20 years,40000000.0,43011.0,1,1.0,1,800.0,930.0,5.0,5.0,Unfurnished,North - West,Garden/Park,Apartment,Resale,Ready to Move,2026-05-31,Mumbai,Colaba,,,Colaba,,,,,,Freehold,Bachelors/Family,2026-05-11 02:50:36+00:00,1BHK Multistorey Apartment for Resale in Colaba,18.9037004,72.8131432,25.0,False,False,50000.0,106,0.0,17.50439001207821,6.684611727667927,18.047090822435145
Above 20 years,35000000.0,53846.0,1,1.0,,585.0,650.0,6.0,7.0,Furnished,East,Main Road,Apartment,Resale,Ready to Move,2026-08-23,Mumbai,Napean Sea Road,,"Nepeansea Road, Mumbai, Maharashtra",Napean Sea Road,,,,"Vitrified,Marble",,Freehold,Bachelors/Family,2026-08-22 23:45:15+00:00,1BHK Multistorey Apartment for Resale in Napean Sea Road,18.9552223151731,72.7987763458566,25.0,False,False,59829.05982905983,2,2.0,17.37085861945369,6.371611847231857,17.56413145120467
New Construction,35000000.0,50000.0,1,2.0,,577.0,700.0,14.0,22.0,Semi-Furnished,East,Main Road,Apartment,Resale,Ready to Move,2026-08-23,Mumbai,Matunga East,,Matunga East,Matunga East,"Air Conditioned,Banquet Hall,Jogging and Strolling Track,Laundry Service,Internet/Wi-Fi Connectivity,RO Water System,Service/Goods Lift,Intercom Facility,Conference Room",,,,,Freehold,Bachelors/Family,2026-08-22 23:45:19+00:00,1BHK Multistorey Apartment for Resale in Matunga East,19.0277771413147,72.8560635075251,0.0,False,False,60658.57885615251,2,1.0,17.37085861945369,6.3578422665081,17.84257011283503
Less than 5 years,37500000.0,68182.0,1,1.0,,396.0,550.0,13.0,15.0,Semi-Furnished,,,Apartment,Resale,Ready to Move,2026-08-22,Mumbai,Malabar Hill,Malabar Hill Club,,Malabar Hill,,,,,,,Bachelors/Family,2026-08-21 16:47:08+00:00,1BHK Multistorey Apartment for Resale in Malabar Hill Club at Malabar Hill,18.9538534242303,72.8002625271694,3.0,False,False,94696.9696969697,3,1.0,17.43985149094064,5.981414211254481,17.43985149094064
Above 20 years,35000000.0,46667.0,1,1.0,,540.0,750.0,3.0,4.0,Semi-Furnished,,,Apartment,Resale,Ready to Move,2026-08-21,Mumbai,Dadar East,Vissanji Park,,Dadar East,,,,,,,Bachelors/Family,2026-08-21 04:22:05+00:00,1BHK Multistorey Apartment for Resale in Vissanji Park at Dadar East,19.0135792007831,72.8448295038214,25.0,False,False,64814.81481481482,4,1.0,17.37085861945369,6.29156913955832,17.770550032182708
Above 20 years,40000000.0,78431.0,1,1.0,1,490.0,510.0,3.0,7.0,,,,Apartment,Resale,Ready to Move,2026-05-06,Mumbai,Bandra Reclamation,,,Reclamation,,,,,,,Bachelors/Family,2026-05-05 17:43:11+00:00,1BHK Multistorey Apartment for Resale in Reclamation,19.04901,72.83223,25.0,False,False,81632.6530612245,111,,17.50439001207821,6.194405391104672,18.0206917675408
Above 20 years,37500000.0,57692.0,1,1.0,1,550.0,650.0,4.0,7.0,Semi-Furnished,East,Main Road,Apartment,Resale,Ready to Move,2026-08-09,Mumbai,Malabar Hill,,Malabar hill,Malabar Hill,"Air Conditioned,Laundry Service,Internet/Wi-Fi Connectivity,RO Water System,Intercom Facility",,,,,Co-operative Society,Bachelors/Family,2026-08-09 04:31:40+00:00,1BHK Multistorey Apartment for Resale in Malabar Hill,18.9538534242303,72.8002625271694,25.0,False,False,68181.81818181818,16,1.0,17.43985149094064,6.309918278226516,17.43985149094064
10 to 15 years,35000000.0,60345.0,1,1.0,,480.0,580.0,2.0,3.0,Unfurnished,East,Garden/Park,Apartment,New Property,Ready to Move,2026-06-12,Mumbai,,,,Sion West,,,,,,Freehold,Bachelors/Family,2026-06-11 16:49:04+00:00,1BHK Multistorey Apartment for New Property in Sion West,19.039754,72.860385,12.5,False,False,72916.66666666667,74,0.0,17.37085861945369,6.173786103901937,
5 to 10 years,40000000.0,,1,1.0,1,2500.0,,,,Furnished,,,Villa,Resale,Ready to Move,2026-07-07,Mumbai,Royal Palms,,,Royal Palms,,,,,,,Bachelors/Family,2026-07-06 21:31:35+00:00,1BHK Villa for Resale in Royal Palms,19.15346782,72.8865788,7.5,False,False,16000.0,49,2.0,17.50439001207821,7.824046010856292,16.99778142749674
Above 20 years,37100000.0,57077.0,1,2.0,1,565.0,650.0,1.0,12.0,Furnished,East,,Apartment,Resale,Ready to Move,2026-07-16,Mumbai,Walkeshwar,,jain temple,Walkeshwar,"Air Conditioned,Laundry Service,Internet/Wi-Fi Connectivity,RO Water System,Intercom Facility",,,,,Co-operative Society,Bachelors/Family,2026-07-16 04:58:27+00:00,1BHK Multistorey Apartment for Resale in Walkeshwar,18.9514384332214,72.8027312010285,25.0,False,False,65663.7168141593,40,2.0,17.429127527577663,6.336825731146441,17.525650287656127
Above 20 years,45000000.0,65502.0,1,1.0,1,625.0,687.0,2.0,11.0,Semi-Furnished,,Main Road,Apartment,Resale,Ready to Move,2026-05-26,Mumbai,Walkeshwar,Sagar Mahal,,Walkeshwar,,,,,,,Bachelors/Family,2026-05-25 22:30:27+00:00,1BHK Multistorey Apartment for Resale in Sagar Mahal at Walkeshwar,18.9514384332214,72.8027312010285,25.0,False,False,72000.0,91,1.0,17.622173047734595,6.437751649736401,17.525650287656127
,50000000.0,10101.0,1,1.0,1,,550.0,1.0,1.0,Unfurnished,,,Apartment,New Property,Under Construction,2026-08-24,Mumbai,Dahisar East,,,Dahisar East,Service/Goods Lift,,,,,,Bachelors/Family,2026-08-04 17:00:23+00:00,1BHK Multistorey Apartment for New Property in Dahisar East,19.2530390003417,72.8684258373265,,False,False,,20,0.0,17.72753356339242,,16.84692436301283
Above 20 years,39000000.0,67241.0,1,2.0,,,580.0,4.0,4.0,Furnished,,,Builder Floor Apartment,Resale,Ready to Move,2026-05-28,Mumbai,Breach Candy,,,Breach Candy,,,,,,,Bachelors/Family,2026-05-27 22:30:24+00:00,1BHK Builder Floor Apartment for Resale in Breach Candy,18.9731134973342,72.805550556673,25.0,False,False,,89,2.0,17.47907220409392,,17.47907220409392
Less than 5 years,55000000.0,100000.0,1,2.0,,396.0,550.0,4.0,7.0,Semi-Furnished,,,Apartment,Resale,Ready to Move,2026-08-21,Mumbai,Malad West,Springfield Apartment,,Malad West,Service/Goods Lift,,,,,,Bachelors/Family,2026-08-21 04:52:52+00:00,1BHK Multistorey Apartment for Resale in Springfield Apartment at Malad West,19.1940346300819,72.8257561606587,3.0,True,False,138888.88888888888,4,1.0,17.822843743196746,5.981414211254481,16.726961842869137
,64500000.0,,1,3.0,1,1100.0,,11.0,25.0,Semi-Furnished,North - East,Main Road,Apartment,Resale,Under Construction,2026-06-19,Mumbai,,Hiranandani Empress Hill,"d mart, hfs",Hiranandani Gardens,Jogging and Strolling Track,Water Availability 24 Hours Available,No/Rare Powercut,Marble,"NA|null,P51800052633|-1",Co-operative Society,Bachelors/Family,2026-06-18 17:19:28+00:00,1BHK Multistorey Apartment for Resale in Hiranandani Empress Hill at Hiranandani Gardens,19.1177459703185,72.9111144020492,,False,False,58636.36363636364,67,1.0,17.982175781766,7.003065458786462,
Less than 5 years,61218107.0,56370.0,1,2.0,,782.0,1086.0,7.0,8.0,Unfurnished,,,Apartment,Resale,Ready to Move,2026-08-22,Mumbai,Jogeshwari West,Town Al Marjaan,,Jogeshwari West,,,,,"NA|null,P51800003556|-1",,Bachelors/Family,2026-08-21 12:44:23+00:00,1BHK Multistorey Apartment for Resale in Town Al Marjaan at Jogeshwari West,19.1438823857409,72.8427830413067,3.0,False,False,78284.0242966752,3,0.0,17.929953569735908,6.661854740545311,16.629341310334215
,75000000.0,214286.0,1,1.0,,,350.0,17.0,24.0,Unfurnished,,,Apartment,Resale,Ready to Move,2026-08-23,Mumbai,Mira Road,JP North Elara,,Mira Road Area,,,,,"NA|null,P51700007001|-1",,Bachelors/Family,2026-07-20 07:47:53+00:00,1BHK Multistorey Apartment for Resale in JP North Elara at Mira Road Area,19.2829267647424,72.8627883689306,,True,False,,35,0.0,18.132998671500584,,16.228045916668293
Less than 5 years,59000000.0,107273.0,1,1.0,1,,550.0,3.0,4.0,Semi-Furnished,,,Apartment,Resale,Ready to Move,2026-05-22,Mumbai,,,,,,,,,,,Bachelors/Family,2026-05-21 21:31:35+00:00,1BHK Multistorey Apartment for Resale in ,,,3.0,True,False,,95,1.0,17.893048001869992,,
Above 20 years,77000000.0,110000.0,1,2.0,,570.0,700.0,3.0,3.0,Unfurnished,North - East,Main Road,Apartment,Resale,Ready to Move,2026-07-20,Mumbai,Hay Bunder,,5 minutes away from Eastern Express Freeway and Atal Setu Bridge,Hay Bunder,,Water Availability 2 Hours Available,No/Rare Powercut,Ceramic Tiles,,Power Of Attorney,Bachelors/Family,2026-07-20 15:48:28+00:00,1BHK Multistorey Apartment for Resale in Hay Bunder,18.98658,72.85655,25.0,True,False,135087.71929824562,35,0.0,18.159315979817958,6.345636360828596,18.159315979817958
,80000000.0,160000.0,1,1.0,,,500.0,3.0,16.0,Unfurnished,,,Apartment,Resale,Ready to Move,2026-06-21,Mumbai,Girgaon,,,Girgaon,,,,,,,Bachelors/Family,2026-06-20 18:27:05+00:00,1BHK Multistorey Apartment for Resale in Girgaon,18.9567919804138,72.8192909983038,,True,False,,65,0.0,18.197537192638155,,18.29120963737705
,126050000.0,168067.0,1,2.0,,450.0,750.0,1.0,22.0,Unfurnished,East,Main Road,Apartment,New Property,Under Construction,2026-08-24,Mumbai,Mira Road,Suraj Heights,Siddhivinayak Mandir 1 min walkable.,Mira Road Area,,Water Availability 24 Hours Available,No/Rare Powercut,"Granite,Vitrified",,Co-operative Society,Bachelors/Family,2026-08-23 23:45:21+00:00,1BHK Multistorey Apartment for New Property in Suraj Heights at Mira Road Area,19.2829267647424,72.8627883689306,,True,False,280111.1111111111,1,0.0,18.652189211598202,6.1092475827643655,16.228045916668293
5 to 10 years,101000000.0,246341.0,1,2.0,1,380.0,410.0,2.0,20.0,Semi-Furnished,,Garden/Park,Apartment,Resale,Ready to Move,2026-06-13,Mumbai,Goregaon West,Sethia Seaview,,Goregaon West,Intercom Facility,,,,,,Bachelors/Family,2026-06-13 04:21:32+00:00,1BHK Multistorey Apartment for Resale in Sethia Seaview at Goregaon West,19.1630920855215,72.8398088005091,7.5,True,False,265789.4736842105,73,1.0,18.430631074805532,5.940171252720432,17.72656282560243
New Construction,167000000.0,,1,2.0,,397.0,,16.0,22.0,Unfurnished,,,Apartment,Resale,Ready to Move,2026-08-07,Mumbai,Kherwadi,Vinca Sajay Avenue 18,,Kherwadi,,,,,"NA|null,P51800053190|-1",,Bachelors/Family,2026-08-07 08:30:27+00:00,1BHK Multistorey Apartment for Resale in Vinca Sajay Avenue 18 at Kherwadi,19.0610164691352,72.8445094700797,0.0,False,False,420654.9118387909,17,0.0,18.93350437038103,5.983936280687191,18.93350437038103
Above 20 years,100500000.0,203441.0,1,1.0,,356.0,494.0,0.0,3.0,Semi-Furnished,,,Apartment,Resale,Ready to Move,2026-08-21,Mumbai,Mulund West,Sonal Darshan Apartment,,Mulund West,,,,,,,Bachelors/Family,2026-08-21 04:59:09+00:00,1BHK Multistorey Apartment for Resale in Sonal Darshan Apartment at Mulund West,19.1749536837097,72.943103519999,25.0,True,False,282303.37078651687,4,1.0,18.425668285463406,5.87493073085203,17.223121841269137
New Construction,320000.0,178.0,4,5.0,1,1600.0,1800.0,50.0,72.0,Semi-Furnished,East,Garden/Park,Apartment,New Property,Ready to Move,2026-08-07,Mumbai,Byculla,Piramal Aranya ,,Byculla,,,,,"NA|null,P51900003324|-1,P51900018039|-1,P51900020330|08/2027,P51900051735|-1",Freehold,Bachelors/Family,2026-08-07 12:39:59+00:00,4BHK Multistorey Apartment for New Property in Piramal Aranya  at Byculla,18.9763051806034,72.8384452613639,0.0,False,False,200.0,17,1.0,12.676076274775909,7.3777589082278725,17.557921818251476
,1890000.0,3150.0,4,3.0,,600.0,600.0,,,Unfurnished,,,Residential House,Resale,,2026-08-24,Mumbai,Motilal Nagar 1,,,Motilal Nagar 1,,,,,,,Bachelors/Family,2026-08-24 07:09:19+00:00,4BHK Residential House for Resale in Motilal Nagar 1,19.1572961813933,72.839749980275,,False,False,3150.0,0,0.0,14.452087387035824,6.396929655216146,14.81938933415497
,,,4,4.0,,1694.0,1700.0,22.0,67.0,,North,Main Road,Apartment,Resale,Ready to Move,2026-08-03,Mumbai,Prabhadevi,Rustomjee Crown,"Next to Motilal Oswal, Gokhale Road.",Prabhadevi,"Skyline View,Smart Home,Concierge Services,Theme based Architectures,Private pool ,Bar/Lounge,Fingerprint Access,Health club with Steam / Jaccuzi,Golf Course,House help accommodation,Air Conditioned,Banquet Hall,Jogging and Strolling Track,Outdoor Tennis Courts,Private Garage,Internet/Wi-Fi Connectivity,RO Water System,Service/Goods Lift,Visitor Parking,Intercom Facility,Conference Room,Downtown",Water Availability 24 Hours Available,No/Rare Powercut,,"NA|null,P51900003268|05/2007,P51900006367|06/2001",Freehold,Bachelors/Family,2026-08-02 23:38:10+00:00,4BHK Multistorey Apartment for Resale in Rustomjee Crown at Prabhadevi,19.0158585103406,72.8295254470428,,False,False,,22,,,7.434847875211999,18.662135145430923
,,,4,5.0,1,1380.0,,4.0,17.0,Furnished,,,Apartment,Resale,Ready to Move,2026-07-12,Mumbai,Khar West,,,Khar West,,,,,,,Bachelors/Family,2026-07-11 22:30:40+00:00,4BHK Multistorey Apartment for Resale in Khar West,19.0699335919407,72.8363080829478,,False,False,,44,2.0,,7.22983877815125,18.10029841849183
,,,4,4.0,3,,2400.0,45.0,67.0,Semi-Furnished,North,,Apartment,New Property,Under Construction,2026-08-24,Mumbai,Mahalakshmi,Godrej Avenue Eleven,,Mahalakshmi,"Air Conditioned,Banquet Hall,Jogging and Strolling Track,Outdoor Tennis Courts,Laundry Service,Internet/Wi-Fi Connectivity,RO Water System,Intercom Facility,Conference Room",,,,"NA|null,P51900005216|-1,P51900006299|-1",,Bachelors/Family,2026-04-11 06:19:57+00:00,4BHK Multistorey Apartment for New Property in Godrej Avenue Eleven at Mahalakshmi,18.9865617867147,72.8182867539311,,False,False,,135,1.0,,,18.60187312627558
Above 20 years,,,4,2.0,,901.0,1251.0,6.0,7.0,Semi-Furnished,,,Apartment,Resale,Ready to Move,2026-08-22,Mumbai,,Highway Apartments,,Sion East,,,,,,,Bachelors/Family,2026-08-21 09:30:44+00:00,4BHK Multistorey Apartment for Resale in Highway Apartments at Sion East,19.0406208013187,72.8695165321764,25.0,False,False,,3,1.0,,6.803505257608338,
,,,4,4.0,,,3800.0,3.0,4.0,Unfurnished,,,Builder Floor Apartment,Resale,Ready to Move,2026-06-23,Mumbai,Sion,,,Sion,,,,,,,Bachelors/Family,2026-06-22 17:06:54+00:00,4BHK Builder Floor Apartment for Resale in Sion,19.0446433751251,72.8709840746083,,False,False,,63,0.0,,,17.326245959933924
,,,4,4.0,2,2300.0,,,,Semi-Furnished,,,Villa,Resale,Under Construction,2026-06-22,Mumbai,Miniland,,,Miniland,,,,,,,Bachelors/Family,2026-06-22 12:40:14+00:00,4BHK Villa for Resale in Miniland,19.14760254,72.933025,,False,False,,63,1.0,,7.7406644019172415,
,5000000.0,2500.0,4,3.0,,,2000.0,2.0,2.0,Unfurnished,,,Residential House,Resale,Ready to Move,2026-07-09,Mumbai,Mahim,,,Mahim,,,,,,,Bachelors/Family,2026-07-09 13:44:53+00:00,4BHK Residential House for Resale in Mahim,19.0388120275329,72.8419652875755,,False,False,,46,0.0,15.424948470398375,,16.438198190055296
,3000000.0,1389.0,4,3.0,,,2160.0,1.0,3.0,Unfurnished,,,Residential House,Resale,Ready to Move,2026-06-21,Mumbai,Ashok Nagar Kandivali East,,,Ashok Nagar Kandivali East,,,,,,,Bachelors/Family,2026-06-20 18:26:59+00:00,4BHK Residential House for Resale in Ashok Nagar Kandivali East,19.1990018451809,72.8579753718241,,False,False,,65,0.0,14.914122846632385,,14.914122846632385
10 to 15 years,7000000.0,,4,3.0,3,1620.0,,,,Semi-Furnished,,,Villa,Resale,Ready to Move,2026-08-08,Mumbai,,,,,,,,,,,Bachelors/Family,2026-08-07 18:21:39+00:00,4BHK Villa for Resale in ,,,12.5,False,False,4320.9876543209875,17,1.0,15.761420707019587,7.3901814282264295,
,6500000.0,1625.0,4,2.0,,,4000.0,,,Semi-Furnished,,,Residential House,Resale,Ready to Move,2026-08-23,Mumbai,,,,,,,,,,,Bachelors/Family,2026-08-17 20:22:30+00:00,4BHK Residential House for Resale in ,,,,False,False,,7,1.0,15.687312734865866,,
Less than 5 years,6500000.0,,4,3.0,2,1320.0,,,,Unfurnished,East,Main Road,Villa,Resale,Ready to Move,2026-04-21,Mumbai,Uttan Road,,,Uttan Road,,,,,,,Bachelors/Family,2026-04-20 17:58:47+00:00,4BHK Villa for Resale in Uttan Road,19.27600097,72.79681045,3.0,False,False,4924.242424242424,126,0.0,15.687312734865866,7.1853870155804165,15.950359282814256
15 to 20 years,8000000.0,6250.0,4,1.0,,,1280.0,,,Unfurnished,,,Residential House,Resale,Ready to Move,2026-08-17,Mumbai,,,,Waliv,,,,,,,Bachelors/Family,2026-08-17 15:38:48+00:00,4BHK Residential House for Resale in Waliv,19.414152,72.864301,17.5,False,False,,7,0.0,15.89495209964411,,
,8000000.0,14286.0,4,2.0,,,560.0,1.0,2.0,Unfurnished,,,Residential House,Resale,Ready to Move,2026-07-07,Mumbai,Powai,,,Powai,,,,,,,Bachelors/Family,2026-07-07 16:01:33+00:00,4BHK Residential House for Resale in Powai,19.1196773,72.9050809,,False,False,,48,0.0,15.89495209964411,,17.080894141792264
,7000000.0,9447.0,4,2.0,,,741.0,2.0,6.0,Semi-Furnished,,,Apartment,Resale,Ready to Move,2026-06-03,Mumbai,Mira Bhayandar,,,Mira Bhayandar,,,,,,,Bachelors/Family,2026-06-02 21:32:04+00:00,4BHK Multistorey Apartment for Resale in Mira Bhayandar,19.2783121,72.8580188,,False,False,,83,1.0,15.761420707019587,,16.08416528757378
5 to 10 years,8000000.0,5333.0,4,2.0,2,,1500.0,0.0,5.0,Semi-Furnished,West,,Apartment,Resale,Ready to Move,2026-05-18,Mumbai,Mira Road,,"near gcc club , school vegetable market etc",Mira Road Area,,Water Availability 1 Hour Available,No/Rare Powercut,Ceramic Tiles,,Freehold,Bachelors/Family,2026-05-17 21:30:42+00:00,4BHK Multistorey Apartment for Resale in Mira Road Area,19.2829267647424,72.8627883689306,7.5,False,False,,99,1.0,15.89495209964411,,16.228045916668293
,7560000.0,3150.0,4,4.0,,,2400.0,,,Semi-Furnished,,,Residential House,Resale,,2026-08-24,Mumbai,Golden Nest Phase 1,,,Golden Nest Phase 1,,,,,,,Bachelors/Family,2026-08-24 09:42:40+00:00,4BHK Residential House for Resale in Golden Nest Phase 1,19.2976000242317,72.8624627506473,,False,False,,0,1.0,15.838381748155715,,15.838381748155715
,10000000.0,1202.0,4,5.0,5,5200.0,8320.0,,,Unfurnished,,,Villa,Resale,Under Construction,2026-08-07,Mumbai,Virar West,,,Virar West,,,,,,,Bachelors/Family,2026-08-06 23:41:20+00:00,4BHK Villa for Resale in Virar West,19.4638767047594,72.7822993572118,,False,False,1923.076923076923,18,0.0,16.11809565095832,8.556413904569519,15.772149807434285
New Construction,10000000.0,6959.0,4,4.0,4,870.0,1437.0,15.0,22.0,Semi-Furnished,East,"Garden/Park, Main Road",Apartment,New Property,Ready to Move,2026-08-23,Mumbai,Vasai West,Mansarovar Ariana,Vasai road railway station is the nearest from this location.,Vasai West,"Jogging and Strolling Track,Service/Goods Lift,Visitor Parking",Water Availability 24 Hours Available,No/Rare Powercut,Vitrified,"NA|null,P99000077313|-1",Freehold,Bachelors/Family,2026-08-22 23:45:16+00:00,4BHK Multistorey Apartment for New Property in Mansarovar Ariana at Vasai West,19.3745830863848,72.8076393946386,0.0,False,False,11494.252873563219,2,1.0,16.11809565095832,6.76849321164863,16.149761228170277
Less than 5 years,11716000.0,,4,3.0,5,990.0,,,,Unfurnished,,,Apartment,New Property,Ready To Move,2026-07-30,Mumbai,Virar West,Mehta Gokul Aura,,Virar West,,,,,"NA|null,P99000035169|-1",,Bachelors/Family,2026-08-21 17:37:05+00:00,4BHK Multistorey Apartment for New Property in Mehta Gokul Aura at Virar West,19.4638767047594,72.7822993572118,3.0,False,False,11834.343434343435,3,0.0,16.27646598692976,6.897704943128636,15.772149807434285
,11413000.0,,4,4.0,6,1193.0,,,,Unfurnished,,,Apartment,New Property,Mar '30,2026-08-13,Mumbai,Virar West,Cosmos Serenity,,Virar West,,,,,"NA|null,P99000080932|-1,PM1241012502317|-1",,Bachelors/Family,2026-08-22 17:36:38+00:00,4BHK Multistorey Apartment for New Property in Cosmos Serenity at Virar West,19.4638767047594,72.7822993572118,,False,False,9566.63872590109,2,0.0,16.250263614535736,7.084226422097916,15.772149807434285
15 to 20 years,10000000.0,,4,2.0,3,3267.0,,,,Semi-Furnished,,Garden/Park,Villa,Resale,Ready to Move,2026-08-03,Mumbai,Virar,,,Virar,,,,,,,Bachelors/Family,2026-08-03 13:01:35+00:00,4BHK Villa for Resale in Virar,19.462194642857,72.8049130698568,17.5,False,False,3060.912151821243,21,1.0,16.11809565095832,8.09162741160107,15.40653067895644
,8500000.0,6538.0,4,2.0,,,1300.0,4.0,4.0,Furnished,,,Apartment,Resale,Ready to Move,2026-05-21,Mumbai,,,,,,,,,,,Bachelors/Family,2026-05-20 21:32:24+00:00,4BHK Multistorey Apartment for Resale in ,,,,False,False,,96,2.0,15.955576721460545,,
,9080000.0,5189.0,4,4.0,,,1750.0,,,Furnished,,,Apartment,Resale,Ready to Move,2026-08-24,Mumbai,Brhmanwada,Laxmi Niketan,,Brhmanwada,,,,,,,Bachelors/Family,2026-08-24 07:00:53+00:00,4BHK Multistorey Apartment for Resale in Laxmi Niketan at Brhmanwada,19.0320970268441,72.8551823971318,,False,False,,0,2.0,16.021584750577475,,16.021584750577475
Less than 5 years,12000000.0,8451.0,4,3.0,,1022.0,1420.0,0.0,8.0,Semi-Furnished,,,Apartment,Resale,Ready to Move,2026-08-21,Mumbai,Mira Road,Gaurav Galaxy I,,Mira Road Area,,,,,,,Bachelors/Family,2026-08-20 16:46:04+00:00,4BHK Multistorey Apartment for Resale in Gaurav Galaxy I at Mira Road Area,19.2829267647424,72.8627883689306,3.0,False,False,11741.682974559686,4,1.0,16.300417207752275,6.92951677076365,16.228045916668293
New Construction,10800000.0,5365.0,4,4.0,6,1220.0,2013.0,11.0,23.0,Semi-Furnished,East,"Garden/Park, Pool, Main Road",Apartment,New Property,Ready to Move,2026-08-24,Mumbai,Vasai,Techton Akhand ,"Located in Vasai East with proximity to vasai Station, hospitals,etc",Vasai,"Skydeck,Banquet Hall,Jogging and Strolling Track,RO Water System,Visitor Parking,Intercom Facility,Conference Room",Water Availability 24 Hours Available,No/Rare Powercut,Vitrified,"NA|null,P99000053393|-1,PM1244042601396|-1",Freehold,Bachelors/Family,2026-08-23 23:45:17+00:00,4BHK Multistorey Apartment for New Property in Techton Akhand  at Vasai,19.3914260104194,72.8285855834131,0.0,False,False,8852.459016393443,1,1.0,16.195056692094447,7.106606137727303,15.876706569663893
,11374000.0,,4,4.0,6,1189.0,,,,Unfurnished,,,Apartment,New Property,Mar '30,2026-08-13,Mumbai,Virar West,Cosmos Serenity,,Virar West,,,,,"NA|null,P99000080932|-1,PM1241012502317|-1",,Bachelors/Family,2026-08-20 17:36:46+00:00,4BHK Multistorey Apartment for New Property in Cosmos Serenity at Virar West,19.4638767047594,72.7822993572118,,False,False,9566.021867115223,4,0.0,16.24684060684888,7.080867896690782,15.772149807434285
,10000000.0,5882.0,4,4.0,,,1700.0,,,Furnished,,,Villa,Resale,Ready to Move,2026-05-21,Mumbai,Ulhasnagar,,,Ulhasnagar,,,,,,,Bachelors/Family,2026-05-21 05:59:27+00:00,4BHK Villa for Resale in Ulhasnagar,19.2298419727021,73.1644753282394,,False,False,,95,2.0,16.11809565095832,,15.59047976555874
5 to 10 years,11000000.0,,4,2.0,,800.0,,,,Unfurnished,,,Residential House,Resale,Ready to Move,2026-05-22,Mumbai,Mulund Colony - Mulund West,,,Mulund Colony,,,,,,,Bachelors/Family,2026-05-21 16:53:50+00:00,4BHK Residential House for Resale in Mulund Colony,19.1686449558956,72.9344386611888,7.5,False,False,13750.0,95,0.0,16.213405830762646,6.684611727667927,16.48340967099573
10 to 15 years,17500000.0,7955.0,4,4.0,3,1500.0,2200.0,2.0,12.0,Unfurnished,South -West,Garden/Park,Apartment,Resale,Ready to Move,2026-05-27,Mumbai,Dombivli East,,,Dombivli East,"Air Conditioned,Banquet Hall,Jogging and Strolling Track,Outdoor Tennis Courts,Laundry Service,Internet/Wi-Fi Connectivity,RO Water System,Intercom Facility",,,,,Co-operative Society,Bachelors/Family,2026-05-24 23:53:27+00:00,4BHK Multistorey Apartment for Resale in Dombivli East,19.2049111648702,73.1069201060438,12.5,False,False,11666.666666666666,92,0.0,16.67771143889374,7.313220387090301,16.67771143889374
New Construction,17316000.0,10400.0,4,4.0,,1000.0,1665.0,15.0,26.0,Semi-Furnished,East,"Garden/Park, Main Road",Apartment,New Property,Ready to Move,2026-08-24,Mumbai,Bhayandar East,Jak Namaha,"The Property is nearby station, metro station  schools",Bhayandar East,"Sea facing,Banquet Hall,Service/Goods Lift,Visitor Parking",Water Availability 24 Hours Available,No/Rare Powercut,Vitrified,"NA|null,P51700079398|-1",Freehold,Bachelors/Family,2026-08-23 23:45:17+00:00,4BHK Multistorey Apartment for New Property in Jak Namaha at Bhayandar East,19.3096844760714,72.8623193046283,0.0,False,False,17316.0,1,1.0,16.667141487544008,6.907755278982137,16.2142810972818
,15979381.0,6215.0,4,4.0,4,1836.0,2571.0,,,Unfurnished,,,Villa,New Property,Jul '27,2026-08-20,Mumbai,Virar West,URS Villa,,Virar West,,,,,,,Bachelors/Family,2026-08-22 17:36:39+00:00,4BHK Villa for New Property in URS Villa at Virar West,19.4638767047594,72.7822993572118,,False,False,8703.366557734205,2,0.0,16.58680976163225,7.515344571180436,15.772149807434285
Less than 5 years,14999999.0,28302.0,4,2.0,,382.0,530.0,9.0,15.0,Semi-Furnished,,,Apartment,Resale,Ready to Move,2026-08-22,Mumbai,Bhoiwada - Parel,Khaparidev CHS,,Bhoiwada,,,,,,,Bachelors/Family,2026-08-21 15:08:09+00:00,4BHK Multistorey Apartment for Resale in Khaparidev CHS at Bhoiwada,19.0052791781479,72.8456771170313,3.0,False,True,39267.01308900524,3,1.0,16.523560692399816,5.945420608606575,16.913223164133647
,13948000.0,,4,5.0,7,1458.0,,,,Unfurnished,,,Apartment,New Property,Mar '30,2026-08-15,Mumbai,Virar West,Cosmos Serenity,,Virar West,,,,,"NA|null,P99000080932|-1,PM1241012502317|-1",,Bachelors/Family,2026-08-16 17:37:31+00:00,4BHK Multistorey Apartment for New Property in Cosmos Serenity at Virar West,19.4638767047594,72.7822993572118,,False,False,9566.529492455418,8,0.0,16.45084668677768,7.284820912568604,15.772149807434285
,14500000.0,12775.0,4,2.0,,,1135.0,1.0,8.0,Semi-Furnished,,,Apartment,Resale,Ready to Move,2026-06-22,Mumbai,Mira Road,RNA COURTYARD CHS LTD,,Mira Road,,,,,,,Bachelors/Family,2026-06-21 17:36:16+00:00,4BHK Multistorey Apartment for Resale in RNA COURTYARD CHS LTD at Mira Road,19.2824790028886,72.8826767010947,,False,False,,64,1.0,16.489659207390805,,16.228045916668293
New Construction,15000000.0,4286.0,4,4.0,5,2500.0,3500.0,,,Unfurnished,,Garden/Park,Residential House,Resale,Ready to Move,2026-07-26,Mumbai,,,,,Banquet Hall,,,,,Freehold,Bachelors/Family,2026-07-25 18:17:20+00:00,4BHK Residential House for Resale in ,,,0.0,False,False,6000.0,30,0.0,16.523560759066484,7.824046010856292,
,13000000.0,24154.0,4,4.0,,,50.0,0.0,2.0,Semi-Furnished,,,Residential House,Resale,Ready to Move,2026-04-13,Mumbai,Andheri West,,,Andheri West,,,,,,,Bachelors/Family,2026-04-12 21:30:41+00:00,4BHK Residential House for Resale in Andheri West,19.1373697481266,72.8257229439874,,False,False,,134,1.0,16.38045991542581,,17.52659843548851
New Construction,17300000.0,,4,2.0,3,1200.0,,3.0,3.0,Unfurnished,East,,Apartment,Resale,Ready to Move,2026-06-28,Mumbai,,,bazar gali hanuman temple,,,,,,,Freehold,Bachelors/Family,2026-06-27 17:28:23+00:00,4BHK Multistorey Apartment for Resale in ,,,0.0,False,False,14416.666666666666,58,0.0,16.666217059468007,7.090076835776092,
,16000000.0,7273.0,4,2.0,,,2200.0,0.0,2.0,Semi-Furnished,,,Residential House,Resale,Ready to Move,2026-06-30,Mumbai,Mulund West,,,Mulund West,,,,,,,Bachelors/Family,2026-06-29 21:31:48+00:00,4BHK Residential House for Resale in Mulund West,19.1749536837097,72.943103519999,,False,False,,56,1.0,16.588099280204055,,17.223121841269137
Less than 5 years,12500000.0,24038.0,4,3.0,,374.0,520.0,1.0,5.0,Semi-Furnished,,,Apartment,Resale,Ready to Move,2026-08-21,Mumbai,Virar,Kailash Tower,,Virar,,,,,"NA|null,P99000008452|-1",,Bachelors/Family,2026-08-21 05:45:33+00:00,4BHK Multistorey Apartment for Resale in Kailash Tower at Virar,19.462194642857,72.8049130698568,3.0,False,True,33422.45989304813,3,1.0,16.34123920227253,5.924255797414532,15.40653067895644
15 to 20 years,13600000.0,8640.0,4,3.0,1,,1574.0,,,Semi-Furnished,,,Residential House,Resale,Ready to Move,2026-06-25,Mumbai,Mulund Colony - Mulund West,,,Mulund Colony,,,,,,,Bachelors/Family,2026-06-24 17:27:04+00:00,4BHK Residential House for Resale in Mulund Colony,19.1686449558956,72.9344386611888,17.5,False,False,,61,1.0,16.42558035070628,,16.48340967099573
10 to 15 years,13400000.0,9463.0,4,4.0,3,885.0,1416.0,6.0,6.0,Furnished,East,Garden/Park,Apartment,Resale,Ready to Move,2026-07-28,Mumbai,Ghatkopar East,Rajshree Vihar,,Ghatkopar East,"Well Furnished,Modular Kitchen,Internet/Wi-Fi Connectivity,Visitor Parking",Water Availability 24 Hours Available,No/Rare Powercut,"Vitrified,Ceramic Tiles,Granite",,Freehold,Bachelors/Family,2026-07-28 14:02:33+00:00,4BHK Multistorey Apartment for Resale in Rajshree Vihar at Ghatkopar East,19.07907,72.907976,12.5,False,False,15141.242937853107,27,2.0,16.41076526492114,6.785587645007929,17.19392251305016
New Construction,13000000.0,10833.0,4,2.0,3,1200.0,1200.0,3.0,3.0,Unfurnished,East,Main Road,Apartment,New Property,Ready to Move,2026-04-30,Mumbai,Malad West,,malwani church marve road,Malad West,,,,,,Power Of Attorney,Bachelors/Family,2026-04-29 21:30:41+00:00,4BHK Multistorey Apartment for New Property in Malad West,19.1940346300819,72.8257561606587,0.0,False,False,10833.333333333334,117,0.0,16.38045991542581,7.090076835776092,16.726961842869137
New Construction,17680000.0,10000.0,4,4.0,1,1071.0,1768.0,21.0,36.0,Semi-Furnished,East,"Garden/Park, Main Road",Apartment,New Property,Ready to Move,2026-08-22,Mumbai,,Om Shree Tirupati Namaah,Mira Bhayandar Link Road,Mira Road East,"Sea facing,Banquet Hall,Jogging and Strolling Track,Service/Goods Lift,Conference Room",Water Availability 24 Hours Available,No/Rare Powercut,Vitrified,"NA|null,P51700078184|-1",Freehold,Bachelors/Family,2026-08-21 23:45:15+00:00,4BHK Multistorey Apartment for New Property in Om Shree Tirupati Namaah at Mira Road East,19.282975,72.873618,0.0,False,False,16507.93650793651,3,1.0,16.687944615173773,6.976348070447749,
,14631349.0,6245.0,4,4.0,4,1673.0,2343.0,,,Unfurnished,,,Villa,New Property,Jul '27,2026-08-20,Mumbai,Virar West,URS Villa,,Virar West,,,,,,,Bachelors/Family,2026-08-21 17:37:06+00:00,4BHK Villa for New Property in URS Villa at Virar West,19.4638767047594,72.7822993572118,,False,False,8745.576210400479,3,0.0,16.498676976537638,7.422373700986824,15.772149807434285
15 to 20 years,15500000.0,6963.0,4,3.0,3,1860.0,2226.0,6.0,6.0,Furnished,,,Apartment,Resale,Ready to Move,2026-05-14,Mumbai,Ulhasnagar,,,Ulhasnagar,,,,,,,Bachelors/Family,2026-05-13 18:20:23+00:00,4BHK Multistorey Apartment for Resale in Ulhasnagar,19.2298419727021,73.1644753282394,17.5,False,False,8333.333333333334,103,2.0,16.556350581889475,7.528331766707247,15.59047976555874
,17935200.0,9400.0,4,4.0,2,1156.0,1908.0,10.0,33.0,Semi-Furnished,East,"Garden/Park, Main Road",Apartment,New Property,Under Construction,2026-08-22,Mumbai,Bhayandar West,Ark Narmadalifestyle,Ark Narmadalifestyle is a wellknown project located in Bhayandar West,Bhayandar West,"Banquet Hall,Jogging and Strolling Track,Visitor Parking,Intercom Facility",Water Availability 24 Hours Available,No/Rare Powercut,Vitrified,"NA|null,P51700078659|-1,P51700080185|-1",Freehold,Bachelors/Family,2026-08-21 23:45:15+00:00,4BHK Multistorey Apartment for New Property in Ark Narmadalifestyle at Bhayandar West,19.302684296237,72.8274295067014,,False,False,15514.878892733564,3,1.0,16.702275820266326,7.052721049232323,16.231848263642956
New Construction,13500000.0,5474.0,4,4.0,2,2413.0,2466.0,,,Semi-Furnished,,,Villa,Resale,Ready to Move,2026-06-26,Mumbai,Hanuman Chowk,,,Hanuman Chowk,Internet/Wi-Fi Connectivity,,,,,,Bachelors/Family,2026-06-26 11:50:42+00:00,4BHK Villa for Resale in Hanuman Chowk,19.171174291916,72.9593939631694,0.0,False,False,5594.6953999171155,59,1.0,16.41820024340866,7.7886260656250315,16.41820024340866
,13700000.0,9786.0,4,3.0,,,1400.0,8.0,14.0,Unfurnished,,,Apartment,Resale,Ready to Move,2026-08-19,Mumbai,Mira Road,,,Mira Road Area,,,,,,,Bachelors/Family,2026-08-19 14:41:54+00:00,4BHK Multistorey Apartment for Resale in Mira Road Area,19.2829267647424,72.8627883689306,,False,False,,5,0.0,16.432906390798355,,16.228045916668293
Above 20 years,16000000.0,8889.0,4,3.0,3,1200.0,1800.0,0.0,3.0,Furnished,,,Apartment,Resale,Ready to Move,2026-08-24,Mumbai,,,,,,,,,,,Bachelors/Family,2026-08-23 23:40:16+00:00,4BHK Multistorey Apartment for Resale in ,,,25.0,False,False,13333.333333333334,1,2.0,16.588099280204055,7.090076835776092,
,15000000.0,25000.0,4,2.0,,,600.0,6.0,7.0,Furnished,,,Apartment,Resale,Ready to Move,2026-06-16,Mumbai,Mulund West,Lok Nisarg,,Mulund West,,,,,,,Bachelors/Family,2026-06-16 11:50:12+00:00,4BHK Multistorey Apartment for Resale in Lok Nisarg at Mulund West,19.1749536837097,72.943103519999,,False,False,,69,2.0,16.523560759066484,,17.223121841269137
New Construction,25000000.0,20000.0,4,3.0,,839.0,1250.0,23.0,23.0,Unfurnished,North - East,Garden/Park,Apartment,New Property,Ready to Move,2026-08-09,Mumbai,Borivali East,Chandak Nishchay,Chandak Nishchay in itself is a landmark for this area.,Borivali East,"Jogging and Strolling Track,Service/Goods Lift,Visitor Parking",,,Vitrified,"NA|null,P51800009954|12/2023,P51800015985|12/2023",Co-operative Society,Bachelors/Family,2026-07-24 18:08:16+00:00,4BHK Multistorey Apartment for New Property in Chandak Nishchay at Borivali East,19.2272619069866,72.8634397272398,0.0,False,False,29797.377830750895,31,0.0,17.034386382832476,6.732210706467206,17.562034381620705
Less than 5 years,18536000.0,10275.0,4,3.0,,,1804.0,,,Unfurnished,,,Apartment,New Property,Ready To Move,2026-08-06,Mumbai,Mira Road,Lodha Aqua,,Mira Road Area,,,,,,,Bachelors/Family,2026-08-23 17:37:16+00:00,4BHK Multistorey Apartment for New Property in Lodha Aqua at Mira Road Area,19.2829267647424,72.8627883689306,3.0,False,False,,1,0.0,16.73522534509435,,16.228045916668293
,20000000.0,,4,2.0,,1220.0,,,,Unfurnished,,,Apartment,New Property,Dec '27,2026-08-19,Mumbai,Kandivali West,Vijaykamal Meridian Court 1,,Kandivali West,,,,,"NA|null,P51800007441|-1,PM1181012500995|-1",,Bachelors/Family,2026-08-23 17:37:17+00:00,4BHK Multistorey Apartment for New Property in Vijaykamal Meridian Court 1 at Kandivali West,19.2101312179652,72.8305011930765,,False,False,16393.44262295082,1,0.0,16.811242831518264,7.106606137727303,16.88809240469397
10 to 15 years,21000000.0,9545.0,4,4.0,,1584.0,2200.0,3.0,7.0,Semi-Furnished,,,Apartment,Resale,Ready to Move,2026-08-21,Mumbai,Mira Road,Jangid Estate,,Mira Road Area,,,,,,,Bachelors/Family,2026-08-20 16:17:27+00:00,4BHK Multistorey Apartment for Resale in Jangid Estate at Mira Road Area,19.2829267647424,72.8627883689306,12.5,False,False,13257.575757575758,4,1.0,16.860032995687696,7.367708572374371,16.228045916668293
,24800000.0,9684.0,4,4.0,6,1721.0,2561.0,36.0,45.0,Unfurnished,North - East,"Garden/Park, Pool, Main Road",Apartment,New Property,Under Construction,2026-08-06,Mumbai,,The Palace Tower,"Near Western Express Highway , Upcoming Mall , Vinay Nagar , Mira road",Vinay Nagar,"Bar/Lounge,Fingerprint Access,Health club with Steam / Jaccuzi,Banquet Hall,Jogging and Strolling Track,Outdoor Tennis Courts,Laundry Service,Internet/Wi-Fi Connectivity,RO Water System,Service/Goods Lift,Visitor Parking,Intercom Facility,Conference Room",Water Availability 24 Hours Available,No/Rare Powercut,Vitrified,"NA|null,P51700033430|12/2028,P51700033431|12/2028",Freehold,Bachelors/Family,2026-08-06 07:18:50+00:00,4BHK Multistorey Apartment for New Property in The Palace Tower at Vinay Nagar,19.2801994577438,72.8818023164363,,False,False,14410.226612434632,18,0.0,17.02635421113521,7.450660796211539,
,21600000.0,9231.0,4,4.0,,1685.0,2340.0,7.0,24.0,Furnished,,,Apartment,Resale,Under Construction,2026-08-22,Mumbai,,Cllaro Urban Grandeur,,Mira Road East,"Fireplace,,Bar/Lounge,Air Conditioned,Banquet Hall,Jogging and Strolling Track,Laundry Service,Internet/Wi-Fi Connectivity,RO Water System,Service/Goods Lift,Visitor Parking,Intercom Facility,Conference Room,",,,,"NA|null,P51700046697|-1",,Bachelors/Family,2026-08-21 20:02:54+00:00,4BHK Multistorey Apartment for Resale in Cllaro Urban Grandeur at Mira Road East,19.282975,72.873618,,False,False,12818.991097922848,3,2.0,16.888203872654394,7.429520842786462,
Above 20 years,25000000.0,16667.0,4,4.0,,1120.0,1500.0,7.0,8.0,Semi-Furnished,North,Garden/Park,Apartment,Resale,Ready to Move,2026-05-26,Mumbai,Mulund West,Gaurav Annexe Apartment,"near Sarvodaya Nagar, next to Hanuman Mandir, Rajeev Gandhi Maidan,Vaitra Nagar",Mulund West,,,,Vitrified,,Co-operative Society,Bachelors/Family,2026-05-26 10:17:44+00:00,4BHK Multistorey Apartment for Resale in Gaurav Annexe Apartment at Mulund West,19.1749536837097,72.943103519999,25.0,False,False,22321.428571428572,90,1.0,17.034386382832476,7.02108396428914,17.223121841269137
5 to 10 years,19900000.0,10102.0,4,2.0,3,1516.0,1970.0,2.0,6.0,Semi-Furnished,,,Apartment,Resale,Ready to Move,2026-08-04,Mumbai,,,,,,,,,,,Bachelors/Family,2026-08-04 11:00:40+00:00,4BHK Multistorey Apartment for Resale in ,,,7.5,False,False,13126.649076517151,20,1.0,16.80623028969472,7.323830566202317,
Less than 5 years,20000000.0,30769.0,4,3.0,1,450.0,650.0,,,Semi-Furnished,,"Garden/Park, Main Road",Residential House,Resale,Ready to Move,2026-07-27,Mumbai,Powai,,,Powai,"Air Conditioned,RO Water System",,,,,,Bachelors/Family,2026-07-26 18:07:04+00:00,4BHK Residential House for Resale in Powai,19.1196773,72.9050809,3.0,False,False,44444.444444444445,29,1.0,16.811242831518264,6.1092475827643655,17.080894141792264
15 to 20 years,25000000.0,6250.0,4,5.0,2,3000.0,4000.0,,,Semi-Furnished,,Pool,Villa,Resale,Ready to Move,2026-05-26,Mumbai,Waliv Road,,,Waliv Road,,,,,,,Bachelors/Family,2026-05-25 18:04:47+00:00,4BHK Villa for Resale in Waliv Road,19.41713526,72.86139408,17.5,False,False,8333.333333333334,91,1.0,17.034386382832476,8.006367567650246,17.034386382832476
5 to 10 years,25000000.0,14535.0,4,5.0,,1238.0,1720.0,6.0,6.0,Unfurnished,,,Apartment,Resale,Ready to Move,2026-08-22,Mumbai,Deonar,Rajdarshan Residency,,Deonar Govandi East,,,,,,,Bachelors/Family,2026-08-21 19:32:53+00:00,4BHK Multistorey Apartment for Resale in Rajdarshan Residency at Deonar Govandi East,19.0554764325778,72.9194685725362,7.5,False,False,20193.861066235866,3,0.0,17.034386382832476,7.121252453244542,17.034386382832476
Less than 5 years,20000000.0,14286.0,4,2.0,,1008.0,1400.0,1.0,24.0,Semi-Furnished,,,Apartment,Resale,Ready to Move,2026-08-21,Mumbai,Kandivali East,Crimson Tower,,Kandivali East,"Service/Goods Lift,Visitor Parking",,,,,,Bachelors/Family,2026-08-21 04:38:51+00:00,4BHK Multistorey Apartment for Resale in Crimson Tower at Kandivali East,19.2050017,72.8692711,3.0,False,False,19841.26984126984,4,1.0,16.811242831518264,6.915723448631314,17.422295377931313
Above 20 years,25000000.0,15684.0,4,4.0,,1148.0,1594.0,6.0,10.0,Furnished,,,Apartment,Resale,Ready to Move,2026-08-22,Mumbai,Dahisar West,Radha Raman CHS,,Dahisar West,,,,,,,Bachelors/Family,2026-08-21 09:31:15+00:00,4BHK Multistorey Apartment for Resale in Radha Raman CHS at Dahisar West,19.2567151019289,72.8506375105369,25.0,False,False,21777.003484320558,3,2.0,17.034386382832476,7.045776576879511,16.744477135206004
Less than 5 years,25000000.0,20833.0,4,3.0,,864.0,1200.0,3.0,11.0,Semi-Furnished,,,Apartment,Resale,Ready to Move,2026-08-21,Mumbai,Malad West,Sai Shraddha CHS,,Malad West,"Service/Goods Lift,Visitor Parking",,,,,,Bachelors/Family,2026-08-21 05:13:56+00:00,4BHK Multistorey Apartment for Resale in Sai Shraddha CHS at Malad West,19.1940346300819,72.8257561606587,3.0,False,False,28935.185185185186,4,1.0,17.034386382832476,6.761572768804055,16.726961842869137
,22000000.0,,4,3.0,3,1250.0,,14.0,14.0,Furnished,East,"Garden/Park, Pool, Main Road",Apartment,Resale,Under Construction,2026-05-24,Mumbai,Virar West,Wadhwana Blu Pearl,,Virar West,"Skyline View,Wrap Around Balcony,Concierge Services,Fireplace,Bar/Lounge,Fingerprint Access,Banquet Hall,Laundry Service,Service/Goods Lift,Visitor Parking,Intercom Facility",Water Availability 24 Hours Available,No/Rare Powercut,Ceramic Tiles,"NA|null,P99000008670|-1",Freehold,Bachelors/Family,2026-05-23 17:58:48+00:00,4BHK Multistorey Apartment for Resale in Wadhwana Blu Pearl at Virar West,19.4638767047594,72.7822993572118,,False,False,17600.0,93,2.0,16.90655301132259,7.1308988302963465,15.772149807434285
,18500000.0,11859.0,4,3.0,,,1560.0,0.0,7.0,Semi-Furnished,,,Apartment,Resale,Ready to Move,2026-06-27,Mumbai,,,,Mahajan Wadi,,,,,,,Bachelors/Family,2026-06-27 08:37:22+00:00,4BHK Multistorey Apartment for Resale in Mahajan Wadi,19.2659109511905,72.8757779978855,,False,False,,58,1.0,16.733281290048552,,
Less than 5 years,19000000.0,19628.0,4,2.0,,697.0,968.0,3.0,4.0,Semi-Furnished,,,Apartment,Resale,Ready to Move,2026-08-22,Mumbai,LIC Colony Borivali West,Tarun Apartments,,LIC Colony Borivali West,,,,,,,Bachelors/Family,2026-08-21 18:06:23+00:00,4BHK Multistorey Apartment for Resale in Tarun Apartments at LIC Colony Borivali West,19.2401752131743,72.8501224979353,3.0,False,False,27259.684361549498,3,1.0,16.759949537130716,6.546785410760524,16.759949537130716
Above 20 years,20000000.0,,4,1.0,2,750.0,,2.0,3.0,Semi-Furnished,,Main Road,Apartment,Resale,Ready to Move,2026-07-18,Mumbai,Ghatkopar East,Garodia Building,above union bank of india,Ghatkopar East,,,,,,Co-operative Society,Bachelors/Family,2026-07-17 21:31:39+00:00,4BHK Multistorey Apartment for Resale in Garodia Building at Ghatkopar East,19.07907,72.907976,25.0,False,False,26666.666666666668,38,1.0,16.811242831518264,6.620073206530356,17.19392251305016
Above 20 years,21000000.0,18103.0,4,4.0,,835.0,1160.0,6.0,6.0,Furnished,,,Apartment,Resale,Ready to Move,2026-08-22,Mumbai,Andheri East,Aarohi CHS,,Andheri East,,,,,,,Bachelors/Family,2026-08-21 17:50:30+00:00,4BHK Multistorey Apartment for Resale in Aarohi CHS at Andheri East,19.1154908,72.8726952,25.0,False,False,25149.700598802396,3,2.0,16.860032995687696,6.727431724850855,17.064584727117307
Less than 5 years,25000000.0,16667.0,4,5.0,,1080.0,1500.0,1.0,8.0,Semi-Furnished,,,Apartment,Resale,Ready to Move,2026-08-21,Mumbai,Kandivali West,Rukmani Niwas,,Kandivali West,,,,,,,Bachelors/Family,2026-08-21 04:42:18+00:00,4BHK Multistorey Apartment for Resale in Rukmani Niwas at Kandivali West,19.2101312179652,72.8305011930765,3.0,False,False,23148.14814814815,4,1.0,17.034386382832476,6.984716320118266,16.88809240469397
Less than 5 years,21500000.0,20093.0,4,3.0,,770.0,1070.0,5.0,7.0,Furnished,,,Apartment,Resale,Ready to Move,2026-08-21,Mumbai,Mulund West,Rajendra Prakash Apartment,,Mulund West,,,,,,,Bachelors/Family,2026-08-21 04:58:26+00:00,4BHK Multistorey Apartment for Resale in Rajendra Prakash Apartment at Mulund West,19.1749536837097,72.943103519999,3.0,False,False,27922.077922077922,4,2.0,16.883563493097892,6.646390514847729,17.223121841269137
,19000000.0,10857.0,4,4.0,,,1750.0,3.0,9.0,Furnished,,,Apartment,Resale,Ready to Move,2026-04-17,Mumbai,Goregaon East,,,Goregaon East,,,,,,,Bachelors/Family,2026-04-16 17:12:58+00:00,4BHK Multistorey Apartment for Resale in Goregaon East,19.1562110822264,72.8758090633208,,False,False,,130,2.0,16.759949537130716,,17.204116971054173
,24000000.0,16000.0,4,5.0,,,1500.0,2.0,2.0,Furnished,,,Residential House,Resale,Ready to Move,2026-05-02,Mumbai,Kandivali West,,,Kandivali West,,,,,,,Bachelors/Family,2026-05-01 16:34:04+00:00,4BHK Residential House for Resale in Kandivali West,19.2101312179652,72.8305011930765,,False,False,,115,2.0,16.99356438831222,,16.88809240469397
New Construction,21500000.0,8600.0,4,3.0,,,2500.0,,,,,,Villa,Resale,Ready to Move,2026-08-18,Mumbai,Sahyadri Nagar,,,Sahyadri Nagar Chembur,,,,,,,Bachelors/Family,2026-08-18 08:09:19+00:00,4BHK Villa for Resale in Sahyadri Nagar Chembur,19.0371991675895,72.9061048432736,0.0,False,False,,6,,16.883563493097892,,16.883563493097892
,25000000.0,10000.0,4,4.0,1,2000.0,,,,Furnished,,"Pool, Main Road",Villa,Resale,Under Construction,2026-08-16,Mumbai,Royal Palms,,,Royal Palms,,Water Availability 24 Hours Available,No/Rare Powercut,,,,Bachelors/Family,2026-08-15 23:43:38+00:00,4BHK Villa for Resale in Royal Palms,19.15346782,72.8865788,,False,False,12500.0,9,2.0,17.034386382832476,7.600902459542082,16.99778142749674
Above 20 years,20000000.0,10000.0,4,2.0,,2000.0,2000.0,2.0,3.0,Furnished,,,Residential House,Resale,Ready to Move,2026-08-04,Mumbai,Mulund Colony - Mulund West,,,Mulund Colony,,,,Marble,,Freehold,Bachelors/Family,2026-08-03 17:24:03+00:00,4BHK Residential House for Resale in Mulund Colony,19.1686449558956,72.9344386611888,25.0,False,False,10000.0,21,2.0,16.811242831518264,7.600902459542082,16.48340967099573
,22500000.0,14107.0,4,3.0,,,1595.0,26.0,27.0,Furnished,,,Apartment,Resale,Ready to Move,2026-06-22,Mumbai,,,,Ghodbunder,,,,,,,Bachelors/Family,2026-06-21 17:36:16+00:00,4BHK Multistorey Apartment for Resale in Ghodbunder,19.2899053330719,72.8903741824405,,False,False,,64,2.0,16.929025867174648,,
10 to 15 years,35000000.0,28000.0,4,4.0,,900.0,1250.0,0.0,4.0,Furnished,,,Apartment,Resale,Ready to Move,2026-08-22,Mumbai,Goregaon West,Ganga Jyoti ,,Goregaon West,,,,,,,Bachelors/Family,2026-08-21 11:12:40+00:00,4BHK Multistorey Apartment for Resale in Ganga Jyoti  at Goregaon West,19.1630920855215,72.8398088005091,12.5,False,False,38888.88888888889,3,2.0,17.37085861945369,6.802394763324311,17.72656282560243
,30000000.0,,4,4.0,,3868.0,,,,Semi-Furnished,,,Villa,New Property,Dec '32,2026-07-22,Mumbai,Vasai,Casa De Flores Phase II,,Vasai,,Water Availability 24 Hours Available,No/Rare Powercut,,"NA|null,P99000079525|-1",,Bachelors/Family,2026-08-22 17:36:39+00:00,4BHK Villa for New Property in Casa De Flores Phase II at Vasai,19.3914260104194,72.8285855834131,,False,False,7755.946225439504,2,1.0,17.216707939626428,8.260492856573185,15.876706569663893
,34000000.0,,4,4.0,,1452.0,,,,Unfurnished,,,Apartment,New Property,Dec '30,2026-07-13,Mumbai,Mulund West,Serenity at Hillfront,,Mulund West,,Water Availability 24 Hours Available,No/Rare Powercut,,"NA|null,P51800055779|-1",,Bachelors/Family,2026-08-20 17:36:46+00:00,4BHK Multistorey Apartment for New Property in Serenity at Hillfront at Mulund West,19.1749536837097,72.943103519999,,False,False,23415.977961432505,4,0.0,17.341871082580436,7.280697195384741,17.223121841269137
,34200000.0,,4,3.0,,1507.0,,,,Unfurnished,,,Apartment,New Property,Dec '29,2026-08-23,Mumbai,Mira Road,Srishti Namaah,,Mira Road Area,,Water Availability 24 Hours Available,No/Rare Powercut,Vitrified,"NA|null,P51700028685|-1,P51700028686|-1,P51700029365|-1,P51700029367|-1,P51700033851|-1,P51700047329|-1,P51700053089|-1,P51700053195|-1,PR1338082400025|-1",,Bachelors/Family,2026-08-23 17:37:17+00:00,4BHK Multistorey Apartment for New Property in Srishti Namaah at Mira Road Area,19.2829267647424,72.8627883689306,,False,False,22694.094226940942,1,0.0,17.347736202032834,7.317876198626496,16.228045916668293
New Construction,32900000.0,21933.0,4,3.0,,1177.0,1500.0,2.0,22.0,Unfurnished,North,"Garden/Park, Pool, Main Road",Apartment,New Property,Ready to Move,2026-08-23,Mumbai,,Rising City,"Ghatkopar mankhurd link road, eastern freeway.",Chembur East,"Air Conditioned,Jogging and Strolling Track,Visitor Parking,Intercom Facility",Water Availability 24 Hours Available,No/Rare Powercut,Marble,"NA|null,P51800000934|-1",Leasehold,Bachelors/Family,2026-08-22 23:45:16+00:00,4BHK Multistorey Apartment for New Property in Rising City at Chembur East,19.0611638862632,72.8948410560158,0.0,False,False,27952.421410365336,2,0.0,17.3089832157356,7.0707241072602764,
5 to 10 years,35000000.0,13462.0,4,3.0,3,2600.0,2600.0,,,Unfurnished,East,Main Road,Villa,Resale,Ready to Move,2026-07-05,Mumbai,Charkop,,,Charkop Gaon,"Bar/Lounge,Conference Room",,,,,,Bachelors/Family,2026-07-02 10:04:48+00:00,4BHK Villa for Resale in Charkop Gaon,19.2092681034955,72.8158628966972,7.5,False,False,13461.538461538461,53,0.0,17.37085861945369,7.8632667240095735,16.729382532707216
New Construction,29800000.0,17529.0,4,3.0,,1265.0,1700.0,15.0,20.0,Unfurnished,East,"Garden/Park, Main Road",Apartment,New Property,Ready to Move,2026-08-23,Mumbai,Charkop,Muktistar Anmol Priti,Near ganesh chowk.,Charkop Gaon,"Internet/Wi-Fi Connectivity,Intercom Facility",Water Availability 24 Hours Available,No/Rare Powercut,Vitrified,,Co-operative Society,Bachelors/Family,2026-08-22 23:45:18+00:00,4BHK Multistorey Apartment for New Property in Muktistar Anmol Priti at Charkop Gaon,19.2092681034955,72.8158628966972,0.0,False,False,23557.312252964428,2,0.0,17.210018951475632,7.142827401161621,16.729382532707216
New Construction,34000000.0,27331.0,4,3.0,,1244.0,1244.0,15.0,18.0,Unfurnished,East,,Apartment,New Property,Ready to Move,2026-08-23,Mumbai,Mulund West,Chheda Prem Nagar Legacy,"Pandit Jawaharlal Nehru Rd, Mulund West",Mulund West,"Visitor Parking,Intercom Facility",Water Availability 24 Hours Available,No/Rare Powercut,Vitrified,"NA|null,P51900047347|-1",Freehold,Bachelors/Family,2026-08-22 23:45:15+00:00,4BHK Multistorey Apartment for New Property in Chheda Prem Nagar Legacy at Mulund West,19.1749536837097,72.943103519999,0.0,False,False,27331.18971061093,2,0.0,17.341871082580436,7.126087273299125,17.223121841269137
,29500000.0,18695.0,4,3.0,2,1578.0,1578.0,40.0,50.0,Unfurnished,East,"Garden/Park, Pool, Main Road",Apartment,New Property,Ready to Move,2026-08-23,Mumbai,Mulund West,Piramal Revanta,Mulund West,Mulund West,"Service/Goods Lift,Visitor Parking,Intercom Facility",Water Availability 24 Hours Available,No/Rare Powercut,"Ceramic Tiles,Granite,Marble,Marbonite,Normal Tiles/Kotah Stone,Vitrified,Wooden","NA|null,P51800005983|03/2022,P51800014021|09/2022,P51800018099|11/2030,P51800031310|-1,P51800054164|11/2028",Freehold,Bachelors/Family,2026-08-22 23:45:18+00:00,4BHK Multistorey Apartment for New Property in Piramal Revanta at Mulund West,19.1749536837097,72.943103519999,,False,False,18694.550063371356,2,0.0,17.19990082131005,7.363913501405819,17.223121841269137
,29170000.0,22438.0,4,3.0,3,1300.0,1300.0,30.0,50.0,Unfurnished,East,"Garden/Park, Pool, Main Road",Apartment,New Property,Under Construction,2026-08-24,Mumbai,LBS Road,Mahindra Rainforest,"200 mtr. from Bhandup Station, On the LBS Road",LBS Road,"Smart Home,Fingerprint Access,Health club with Steam / Jaccuzi,House help accommodation,Air Conditioned,Banquet Hall,Internet/Wi-Fi Connectivity,Service/Goods Lift,Visitor Parking,Intercom Facility",Water Availability 24 Hours Available,No/Rare Powercut,"Ceramic Tiles,Vitrified,Wooden","NA|null,PM1181012502957|-1,PR1181012502956|-1",Freehold,Bachelors/Family,2026-08-23 23:45:17+00:00,4BHK Multistorey Apartment for New Property in Mahindra Rainforest at LBS Road,19.12842585,72.92526533,,False,False,22438.46153846154,1,0.0,17.188651341843904,7.170119543449628,17.188651341843904
New Construction,26000000.0,17906.0,4,4.0,1,968.0,1452.0,3.0,9.0,Semi-Furnished,East,Main Road,Apartment,New Property,Ready to Move,2026-08-23,Mumbai,,,"Jain Derasar, Dahisar West, Mumbai",,"Laundry Service,Internet/Wi-Fi Connectivity,Service/Goods Lift,Intercom Facility",,,,,Freehold,Bachelors/Family,2026-08-22 23:45:19+00:00,4BHK Multistorey Apartment for New Property in ,,,0.0,False,False,26859.504132231406,2,1.0,17.073607095985757,6.875232087276577,
,31800000.0,23556.0,4,2.0,,1350.0,1350.0,10.0,43.0,Unfurnished,North - East,"Garden/Park, Pool, Main Road",Apartment,New Property,Under Construction,2026-08-23,Mumbai,Mulund,,LBS Marg,Mulund,"Smart Home,Full Glass Wall,Banquet Hall,Jogging and Strolling Track,Laundry Service,Internet/Wi-Fi Connectivity,RO Water System,Service/Goods Lift,Visitor Parking,Intercom Facility,Conference Room",Water Availability 24 Hours Available,No/Rare Powercut,Normal Tiles/Kotah Stone,,Freehold,Bachelors/Family,2026-08-22 23:45:20+00:00,4BHK Multistorey Apartment for New Property in Mulund,19.1650004119132,72.9640308142804,,False,False,23555.555555555555,2,0.0,17.274976847750406,7.2078598714324755,17.584261153834913
,34399596.0,26502.0,4,4.0,1,1298.0,1298.0,11.0,22.0,Unfurnished,East,"Garden/Park, Pool, Main Road",Apartment,New Property,Under Construction,2026-08-13,Mumbai,Goregaon West,Sushanku Avenue 37,SV Road   Goregaon Railway Station   Western Express,Goregaon West,"Water Front,Hilltop,Smart Home,Full Glass Wall,Private Garage,Laundry Service,Internet/Wi-Fi Connectivity,Service/Goods Lift",Water Availability 24 Hours Available,No/Rare Powercut,Marble,"NA|null,P51800077600|-1",Freehold,Bachelors/Family,2026-08-13 11:33:45+00:00,4BHK Multistorey Apartment for New Property in Sushanku Avenue 37 at Goregaon West,19.1630920855215,72.8398088005091,,False,False,26502.0,11,0.0,17.35355537808862,7.168579897264035,17.72656282560243
New Construction,35000000.0,25000.0,4,4.0,,1265.0,1400.0,14.0,20.0,Unfurnished,East,Main Road,Apartment,New Property,Ready to Move,2026-08-22,Mumbai,Sector 6 Charkop,Anmol Priti,"charkop,kandivali west.",Sector 6 Charkop,"Fireplace,Internet/Wi-Fi Connectivity,Intercom Facility",Water Availability 24 Hours Available,No/Rare Powercut,Vitrified,"NA|null,P51800006598|-1",Freehold,Bachelors/Family,2026-08-21 23:45:15+00:00,4BHK Multistorey Apartment for New Property in Anmol Priti at Sector 6 Charkop,19.2165,72.834128,0.0,False,False,27667.98418972332,3,0.0,17.37085861945369,7.142827401161621,17.37085861945369
5 to 10 years,34000000.0,23448.0,4,3.0,,1350.0,1450.0,20.0,21.0,Semi-Furnished,East,"Garden/Park, Main Road",Apartment,Resale,Ready to Move,2026-08-22,Mumbai,Bangur Nagar,Poddar Shri Ganesh Apartments,,Bangur Nagar,"Air Conditioned,Visitor Parking,Intercom Facility",Water Availability 24 Hours Available,No/Rare Powercut,"Ceramic Tiles,Granite,Marble,Vitrified",,Freehold,Bachelors/Family,2026-08-21 23:45:16+00:00,4BHK Multistorey Apartment for Resale in Poddar Shri Ganesh Apartments at Bangur Nagar,19.16697,72.83154,7.5,False,False,25185.185185185186,3,1.0,17.341871082580436,7.2078598714324755,16.55164589480001
,31100000.0,18294.0,4,4.0,1,1300.0,1700.0,20.0,42.0,Semi-Furnished,East,"Garden/Park, Pool, Main Road",Apartment,New Property,Under Construction,2026-08-22,Mumbai,Bhandup West,,Bhandup West,Bhandup West,"Fireplace,Air Conditioned,Banquet Hall,Jogging and Strolling Track,Service/Goods Lift,Intercom Facility",Water Availability 24 Hours Available,No/Rare Powercut,Marble,,Freehold,Bachelors/Family,2026-08-21 23:45:15+00:00,4BHK Multistorey Apartment for New Property in Bhandup West,19.149901,72.931134,,False,False,23923.076923076922,3,1.0,17.252718377149463,7.170119543449628,16.367255675821816
New Construction,33000000.0,24444.0,4,4.0,1,1025.0,1350.0,10.0,30.0,Semi-Furnished,East,Garden/Park,Apartment,New Property,Ready to Move,2026-08-22,Mumbai,Mulund West,Piramal Revanta,"Near Nirmal Lifestyle Mall, Moti Nagar",Mulund West,"Smart Home,Fingerprint Access,Visitor Parking,Intercom Facility",Water Availability 24 Hours Available,No/Rare Powercut,Vitrified,"NA|null,P51800005983|03/2022,P51800014021|09/2022,P51800018099|11/2030,P51800031310|-1,P51800054164|11/2028",Freehold,Bachelors/Family,2026-08-21 23:45:16+00:00,4BHK Multistorey Apartment for New Property in Piramal Revanta at Mulund West,19.1749536837097,72.943103519999,0.0,False,False,32195.121951219513,3,1.0,17.312018119430753,6.932447891572509,17.223121841269137
,33300000.0,22200.0,4,4.0,,1300.0,1500.0,7.0,31.0,Unfurnished,East,"Garden/Park, Main Road",Apartment,Resale,Under Construction,2026-08-23,Mumbai,Sion,Raunak Jigna Centrum,near to bkc,Sion,"Bar/Lounge,Air Conditioned,Banquet Hall,Jogging and Strolling Track,Internet/Wi-Fi Connectivity,RO Water System,Service/Goods Lift,Intercom Facility,Conference Room",,,,"NA|null,P51800006705|12/2027",Freehold,Bachelors/Family,2026-08-23 08:38:22+00:00,4BHK Multistorey Apartment for Resale in Raunak Jigna Centrum at Sion,19.0446433751251,72.8709840746083,,False,False,25615.384615384617,1,0.0,17.32106795495067,7.170119543449628,17.326245959933924
,34300000.0,15312.0,4,4.0,1,1400.0,2240.0,40.0,47.0,Unfurnished,North - East,"Garden/Park, Pool",Apartment,New Property,Under Construction,2026-08-23,Mumbai,Mulund West,Piramal Revanta,This project is in the centre of the city.,Mulund West,"Private jaccuzi,Private pool ,Bar/Lounge,Health club with Steam / Jaccuzi,Air Conditioned,Banquet Hall,Jogging and Strolling Track,Outdoor Tennis Courts,Private Garage,Laundry Service,Internet/Wi-Fi Connectivity,RO Water System,Service/Goods Lift,Visitor Parking,Intercom Facility,Conference Room",Water Availability 24 Hours Available,No/Rare Powercut,Vitrified,"NA|null,P51800005983|03/2022,P51800014021|09/2022,P51800018099|11/2030,P51800031310|-1,P51800054164|11/2028",Freehold,Bachelors/Family,2026-08-22 23:45:21+00:00,4BHK Multistorey Apartment for New Property in Piramal Revanta at Mulund West,19.1749536837097,72.943103519999,,False,False,24500.0,2,0.0,17.35065591213617,7.24422751560335,17.223121841269137
New Construction,34600000.0,22080.0,4,4.0,,1200.0,1567.0,10.0,21.0,Unfurnished,East,"Garden/Park, Pool, Main Road",Apartment,Resale,Ready to Move,2026-08-23,Mumbai,Samata Nagar Thakur Village,SD Siennaa,sarova experience city,Samata Nagar Thakur Village,"Smart Home,Skydeck,Island Kitchen Layout,Concierge Services,Theme based Architectures,Air Conditioned,Banquet Hall,Jogging and Strolling Track,Outdoor Tennis Courts,Internet/Wi-Fi Connectivity,Service/Goods Lift,Visitor Parking,Intercom Facility,Conference Room,Downtown",Water Availability 24 Hours Available,No/Rare Powercut,"Granite,Vitrified","NA|null,P51800019624|12/2022,P51800019643|12/2024,P51800019658|12/2022,P51800019659|12/2022,P51800019677|12/2023,P51800019693|12/2023",Leasehold,Bachelors/Family,2026-08-22 23:45:16+00:00,4BHK Multistorey Apartment for Resale in SD Siennaa at Samata Nagar Thakur Village,19.207195773949,72.8695262532163,0.0,False,False,28833.333333333332,2,0.0,17.359364240027954,7.090076835776092,17.840404390660595
,34444800.0,27600.0,4,4.0,1,1246.0,1248.0,17.0,40.0,Unfurnished,North,"Garden/Park, Pool, Main Road",Apartment,New Property,Under Construction,2026-08-23,Mumbai,Goregaon West,Gundecha Rexon Suites Phase 1,"Gundecha Rexon Suites Phase 1 SV Road, Near Patkar College, Goregaon W",Goregaon West,,Water Availability 24 Hours Available,No/Rare Powercut,Vitrified,"NA|null,P51800034503|-1",Freehold,Bachelors/Family,2026-08-22 23:45:21+00:00,4BHK Multistorey Apartment for New Property in Gundecha Rexon Suites Phase 1 at Goregaon West,19.1630920855215,72.8398088005091,,False,False,27644.30176565008,2,0.0,17.354868600634614,7.1276936993473985,17.72656282560243
,33015000.0,,4,4.0,2,1369.0,,,,Unfurnished,,,Apartment,New Property,Jun '27,2026-07-27,Mumbai,Goregaon East,Agarwal Floresta Oak,,Goregaon East,,,,,"NA|null,P51800031760|-1",,Bachelors/Family,2026-08-21 17:37:05+00:00,4BHK Multistorey Apartment for New Property in Agarwal Floresta Oak at Goregaon East,19.1562110822264,72.8758090633208,,False,False,24116.143170197225,3,0.0,17.312472561610807,7.221835825288449,17.204116971054173
,34534000.0,,4,4.0,1,1175.0,,,,Unfurnished,,,Apartment,New Property,Dec '29,2026-08-03,Mumbai,Bhandup West,Adani Airica,,Bhandup West,,,,,"NA|null,P51800055166|-1",,Bachelors/Family,2026-08-20 17:36:45+00:00,4BHK Multistorey Apartment for New Property in Adani Airica at Bhandup West,19.149901,72.931134,,False,False,29390.63829787234,4,0.0,17.357454903954512,7.069023426578259,16.367255675821816
,32168000.0,,4,3.0,1,1137.0,,,,Unfurnished,,,Apartment,New Property,Dec '26,2026-07-29,Mumbai,Wadala East,Siddha Sky,,Wadala East,,,,,"NA|null,P51900021027|11/2023,P51900021031|05/2026,P51900021040|05/2024,P51900021044|05/2025",,Bachelors/Family,2026-08-13 17:36:59+00:00,4BHK Multistorey Apartment for New Property in Siddha Sky at Wadala East,19.0135321429189,72.8602998056272,,False,False,28291.996481970098,11,0.0,17.286482727559246,7.036148493750536,17.3471681187494
,30694000.0,,4,4.0,2,1045.0,,,,Unfurnished,,,Apartment,New Property,Dec '27,2026-08-05,Mumbai,Mulund East,Silicon Avenue,,Mulund East,,,,,"NA|null,PM1180002400006|-1",,Bachelors/Family,2026-08-18 17:37:12+00:00,4BHK Multistorey Apartment for New Property in Silicon Avenue at Mulund East,19.1531029501285,72.9678051455382,,False,False,29372.24880382775,6,0.0,17.239577753717178,6.951772164398911,16.86695469044897
,25400000.0,29501.0,4,4.0,1,,861.0,,,Unfurnished,,,Apartment,New Property,Dec '27,2026-08-21,Mumbai,Goregaon West,Sushanku Avenue 37,,Goregaon West,,,,,"NA|null,P51800077600|-1",,Bachelors/Family,2026-08-21 13:26:20+00:00,4BHK Multistorey Apartment for New Property in Sushanku Avenue 37 at Goregaon West,19.1630920855215,72.8398088005091,,False,False,,3,0.0,17.050259731988763,,17.72656282560243
,34000000.0,,4,2.0,1,1449.0,,,,Unfurnished,,,Apartment,New Property,Mar '29,2026-07-31,Mumbai,Borivali West,Inspira Aura,,Borivali West,,,,,"NA|null,P51800054866|03/2029",,Bachelors/Family,2026-08-21 17:37:05+00:00,4BHK Multistorey Apartment for New Property in Inspira Aura at Borivali West,19.2335321,72.839198,,False,False,23464.45824706694,3,0.0,17.341871082580436,7.278628942320682,17.24410940087686
Less than 5 years,44000000.0,30986.0,4,3.0,,1022.0,1420.0,3.0,16.0,Furnished,,,Apartment,Resale,Ready to Move,2026-08-22,Mumbai,Malad West,Laxmi Niwas Apartment,,Malad West,,,,,,,Bachelors/Family,2026-08-21 19:29:41+00:00,4BHK Multistorey Apartment for Resale in Laxmi Niwas Apartment at Malad West,19.1940346300819,72.8257561606587,3.0,False,False,43052.83757338552,3,2.0,17.599700191882537,6.92951677076365,16.726961842869137
5 to 10 years,39000000.0,24451.0,4,3.0,2,1225.0,1595.0,8.0,29.0,Furnished,South -West,"Garden/Park, Main Road",Apartment,Resale,Ready to Move,2026-08-19,Mumbai,Mulund West,Runwal Anthurium,"On LBS Marg, Proposed Metro Rail Station just outside complex",Mulund West,"Fireplace,Private pool ,Bar/Lounge,House help accommodation,Air Conditioned,Banquet Hall,Jogging and Strolling Track,Outdoor Tennis Courts,Private Garage,Laundry Service,RO Water System,Service/Goods Lift,Visitor Parking,Intercom Facility,Conference Room",Water Availability 24 Hours Available,No/Rare Powercut,Marble,"NA|null,P51800008477|-1",Co-operative Society,Bachelors/Family,2026-08-18 23:40:46+00:00,4BHK Multistorey Apartment for Resale in Runwal Anthurium at Mulund West,19.1749536837097,72.943103519999,7.5,False,False,31836.73469387755,6,2.0,17.47907220409392,7.110696122978827,17.223121841269137
15 to 20 years,42500000.0,21250.0,4,4.0,,1440.0,2000.0,5.0,12.0,Furnished,,,Apartment,Resale,Ready to Move,2026-08-21,Mumbai,Borivali West,Raj Sunflower,,Borivali West,"Internet/Wi-Fi Connectivity,Visitor Parking,Intercom Facility,",,,,,,Bachelors/Family,2026-08-20 17:40:14+00:00,4BHK Multistorey Apartment for Resale in Raj Sunflower at Borivali West,19.2335321,72.839198,17.5,False,False,29513.88888888889,4,2.0,17.565014633894645,7.272398392570047,17.24410940087686
,42500000.0,16812.0,4,3.0,,1820.0,2528.0,30.0,38.0,Unfurnished,,,Apartment,Resale,Under Construction,2026-08-21,Mumbai,Mulund West,Ashford Royale,,Mulund West,"Air Conditioned,Banquet Hall,Jogging and Strolling Track,Outdoor Tennis Courts,,Laundry Service,,,,RO Water System,Service/Goods Lift,Visitor Parking,Intercom Facility,Conference Room,",,,,"NA|null,P51800002149|12/2019,P51800003093|12/2023",,Bachelors/Family,2026-08-20 14:11:00+00:00,4BHK Multistorey Apartment for Resale in Ashford Royale at Mulund West,19.1749536837097,72.943103519999,,False,False,23351.648351648353,4,0.0,17.565014633894645,7.506591780070841,17.223121841269137
10 to 15 years,45000000.0,32143.0,4,3.0,,1008.0,1400.0,11.0,12.0,Semi-Furnished,,,Apartment,Resale,Ready to Move,2026-08-21,Mumbai,,,,,,,,,,,Bachelors/Family,2026-08-21 04:17:59+00:00,4BHK Multistorey Apartment for Resale in ,,,12.5,False,False,44642.857142857145,4,1.0,17.622173047734595,6.915723448631314,
5 to 10 years,42500000.0,27157.0,4,4.0,,1127.0,1565.0,6.0,7.0,Furnished,,,Apartment,Resale,Ready to Move,2026-08-21,Mumbai,Vile Parle East,Vrindavan,,Vile Parle East,,,,,,,Bachelors/Family,2026-08-20 18:31:32+00:00,4BHK Multistorey Apartment for Resale in Vrindavan at Vile Parle East,19.10046297,72.84924449,7.5,False,False,37710.73646850044,4,2.0,17.565014633894645,7.027314514039777,17.028947819081466
Above 20 years,45000000.0,21176.0,4,4.0,,1530.0,2125.0,2.0,3.0,Furnished,,,Apartment,Resale,Ready to Move,2026-08-21,Mumbai,Chembur,Fair View Apartment,,Chembur,,,,,,,Bachelors/Family,2026-08-21 04:20:01+00:00,4BHK Multistorey Apartment for Resale in Fair View Apartment at Chembur,19.0459181155422,72.8975231581492,25.0,False,False,29411.764705882353,4,2.0,17.622173047734595,7.333023014386481,17.204493810368014
New Construction,42500000.0,19676.0,4,4.0,,1555.0,2160.0,11.0,41.0,Semi-Furnished,,,Apartment,Resale,Ready to Move,2026-08-21,Mumbai,Mulund West,Runwal Greens,,Mulund West,"Bar/Lounge,,,,,,,,,,,Air Conditioned,Banquet Hall,Jogging and Strolling Track,Outdoor Tennis Courts,Mini Cinema Theatre,,,,Laundry Service,,,,,Internet/Wi-Fi Connectivity,RO Water System,Service/Goods Lift,Visitor Parking,Intercom Facility,Conference Room,,",,,,"NA|null,P51800000271|12/2019",,Bachelors/Family,2026-08-20 14:29:13+00:00,4BHK Multistorey Apartment for Resale in Runwal Greens at Mulund West,19.1749536837097,72.943103519999,0.0,False,False,27331.18971061093,4,1.0,17.565014633894645,7.349230824613334,17.223121841269137
Less than 5 years,50000000.0,21277.0,4,6.0,,1692.0,2350.0,34.0,38.0,Unfurnished,,,Apartment,Resale,Ready to Move,2026-08-21,Mumbai,Mulund West,Runwal Greens,,Mulund West,"Bar/Lounge,,,,,,,,,,,Air Conditioned,Banquet Hall,Jogging and Strolling Track,Outdoor Tennis Courts,Mini Cinema Theatre,,,,Laundry Service,,,,,Internet/Wi-Fi Connectivity,RO Water System,Service/Goods Lift,Visitor Parking,Intercom Facility,Conference Room,,",,,,"NA|null,P51800000271|12/2019",,Bachelors/Family,2026-08-20 14:28:57+00:00,4BHK Multistorey Apartment for Resale in Runwal Greens at Mulund West,19.1749536837097,72.943103519999,3.0,False,False,29550.827423167848,4,0.0,17.72753356339242,7.433666540166168,17.223121841269137
,40000000.0,,4,4.0,,4666.0,,,,Semi-Furnished,,,Villa,New Property,Dec '32,2026-07-22,Mumbai,Vasai,Casa De Flores Phase II,,Vasai,,Water Availability 24 Hours Available,No/Rare Powercut,,"NA|null,P99000079525|-1",,Bachelors/Family,2026-08-22 17:36:39+00:00,4BHK Villa for New Property in Casa De Flores Phase II at Vasai,19.3914260104194,72.8285855834131,,False,False,8572.653236176597,2,1.0,17.50439001207821,8.448057452581375,15.876706569663893
,41400000.0,,4,3.0,,1610.0,,,,Unfurnished,,,Apartment,New Property,Dec '29,2026-08-23,Mumbai,Mira Road,Srishti Namaah,,Mira Road Area,,Water Availability 24 Hours Available,No/Rare Powercut,Vitrified,"NA|null,P51700028685|-1,P51700028686|-1,P51700029365|-1,P51700029367|-1,P51700033851|-1,P51700047329|-1,P51700053089|-1,P51700053195|-1,PR1338082400025|-1",,Bachelors/Family,2026-08-23 17:37:17+00:00,4BHK Multistorey Apartment for New Property in Srishti Namaah at Mira Road Area,19.2829267647424,72.8627883689306,,False,False,25714.285714285714,1,0.0,17.538791438795542,7.383989457978509,16.228045916668293
,48500000.0,23095.0,4,4.0,1,1934.0,2100.0,11.0,21.0,Unfurnished,East,"Garden/Park, Pool, Main Road",Apartment,New Property,Under Construction,2026-08-23,Mumbai,,Lodha Woods,"It Is Close To Lokhandwala Circle, Kandivali East.",Akurli Nagar,"Smart Home,Concierge Services,Fingerprint Access,House help accommodation,Air Conditioned,Banquet Hall,Jogging and Strolling Track,Internet/Wi-Fi Connectivity,RO Water System,Visitor Parking,Intercom Facility,Conference Room",Water Availability 24 Hours Available,No/Rare Powercut,Marble,"NA|null,P51800031346|-1,P51800031351|-1,P51800031532|-1,P51800032605|-1,P51800045908|-1,P51800046114|-1,P51800046118|07/2027,P51800046327|-1",Freehold,Bachelors/Family,2026-08-22 23:45:16+00:00,4BHK Multistorey Apartment for New Property in Lodha Woods at Akurli Nagar,19.19874,72.860507,,False,False,25077.559462254394,2,0.0,17.697074355907713,7.56734567601324,
New Construction,37500000.0,18293.0,4,3.0,1,1280.0,2050.0,28.0,40.0,Unfurnished,East,"Pool, Garden/Park",Apartment,Resale,Ready to Move,2026-08-24,Mumbai,Lokhandwala Township Kandivali East,Lodha Woods,near mahindra and mahindra,Lokhandwala Township Kandivali East,"Banquet Hall,Jogging and Strolling Track,Outdoor Tennis Courts,Service/Goods Lift,Visitor Parking,Intercom Facility",Water Availability 24 Hours Available,No/Rare Powercut,Marble,"NA|null,P51800031346|-1,P51800031351|-1,P51800031532|-1,P51800032605|-1,P51800045908|-1,P51800046114|-1,P51800046118|07/2027,P51800046327|-1",Freehold,Bachelors/Family,2026-08-23 23:45:20+00:00,4BHK Multistorey Apartment for Resale in Lodha Woods at Lokhandwala Township Kandivali East,19.1983052221596,72.874429048184,0.0,False,False,29296.875,1,0.0,17.43985149094064,7.154615356913663,17.43985149094064
New Construction,46500000.0,31000.0,4,3.0,,1390.0,1500.0,20.0,30.0,Unfurnished,East,"Garden/Park, Main Road",Apartment,Resale,Ready to Move,2026-08-24,Mumbai,Piramal Nagar,ND Palai Towers,4bhk unfurnished flat with 2 parking higher floor all amenities,Piramal Nagar,"Sea facing,Smart Home,Fireplace,Health club with Steam / Jaccuzi,Banquet Hall,Jogging and Strolling Track,Outdoor Tennis Courts,Laundry Service,Internet/Wi-Fi Connectivity,Service/Goods Lift",Water Availability 24 Hours Available,No/Rare Powercut,Vitrified,"NA|null,P51800010465|12/2020",Freehold,Bachelors/Family,2026-08-23 23:45:18+00:00,4BHK Multistorey Apartment for Resale in ND Palai Towers at Piramal Nagar,19.16895,72.84731,0.0,False,False,33453.23741007194,1,0.0,17.654962870557586,7.237059026124737,17.654962870557586
,38000000.0,20000.0,4,4.0,2,1775.0,1900.0,19.0,28.0,Unfurnished,East,"Garden/Park, Main Road",Apartment,New Property,Under Construction,2026-08-22,Mumbai,Andheri West,Adani Linkbay Residences,Andheri West,Andheri West,"Sea facing,Smart Home,Skydeck,Fireplace,Full Glass Wall,Bar/Lounge,Fingerprint Access,Health club with Steam / Jaccuzi,Air Conditioned,Banquet Hall,Jogging and Strolling Track,Outdoor Tennis Courts,Service/Goods Lift,Visitor Parking,Intercom Facility,Conference Room",Water Availability 24 Hours Available,No/Rare Powercut,Vitrified,"NA|null,P51800047539|-1,PR1181012501116|-1",Freehold,Bachelors/Family,2026-08-22 10:26:07+00:00,4BHK Multistorey Apartment for New Property in Adani Linkbay Residences at Andheri West,19.1373697481266,72.8257229439874,,False,False,21408.450704225354,2,0.0,17.45309671769066,7.4815557019095165,17.52659843548851
,45000000.0,18000.0,4,5.0,,,2500.0,,,Furnished,,,Villa,Resale,Ready to Move,2026-05-28,Mumbai,,,,,,,,,,,Bachelors/Family,2026-05-27 17:48:13+00:00,4BHK Villa for Resale in ,,,,False,False,,89,2.0,17.622173047734595,,
Less than 5 years,45000000.0,,4,3.0,,975.0,,36.0,41.0,Unfurnished,West,,Apartment,Resale,Ready to Move,2026-06-22,Mumbai,Null Bazar,Al Saadah,Close to Raudat Tahera and Saifee Masjid,Null Bazar,"Internet/Wi-Fi Connectivity,Visitor Parking",Water Availability 24 Hours Available,No/Rare Powercut,Vitrified,,Co-operative Society,Bachelors/Family,2026-06-21 17:36:18+00:00,4BHK Multistorey Apartment for Resale in Al Saadah at Null Bazar,18.9576327496957,72.8294530560645,3.0,False,False,46153.846153846156,64,0.0,17.622173047734595,6.882437470997847,16.33366207838669
10 to 15 years,42500000.0,25000.0,4,3.0,1,1400.0,1700.0,,,Unfurnished,North,Garden/Park,Residential House,Resale,Ready to Move,2026-08-06,Mumbai,Sion,The New Sion Chs,,Sion,"Air Conditioned,Jogging and Strolling Track,Internet/Wi-Fi Connectivity",,,Marble,,Co-operative Society,Bachelors/Family,2026-08-05 21:31:22+00:00,4BHK Residential House for Resale in The New Sion Chs at Sion,19.0446433751251,72.8709840746083,12.5,False,False,30357.14285714286,19,0.0,17.565014633894645,7.24422751560335,17.326245959933924
,50000000.0,15385.0,4,5.0,3,2450.0,3250.0,,,Semi-Furnished,East,Pool,Villa,Resale,Ready to Move,2026-07-25,Mumbai,Lal Bahadur Shastri Road,,,Lal Bahadur Shastri Road,,Water Availability 24 Hours Available,No/Rare Powercut,,,Leasehold,Bachelors/Family,2026-07-24 22:30:48+00:00,4BHK Villa for Resale in Lal Bahadur Shastri Road,19.1020434,72.919613,,False,False,20408.163265306124,31,1.0,17.72753356339242,7.803843303538772,17.33679497248817
Above 20 years,37900000.0,,4,4.0,2,1425.0,,,,Furnished,,Main Road,Villa,Resale,Ready to Move,2026-05-14,Mumbai,Panchsheel Nagar,,The Property is close to the Bhandup Railway Station and Pawar school,Panchsheel Nagar Bhandup West,"Air Conditioned,Banquet Hall,Jogging and Strolling Track,Outdoor Tennis Courts,Internet/Wi-Fi Connectivity,Visitor Parking,Intercom Facility",Water Availability 24 Hours Available,No/Rare Powercut,,,Co-operative Society,Bachelors/Family,2026-05-13 21:32:13+00:00,4BHK Villa for Resale in Panchsheel Nagar Bhandup West,19.1480125164498,72.9327838321096,25.0,False,False,26596.491228070176,103,2.0,17.450461670052654,7.261927092702751,17.450461670052654
10 to 15 years,48000000.0,33803.0,4,4.0,,,1420.0,8.0,18.0,Furnished,East,Garden/Park,Apartment,Resale,Ready to Move,2026-06-27,Mumbai,Wadala,Julian Alps,Eastern Freeway,Wadala,"Health club with Steam / Jaccuzi,Air Conditioned,Jogging and Strolling Track,Internet/Wi-Fi Connectivity,Visitor Parking,Intercom Facility",Water Availability 24 Hours Available,No/Rare Powercut,Vitrified,,Freehold,Bachelors/Family,2026-04-26 14:24:31+00:00,4BHK Multistorey Apartment for Resale in Julian Alps at Wadala,19.012216203088,72.8604594318626,12.5,False,False,,120,2.0,17.686711568872166,,17.462494324299676
New Construction,36600000.0,21529.0,4,3.0,,1322.0,1700.0,11.0,48.0,Semi-Furnished,East,"Garden/Park, Main Road",Apartment,New Property,Ready to Move,2026-08-23,Mumbai,Orlem,Vora Centrico,Shankar lane.,Orlem,"Health club with Steam / Jaccuzi,Jogging and Strolling Track,Intercom Facility",Water Availability 24 Hours Available,No/Rare Powercut,Vitrified,"NA|null,P51800008480|-1",Freehold,Bachelors/Family,2026-08-22 23:45:18+00:00,4BHK Multistorey Apartment for New Property in Vora Centrico at Orlem,19.19576,72.83778,0.0,False,False,27685.32526475038,2,1.0,17.415558798371595,7.186901020411631,17.415558798371595
,49900000.0,43278.0,4,4.0,1,1153.0,1153.0,5.0,24.0,Unfurnished,East,Main Road,Apartment,New Property,Under Construction,2026-08-23,Mumbai,Andheri West,Adani Codename Westbay,RTO Andheri West,Andheri West,"Sea facing,Island Kitchen Layout,Health club with Steam / Jaccuzi,Internet/Wi-Fi Connectivity,Service/Goods Lift,Visitor Parking,Intercom Facility",Water Availability 24 Hours Available,No/Rare Powercut,Vitrified,"NA|null,P51800047539|-1",Freehold,Bachelors/Family,2026-08-22 23:45:20+00:00,4BHK Multistorey Apartment for New Property in Adani Codename Westbay at Andheri West,19.1373697481266,72.8257229439874,,False,False,43278.4041630529,2,0.0,17.72553156072175,7.050122520269059,17.52659843548851
,46000000.0,26286.0,4,4.0,1,1462.0,1750.0,35.0,49.0,Unfurnished,West,"Pool, Garden/Park, Main Road",Apartment,New Property,Ready to Move,2026-08-23,Mumbai,Kandivali West,Dimple 73 East,nr danukarwadi metro station,Kandivali West,"Banquet Hall,Jogging and Strolling Track,Laundry Service,Internet/Wi-Fi Connectivity,RO Water System,Service/Goods Lift,Intercom Facility,Conference Room",,,Vitrified,"NA|null,P51800015343|12/2024",Freehold,Bachelors/Family,2026-08-22 23:45:18+00:00,4BHK Multistorey Apartment for New Property in Dimple 73 East at Kandivali West,19.2101312179652,72.8305011930765,,False,False,31463.74829001368,2,0.0,17.64415195445337,7.2875606403097235,16.88809240469397
New Construction,42500000.0,32692.0,4,4.0,,1300.0,1300.0,5.0,20.0,Unfurnished,East,Main Road,Apartment,Resale,Ready to Move,2026-08-23,Mumbai,Mulund East,Gagangiri Towers,90ft road,Mulund East,,Water Availability 24 Hours Available,No/Rare Powercut,Marbonite,,Co-operative Society,Bachelors/Family,2026-08-22 23:45:15+00:00,4BHK Multistorey Apartment for Resale in Gagangiri Towers at Mulund East,19.1531029501285,72.9678051455382,0.0,False,False,32692.30769230769,2,0.0,17.565014633894645,7.170119543449628,16.86695469044897
10 to 15 years,42500000.0,20161.0,4,3.0,3,1318.0,2108.0,28.0,44.0,Unfurnished,East,,Apartment,Resale,Ready to Move,2026-08-23,Mumbai,Mulund West,Runwal Greens,"Goregaon Link Rd, next to Fortis Hospital, Nahur West,",Mulund West,"Bar/Lounge,Air Conditioned,Banquet Hall,Jogging and Strolling Track,Outdoor Tennis Courts,Laundry Service,Internet/Wi-Fi Connectivity,RO Water System,Service/Goods Lift,Visitor Parking,Intercom Facility,Conference Room",Water Availability 24 Hours Available,No/Rare Powercut,Vitrified,"NA|null,P51800000271|12/2019",Freehold,Bachelors/Family,2026-08-22 23:45:15+00:00,4BHK Multistorey Apartment for Resale in Runwal Greens at Mulund West,19.1749536837097,72.943103519999,12.5,False,False,32245.827010622153,2,0.0,17.565014633894645,7.183870715062453,17.223121841269137
New Construction,41300000.0,19667.0,4,5.0,1,1462.0,2100.0,20.0,50.0,Semi-Furnished,East,"Garden/Park, Pool, Main Road",Apartment,New Property,Ready to Move,2026-08-23,Mumbai,Dahanukar Wadi,Dimple 73 East,"73, East Road, Kandivali, Mahatma Gandhi Nagar, Kandivali West",Dahanukar Wadi,"Water Front,Skyline View,Sea facing,Smart Home,Skydeck,Island Kitchen Layout,Wrap Around Balcony,Concierge Services,Fireplace,Theme based Architectures,Wine Cellar,Full Glass Wall,Sky Villa,Bar/Lounge,Fingerprint Access,Golf Course,House help accommodation,Air Conditioned,Banquet Hall,Jogging and Strolling Track,Outdoor Tennis Courts,Laundry Service,Internet/Wi-Fi Connectivity,Service/Goods Lift,Visitor Parking,Intercom Facility,Downtown",Water Availability 24 Hours Available,No/Rare Powercut,Vitrified,"NA|null,P51800015343|12/2024",Freehold,Bachelors/Family,2026-08-22 23:45:15+00:00,4BHK Multistorey Apartment for New Property in Dimple 73 East at Dahanukar Wadi,19.2065558879643,72.8389544986292,0.0,False,False,28248.974008207933,2,1.0,17.53637305793126,7.2875606403097235,17.53637305793126
,38500000.0,25667.0,4,4.0,2,1300.0,1500.0,12.0,35.0,Semi-Furnished,East,Garden/Park,Apartment,New Property,Under Construction,2026-08-23,Mumbai,Jawahar Nagar,Ariha Opulence,Jawahar nagar goregaon west,Jawahar Nagar Goregaon West,"Hilltop,Skyline View,Smart Home,Skydeck,Fireplace,Sky Villa,House help accommodation,Air Conditioned,Banquet Hall,Jogging and Strolling Track,Service/Goods Lift,Visitor Parking",Water Availability 24 Hours Available,No/Rare Powercut,Vitrified,"NA|null,P51800077572|-1",Freehold,Bachelors/Family,2026-08-22 23:45:20+00:00,4BHK Multistorey Apartment for New Property in Ariha Opulence at Jawahar Nagar Goregaon West,19.1593130319176,72.8473192718963,,False,False,29615.384615384617,2,1.0,17.466168799258014,7.170119543449628,17.857600414236366
Less than 5 years,59500000.0,23242.0,4,4.0,,1600.0,2560.0,10.0,16.0,Semi-Furnished,North - East,Main Road,Apartment,Resale,Ready to Move,2026-08-24,Mumbai,,,"Diamond garden, Sandu garden, Central avenue road, Chembur station.",Chembur East,"Visitor Parking,Intercom Facility",Water Availability 24 Hours Available,No/Rare Powercut,Vitrified,,Freehold,Bachelors/Family,2026-08-24 06:53:21+00:00,4BHK Multistorey Apartment for Resale in Chembur East,19.0611638862632,72.8948410560158,3.0,False,False,37187.5,0,1.0,17.901486870515857,7.3777589082278725,
Above 20 years,67500000.0,32879.0,4,4.0,,1510.0,2053.0,8.0,15.0,Furnished,East,Main Road,Apartment,Resale,Ready to Move,2026-08-24,Mumbai,Ghatkopar East,Kukreja Palace,Police Hockey Ground,Ghatkopar East,"Air Conditioned,Internet/Wi-Fi Connectivity,RO Water System,Service/Goods Lift,Visitor Parking,Intercom Facility",,,Marble,,Freehold,Bachelors/Family,2026-08-23 23:51:49+00:00,4BHK Multistorey Apartment for Resale in Kukreja Palace at Ghatkopar East,19.07907,72.907976,25.0,False,False,44701.986754966885,1,2.0,18.02763815584276,7.31986492980897,17.19392251305016
10 to 15 years,75000000.0,37500.0,4,3.0,5,1806.0,2000.0,11.0,18.0,Semi-Furnished,West,Main Road,Apartment,Resale,Ready to Move,2026-08-24,Mumbai,Mahim West,Dwarkamai Co Operative Housing Society,Chhatrapati Shivaji Maharaj Park,Mahim West,"Air Conditioned,Internet/Wi-Fi Connectivity,RO Water System,Visitor Parking,Intercom Facility",Water Availability 24 Hours Available,No/Rare Powercut,"Vitrified,Marble,Granite",,Freehold,Bachelors/Family,2026-08-23 23:31:50+00:00,4BHK Multistorey Apartment for Resale in Dwarkamai Co Operative Housing Society at Mahim West,19.0383794616621,72.8398930483562,12.5,False,False,41528.23920265781,1,1.0,18.132998671500584,7.498869733976931,17.56120215784331
Less than 5 years,65000000.0,20492.0,4,4.0,,2284.0,3172.0,31.0,43.0,Furnished,,,Apartment,Resale,Ready to Move,2026-08-22,Mumbai,Goregaon West,Imperial Heights The Epitome,,Goregaon West,,,,,,,Bachelors/Family,2026-08-21 19:37:30+00:00,4BHK Multistorey Apartment for Resale in Imperial Heights The Epitome at Goregaon West,19.1630920855215,72.8398088005091,3.0,False,False,28458.844133099825,3,2.0,17.98989782785991,7.7336835707759,17.72656282560243
Above 20 years,60000000.0,33333.0,4,4.0,,1300.0,1800.0,4.0,7.0,Furnished,,,Apartment,Resale,Ready to Move,2026-08-18,Mumbai,Agar Bazar,,,Agar Bazar,,,,,,,Bachelors/Family,2026-08-17 23:33:26+00:00,4BHK Multistorey Apartment for Resale in Agar Bazar,19.01851511,72.83238548,25.0,False,False,46153.846153846156,7,2.0,17.909855120186375,7.170119543449628,17.909855120186375
10 to 15 years,65000000.0,27083.0,4,4.0,5,2400.0,2400.0,6.0,23.0,Unfurnished,East,,Apartment,Resale,Ready to Move,2026-08-19,Mumbai,Powai,Bhagtani Krishaang,,Powai,"Banquet Hall,Visitor Parking",,,Marble,"NA|null,P51800005295|04/2017,P51800012276|10/2018",Freehold,Bachelors/Family,2026-08-18 21:31:55+00:00,4BHK Multistorey Apartment for Resale in Bhagtani Krishaang at Powai,19.1196773,72.9050809,12.5,False,False,27083.333333333332,6,0.0,17.98989782785991,7.783224016336037,17.080894141792264
10 to 15 years,55000000.0,37288.0,4,5.0,,1062.0,1475.0,14.0,14.0,Furnished,,,Apartment,Resale,Ready to Move,2026-08-22,Mumbai,Chembur,Nellai Heights,,Chembur,,,,,,,Bachelors/Family,2026-08-21 08:32:20+00:00,4BHK Multistorey Apartment for Resale in Nellai Heights at Chembur,19.0459181155422,72.8975231581492,12.5,False,False,51789.07721280603,3,2.0,17.822843743196746,6.967909201801884,17.204493810368014
10 to 15 years,62500000.0,28409.0,4,4.0,,1584.0,2200.0,1.0,14.0,Unfurnished,,,Apartment,Resale,Ready to Move,2026-08-21,Mumbai,Chembur,Kukreja Golf Scappe,,Chembur,"Earth quake resistant,Intercom Facility",,,,,,Bachelors/Family,2026-08-21 05:54:05+00:00,4BHK Multistorey Apartment for Resale in Kukreja Golf Scappe at Chembur,19.0459181155422,72.8975231581492,12.5,False,False,39457.07070707071,3,0.0,17.95067711470663,7.367708572374371,17.204493810368014
10 to 15 years,75000000.0,50000.0,4,5.0,,1080.0,1500.0,5.0,6.0,Semi-Furnished,,,Apartment,Resale,Ready to Move,2026-08-21,Mumbai,Juhu,Swastik Society Vile Parle West,,Juhu,,,,,,,Bachelors/Family,2026-08-21 04:37:51+00:00,4BHK Multistorey Apartment for Resale in Swastik Society Vile Parle West at Juhu,19.098267753993,72.8335140160125,12.5,False,False,69444.44444444444,4,1.0,18.132998671500584,6.984716320118266,18.303285651459202
New Construction,52500000.0,18261.0,4,6.0,,2070.0,2875.0,4.0,12.0,Furnished,,,Apartment,Resale,Ready to Move,2026-08-21,Mumbai,Bandra East,Dheeraj Insignia Apartment,,Bandra East,"Sea facing,Skydeck,Private jaccuzi,Theme based Architectures,Private pool ,Infinity Swimming Pool,Pool with temperature control ,Bar/Lounge,Fingerprint Access,Grand Entrance lobby,Health club with Steam / Jaccuzi,Golf Course,High Ceiling,Premium branded fittings,Central AC ,3 Tier Security System,,Large Clubhouse ,,,,Air Conditioned,Banquet Hall,Jogging and Strolling Track,Outdoor Tennis Courts,Mini Cinema Theatre,Located in the Heart of city,Large Open space,Guest lobby in each floor,AC in each room ,Laundry Service,,,Internet/Wi-Fi Connectivity,RO Water System,Service/Goods Lift,Earth quake resistant,Visitor Parking,Intercom Facility,Conference Room,",,,,"NA|null,P51800002313|-1",,Bachelors/Family,2026-08-21 04:13:33+00:00,4BHK Multistorey Apartment for Resale in Dheeraj Insignia Apartment at Bandra East,19.062055421515,72.8541362644682,0.0,False,False,25362.318840579712,4,2.0,17.776323727561852,7.635303886259415,17.765795881767904
New Construction,70000000.0,31818.0,4,4.0,,1584.0,2200.0,9.0,18.0,Semi-Furnished,,,Apartment,Resale,Ready to Move,2026-08-21,Mumbai,Andheri West,Adani Western Heights,,Andheri West,"Bar/Lounge,,,,,,,,,,,Air Conditioned,Banquet Hall,Jogging and Strolling Track,Outdoor Tennis Courts,,,,Laundry Service,,,,,Internet/Wi-Fi Connectivity,RO Water System,Service/Goods Lift,Visitor Parking,Intercom Facility,Conference Room,,",,,,"NA|null,P51800001290|-1,P51800002219|-1",,Bachelors/Family,2026-08-20 18:37:02+00:00,4BHK Multistorey Apartment for Resale in Adani Western Heights at Andheri West,19.1373697481266,72.8257229439874,0.0,False,False,44191.919191919194,4,1.0,18.064005800013632,7.367708572374371,17.52659843548851
Less than 5 years,72500000.0,23577.0,4,4.0,,2214.0,3075.0,20.0,22.0,Semi-Furnished,,,Apartment,Resale,Ready to Move,2026-08-21,Mumbai,Andheri West,Ocean View,,Andheri West,"Jogging and Strolling Track,,,Visitor Parking,",,,,,,Bachelors/Family,2026-08-20 15:12:42+00:00,4BHK Multistorey Apartment for Resale in Ocean View at Andheri West,19.1373697481266,72.8257229439874,3.0,False,False,32746.160794941283,4,1.0,18.099097119824904,7.7025561132685825,17.52659843548851
Less than 5 years,68500000.0,28565.0,4,5.0,,1763.0,2398.0,16.0,40.0,Furnished,,,Apartment,Resale,Ready to Move,2026-08-17,Mumbai,,Rajesh White City,,Akurli Nagar,,,,,"NA|null,P51800007798|-1,P51800008324|-1",,Bachelors/Family,2026-08-17 07:15:57+00:00,4BHK Multistorey Apartment for Resale in Rajesh White City at Akurli Nagar,19.19874,72.860507,3.0,False,False,38854.22575155984,7,2.0,18.042344303232454,7.47477218239787,
,68800000.0,,4,5.0,,1835.0,,,,Unfurnished,,,Apartment,New Property,Jun '30,2025-09-03,Mumbai,Borivali West,Kalpataru Advay,,Borivali West,,Water Availability 24 Hours Available,No/Rare Powercut,,"NA|null,P51800077381|-1",,Bachelors/Family,2026-08-21 17:37:06+00:00,4BHK Multistorey Apartment for New Property in Kalpataru Advay at Borivali West,19.2335321,72.839198,,False,False,37493.18801089918,3,0.0,18.04671430290357,7.51479976048867,17.24410940087686
,57000000.0,,4,4.0,,1700.0,,,,Unfurnished,,,Apartment,New Property,Dec '31,2026-07-24,Mumbai,Goregaon West,Sunteck Altavia,,Goregaon West,,,,,"NA|null,PR1181012502068|-1",,Bachelors/Family,2026-08-21 17:37:06+00:00,4BHK Multistorey Apartment for New Property in Sunteck Altavia at Goregaon West,19.1630920855215,72.8398088005091,,False,False,33529.41176470588,3,0.0,17.858561825798823,7.438383530044307,17.72656282560243
,72950000.0,,4,4.0,,1782.0,,,,Unfurnished,,,Apartment,New Property,Jul '30,2026-08-21,Mumbai,Wadala,Ajmera Manhattan,,Wadala,,Water Availability 24 Hours Available,No/Rare Powercut,,"NA|null,P51800032948|-1,PR1180002500822|-1",,Bachelors/Family,2026-08-21 17:37:06+00:00,4BHK Multistorey Apartment for New Property in Ajmera Manhattan at Wadala,19.012216203088,72.8604594318626,,False,False,40937.1492704826,3,0.0,18.10528483293307,7.485491608030754,17.462494324299676
,65000000.0,,4,4.0,,1603.0,,,,Unfurnished,,,Apartment,New Property,Mar '27,2026-07-25,Mumbai,Borivali West,Shreeji Sharan Daivi Eterneety,,Borivali West,,Water Availability 24 Hours Available,No/Rare Powercut,,"NA|null,P51800029609|-1",,Bachelors/Family,2026-08-17 17:37:05+00:00,4BHK Multistorey Apartment for New Property in Shreeji Sharan Daivi Eterneety at Borivali West,19.2335321,72.839198,,False,False,40548.97067997505,7,0.0,17.98989782785991,7.3796321526095525,17.24410940087686
,51700000.0,28722.0,4,4.0,2,1713.0,1800.0,9.0,40.0,Unfurnished,East,Main Road,Apartment,New Property,Under Construction,2026-08-23,Mumbai,Saibaba Nagar Borivali West,Lodha Altus,it is close to near sai baba nagar near sv road Borivali west,Saibaba Nagar Borivali West,"Smart Home,Fireplace,Full Glass Wall,Fingerprint Access,Air Conditioned,Banquet Hall,Internet/Wi-Fi Connectivity,RO Water System,Service/Goods Lift,Visitor Parking,Intercom Facility,Conference Room,Downtown",Water Availability 24 Hours Available,No/Rare Powercut,Vitrified,"NA|null,P51800077358|12/2029",Freehold,Bachelors/Family,2026-08-22 23:45:16+00:00,4BHK Multistorey Apartment for New Property in Lodha Altus at Saibaba Nagar Borivali West,19.2184882478928,72.8448338978812,,False,False,30180.96906012843,2,0.0,17.76096833947866,7.44600149832412,17.76096833947866
Above 20 years,68500000.0,30057.0,4,4.0,,1970.0,2279.0,20.0,35.0,Furnished,East,"Garden/Park, Pool, Main Road",Apartment,Resale,Ready to Move,2026-08-24,Mumbai,,Rajesh White City,NEAR lodha wood LODHA WHITE CITY,Akurli Nagar,"Water Front,Sea facing,Fireplace,Theme based Architectures,Bar/Lounge,Air Conditioned,Banquet Hall,Outdoor Tennis Courts,Service/Goods Lift,Visitor Parking,Intercom Facility,Conference Room,Downtown",Water Availability 24 Hours Available,No/Rare Powercut,"Granite,Vitrified","NA|null,P51800007798|-1,P51800008324|-1",Freehold,Bachelors/Family,2026-08-23 23:45:21+00:00,4BHK Multistorey Apartment for Resale in Rajesh White City at Akurli Nagar,19.19874,72.860507,25.0,False,False,34771.57360406091,1,2.0,18.042344303232454,7.585788821732034,
10 to 15 years,70000000.0,29167.0,4,5.0,2,1600.0,2400.0,5.0,22.0,Semi-Furnished,East,Garden/Park,Apartment,Resale,Ready to Move,2026-08-24,Mumbai,,Lake Lucerne,close to hiranandani garden,Hiranandani Gardens,"Health club with Steam / Jaccuzi,Jogging and Strolling Track,Service/Goods Lift,Visitor Parking,Intercom Facility",Water Availability 24 Hours Available,No/Rare Powercut,Marble,,Co-operative Society,Bachelors/Family,2026-08-23 23:45:16+00:00,4BHK Multistorey Apartment for Resale in Lake Lucerne at Hiranandani Gardens,19.1177459703185,72.9111144020492,12.5,False,False,43750.0,1,1.0,18.064005800013632,7.3777589082278725,
5 to 10 years,67200000.0,40000.0,4,3.0,1,1680.0,1680.0,20.0,20.0,Furnished,East,Main Road,Apartment,Resale,Ready to Move,2026-08-22,Mumbai,Chembur,Sabari Ashville,Zen HospitalChembur Station Eastern Freeway,Chembur,"Fireplace,Laundry Service,Intercom Facility",Water Availability 24 Hours Available,No/Rare Powercut,Marble,,Freehold,Bachelors/Family,2026-08-22 10:22:18+00:00,4BHK Multistorey Apartment for Resale in Sabari Ashville at Chembur,19.0459181155422,72.8975231581492,7.5,False,False,40000.0,2,2.0,18.023183805493378,7.426549072397305,17.204493810368014
15 to 20 years,55000000.0,26442.0,4,3.0,1,1300.0,2080.0,3.0,7.0,Unfurnished,East,,Apartment,Resale,Ready to Move,2026-08-22,Mumbai,Powai,Hiranandani Garden Eden IV,"Hiranandani Gardens, Powai.",Powai,,Water Availability 24 Hours Available,No/Rare Powercut,Vitrified,,Freehold,Bachelors/Family,2026-08-22 11:42:44+00:00,4BHK Multistorey Apartment for Resale in Hiranandani Garden Eden IV at Powai,19.1196773,72.9050809,17.5,False,False,42307.692307692305,2,0.0,17.822843743196746,7.170119543449628,17.080894141792264
Above 20 years,52000000.0,,4,2.0,4,1380.0,,5.0,6.0,Unfurnished,East,Main Road,Apartment,Resale,Ready to Move,2026-05-27,Mumbai,Ghatkopar West,Sheetal Apartment,"The property is close to Railway station, Eastern Freeway",Ghatkopar West,"Air Conditioned,Internet/Wi-Fi Connectivity,RO Water System,Intercom Facility",Water Availability 24 Hours Available,No/Rare Powercut,"Marble,Normal Tiles/Kotah Stone",,Co-operative Society,Bachelors/Family,2026-05-26 21:32:54+00:00,4BHK Multistorey Apartment for Resale in Sheetal Apartment at Ghatkopar West,19.0908063,72.9076669,25.0,False,False,37681.159420289856,90,0.0,17.7667542765457,7.22983877815125,17.48912003066651
New Construction,55000000.0,34375.0,4,4.0,,1400.0,1600.0,12.0,14.0,Semi-Furnished,East,"Garden/Park, Pool",Apartment,Resale,Ready to Move,2026-07-17,Mumbai,Tarun Bharat Society,Dipti Aryavarta,jb nagar,Tarun Bharat Society,Service/Goods Lift,,,Marble,"NA|null,P51900002676|07/2016",Freehold,Bachelors/Family,2026-07-17 18:14:17+00:00,4BHK Multistorey Apartment for Resale in Dipti Aryavarta at Tarun Bharat Society,19.1083023884096,72.862365746736,0.0,False,False,39285.71428571428,38,1.0,17.822843743196746,7.24422751560335,17.822843743196746
10 to 15 years,60000000.0,,4,3.0,1,1352.0,,5.0,7.0,Semi-Furnished,,,Apartment,Resale,Ready to Move,2026-06-07,Mumbai,,,,,,,,,,,Bachelors/Family,2026-06-06 10:58:34+00:00,4BHK Multistorey Apartment for Resale in ,,,12.5,False,False,44378.69822485207,79,1.0,17.909855120186375,7.20934025660291,
10 to 15 years,58000000.0,24167.0,4,4.0,,1850.0,2400.0,4.0,13.0,Furnished,East,Garden/Park,Apartment,Resale,Ready to Move,2026-08-06,Mumbai,Sunder Nagar Malad West,Vini Towers,,Sunder Nagar Malad West,"Air Conditioned,Jogging and Strolling Track,Internet/Wi-Fi Connectivity,Intercom Facility",Water Availability 24 Hours Available,No/Rare Powercut,Marble,,Freehold,Bachelors/Family,2026-08-05 17:46:18+00:00,4BHK Multistorey Apartment for Resale in Vini Towers at Sunder Nagar Malad West,19.177041,72.841444,12.5,False,False,31351.35135135135,19,2.0,17.875953568510692,7.52294091807237,17.23202642435737
Less than 5 years,55500000.0,24130.0,4,4.0,,1360.0,2300.0,11.0,42.0,Furnished,North,,Apartment,Resale,Ready to Move,2026-04-26,Mumbai,Mandvi,Fatima Manzil Apartment,shalimar restaurant,Mandvi,,,,,,Co-operative Society,Bachelors/Family,2026-04-25 21:31:51+00:00,4BHK Multistorey Apartment for Resale in Fatima Manzil Apartment at Mandvi,18.95566,72.8374,3.0,False,False,40808.82352941176,121,2.0,17.831893578716663,7.215239978730097,17.831893578716663
New Construction,61500000.0,32540.0,4,4.0,1,1626.0,1890.0,15.0,23.0,Unfurnished,East,"Garden/Park, Main Road",Apartment,New Property,Ready to Move,2026-08-23,Mumbai,Kandivali East,Goodwill Kanchangiri,"Very close to the east west connecting bridge, ganesh  jain mandirs.",Kandivali East,"Health club with Steam / Jaccuzi,Jogging and Strolling Track,Internet/Wi-Fi Connectivity,Service/Goods Lift,Visitor Parking,Intercom Facility",Water Availability 24 Hours Available,No/Rare Powercut,Vitrified,"NA|null,P51800009001|-1",Freehold,Bachelors/Family,2026-08-22 23:45:21+00:00,4BHK Multistorey Apartment for New Property in Goodwill Kanchangiri at Kandivali East,19.2050017,72.8692711,0.0,False,False,37822.87822878229,2,0.0,17.934547732776746,7.3938782901077555,17.422295377931313
Above 20 years,90000000.0,45000.0,4,4.0,,1440.0,2000.0,3.0,7.0,Furnished,,,Apartment,Resale,Ready to Move,2026-08-21,Mumbai,Lower Parel,Falcon Castle,,Lower Parel,,,,,,,Bachelors/Family,2026-08-20 16:34:36+00:00,4BHK Multistorey Apartment for Resale in Falcon Castle at Lower Parel,18.9982431278398,72.8270305579981,25.0,False,False,62500.0,4,2.0,18.31532022829454,7.272398392570047,18.34377448266777
10 to 15 years,100000000.0,40000.0,4,4.0,,1800.0,2500.0,6.0,12.0,Furnished,,,Apartment,Resale,Ready to Move,2026-08-21,Mumbai,Andheri East,Rock View Apartment,,Andheri East,"Visitor Parking,",,,,,,Bachelors/Family,2026-08-21 06:09:18+00:00,4BHK Multistorey Apartment for Resale in Rock View Apartment at Andheri East,19.1154908,72.8726952,12.5,False,False,55555.555555555555,3,2.0,18.420680743952367,7.495541943884256,17.064584727117307
,91784000.0,56000.0,4,4.0,1,1639.0,1639.0,6.0,14.0,Unfurnished,East,,Apartment,New Property,Under Construction,2026-08-23,Mumbai,Mount Mary,Sayaji Mio Miraya,"Andrews College 1.8 Km, Lilavati Hospital 800 m, Hill Road 1.2 km,",Mount Mary,"Water Front,Service/Goods Lift",Water Availability 24 Hours Available,No/Rare Powercut,Marble,"NA|null,PR1180002501188|-1",Freehold,Bachelors/Family,2026-08-23 12:07:25+00:00,4BHK Multistorey Apartment for New Property in Sayaji Mio Miraya at Mount Mary,19.04625,72.82381,,False,False,56000.0,1,0.0,18.334948548461117,7.40184157874383,18.356983173569343
,86000000.0,35102.0,4,4.0,,,2450.0,2.0,6.0,Furnished,,,Builder Floor Apartment,Resale,Ready to Move,2026-08-11,Mumbai,Andheri East,,,Andheri East,,,,,,,Bachelors/Family,2026-08-11 15:43:35+00:00,4BHK Builder Floor Apartment for Resale in Andheri East,19.1154908,72.8726952,,False,False,,13,2.0,18.269857854217783,,17.064584727117307
New Construction,99000000.0,33000.0,4,4.0,,1789.0,3000.0,3.0,15.0,Unfurnished,East,Main Road,Apartment,Resale,Ready to Move,2026-08-16,Mumbai,Juhu,Birla KDI Juhu Ankur,,Juhu,Bar/Lounge,Water Availability 24 Hours Available,No/Rare Powercut,,"NA|null,P51800004899|-1",Freehold,Bachelors/Family,2026-08-15 23:32:38+00:00,4BHK Multistorey Apartment for Resale in Birla KDI Juhu Ankur at Juhu,19.098267753993,72.8335140160125,0.0,False,False,55338.1777529346,9,0.0,18.410630408098864,7.489412083508719,18.303285651459202
,90000000.0,,4,5.0,,1993.0,,,,Semi-Furnished,,,Apartment,New Property,Ready to Move,2026-04-27,Mumbai,Chembur,One Meraki,,Chembur,"Skyline View,Smart Home,Garden View,Health club with Steam / Jaccuzi,House help accommodation,Air Conditioned",Water Availability 24 Hours Available,No/Rare Powercut,,"NA|null,P51800011606|-1",,Bachelors/Family,2026-08-23 17:37:17+00:00,4BHK Multistorey Apartment for New Property in One Meraki at Chembur,19.0459181155422,72.8975231581492,,False,False,45158.053186151534,1,1.0,18.31532022829454,7.597396320212795,17.204493810368014
,94400000.0,,4,4.0,,1967.0,,,,Unfurnished,,,Apartment,New Property,Jun '27,2026-07-10,Mumbai,Vile Parle West,Avant Park West,,Vile Parle West,,Water Availability 24 Hours Available,No/Rare Powercut,,"NA|null,P51800053738|-1",,Bachelors/Family,2026-08-20 17:36:46+00:00,4BHK Multistorey Apartment for New Property in Avant Park West at Vile Parle West,19.1093928395446,72.8369701399986,,False,False,47991.86578546009,4,0.0,18.36305163111573,7.584264818389059,17.521191561909113
,88900000.0,,4,4.0,,1972.0,,,,Semi-Furnished,,,Apartment,New Property,Dec '26,2026-08-19,Mumbai,Andheri West,Bhoomi Amogh,,Andheri West,,Water Availability 24 Hours Available,No/Rare Powercut,,"NA|null,PM1180002501969|-1",,Bachelors/Family,2026-08-21 17:37:07+00:00,4BHK Multistorey Apartment for New Property in Bhoomi Amogh at Andheri West,19.1373697481266,72.8257229439874,,False,False,45081.13590263692,3,1.0,18.30302270048413,7.586803535162581,17.52659843548851
,86500000.0,,4,5.0,,1646.0,,,,Unfurnished,,,Apartment,New Property,Dec '29,2026-07-14,Mumbai,Matunga West,Rustomjee 180 Bayview,,Matunga West,Skyline View,Water Availability 24 Hours Available,No/Rare Powercut,Vitrified,"NA|null,P51900066547|-1,P51900066548|-1",,Bachelors/Family,2026-08-23 17:37:17+00:00,4BHK Multistorey Apartment for New Property in Rustomjee 180 Bayview at Matunga West,19.0288217353274,72.8440906063583,,False,False,52551.64034021871,1,0.0,18.275654971902107,7.406103381237015,17.5942010176288
New Construction,97499296.0,,4,4.0,,2168.0,,11.0,11.0,Unfurnished,North,,Apartment,New Property,Ready to Move,2026-08-05,Mumbai,Koldongri Vile Parle East,Panom Parleshwar Aangan,,Koldongri Vile Parle East,"Skydeck,Fireplace,Jogging and Strolling Track,Intercom Facility",Water Availability 24 Hours Available,No/Rare Powercut,,"NA|null,P51800049682|12/2025",Freehold,Bachelors/Family,2026-08-05 12:09:05+00:00,4BHK Multistorey Apartment for New Property in Panom Parleshwar Aangan at Koldongri Vile Parle East,19.1096154,72.84612764,0.0,False,False,44972.0,19,0.0,18.395355715429186,7.681560362559537,18.395355715429186
,81150000.0,,4,4.0,,1866.0,,,,Unfurnished,,,Apartment,New Property,Jul '30,2026-08-21,Mumbai,Wadala,Ajmera Manhattan,,Wadala,,Water Availability 24 Hours Available,No/Rare Powercut,,"NA|null,P51800032948|-1,PR1180002500822|-1",,Bachelors/Family,2026-08-22 17:36:39+00:00,4BHK Multistorey Apartment for New Property in Ajmera Manhattan at Wadala,19.012216203088,72.8604594318626,,False,False,43488.7459807074,2,0.0,18.211809851924873,7.531552381407289,17.462494324299676
,80000000.0,,4,4.0,,1751.0,,,,Unfurnished,,,Apartment,New Property,Mar '27,2026-07-25,Mumbai,Borivali West,Shreeji Sharan Daivi Eterneety,,Borivali West,,Water Availability 24 Hours Available,No/Rare Powercut,,"NA|null,P51800029609|-1",,Bachelors/Family,2026-08-23 17:37:15+00:00,4BHK Multistorey Apartment for New Property in Shreeji Sharan Daivi Eterneety at Borivali West,19.2335321,72.839198,,False,False,45688.17818389492,1,0.0,18.197537192638155,7.467942332285852,17.24410940087686
,75000000.0,35714.0,4,4.0,4,2013.0,2100.0,14.0,53.0,Unfurnished,East,"Garden/Park, Pool, Main Road",Apartment,New Property,Under Construction,2026-08-23,Mumbai,,Godrej Reserve,"It Is Close To WesternExpress Highway, Kandivali East.",Akurli Nagar,"Concierge Services,Bar/Lounge,Fingerprint Access,Health club with Steam / Jaccuzi,Golf Course,Air Conditioned,Banquet Hall,Jogging and Strolling Track,Internet/Wi-Fi Connectivity,RO Water System,Intercom Facility,Conference Room,Downtown",Water Availability 24 Hours Available,No/Rare Powercut,Marble,"NA|null,P51800054690|-1,P51800054691|-1,P51800054703|-1,P51800055694|-1,P51800079457|-1",Freehold,Bachelors/Family,2026-08-22 23:45:16+00:00,4BHK Multistorey Apartment for New Property in Godrej Reserve at Akurli Nagar,19.19874,72.860507,,False,False,37257.824143070044,2,0.0,18.132998671500584,7.607381425639791,
Less than 5 years,90000000.0,33333.0,4,5.0,1,2100.0,2700.0,16.0,24.0,Semi-Furnished,East,Garden/Park,Apartment,Resale,Ready to Move,2026-08-24,Mumbai,Kailash Nagar Powai,L&T Emerald Isle,Opposite  L and T Business Park and JP Morgan Services India Pvt. Ltd.,Kailash Nagar Powai,"Smart Home,Concierge Services,Fireplace,Health club with Steam / Jaccuzi,Golf Course,Air Conditioned,Banquet Hall,Jogging and Strolling Track,Outdoor Tennis Courts,Laundry Service,Internet/Wi-Fi Connectivity,RO Water System,Service/Goods Lift,Visitor Parking,Intercom Facility,Conference Room",Water Availability 24 Hours Available,No/Rare Powercut,Marble,"NA|null,P51800002230|-1,P51800003307|-1,P51800005072|-1,P51800007280|-1,P51800013052|-1,P51800013214|-1,P51800013504|-1",Co-operative Society,Bachelors/Family,2026-08-23 23:45:16+00:00,4BHK Multistorey Apartment for Resale in L&T Emerald Isle at Kailash Nagar Powai,19.13393623,72.90034657,3.0,False,False,42857.142857142855,1,1.0,18.31532022829454,7.649692623711514,18.31532022829454
,85100000.0,42550.0,4,4.0,2,1773.0,2000.0,9.0,16.0,Unfurnished,East,"Garden/Park, Pool, Main Road",Apartment,New Property,Under Construction,2026-08-22,Mumbai,Juhu,Shelton Elite,Juhu,Juhu,"Sea facing,Smart Home,Skydeck,Fireplace,Full Glass Wall,Bar/Lounge,Fingerprint Access,Health club with Steam / Jaccuzi,Air Conditioned,Banquet Hall,Outdoor Tennis Courts,Service/Goods Lift,Visitor Parking,Intercom Facility,Conference Room",Water Availability 24 Hours Available,No/Rare Powercut,Vitrified,"NA|null,P51800046724|-1",Freehold,Bachelors/Family,2026-08-22 11:50:27+00:00,4BHK Multistorey Apartment for New Property in Shelton Elite at Juhu,19.098267753993,72.8335140160125,,False,False,47997.74393683023,2,0.0,18.259337593543602,7.480428306074208,18.303285651459202
5 to 10 years,85500000.0,31620.0,4,4.0,1,1690.0,2704.0,1.0,22.0,Semi-Furnished,East,Garden/Park,Apartment,Resale,Ready to Move,2026-08-22,Mumbai,Powai,L&T Elixir Reserve,Powai,Powai,"Water Front,Hilltop,Skyline View,Sea facing,Smart Home,Skydeck,Private jaccuzi,Island Kitchen Layout,Wrap Around Balcony,Concierge Services,Fireplace,Theme based Architectures,Wine Cellar,Private pool ,Helipad,Full Glass Wall,Sky Villa,Bar/Lounge,Fingerprint Access,Health club with Steam / Jaccuzi,Golf Course,House help accommodation,Air Conditioned,Banquet Hall,Jogging and Strolling Track,Outdoor Tennis Courts,Private Garage,Laundry Service,Internet/Wi-Fi Connectivity,RO Water System,Service/Goods Lift,Visitor Parking,Intercom Facility,Conference Room,Downtown",Water Availability 24 Hours Available,No/Rare Powercut,Marble,"NA|null,P51800033618|06/2025,P51800033984|-1,P51800034053|-1,P51800055830|-1,PR1180002500072|-1",Freehold,Bachelors/Family,2026-08-22 12:51:33+00:00,4BHK Multistorey Apartment for Resale in L&T Elixir Reserve at Powai,19.1196773,72.9050809,7.5,False,False,50591.71597633136,2,1.0,18.26402693390699,7.432483807917119,17.080894141792264
Less than 5 years,98500000.0,33277.0,4,4.0,4,1850.0,2960.0,10.0,17.0,Semi-Furnished,North - East,Main Road,Apartment,Resale,Ready to Move,2026-08-22,Mumbai,,,"Chembur railway station, Diamond garden, Sandu garden, Monorail stn.",Chembur East,"Banquet Hall,Jogging and Strolling Track,Visitor Parking,Intercom Facility",Water Availability 24 Hours Available,No/Rare Powercut,Vitrified,,Freehold,Bachelors/Family,2026-08-22 10:37:33+00:00,4BHK Multistorey Apartment for Resale in Chembur East,19.0611638862632,72.8948410560158,3.0,False,False,53243.24324324324,2,1.0,18.405567106142318,7.52294091807237,
10 to 15 years,80000000.0,33333.0,4,4.0,6,1700.0,2400.0,20.0,28.0,Furnished,East,Garden/Park,Apartment,Resale,Ready to Move,2026-05-22,Mumbai,Goregaon West,Wadhwa Anmol Prestige,,Goregaon West,"Skydeck,Wrap Around Balcony,Air Conditioned,Banquet Hall,Jogging and Strolling Track,Outdoor Tennis Courts,Private Garage,RO Water System,Service/Goods Lift,Visitor Parking,Intercom Facility",Water Availability 24 Hours Available,No/Rare Powercut,Marble,,Co-operative Society,Bachelors/Family,2026-05-21 16:53:38+00:00,4BHK Multistorey Apartment for Resale in Wadhwa Anmol Prestige at Goregaon West,19.1630920855215,72.8398088005091,12.5,False,False,47058.82352941176,95,2.0,18.197537192638155,7.438383530044307,17.72656282560243
New Construction,83500000.0,41750.0,4,4.0,,,2000.0,18.0,30.0,Furnished,North,"Garden/Park, Pool",Apartment,Resale,Ready to Move,2026-07-26,Mumbai,Goregaon West,Wadhwa Anmol Tower,,Goregaon West,"Banquet Hall,Jogging and Strolling Track,Laundry Service,Service/Goods Lift,Visitor Parking,Conference Room",,,Marble,,Freehold,Bachelors/Family,2026-07-25 23:34:46+00:00,4BHK Multistorey Apartment for Resale in Wadhwa Anmol Tower at Goregaon West,19.1630920855215,72.8398088005091,0.0,False,False,,30,2.0,18.240357189821083,,17.72656282560243
Above 20 years,80000000.0,33333.0,4,3.0,2,2000.0,2400.0,1.0,3.0,Furnished,North - West,Main Road,Apartment,Resale,Ready to Move,2026-06-13,Mumbai,Dongri,Smith House,"Close to Sandhurst Road Railway Station, Market, Freeway, Atal Setu.",Dongri,"House help accommodation,Air Conditioned,Private Garage,Internet/Wi-Fi Connectivity,RO Water System",Water Availability 24 Hours Available,No/Rare Powercut,Marble,,Co-operative Society,Bachelors/Family,2026-06-12 17:32:54+00:00,4BHK Multistorey Apartment for Resale in Smith House at Dongri,18.9602298834636,72.8377329943181,25.0,False,False,40000.0,73,2.0,18.197537192638155,7.600902459542082,18.197537192638155
Above 20 years,80000000.0,28571.0,4,3.0,,2500.0,2800.0,,,Unfurnished,East,,Residential House,Resale,Ready to Move,2026-07-23,Mumbai,,,Grand mama cafe and idbi bank.,,"Air Conditioned,Internet/Wi-Fi Connectivity,Visitor Parking",,,Marble,,Co-operative Society,Bachelors/Family,2026-07-15 22:30:38+00:00,4BHK Residential House for Resale in ,,,25.0,False,False,32000.0,40,0.0,18.197537192638155,7.824046010856292,
Less than 5 years,77500000.0,22761.0,4,4.0,1,2270.0,3405.0,6.0,32.0,Unfurnished,West,"Garden/Park, Pool, Main Road",Apartment,Resale,Ready to Move,2026-06-10,Mumbai,Mulund,Vikas Palazzo,,Mulund,"Skydeck,Full Glass Wall,Fingerprint Access,Health club with Steam / Jaccuzi,House help accommodation,Banquet Hall,Visitor Parking,Intercom Facility,Conference Room",Water Availability 24 Hours Available,No/Rare Powercut,,,Freehold,Bachelors/Family,2026-06-09 21:31:55+00:00,4BHK Multistorey Apartment for Resale in Vikas Palazzo at Mulund,19.1650004119132,72.9640308142804,3.0,False,False,34140.96916299559,76,0.0,18.165788494323575,7.727535110475448,17.584261153834913
Above 20 years,95000000.0,21111.0,4,5.0,4,2200.0,4500.0,19.0,21.0,Semi-Furnished,East,"Garden/Park, Pool, Main Road",Apartment,Resale,Ready to Move,2026-08-23,Mumbai,Kandivali East,Viceroy Park,"Thakur Village, Kandivali East.",Kandivali East,"Skydeck,Fireplace,Banquet Hall,Jogging and Strolling Track,Outdoor Tennis Courts,Internet/Wi-Fi Connectivity,Service/Goods Lift,Visitor Parking,Intercom Facility,Conference Room",Water Availability 24 Hours Available,No/Rare Powercut,Vitrified,,Co-operative Society,Bachelors/Family,2026-08-22 23:45:15+00:00,4BHK Multistorey Apartment for Resale in Viceroy Park at Kandivali East,19.2050017,72.8692711,25.0,False,False,43181.818181818184,2,1.0,18.369387449564815,7.696212639346407,17.422295377931313
10 to 15 years,85000000.0,31481.0,4,6.0,9,2200.0,2700.0,20.0,29.0,Furnished,East,"Garden/Park, Main Road",Apartment,Resale,Ready to Move,2026-08-23,Mumbai,Kandivali East,Vishnu Shivam Tower,Close to Vishnu Shivam Mall,Kandivali East,"Banquet Hall,Jogging and Strolling Track,Laundry Service,Service/Goods Lift,Visitor Parking",Water Availability 24 Hours Available,No/Rare Powercut,"Ceramic Tiles,Vitrified","NA|null,P52100029417|-1",Freehold,Bachelors/Family,2026-08-22 23:45:17+00:00,4BHK Multistorey Apartment for Resale in Vishnu Shivam Tower at Kandivali East,19.2050017,72.8692711,12.5,False,False,38636.36363636364,2,2.0,18.258161814454592,7.696212639346407,17.422295377931313
Less than 5 years,78500000.0,44857.0,4,4.0,,1528.0,1750.0,17.0,21.0,Unfurnished,East,Main Road,Apartment,Resale,Ready to Move,2026-08-23,Mumbai,Aram Nagar,Kabra Metro One,"versova metro station , kokilaben",Aram Nagar,"Fireplace,Air Conditioned,Banquet Hall,Jogging and Strolling Track,Internet/Wi-Fi Connectivity,Service/Goods Lift,Visitor Parking,Intercom Facility",Water Availability 24 Hours Available,No/Rare Powercut,Marble,"NA|null,P51800001067|04/2020",Freehold,Bachelors/Family,2026-08-22 23:45:20+00:00,4BHK Multistorey Apartment for Resale in Kabra Metro One at Aram Nagar,19.12890041,72.81591415,3.0,False,False,51374.34554973822,2,0.0,18.178609182752638,7.331714969726466,18.178609182752638
,79900000.0,50762.0,4,4.0,3,1574.0,1574.0,19.0,33.0,Unfurnished,East,Main Road,Apartment,New Property,Under Construction,2026-08-23,Mumbai,Bandra West,Inspira One,Near Bandra Reclamation,Bandra West,,Water Availability 24 Hours Available,No/Rare Powercut,"Ceramic Tiles,Vitrified","NA|null,P51800079781|-1",Freehold,Bachelors/Family,2026-08-22 23:45:21+00:00,4BHK Multistorey Apartment for New Property in Inspira One at Bandra West,19.055229,72.830829,,False,False,50762.38881829733,2,0.0,18.1962864107365,7.3613754289773485,17.63488085620438
,84200000.0,27973.0,4,5.0,2,2676.0,3010.0,21.0,33.0,Unfurnished,East,"Garden/Park, Pool, Main Road",Apartment,New Property,Under Construction,2026-08-23,Mumbai,Andheri West,Adani Codename Westbay,"Andheri West ,near by infinity mall  RTO office",Andheri West,"Skydeck,Golf Course,Air Conditioned,Banquet Hall,Jogging and Strolling Track,Outdoor Tennis Courts,RO Water System,Service/Goods Lift,Visitor Parking,Intercom Facility,Conference Room",Water Availability 24 Hours Available,No/Rare Powercut,"Vitrified,Wooden","NA|null,P51800047539|-1",Freehold,Bachelors/Family,2026-08-23 07:15:13+00:00,4BHK Multistorey Apartment for New Property in Adani Codename Westbay at Andheri West,19.1373697481266,72.8257229439874,,False,False,31464.872944693572,1,0.0,18.248705479212553,7.892078421248119,17.52659843548851
10 to 15 years,75000000.0,34091.0,4,4.0,2,1800.0,2200.0,3.0,6.0,Unfurnished,North,Garden/Park,Apartment,Resale,Ready to Move,2026-08-23,Mumbai,Chembur,Kukreja Golf Scappe,Daimond Garden,Chembur,"Health club with Steam / Jaccuzi,Visitor Parking,Intercom Facility",Water Availability 24 Hours Available,No/Rare Powercut,Vitrified,,Co-operative Society,Bachelors/Family,2026-08-22 23:45:17+00:00,4BHK Multistorey Apartment for Resale in Kukreja Golf Scappe at Chembur,19.0459181155422,72.8975231581492,12.5,False,False,41666.666666666664,2,0.0,18.132998671500584,7.495541943884256,17.204493810368014
,135000000.0,,4,6.0,2,2214.0,,13.0,35.0,Furnished,,Garden/Park,Apartment,Resale,Ready to Move,2026-08-23,Mumbai,Kandivali East,Raheja Reflections Odyssey,,Kandivali East,Service/Goods Lift,Water Availability 24 Hours Available,No/Rare Powercut,Marble,,Freehold,Bachelors/Family,2026-08-22 23:31:10+00:00,4BHK Multistorey Apartment for Resale in Raheja Reflections Odyssey at Kandivali East,19.2050017,72.8692711,,False,False,60975.60975609756,2,2.0,18.720785336402702,7.7025561132685825,17.422295377931313
Less than 5 years,110000000.0,39855.0,4,4.0,,1987.0,2760.0,27.0,28.0,Semi-Furnished,,,Apartment,Resale,Ready to Move,2026-08-21,Mumbai,Powai,Hiranandani Gardens Odyssey I,,Powai,"Banquet Hall,Jogging and Strolling Track,Laundry Service,Service/Goods Lift,Visitor Parking,",,,,,,Bachelors/Family,2026-08-20 17:17:13+00:00,4BHK Multistorey Apartment for Resale in Hiranandani Gardens Odyssey I at Powai,19.1196773,72.9050809,3.0,False,False,55359.83895319577,4,1.0,18.51599092375669,7.594381242551817,17.080894141792264
10 to 15 years,102500000.0,51250.0,4,3.0,,1440.0,2000.0,21.0,40.0,Unfurnished,,,Apartment,Resale,Ready to Move,2026-08-21,Mumbai,Tardeo,Orbit Heights,,Tardeo,"Banquet Hall,",,,,,,Bachelors/Family,2026-08-20 15:01:07+00:00,4BHK Multistorey Apartment for Resale in Orbit Heights at Tardeo,18.9693555488714,72.8133774658556,12.5,False,False,71180.55555555556,4,0.0,18.44537335654274,7.272398392570047,18.19148810138135
,105000000.0,33333.0,4,4.0,,2268.0,3150.0,33.0,19.0,Semi-Furnished,,,Apartment,Resale,Under Construction,2026-08-22,Mumbai,Deonar Farm Road,,,Deonar Farm Road,,,,,,,Bachelors/Family,2026-08-21 09:13:55+00:00,4BHK Multistorey Apartment for Resale in Deonar Farm Road,19.043048,72.911767,,False,False,46296.2962962963,3,1.0,18.469470908121796,7.7266536648476425,18.469470908121796
5 to 10 years,200000000.0,40000.0,4,4.0,1,4060.0,5000.0,2.0,16.0,Furnished,East,"Garden/Park, Main Road",Apartment,Resale,Ready to Move,2026-08-19,Mumbai,Colaba,Veena Tower,Post Office,Colaba,,Water Availability 24 Hours Available,No/Rare Powercut,,,Freehold,Bachelors/Family,2026-08-18 23:36:34+00:00,4BHK Multistorey Apartment for Resale in Veena Tower at Colaba,18.9037004,72.8131432,7.5,False,False,49261.08374384236,6,2.0,19.11382792451231,8.308938252595778,18.047090822435145
15 to 20 years,138000000.0,69000.0,4,4.0,,1440.0,2000.0,4.0,7.0,Unfurnished,,,Apartment,Resale,Ready to Move,2026-08-21,Mumbai,Bandra West,Pali Hill Apartment,,Bandra West,,,,,,,Bachelors/Family,2026-08-21 04:14:02+00:00,4BHK Multistorey Apartment for Resale in Pali Hill Apartment at Bandra West,19.055229,72.830829,17.5,False,False,95833.33333333333,4,0.0,18.742764243121478,7.272398392570047,17.63488085620438
5 to 10 years,130000000.0,30952.0,4,4.0,,3024.0,4200.0,17.0,20.0,Semi-Furnished,,,Apartment,Resale,Ready to Move,2026-08-20,Mumbai,Powai,L&T Emerald Isle,,Powai,"Smart Home,Concierge Services,Fireplace,Infinity Swimming Pool,Grand Entrance lobby,Health club with Steam / Jaccuzi,Golf Course,,,Air Conditioned,Banquet Hall,Jogging and Strolling Track,Outdoor Tennis Courts,Laundry Service,,,Internet/Wi-Fi Connectivity,RO Water System,Service/Goods Lift,Visitor Parking,Intercom Facility,Conference Room,",,,,"NA|null,P51800002230|-1,P51800003307|-1,P51800005072|-1,P51800007280|-1,P51800013052|-1,P51800013214|-1,P51800013504|-1",,Bachelors/Family,2026-08-20 12:05:57+00:00,4BHK Multistorey Apartment for Resale in L&T Emerald Isle at Powai,19.1196773,72.9050809,7.5,False,False,42989.41798941799,4,1.0,18.683045008419857,8.014335737299424,17.080894141792264
Less than 5 years,115000000.0,41219.0,4,5.0,,2009.0,2790.0,27.0,28.0,Semi-Furnished,,,Apartment,Resale,Ready to Move,2026-08-20,Mumbai,Powai,Hiranandani Gardens,,Powai,"Visitor Parking,",,,,,,Bachelors/Family,2026-08-20 10:55:54+00:00,4BHK Multistorey Apartment for Resale in Hiranandani Gardens at Powai,19.1196773,72.9050809,3.0,False,False,57242.409158785464,4,1.0,18.560442686327523,7.605392364814935,17.080894141792264
Less than 5 years,190000000.0,95000.0,4,4.0,,2550.0,2000.0,45.0,68.0,Semi-Furnished,North - East,"Garden/Park, Pool, Main Road",Apartment,Resale,Ready to Move,2026-08-23,Mumbai,Prabhadevi,Rustomjee Crown,Worli sea face,Prabhadevi,"Smart Home,Private pool ,Full Glass Wall,Fingerprint Access,Air Conditioned,Banquet Hall,Jogging and Strolling Track,Outdoor Tennis Courts,Laundry Service,Internet/Wi-Fi Connectivity,Service/Goods Lift,Visitor Parking,Intercom Facility,Conference Room",,,Marble,"NA|null,P51900003268|05/2007,P51900006367|06/2001",Freehold,Bachelors/Family,2026-08-23 05:56:39+00:00,4BHK Multistorey Apartment for Resale in Rustomjee Crown at Prabhadevi,19.0158585103406,72.8295254470428,3.0,False,False,74509.80392156863,1,1.0,19.06253463012476,7.843848638152472,18.662135145430923
New Construction,150000000.0,70456.0,4,5.0,4,2129.0,2129.0,11.0,14.0,Unfurnished,East,"Garden/Park, Main Road",Apartment,New Property,Ready to Move,2026-08-17,Mumbai,Juhu,Green Acres Apartments,,Juhu,"Service/Goods Lift,Visitor Parking",,,,,,Bachelors/Family,2026-08-16 23:45:35+00:00,4BHK Multistorey Apartment for New Property in Green Acres Apartments at Juhu,19.098267753993,72.8335140160125,0.0,False,False,70455.61296383278,8,0.0,18.82614585206053,7.663407664893479,18.303285651459202
,110000000.0,,4,5.0,,2007.0,,,,Semi-Furnished,,,Apartment,New Property,Ready to Move,2026-05-14,Mumbai,Chembur,One Meraki,,Chembur,"Skyline View,Smart Home,Garden View,Health club with Steam / Jaccuzi,House help accommodation,Air Conditioned",Water Availability 24 Hours Available,No/Rare Powercut,,"NA|null,P51800011606|-1",,Bachelors/Family,2026-08-23 17:37:17+00:00,4BHK Multistorey Apartment for New Property in One Meraki at Chembur,19.0459181155422,72.8975231581492,,False,False,54808.17140009965,1,1.0,18.51599092375669,7.604396348796338,17.204493810368014
,110400000.0,,4,4.0,,2300.0,,,,Unfurnished,,,Apartment,New Property,Jun '27,2026-07-10,Mumbai,Vile Parle West,Avant Park West,,Vile Parle West,,Water Availability 24 Hours Available,No/Rare Powercut,,"NA|null,P51800053738|-1",,Bachelors/Family,2026-08-21 17:37:06+00:00,4BHK Multistorey Apartment for New Property in Avant Park West at Vile Parle West,19.1093928395446,72.8369701399986,,False,False,48000.0,3,0.0,18.51962069180727,7.7406644019172415,17.521191561909113
,132600000.0,,4,4.0,,2688.0,,,,Unfurnished,,,Apartment,New Property,Jun '32,2026-08-03,Mumbai,Lokhandwala Complex Andheri West,Kalpataru Vian,,Lokhandwala Complex Andheri West,,Water Availability 24 Hours Available,No/Rare Powercut,,"NA|null,PR1180002600863|-1",,Bachelors/Family,2026-08-22 17:36:39+00:00,4BHK Multistorey Apartment for New Property in Kalpataru Vian at Lokhandwala Complex Andheri West,19.14413,72.8241,,False,False,49330.357142857145,2,0.0,18.702847635716036,7.89655270164304,18.673335965491304
,110200000.0,,4,6.0,,2079.0,,,,Unfurnished,,,Apartment,New Property,Oct '31,2026-04-28,Mumbai,Mahalakshmi,7 Mahalaxmi,,Mahalakshmi,Skyline View,Water Availability 24 Hours Available,No/Rare Powercut,Marble,"NA|null,P51900079270|-1,PR1170002400011|-1,PR1172022600440|-1",,Bachelors/Family,2026-08-23 17:37:17+00:00,4BHK Multistorey Apartment for New Property in 7 Mahalaxmi at Mahalakshmi,18.9865617867147,72.8182867539311,,False,False,53006.253006253006,1,0.0,18.517807454683087,7.639642287858013,18.60187312627558
,200000000.0,88535.0,4,5.0,,,2259.0,,,Unfurnished,East,Pool,Apartment,Resale,Under Construction,2026-08-23,Mumbai,Mahalakshmi,Raheja Modern Vivarea,Mahalaxhmi Race Course.,Mahalakshmi,"Concierge Services,Bar/Lounge,Banquet Hall,Jogging and Strolling Track,Intercom Facility",,,Vitrified,"NA|null,P51900034288|09/2028,P51900034289|03/2028",Freehold,Bachelors/Family,2026-08-22 23:45:17+00:00,4BHK Multistorey Apartment for Resale in Raheja Modern Vivarea at Mahalakshmi,18.9865617867147,72.8182867539311,,False,False,,2,0.0,19.11382792451231,,18.60187312627558
15 to 20 years,135000000.0,,4,3.0,,1800.0,,5.0,20.0,Furnished,East,Garden/Park,Apartment,Resale,Ready to Move,2026-08-23,Mumbai,Gamadia Colony,Vastu Shilp Apartment,Gamadia Colony,Gamadia Colony,"Health club with Steam / Jaccuzi,Air Conditioned,Visitor Parking,Intercom Facility",Water Availability 24 Hours Available,No/Rare Powercut,Marble,,Co-operative Society,Bachelors/Family,2026-08-22 23:45:21+00:00,4BHK Multistorey Apartment for Resale in Vastu Shilp Apartment at Gamadia Colony,18.9692960320195,72.812668058328,17.5,False,False,75000.0,2,2.0,18.720785336402702,7.495541943884256,18.489473575428647
New Construction,125000000.0,59242.0,4,6.0,,,2110.0,16.0,22.0,Unfurnished,East,Pool,Apartment,Resale,Ready to Move,2026-08-23,Mumbai,Bandra Kurla Complex,Adani Ten BKC ,,Bandra Kurla Complex,"Air Conditioned,Banquet Hall,Internet/Wi-Fi Connectivity,RO Water System,Intercom Facility",,,,"NA|null,P51800004889|-1",,Bachelors/Family,2026-08-22 23:45:21+00:00,4BHK Multistorey Apartment for Resale in Adani Ten BKC  at Bandra Kurla Complex,19.0626802993452,72.8650539233055,0.0,False,False,,2,0.0,18.643824295266576,,16.270084432480974
,100800000.0,54486.0,4,4.0,1,1603.0,1850.0,10.0,56.0,Unfurnished,East,"Garden/Park, Main Road",Apartment,New Property,Under Construction,2026-08-22,Mumbai,Byculla,Lodha Bellevue,Railway station 5 minBandraWorli Sea Link 15 minAirport 35 min,Byculla,"Sea facing,Skydeck,Fireplace,Bar/Lounge,Fingerprint Access,Health club with Steam / Jaccuzi,Jogging and Strolling Track,Laundry Service,Internet/Wi-Fi Connectivity,Visitor Parking,Intercom Facility",Water Availability 24 Hours Available,No/Rare Powercut,"Ceramic Tiles,Vitrified","NA|null,P51900046567|-1",Freehold,Bachelors/Family,2026-08-22 11:05:25+00:00,4BHK Multistorey Apartment for New Property in Lodha Bellevue at Byculla,18.9763051806034,72.8384452613639,,False,False,62882.096069868996,2,0.0,18.428648913601542,7.3796321526095525,17.557921818251476
New Construction,140000000.0,,4,4.0,1,2136.0,,59.0,91.0,Unfurnished,South,"Pool, Garden/Park",Apartment,Resale,Ready to Move,2026-08-22,Mumbai,Mahalakshmi,Lokhandwala Minerva,opp shivsena bhavan,Mahalakshmi,"Air Conditioned,Banquet Hall,Jogging and Strolling Track,Outdoor Tennis Courts,Laundry Service,Internet/Wi-Fi Connectivity,RO Water System,Service/Goods Lift,Intercom Facility,Conference Room",,,,"NA|null,P51900008204|-1",Leasehold,Bachelors/Family,2026-08-22 07:10:20+00:00,4BHK Multistorey Apartment for Resale in Lokhandwala Minerva at Mahalakshmi,18.9865617867147,72.8182867539311,0.0,False,False,65543.07116104869,2,0.0,18.75715298057358,7.666690200080086,18.60187312627558
New Construction,125000000.0,31888.0,4,6.0,5,3311.0,3920.0,30.0,55.0,Semi-Furnished,North - East,"Garden/Park, Pool, Main Road",Apartment,Resale,Ready to Move,2026-08-03,Mumbai,Malad East,Omkar Alta Monte,,Malad East,"Skyline View,Skydeck,Private jaccuzi,Concierge Services,Private pool ,Sky Villa,Bar/Lounge,Fingerprint Access,Health club with Steam / Jaccuzi,Air Conditioned,Banquet Hall,Jogging and Strolling Track,Outdoor Tennis Courts,Private Garage,Laundry Service,Internet/Wi-Fi Connectivity,Service/Goods Lift,Visitor Parking,Intercom Facility,Conference Room",Water Availability 24 Hours Available,No/Rare Powercut,"Wooden,Marble","NA|null,P51800010463|-1",Freehold,Bachelors/Family,2026-06-30 08:07:34+00:00,4BHK Multistorey Apartment for Resale in Omkar Alta Monte at Malad East,19.1848724519187,72.8629697025013,0.0,False,False,37752.94472968892,55,1.0,18.643824295266576,8.105005537547246,16.8963646152373
5 to 10 years,120000000.0,33333.0,4,4.0,4,1910.0,3600.0,7.0,13.0,Semi-Furnished,,Main Road,Apartment,Resale,Ready to Move,2026-05-25,Mumbai,Santacruz West,RNA Auroville,"Santacruz West is one of Mumbais prime residential areas, known for its blend of tranquility and urban convenience. Located on the western side of the Santacruz suburb, this area is characterized by its green, tree-lined streets, and a mix of old-world charm and modern developments. The locality is home to a diverse community, including long-time residents, expatriates, and professionals working in various parts of the city.",Santacruz West,"Air Conditioned,Laundry Service,Internet/Wi-Fi Connectivity,Visitor Parking,Intercom Facility",Water Availability 24 Hours Available,No/Rare Powercut,Marble,,Freehold,Bachelors/Family,2026-05-24 23:33:10+00:00,4BHK Multistorey Apartment for Resale in RNA Auroville at Santacruz West,19.0812559812257,72.8376604906028,7.5,False,False,62827.22513089005,92,1.0,18.60300230074632,7.554858521040676,17.876290531425422
New Construction,158000000.0,79000.0,4,5.0,,1700.0,2000.0,48.0,69.0,Semi-Furnished,North - East,,Apartment,Resale,Ready to Move,2026-08-07,Mumbai,Prabhadevi,Rustomjee Crown,,Prabhadevi,"Banquet Hall,Jogging and Strolling Track,Outdoor Tennis Courts,Service/Goods Lift,Visitor Parking,Conference Room",,,,"NA|null,P51900003268|05/2007,P51900006367|06/2001",Freehold,Bachelors/Family,2026-07-30 15:04:08+00:00,4BHK Multistorey Apartment for Resale in Rustomjee Crown at Prabhadevi,19.0158585103406,72.8295254470428,0.0,False,False,92941.17647058824,25,1.0,18.87810559099124,7.438383530044307,18.662135145430923
15 to 20 years,120000000.0,125654.0,4,3.0,,,955.0,,,Furnished,East,,Residential House,Resale,Ready to Move,2026-08-12,Mumbai,Sunder Nagar Santacruz East,,,Sunder Nagar Santacruz East,,,,,,,Bachelors/Family,2026-05-15 17:05:20+00:00,4BHK Residential House for Resale in Sunder Nagar Santacruz East,19.0822308442996,72.8615850380685,17.5,True,False,,101,2.0,18.60300230074632,,18.60300230074632
10 to 15 years,130000000.0,19118.0,4,4.0,1,2300.0,6800.0,,,Unfurnished,,Garden/Park,Villa,Resale,Ready to Move,2026-06-19,Mumbai,,,RASHTRIYA CHEMICALS AND FERTILIZERS LIMITED,,"Jogging and Strolling Track,Laundry Service",,,,,,Bachelors/Family,2026-06-18 17:19:27+00:00,4BHK Villa for Resale in ,,,12.5,False,False,56521.739130434784,67,0.0,18.683045008419857,7.7406644019172415,
New Construction,167500000.0,72826.0,4,5.0,,2156.0,2300.0,,,Unfurnished,East,"Garden/Park, Pool, Main Road",Apartment,Resale,Ready to Move,2026-08-23,Mumbai,Prabhadevi,Rustomjee Crown,Near Axis Bank.,Prabhadevi,"Smart Home,Private pool ,Banquet Hall,Jogging and Strolling Track,Outdoor Tennis Courts,Internet/Wi-Fi Connectivity,Service/Goods Lift,Visitor Parking,Intercom Facility,Conference Room",Water Availability 24 Hours Available,No/Rare Powercut,"Mosaic,Vitrified,Wooden,Ceramic Tiles,Marble,Normal Tiles/Kotah Stone,Granite,Marbonite","NA|null,P51900003268|05/2007,P51900006367|06/2001",Freehold,Bachelors/Family,2026-08-22 23:45:18+00:00,4BHK Multistorey Apartment for Resale in Rustomjee Crown at Prabhadevi,19.0158585103406,72.8295254470428,0.0,False,False,77690.16697588126,2,0.0,18.936493909229394,7.6760099320288875,18.662135145430923
,200000000.0,80000.0,4,1.0,2,2100.0,2500.0,5.0,77.0,Semi-Furnished,East,Garden/Park,Apartment,New Property,Under Construction,2026-08-23,Mumbai,Worli,Godrej Trilogy Seafront,nehru planataorium,Worli,"Outdoor Tennis Courts,Visitor Parking",Water Availability 24 Hours Available,No/Rare Powercut,Marble,"NA|null,PR1171012501309|-1",Freehold,Bachelors/Family,2026-08-22 23:45:19+00:00,4BHK Multistorey Apartment for New Property in Godrej Trilogy Seafront at Worli,19.0036486667054,72.8175254882335,,False,False,95238.09523809524,2,1.0,19.11382792451231,7.649692623711514,18.25306630158134
10 to 15 years,110000000.0,,4,5.0,4,2200.0,,8.0,14.0,Semi-Furnished,East,Main Road,Apartment,Resale,Ready to Move,2026-08-23,Mumbai,Santacruz West,Tapovan Apartment,,Santacruz West,Air Conditioned,Water Availability 24 Hours Available,No/Rare Powercut,Marble,,Freehold,Bachelors/Family,2026-08-22 23:45:19+00:00,4BHK Multistorey Apartment for Resale in Tapovan Apartment at Santacruz West,19.0812559812257,72.8376604906028,12.5,False,False,50000.0,2,1.0,18.51599092375669,7.696212639346407,17.876290531425422
New Construction,199000000.0,77042.0,4,5.0,,2582.0,2583.0,,,Semi-Furnished,West,"Garden/Park, Pool, Main Road",Apartment,Resale,Ready to Move,2026-08-23,Mumbai,Prabhadevi,Rustomjee Crown,Near Motilal Oswal.,Prabhadevi,"Farm-House,Town House,Water Front,Hilltop,Skyline View,Smart Home,Skydeck,Private jaccuzi,Island Kitchen Layout,Concierge Services,Fireplace,Theme based Architectures,Barbeque space,Walk-in closet,Private pool ,Helipad,Aesthetic Interior,Marble flooring,Art center,Pet park,Full Glass Wall,Private Garden,Sky Villa,Infinity Swimming Pool,,Bar/Lounge,Fingerprint Access,Bathtub,Garden View,Grand Entrance lobby,Kids play area,Health club with Steam / Jaccuzi,Shopping center,Golf Course,Curated Garden,Cycling track,High Ceiling,Well Furnished,Modular Kitchen,Premium branded fittings,Central AC ,3 Tier Security System,,Large Clubhouse ,,,,Library,,,,,,,,,Air Conditioned,All wooden flooring,Banquet Hall,Jogging and Strolling Track,Outdoor Tennis Courts,Mini Cinema Theatre,Located in the Heart of city,Large Open space,Guest lobby in each floor,,,,AC in each room ,Laundry Service,,,,,Internet/Wi-Fi Connectivity,RO Water System,Service/Goods Lift,Earth quake resistant,Visitor Parking,Intercom Facility,Wheelchair Accessibility,Conference Room,Fire Sprinklers,Mansion,,,",Water Availability 24 Hours Available,No/Rare Powercut,"Mosaic,Vitrified,Wooden,Ceramic Tiles,Marble,Normal Tiles/Kotah Stone,Granite,Marbonite","NA|null,P51900003268|05/2007,P51900006367|06/2001",Freehold,Bachelors/Family,2026-08-22 23:45:18+00:00,4BHK Multistorey Apartment for Resale in Rustomjee Crown at Prabhadevi,19.0158585103406,72.8295254470428,0.0,False,False,77072.03718048024,2,1.0,19.108815382688768,7.856319571406588,18.662135145430923
5 to 10 years,,130.0,6,5.0,6,5350.0,7600.0,24.0,33.0,Semi-Furnished,North,"Main Road, Garden/Park, Pool",Apartment,Resale,Ready to Move,2026-08-23,Mumbai,Andheri West,Windsor Grande Residences,,Andheri West,"Jogging and Strolling Track,Outdoor Tennis Courts",,,,,Freehold,Bachelors/Family,2026-08-22 23:45:17+00:00,6BHK Multistorey Apartment for Resale in Windsor Grande Residences at Andheri West,19.1373697481266,72.8257229439874,7.5,False,False,,2,1.0,,8.584851839890053,17.52659843548851
,,,9,7.0,3,2187.0,,3.0,8.0,Furnished,,,Apartment,Resale,,2026-06-05,Mumbai,Juhu,Villa Sorento Apartment,,Juhu,,,,,,,Bachelors/Family,2026-06-04 17:40:10+00:00,9BHK Multistorey Apartment for Resale in Villa Sorento Apartment at Juhu,19.098267753993,72.8335140160125,,False,False,,81,2.0,,7.690286020676768,18.303285651459202
,,,10,,,,2500.0,,,,,,Villa,Resale,,2026-08-07,Mumbai,Marol Maroshi Road,,,Marol Maroshi Road,,,,,,,Bachelors/Family,2026-08-06 21:32:28+00:00,10BHK Villa for Resale in Marol Maroshi Road,19.1169232198219,72.880025218135,,False,False,,18,,,,16.811242831518264
,3390000.0,3149.0,6,6.0,,,100.0,,,,,,Residential House,Resale,Ready to Move,2026-08-18,Mumbai,,,,Ashtavinayak Nagar,,,,,,,Bachelors/Family,2026-08-18 15:42:52+00:00,6BHK Residential House for Resale in Ashtavinayak Nagar,19.2270802630057,72.8383210982374,,False,False,,6,,15.036340479356634,,
Above 20 years,,29545.0,6,1.0,,,220.0,1.0,7.0,Semi-Furnished,South -West,,Apartment,Resale,Ready to Move,2026-08-13,Mumbai,JB Nagar,,,JB Nagar,,,,Vitrified,,Co-operative Society,Bachelors/Family,2026-06-24 08:31:03+00:00,6BHK Multistorey Apartment for Resale in JB Nagar,19.1099298135585,72.8680393749074,25.0,False,False,,61,1.0,,,
New Construction,11000000.0,5500.0,6,5.0,1,1954.0,2000.0,,,Unfurnished,East,,Villa,Resale,Ready to Move,2026-06-21,Mumbai,Uttan Road,,government school government Dog Hospital opposite Aishania vill or next to Ma Casa Resort,Uttan Road,,,,,,Freehold,Bachelors/Family,2026-06-20 21:31:25+00:00,6BHK Villa for Resale in Uttan Road,19.27600097,72.79681045,0.0,False,False,5629.477993858752,65,0.0,16.213405830762646,7.577633832602728,15.950359282814256
,8740000.0,8740.0,8,2.0,,800.0,1000.0,,,Unfurnished,,,Villa,Resale,,2026-08-24,Mumbai,Kamgaar Nagar,,,Kamgaar Nagar Kurla,,,,,,,Bachelors/Family,2026-08-24 06:59:36+00:00,8BHK Villa for Resale in Kamgaar Nagar Kurla,19.06248,72.88767,,False,True,10925.0,0,0.0,15.983420747631719,6.684611727667927,15.983420747631719
,20000000.0,44444.0,10,10.0,,,450.0,0.0,21.0,Furnished,,,Apartment,Resale,Ready to Move,2026-07-15,Mumbai,,,,,,,,,,,Bachelors/Family,2026-07-14 21:31:39+00:00,> 10BHK Multistorey Apartment for Resale in ,,,,False,False,,41,2.0,16.811242831518264,,
5 to 10 years,24000000.0,9057.0,6,5.0,1,1900.0,2650.0,,,Furnished,North,"Garden/Park, Pool, Main Road",Villa,Resale,Ready to Move,2026-06-10,Mumbai,Royal Palms Estate,,Near By Piccadilly 2,Royal Palms Estate,"Bar/Lounge,Air Conditioned,Internet/Wi-Fi Connectivity,RO Water System,Visitor Parking,Intercom Facility,Conference Room",Water Availability 24 Hours Available,No/Rare Powercut,Vitrified,,Freehold,Bachelors/Family,2026-06-10 04:24:48+00:00,6BHK Villa for Resale in Royal Palms Estate,19.15117,72.89089,7.5,False,False,12631.578947368422,76,2.0,16.99356438831222,7.549609165154532,16.99356438831222
,29500000.0,12292.0,7,7.0,,,2400.0,,,Furnished,East,Garden/Park,Villa,Resale,Ready to Move,2026-06-19,Mumbai,,,Care hospital,,,,,,,Leasehold,Bachelors/Family,2026-06-18 21:30:41+00:00,7BHK Villa for Resale in ,,,,False,False,,67,2.0,17.19990082131005,,
10 to 15 years,30000000.0,11021.0,7,7.0,,2722.0,2722.0,,,Semi-Furnished,,,Residential House,Resale,Ready to Move,2026-07-01,Mumbai,Malad,,"jain compound, abbasiya compound",Malad,,,,,,,Bachelors/Family,2026-06-30 17:24:23+00:00,7BHK Residential House for Resale in Malad,19.1875489923914,72.8420101911782,12.5,False,False,11021.307861866275,55,1.0,17.216707939626428,7.909122183211411,17.216707939626428
Less than 5 years,32500000.0,15625.0,8,4.0,,,2080.0,,,Furnished,North - East,"Garden/Park, Main Road",Villa,Resale,Ready to Move,2026-07-15,Mumbai,Manori,,Manori jetty,Manori,"Farm-House,Wrap Around Balcony,Air Conditioned,Internet/Wi-Fi Connectivity,Conference Room,Downtown",,,Ceramic Tiles,,Freehold,Bachelors/Family,2026-07-15 01:00:04+00:00,8BHK Villa for Resale in Manori,19.2118517559221,72.7915789878557,3.0,False,False,,41,2.0,17.296750647299966,,17.296750647299966
Above 20 years,30000000.0,8571.0,10,3.0,,,3500.0,,,Semi-Furnished,East,,Residential House,Resale,Ready to Move,2026-04-21,Mumbai,Hanuman Tekdi,,,Hanuman Tekdi Kanjurmarg West,,Water Availability 24 Hours Available,No/Rare Powercut,Normal Tiles/Kotah Stone,,Freehold,Bachelors/Family,2026-04-20 21:32:58+00:00,10BHK Residential House for Resale in Hanuman Tekdi Kanjurmarg West,19.1412489722037,72.9202365044297,25.0,False,False,,126,1.0,17.216707939626428,,17.216707939626428
10 to 15 years,39500000.0,17174.0,6,5.0,,1656.0,2300.0,5.0,15.0,Semi-Furnished,,,Apartment,Resale,Ready to Move,2026-08-20,Mumbai,Lal Bahadur Shastri Road,Marathon Galaxy,,Lal Bahadur Shastri Road,"Jogging and Strolling Track,Visitor Parking,Conference Room",,,,,,Bachelors/Family,2026-08-20 13:05:12+00:00,6BHK Multistorey Apartment for Resale in Marathon Galaxy at Lal Bahadur Shastri Road,19.1020434,72.919613,12.5,False,False,23852.65700483092,4,1.0,17.49181122987135,7.412160334945205,17.33679497248817
,46800000.0,,6,6.0,,2000.0,,,,Unfurnished,,,Apartment,New Property,Dec '30,2026-07-13,Mumbai,Mulund West,Serenity at Hillfront,,Mulund West,,Water Availability 24 Hours Available,No/Rare Powercut,,"NA|null,P51800055779|-1",,Bachelors/Family,2026-08-21 17:37:06+00:00,6BHK Multistorey Apartment for New Property in Serenity at Hillfront at Mulund West,19.1749536837097,72.943103519999,,False,False,23400.0,3,0.0,17.661393760887876,7.600902459542082,17.223121841269137
,40000000.0,11429.0,7,7.0,1,2700.0,3500.0,,,Semi-Furnished,,Garden/Park,Villa,Resale,Ready to Move,2026-05-28,Mumbai,Gorai,,gorai beach,Gorai,"Air Conditioned,Internet/Wi-Fi Connectivity",,,,,Freehold,Bachelors/Family,2026-05-27 17:48:13+00:00,7BHK Villa for Resale in Gorai,19.2356275528192,72.7987635557736,,False,False,14814.814814814816,89,1.0,17.50439001207821,7.90100705199242,17.50439001207821
,40000000.0,14286.0,7,5.0,,,2800.0,,,Semi-Furnished,,,Villa,Resale,Ready to Move,2026-06-15,Mumbai,Palghar Naigaon West,,,Palghar Naigaon West,,,,,,,Bachelors/Family,2026-06-15 06:36:59+00:00,7BHK Villa for Resale in Palghar Naigaon West,19.3476588,72.8302734,,False,False,,70,1.0,17.50439001207821,,17.50439001207821
,47500000.0,25648.0,6,6.0,,1850.0,1852.0,17.0,20.0,Unfurnished,East,"Garden/Park, Main Road",Apartment,New Property,Under Construction,2026-07-26,Mumbai,Powai,Dhanani Shree Krishna,Powai.,Powai,"Air Conditioned,Jogging and Strolling Track,Laundry Service,Service/Goods Lift,Intercom Facility",Water Availability 24 Hours Available,No/Rare Powercut,Vitrified,"NA|null,P51800045520|-1",Freehold,Bachelors/Family,2026-07-26 08:18:59+00:00,6BHK Multistorey Apartment for New Property in Dhanani Shree Krishna at Powai,19.1196773,72.9050809,,False,False,25675.675675675677,29,0.0,17.676240269004868,7.52294091807237,17.080894141792264
,50000000.0,16667.0,6,6.0,,,3000.0,,,Unfurnished,,,Residential House,Resale,Ready to Move,2026-06-13,Mumbai,Kurla East,,,Kurla East,,,,,,,Bachelors/Family,2026-06-12 17:32:45+00:00,6BHK Residential House for Resale in Kurla East,19.0615645059118,72.880543263673,,False,False,,73,0.0,17.72753356339242,,16.48584946437232
New Construction,50000000.0,0.0,10,10.0,> 10,5000.0,10000.0,,,Furnished,,,Villa,Resale,Ready to Move,2026-05-22,Mumbai,Mumbai Central,,,Mumbai Central,,,,,,,Bachelors/Family,2026-05-21 16:53:56+00:00,> 10BHK Villa for Resale in Mumbai Central,18.9719357574575,72.8200902287046,0.0,False,False,10000.0,95,2.0,17.72753356339242,8.517193191416238,17.80457080371355
,68000000.0,59130.0,6,3.0,,1140.0,1150.0,10.0,13.0,Semi-Furnished,East,,Apartment,New Property,Ready to Move,2026-08-19,Mumbai,Bandra West,Pardis Shangrila,Agarwal nursing home.,Bandra West,"Air Conditioned,RO Water System,Intercom Facility",,,,"NA|null,P51800054003|-1",Freehold,Bachelors/Family,2026-08-18 23:39:09+00:00,6BHK Multistorey Apartment for New Property in Pardis Shangrila at Bandra West,19.055229,72.830829,,False,False,59649.12280701754,6,1.0,18.03501826314038,7.038783541388542,17.63488085620438
,75000000.0,30000.0,6,4.0,,1864.0,2500.0,45.0,52.0,Semi-Furnished,West,Main Road,Apartment,New Property,Under Construction,2026-08-14,Mumbai,Kokanipada,,,Kokanipada Malad East,"Banquet Hall,Jogging and Strolling Track,Outdoor Tennis Courts,Laundry Service,Service/Goods Lift,Visitor Parking,Conference Room",,,Marble,,Freehold,Bachelors/Family,2026-08-12 15:01:14+00:00,6BHK Multistorey Apartment for New Property in Kokanipada Malad East,19.1841833175448,72.8615483403468,,False,False,40236.05150214592,12,1.0,18.132998671500584,7.530479995245536,18.132998671500584
Above 20 years,70000000.0,24306.0,6,6.0,,2500.0,2880.0,21.0,28.0,Semi-Furnished,North,"Garden/Park, Main Road",Penthouse,Resale,Ready to Move,2026-06-13,Mumbai,Goregaon East,Dhavalgiri Society ,Oberoi Esquire,Goregaon East,"Skyline View,Air Conditioned,Banquet Hall,Jogging and Strolling Track,Internet/Wi-Fi Connectivity,Service/Goods Lift,Intercom Facility",Water Availability 24 Hours Available,No/Rare Powercut,Marble,,Freehold,Bachelors/Family,2026-06-05 23:48:05+00:00,6BHK Penthouse for Resale in Dhavalgiri Society  at Goregaon East,19.1562110822264,72.8758090633208,25.0,False,False,28000.0,80,1.0,18.064005800013632,7.824046010856292,17.204116971054173
New Construction,70000000.0,23333.0,7,6.0,2,3000.0,3000.0,2.0,30.0,Unfurnished,East,,Apartment,New Property,Ready to Move,2026-08-23,Mumbai,Mulund West,Piramal Revanta,"near Nirmal Lifestyle Mall, Moti Nagar Mulund West",Mulund West,"Smart Home,Fireplace,Fingerprint Access,Internet/Wi-Fi Connectivity,Service/Goods Lift,Visitor Parking,Intercom Facility",Water Availability 24 Hours Available,No/Rare Powercut,Vitrified,"NA|null,P51800005983|03/2022,P51800014021|09/2022,P51800018099|11/2030,P51800031310|-1,P51800054164|11/2028",Freehold,Bachelors/Family,2026-08-22 23:45:15+00:00,7BHK Multistorey Apartment for New Property in Piramal Revanta at Mulund West,19.1749536837097,72.943103519999,0.0,False,False,23333.333333333332,2,0.0,18.064005800013632,8.006367567650246,17.223121841269137
,75000000.0,25898.0,6,8.0,2,2676.0,2896.0,35.0,56.0,Unfurnished,North - East,"Garden/Park, Pool, Main Road",Apartment,New Property,Under Construction,2026-08-23,Mumbai,Magathane,CCI Rivali Park Skyleap,"Very conveniently located near the magathane metro station  w,e,h.",Magathane,"Water Front,Skydeck,Island Kitchen Layout,Concierge Services,Theme based Architectures,Bar/Lounge,Fingerprint Access,Health club with Steam / Jaccuzi,House help accommodation,Air Conditioned,Banquet Hall,Jogging and Strolling Track,Outdoor Tennis Courts,Internet/Wi-Fi Connectivity,Service/Goods Lift,Visitor Parking,Intercom Facility,Conference Room,Downtown",Water Availability 24 Hours Available,No/Rare Powercut,Marble,"NA|null,PR1183032501382|-1",Freehold,Bachelors/Family,2026-08-22 23:45:21+00:00,6BHK Multistorey Apartment for New Property in CCI Rivali Park Skyleap at Magathane,19.2202171337817,72.8666836709212,,False,False,28026.905829596413,2,0.0,18.132998671500584,7.892078421248119,18.132998671500584
Less than 5 years,60000000.0,23529.0,6,6.0,2,2100.0,2550.0,38.0,48.0,Unfurnished,East,"Garden/Park, Pool",Apartment,Resale,Ready to Move,2026-08-24,Mumbai,Sambhaji Nagar Mulund West,Runwal Sanctuary,off lbs marg,Sambhaji Nagar Mulund West,"Bar/Lounge,Banquet Hall,RO Water System,Visitor Parking,Intercom Facility,Conference Room",Water Availability 24 Hours Available,No/Rare Powercut,Vitrified,"NA|null,P51800012621|-1,P51800025926|12/2025,P51800029440|-1,P51800032538|03/2027",Co-operative Society,Bachelors/Family,2026-08-24 08:29:56+00:00,6BHK Multistorey Apartment for Resale in Runwal Sanctuary at Sambhaji Nagar Mulund West,19.1744756,72.94013903,3.0,False,False,28571.428571428572,0,0.0,17.909855120186375,7.649692623711514,17.909855120186375
New Construction,67500000.0,30682.0,6,6.0,,1832.0,2200.0,7.0,36.0,Unfurnished,North,"Garden/Park, Pool",Apartment,Resale,Ready to Move,2026-08-24,Mumbai,Thakur Village,Wadhwa TW Gardens,Opposite thakur public school and connected to smart bazaar.,"Thakur Village, Kandivali East","Water Front,Smart Home,Island Kitchen Layout,Concierge Services,Fingerprint Access,Jogging and Strolling Track,Outdoor Tennis Courts,Laundry Service,Internet/Wi-Fi Connectivity,Service/Goods Lift,Visitor Parking,Intercom Facility,Conference Room,Downtown",Water Availability 24 Hours Available,No/Rare Powercut,Marble,"NA|null,P51800024368|-1",Freehold,Bachelors/Family,2026-08-23 23:45:17+00:00,"6BHK Multistorey Apartment for Resale in Wadhwa TW Gardens at Thakur Village, Kandivali East",19.2102986684535,72.873037905053,0.0,False,False,36844.97816593887,1,0.0,18.02763815584276,7.513163545234075,18.10629828313703
5 to 10 years,53000000.0,17667.0,6,5.0,9,1900.0,3000.0,,,Furnished,East,,Apartment,Resale,Ready to Move,2026-08-22,Mumbai,Kurla West,Kohinoor City,It is opp to American school of Bombay  next to Kohinoor Hotel  Club,Kurla West,"Smart Home,Island Kitchen Layout,Wrap Around Balcony,Health club with Steam / Jaccuzi,House help accommodation,Air Conditioned,Jogging and Strolling Track,Outdoor Tennis Courts,Private Garage,Internet/Wi-Fi Connectivity,RO Water System,Visitor Parking,Intercom Facility",Water Availability 24 Hours Available,No/Rare Powercut,"Marble,Vitrified","NA|null,P51800003258|-1,P52000028271|-1",Co-operative Society,Bachelors/Family,2026-08-21 23:45:15+00:00,6BHK Multistorey Apartment for Resale in Kohinoor City at Kurla West,19.077063,72.8840395,7.5,False,False,27894.736842105263,3,2.0,17.785802471516394,7.549609165154532,17.26072092557152
New Construction,63000000.0,16990.0,6,6.0,1,2060.0,3708.0,45.0,47.0,Unfurnished,North - East,"Pool, Garden/Park",Apartment,New Property,Ready to Move,2026-08-23,Mumbai,Mulund West,Runwal Sanctuary,This property is located in heart of thecity.,Mulund West,"Island Kitchen Layout,Private pool ,Health club with Steam / Jaccuzi,Air Conditioned,Banquet Hall,Jogging and Strolling Track,Outdoor Tennis Courts,Private Garage,Laundry Service,Internet/Wi-Fi Connectivity,Service/Goods Lift,Visitor Parking,Conference Room",Water Availability 24 Hours Available,No/Rare Powercut,Vitrified,"NA|null,P51800012621|-1,P51800025926|12/2025,P51800029440|-1,P51800032538|03/2027",Freehold,Bachelors/Family,2026-08-22 23:45:21+00:00,6BHK Multistorey Apartment for New Property in Runwal Sanctuary at Mulund West,19.1749536837097,72.943103519999,0.0,False,False,30582.52427184466,2,0.0,17.958645284355807,7.630461261783627,17.223121841269137
New Construction,58000000.0,21284.0,6,5.0,,2252.0,2725.0,0.0,30.0,Unfurnished,West,"Garden/Park, Main Road",Penthouse,New Property,Ready to Move,2026-08-24,Mumbai,Mulund West,Piramal Revanta,"Property is close to GMLR Tunnel, Metro Station  has Dmart nearby.",Mulund West,"Skyline View,Smart Home,Skydeck,Private jaccuzi,Wrap Around Balcony,Concierge Services,Fireplace,Theme based Architectures,Private pool ,Full Glass Wall,Bar/Lounge,Fingerprint Access,Health club with Steam / Jaccuzi,House help accommodation,Air Conditioned,Banquet Hall,Jogging and Strolling Track,Outdoor Tennis Courts,Private Garage,Laundry Service,Internet/Wi-Fi Connectivity,RO Water System,Service/Goods Lift,Visitor Parking,Intercom Facility,Conference Room,Downtown",Water Availability 24 Hours Available,No/Rare Powercut,"Marbonite,Vitrified,Wooden","NA|null,P51800005983|03/2022,P51800014021|09/2022,P51800018099|11/2030,P51800031310|-1,P51800054164|11/2028",Freehold,Bachelors/Family,2026-08-23 23:45:15+00:00,6BHK Penthouse for New Property in Piramal Revanta at Mulund West,19.1749536837097,72.943103519999,0.0,False,False,25754.884547069272,1,0.0,17.875953568510692,7.719573989259581,17.223121841269137
New Construction,75000000.0,17857.0,6,5.0,2,2700.0,4200.0,7.0,44.0,Unfurnished,,"Main Road, Garden/Park, Pool",Apartment,Resale,Ready to Move,2026-08-18,Mumbai,Goregaon West,Radius Imperial Heights,,Goregaon West,"Banquet Hall,Jogging and Strolling Track,Outdoor Tennis Courts,Service/Goods Lift,Visitor Parking",,,Marble,,,Bachelors/Family,2026-08-18 10:52:30+00:00,6BHK Multistorey Apartment for Resale in Radius Imperial Heights at Goregaon West,19.1630920855215,72.8398088005091,0.0,False,False,27777.777777777777,6,0.0,18.132998671500584,7.90100705199242,17.72656282560243
5 to 10 years,62500000.0,25510.0,6,6.0,,1764.0,2450.0,14.0,15.0,Furnished,,,Apartment,Resale,Ready to Move,2026-08-21,Mumbai,Malad West,Blue Orbit,,Malad West,"Internet/Wi-Fi Connectivity,Service/Goods Lift,Visitor Parking,Intercom Facility,,",,,,,,Bachelors/Family,2026-08-20 15:36:30+00:00,6BHK Multistorey Apartment for Resale in Blue Orbit at Malad West,19.1940346300819,72.8257561606587,7.5,False,False,35430.839002267574,4,2.0,17.95067711470663,7.475339236566737,16.726961842869137
New Construction,72000000.0,19846.0,6,6.0,6,2268.0,3628.0,,,Unfurnished,East,"Garden/Park, Pool, Main Road",Apartment,New Property,Ready to Move,2026-08-04,Mumbai,Goregaon West,Ekta Tripolis,"23, Siddharth Nagar, Goregaon West",Goregaon West,"Smart Home,Bar/Lounge,Air Conditioned,Banquet Hall,Jogging and Strolling Track,Laundry Service,Internet/Wi-Fi Connectivity,RO Water System,Service/Goods Lift,Visitor Parking,Intercom Facility,Conference Room",Water Availability 24 Hours Available,No/Rare Powercut,"Granite,Marble","NA|null,P51800000731|-1,P51800000947|-1",Co-operative Society,Bachelors/Family,2026-08-04 08:37:23+00:00,6BHK Multistorey Apartment for New Property in Ekta Tripolis at Goregaon West,19.1630920855215,72.8398088005091,0.0,False,False,31746.031746031746,20,0.0,18.09217667698033,7.7266536648476425,17.72656282560243
,72856000.0,25564.0,6,6.0,2,2150.0,2850.0,44.0,45.0,Unfurnished,West,"Garden/Park, Pool, Main Road",Apartment,Resale,Under Construction,2026-08-04,Mumbai,Chincholi Bunder,Chandak Treesourus,"Chincholi Bunder Rd, Malad, Chincholi Bunder, Malad West, Mumbai, Maharashtra 400064",Chincholi Bunder,"Bar/Lounge,Banquet Hall",Water Availability 24 Hours Available,No/Rare Powercut,Vitrified,"NA|null,P51800048658|12/2028",Freehold,Bachelors/Family,2026-08-04 12:30:30+00:00,6BHK Multistorey Apartment for Resale in Chandak Treesourus at Chincholi Bunder,19.17957831,72.83839457,,False,False,33886.51162790698,20,0.0,18.103995448229792,7.673223121121708,17.76806738958327
,61000000.0,,7,7.0,2,2161.0,,45.0,46.0,Unfurnished,East,"Pool, Main Road",Apartment,New Property,Under Construction,2026-07-15,Mumbai,Goregaon West,Gundecha Rexon Suites Phase 1,Mtnl goregaon west.,Goregaon West,"Laundry Service,RO Water System,Service/Goods Lift",,,,"NA|null,P51800034503|-1",Co-operative Society,Bachelors/Family,2026-07-15 04:17:45+00:00,7BHK Multistorey Apartment for New Property in Gundecha Rexon Suites Phase 1 at Goregaon West,19.1630920855215,72.8398088005091,,False,False,28227.672373900972,41,0.0,17.926384422137584,7.6783263565068856,17.72656282560243
10 to 15 years,72000000.0,28800.0,6,6.0,5,1700.0,2500.0,18.0,21.0,Semi-Furnished,East,Garden/Park,Apartment,Resale,Ready to Move,2026-06-24,Mumbai,Powai,Lake Primrose,,Powai,"Air Conditioned,Outdoor Tennis Courts,Internet/Wi-Fi Connectivity,RO Water System,Service/Goods Lift,Intercom Facility",,,,,Freehold,Bachelors/Family,2026-06-24 06:30:37+00:00,6BHK Multistorey Apartment for Resale in Lake Primrose at Powai,19.1196773,72.9050809,12.5,False,False,42352.94117647059,61,1.0,18.09217667698033,7.438383530044307,17.080894141792264
Above 20 years,57500000.0,14024.0,6,5.0,3,,4100.0,,,Unfurnished,North - East,"Garden/Park, Main Road",Villa,Resale,Ready to Move,2026-08-06,Mumbai,Bandra,,hotel,Bandra,"Bar/Lounge,Air Conditioned,Banquet Hall,Jogging and Strolling Track,Outdoor Tennis Courts,Laundry Service,Internet/Wi-Fi Connectivity,RO Water System,Visitor Parking,Intercom Facility,Conference Room",,,,,Co-operative Society,Bachelors/Family,2026-08-06 15:53:40+00:00,6BHK Villa for Resale in Bandra,19.0578780355007,72.8393951689804,25.0,False,False,,18,0.0,17.86729550576758,,17.86729550576758
New Construction,60000000.0,28571.0,6,6.0,2,1900.0,2100.0,14.0,21.0,Unfurnished,East,"Garden/Park, Main Road",Apartment,Resale,Ready to Move,2026-07-21,Mumbai,Daulat Nagar,,daulat nagar borivali east,Daulat Nagar Borivali East,"Water Front,Skyline View,Smart Home,Private jaccuzi,Island Kitchen Layout,Wrap Around Balcony,Concierge Services,Fireplace,Theme based Architectures,Wine Cellar,Private pool ,Full Glass Wall,Sky Villa,Bar/Lounge,Fingerprint Access,Health club with Steam / Jaccuzi,House help accommodation,Banquet Hall,Jogging and Strolling Track,Outdoor Tennis Courts,Private Garage,Laundry Service,Internet/Wi-Fi Connectivity,RO Water System,Service/Goods Lift,Intercom Facility,Downtown",Water Availability 24 Hours Available,No/Rare Powercut,"Granite,Vitrified",,Freehold,Bachelors/Family,2026-07-21 10:46:50+00:00,6BHK Multistorey Apartment for Resale in Daulat Nagar Borivali East,19.2360286434901,72.8605763336864,0.0,False,False,31578.947368421053,34,0.0,17.909855120186375,7.549609165154532,17.909855120186375
Less than 5 years,60000000.0,17773.0,7,5.0,2,2110.0,3376.0,1.0,30.0,Unfurnished,East,,Apartment,Resale,Ready to Move,2026-08-22,Mumbai,Mulund West,Piramal Revanta,"near Nirmal Lifestyle Mall, Moti Nagar, Mulund West",Mulund West,"Smart Home,Fireplace,Fingerprint Access,Internet/Wi-Fi Connectivity,Visitor Parking,Intercom Facility",Water Availability 24 Hours Available,No/Rare Powercut,Vitrified,"NA|null,P51800005983|03/2022,P51800014021|09/2022,P51800018099|11/2030,P51800031310|-1,P51800054164|11/2028",Freehold,Bachelors/Family,2026-08-21 23:45:15+00:00,7BHK Multistorey Apartment for Resale in Piramal Revanta at Mulund West,19.1749536837097,72.943103519999,3.0,False,False,28436.018957345972,3,0.0,17.909855120186375,7.6544432264701125,17.223121841269137
,75000000.0,33408.0,6,6.0,2,2019.0,2245.0,32.0,39.0,Unfurnished,East,"Garden/Park, Pool, Main Road",Apartment,New Property,Under Construction,2026-08-18,Mumbai,Magathane,Rivali Park,"Located very close to the weh , metro station and oberoi sky city mall.",Magathane,"Theme based Architectures,Health club with Steam / Jaccuzi,Banquet Hall,Jogging and Strolling Track,Outdoor Tennis Courts,Internet/Wi-Fi Connectivity,Service/Goods Lift,Visitor Parking,Intercom Facility",Water Availability 24 Hours Available,No/Rare Powercut,"Marbonite,Vitrified","NA|null,P51800002287|12/2018,P51800003067|12/2019",Freehold,Bachelors/Family,2026-08-18 14:02:20+00:00,6BHK Multistorey Apartment for New Property in Rivali Park at Magathane,19.2202171337817,72.8666836709212,,False,False,37147.10252600297,6,0.0,18.132998671500584,7.610357618312838,18.132998671500584
,52900000.0,15763.0,6,6.0,2,2098.0,3356.0,40.0,47.0,Unfurnished,North - East,"Garden/Park, Pool",Apartment,New Property,Under Construction,2026-08-23,Mumbai,Bhandup West,Lodha Corinthia,This property is located in heart of the city.,Bhandup West,"Smart Home,Island Kitchen Layout,Private pool ,Banquet Hall,Private Garage,Laundry Service,Service/Goods Lift,Intercom Facility",Water Availability 24 Hours Available,No/Rare Powercut,Vitrified,"NA|null,PR1180002400022|06/2030,PR1180002400043|-1,PR1180002400044|06/2030",Freehold,Bachelors/Family,2026-08-22 23:45:16+00:00,6BHK Multistorey Apartment for New Property in Lodha Corinthia at Bhandup West,19.149901,72.931134,,False,False,25214.48999046711,2,0.0,17.783913896828526,7.6487397889562425,16.367255675821816
,70456789.0,24722.0,6,6.0,2,2150.0,2850.0,42.0,45.0,Unfurnished,West,"Garden/Park, Pool, Main Road",Apartment,Resale,Under Construction,2026-08-04,Mumbai,Chincholi Bunder,Chandak Treesourus,"Chincholi Bunder Rd, Malad, Chincholi Bunder, Malad West, Mumbai, Maharashtra 400064",Chincholi Bunder,"Bar/Lounge,Banquet Hall",Water Availability 24 Hours Available,No/Rare Powercut,Vitrified,"NA|null,P51800048658|12/2028",Freehold,Bachelors/Family,2026-08-04 12:25:14+00:00,6BHK Multistorey Apartment for Resale in Chandak Treesourus at Chincholi Bunder,19.17957831,72.83839457,,False,False,32770.599534883724,20,0.0,18.070510157883213,7.673223121121708,17.76806738958327
,65700000.0,18771.0,6,8.0,2,2676.0,3500.0,20.0,48.0,Unfurnished,East,Garden/Park,Apartment,New Property,Under Construction,2026-08-11,Mumbai,Borivali East,Rivali Park Moonrise,close to western express highway,Borivali East,"Health club with Steam / Jaccuzi,Golf Course,Air Conditioned,Banquet Hall,Jogging and Strolling Track,Private Garage,Laundry Service,Service/Goods Lift,Visitor Parking,Intercom Facility,Conference Room",Water Availability 24 Hours Available,No/Rare Powercut,Marble,"NA|null,P51800055489|-1",Freehold,Bachelors/Family,2026-08-11 10:32:12+00:00,6BHK Multistorey Apartment for New Property in Rivali Park Moonrise at Borivali East,19.2272619069866,72.8634397272398,,False,False,24551.569506726457,13,0.0,18.000609483454838,7.892078421248119,17.562034381620705
,70000000.0,15625.0,6,6.0,2,2800.0,4480.0,38.0,48.0,Unfurnished,North - East,"Garden/Park, Pool",Apartment,New Property,Under Construction,2026-08-23,Mumbai,Mulund West,Piramal Revanta,This property is close to metro station.,Mulund West,"Hilltop,Smart Home,Wrap Around Balcony,Theme based Architectures,Private pool ,Health club with Steam / Jaccuzi,House help accommodation,Air Conditioned,Banquet Hall,Jogging and Strolling Track,Outdoor Tennis Courts,Private Garage,Laundry Service,Internet/Wi-Fi Connectivity,Service/Goods Lift,Visitor Parking,Intercom Facility,Conference Room",,,Vitrified,"NA|null,P51800005983|03/2022,P51800014021|09/2022,P51800018099|11/2030,P51800031310|-1,P51800054164|11/2028",Freehold,Bachelors/Family,2026-08-22 23:45:21+00:00,6BHK Multistorey Apartment for New Property in Piramal Revanta at Mulund West,19.1749536837097,72.943103519999,,False,False,25000.0,2,0.0,18.064005800013632,7.937374696163295,17.223121841269137
,63200000.0,28924.0,6,6.0,2,1966.0,2185.0,36.0,38.0,Unfurnished,North - East,"Garden/Park, Pool, Main Road",Apartment,New Property,Under Construction,2026-08-11,Mumbai,Samata Nagar Thakur Village,SD Aquila at Sarova,"Very close to weh , metro station , shopping  entertainment hubs.",Samata Nagar Thakur Village,"Skyline View,Theme based Architectures,Health club with Steam / Jaccuzi,Jogging and Strolling Track,Outdoor Tennis Courts,Internet/Wi-Fi Connectivity,RO Water System,Service/Goods Lift,Visitor Parking,Intercom Facility",Water Availability 24 Hours Available,No/Rare Powercut,"Vitrified,Wooden,Marbonite","NA|null,P51800032647|-1",Freehold,Bachelors/Family,2026-08-11 10:32:14+00:00,6BHK Multistorey Apartment for New Property in SD Aquila at Sarova at Samata Nagar Thakur Village,19.207195773949,72.8695262532163,,False,False,32146.490335707018,13,0.0,17.961814859117087,7.583756300707112,17.840404390660595
,70000000.0,30435.0,6,6.0,,,2300.0,18.0,22.0,Unfurnished,,,Apartment,Resale,Ready to Move,2026-06-02,Mumbai,Mulund West,,,Mulund West,,,,,,,Bachelors/Family,2026-06-01 21:30:44+00:00,6BHK Multistorey Apartment for Resale in Mulund West,19.1749536837097,72.943103519999,,False,False,,84,0.0,18.064005800013632,,17.223121841269137
Above 20 years,80000000.0,18182.0,8,5.0,4,3700.0,4400.0,,,Semi-Furnished,East,"Garden/Park, Main Road",Villa,Resale,Ready to Move,2026-08-17,Mumbai,Palghar Naigaon East,,Naigaon Railway Station,Palghar Naigaon East,,Water Availability 24 Hours Available,No/Rare Powercut,"Vitrified,Ceramic Tiles,Marble",,Freehold,Bachelors/Family,2026-08-16 21:32:02+00:00,8BHK Villa for Resale in Palghar Naigaon East,19.3489277756968,72.8750219955356,25.0,False,False,21621.62162162162,8,1.0,18.197537192638155,8.216088098632316,15.34271151654134
Above 20 years,81000000.0,20250.0,6,5.0,,2900.0,4000.0,,,Furnished,West,"Garden/Park, Main Road",Villa,Resale,Ready to Move,2026-08-17,Mumbai,Model Town Govardhan Nagar,,Apex Hospital Mulund,Model Town Govardhan Nagar,"Air Conditioned,RO Water System,Visitor Parking,Intercom Facility",Water Availability 24 Hours Available,No/Rare Powercut,"Vitrified,Marble,Granite",,Freehold,Bachelors/Family,2026-08-16 23:43:49+00:00,6BHK Villa for Resale in Model Town Govardhan Nagar,19.18423301,72.94417553,25.0,False,False,27931.03448275862,8,2.0,18.209959712636714,7.9724660159745655,18.209959712636714
,100000000.0,,6,6.0,,2261.0,,,,Unfurnished,,,Apartment,New Property,Mar '27,2026-07-25,Mumbai,Borivali West,Shreeji Sharan Daivi Eterneety,,Borivali West,,Water Availability 24 Hours Available,No/Rare Powercut,,"NA|null,P51800029609|-1",,Bachelors/Family,2026-08-18 17:37:11+00:00,6BHK Multistorey Apartment for New Property in Shreeji Sharan Daivi Eterneety at Borivali West,19.2335321,72.839198,,False,False,44228.217602830606,6,0.0,18.420680743952367,7.72356247227797,17.24410940087686
15 to 20 years,100000000.0,38462.0,6,4.0,,,2600.0,10.0,35.0,Semi-Furnished,East,"Pool, Garden/Park, Main Road",Apartment,Resale,Ready to Move,2026-08-23,Mumbai,Goregaon East,Oberoi Woods,"Nearby landmarks include Oberoi Mall, Oberoi International School, Commerz business park, and The Westin Mumbai Garden City. The project enjoys strong connectivity to Western Express Highway, JVLR, Metro connectivity, and major commercial hubs like NESCO and Nirlon.",Goregaon East,"Bar/Lounge,Air Conditioned,Banquet Hall,Jogging and Strolling Track,Outdoor Tennis Courts,Laundry Service,Internet/Wi-Fi Connectivity,RO Water System,Service/Goods Lift,Intercom Facility,Conference Room",,,,,Freehold,Bachelors/Family,2026-08-22 23:45:20+00:00,6BHK Multistorey Apartment for Resale in Oberoi Woods at Goregaon East,19.1562110822264,72.8758090633208,17.5,False,False,,2,1.0,18.420680743952367,,17.204116971054173
Less than 5 years,80000000.0,23620.0,6,6.0,2,2168.0,3387.0,30.0,36.0,Semi-Furnished,East,"Garden/Park, Pool, Main Road",Apartment,Resale,Ready to Move,2026-08-23,Mumbai,Goregaon West,Ekta Tripolis,"Ekta Tripolis, Siddharth Nagar, Goregaon West",Goregaon West,Jogging and Strolling Track,Water Availability 24 Hours Available,No/Rare Powercut,Vitrified,"NA|null,P51800000731|-1,P51800000947|-1",Freehold,Bachelors/Family,2026-08-22 23:45:21+00:00,6BHK Multistorey Apartment for Resale in Ekta Tripolis at Goregaon West,19.1630920855215,72.8398088005091,3.0,False,False,36900.36900369004,2,1.0,18.197537192638155,7.681560362559537,17.72656282560243
New Construction,96100000.0,24641.0,6,6.0,2,2211.0,3900.0,27.0,39.0,Unfurnished,East,"Garden/Park, Pool, Main Road",Apartment,New Property,Ready to Move,2026-08-23,Mumbai,Kandivali East,Kalpataru Vienta,"Ashok Nagar, next to Western Express Highway",Kandivali East,"Air Conditioned,Banquet Hall,Jogging and Strolling Track,Outdoor Tennis Courts,Laundry Service,Internet/Wi-Fi Connectivity,RO Water System,Service/Goods Lift,Visitor Parking,Intercom Facility,Conference Room",Water Availability 24 Hours Available,No/Rare Powercut,Vitrified,"NA|null,P51800023768|-1,P51800027059|12/2026",Freehold,Bachelors/Family,2026-08-22 23:45:15+00:00,6BHK Multistorey Apartment for New Property in Kalpataru Vienta at Kandivali East,19.2050017,72.8692711,0.0,False,False,43464.495703301676,2,0.0,18.38089987394052,7.701200180857446,17.422295377931313
,80200000.0,33911.0,6,6.0,2,2150.0,2365.0,34.0,38.0,Unfurnished,North - East,"Garden/Park, Pool, Main Road",Apartment,New Property,Under Construction,2026-08-23,Mumbai,Samata Nagar Thakur Village,SD Aquila at Sarova,"Very close to weh , metro station , shopping  entertainment hubs.",Samata Nagar Thakur Village,"Skyline View,Theme based Architectures,Health club with Steam / Jaccuzi,Jogging and Strolling Track,Outdoor Tennis Courts,Internet/Wi-Fi Connectivity,RO Water System,Service/Goods Lift,Visitor Parking,Intercom Facility,Downtown",Water Availability 24 Hours Available,No/Rare Powercut,"Vitrified,Wooden,Marbonite","NA|null,P51800032647|-1",Freehold,Bachelors/Family,2026-08-22 23:45:21+00:00,6BHK Multistorey Apartment for New Property in SD Aquila at Sarova at Samata Nagar Thakur Village,19.207195773949,72.8695262532163,,False,False,37302.32558139535,2,0.0,18.200034072836743,7.673223121121708,17.840404390660595
,86000000.0,23889.0,6,6.0,2,2250.0,3600.0,10.0,12.0,Unfurnished,South -West,Main Road,Apartment,New Property,Ready to Move,2026-08-24,Mumbai,,,Prime location at  dn nagar.,DN Nagar,"Air Conditioned,Service/Goods Lift,Visitor Parking,Intercom Facility",Water Availability 24 Hours Available,No/Rare Powercut,"Granite,Marble,Marbonite",,Freehold,Bachelors/Family,2026-08-23 23:45:17+00:00,6BHK Multistorey Apartment for New Property in DN Nagar,19.12296883,72.83012082,,False,False,38222.22222222222,1,0.0,18.269857854217783,7.718685495198466,
,81868000.0,,7,5.0,1,2294.0,,,,Unfurnished,,,Apartment,New Property,Jul '29,2026-08-11,Mumbai,Andheri West,Bharat Auravistas,,Andheri West,,,,,"NA|null,P51800077277|-1",,Bachelors/Family,2026-08-23 17:37:15+00:00,7BHK Multistorey Apartment for New Property in Bharat Auravistas at Andheri West,19.1373697481266,72.8257229439874,,False,False,35687.881429816916,1,0.0,18.220618752081478,7.738052297689316,17.52659843548851
,97600000.0,31484.0,6,6.0,2,2712.0,3100.0,0.0,12.0,Semi-Furnished,East,"Garden/Park, Pool, Main Road",Apartment,New Property,Under Construction,2026-08-23,Mumbai,Ghatkopar East,Rajshree Aranya,Ghatkopar east.,Ghatkopar East,"Water Front,Fireplace,Air Conditioned,Banquet Hall,Jogging and Strolling Track,Service/Goods Lift,Visitor Parking,Intercom Facility,Conference Room",Water Availability 24 Hours Available,No/Rare Powercut,Marble,"NA|null,PM1180002502261|-1",Freehold,Bachelors/Family,2026-08-22 23:45:17+00:00,6BHK Multistorey Apartment for New Property in Rajshree Aranya at Ghatkopar East,19.07907,72.907976,,False,False,35988.200589970504,2,1.0,18.396388051383322,7.905441649060286,17.19392251305016
New Construction,98000000.0,21121.0,6,6.0,,2900.0,4640.0,55.0,60.0,Unfurnished,North - East,"Garden/Park, Main Road",Apartment,New Property,Ready to Move,2026-08-23,Mumbai,Mulund West,Oberoi Eternia And Enigma,this property is located in heart of the city,Mulund West,"Private jaccuzi,Theme based Architectures,Private pool ,Bar/Lounge,Health club with Steam / Jaccuzi,Air Conditioned,Banquet Hall,Jogging and Strolling Track,Outdoor Tennis Courts,Private Garage,Laundry Service,Internet/Wi-Fi Connectivity,RO Water System,Service/Goods Lift,Visitor Parking,Intercom Facility,Conference Room",Water Availability 24 Hours Available,No/Rare Powercut,Vitrified,"NA|null,P51800002656|04/2020,P51800006141|04/2020",Freehold,Bachelors/Family,2026-08-22 23:45:21+00:00,6BHK Multistorey Apartment for New Property in Oberoi Eternia And Enigma at Mulund West,19.1749536837097,72.943103519999,0.0,False,False,33793.10344827586,2,0.0,18.400478036634848,7.9724660159745655,17.223121841269137
New Construction,85000000.0,39352.0,6,6.0,2,2160.0,2160.0,21.0,21.0,Unfurnished,North,"Garden/Park, Main Road",Apartment,New Property,Ready to Move,2026-08-24,Mumbai,Borivali West,The Erica,gokhale road,Borivali West,"Air Conditioned,Jogging and Strolling Track,Laundry Service,Internet/Wi-Fi Connectivity,Service/Goods Lift,Intercom Facility",Water Availability 24 Hours Available,No/Rare Powercut,Vitrified,"NA|null,P51800056166|-1",Freehold,Bachelors/Family,2026-08-23 23:45:18+00:00,6BHK Multistorey Apartment for New Property in The Erica at Borivali West,19.2335321,72.839198,0.0,False,False,39351.851851851854,1,0.0,18.258161814454592,7.67786350067821,17.24410940087686
Less than 5 years,97276000.0,,6,3.0,1,2592.0,,,,Unfurnished,,,Apartment,New Property,Ready To Move,2026-08-12,Mumbai,Goregaon West,Kalpataru Radiance,,Goregaon West,,,,,"NA|null,P51800000482|-1,P51800000579|-1,P51800000591|-1,P51800000810|-1,P51800013245|-1",,Bachelors/Family,2026-08-22 17:36:39+00:00,6BHK Multistorey Apartment for New Property in Kalpataru Radiance at Goregaon West,19.1630920855215,72.8398088005091,3.0,False,False,37529.32098765432,2,0.0,18.393062856915694,7.860185057472165,17.72656282560243
,76000000.0,,6,6.0,1,2000.0,,9.0,14.0,Unfurnished,East,Main Road,Apartment,New Property,Under Construction,2026-08-11,Mumbai,Chembur,Diamond Garden,"The property is close to reputed school,hospital, public transport",Chembur,"Internet/Wi-Fi Connectivity,RO Water System,Visitor Parking,Intercom Facility",Water Availability 24 Hours Available,No/Rare Powercut,"Ceramic Tiles,Marble,Vitrified",,Freehold,Bachelors/Family,2026-08-11 02:06:41+00:00,6BHK Multistorey Apartment for New Property in Diamond Garden at Chembur,19.0459181155422,72.8975231581492,,False,False,38000.0,14,0.0,18.146243898250606,7.600902459542082,17.204493810368014
New Construction,80000000.0,18182.0,6,5.0,4,2800.0,4400.0,39.0,44.0,Semi-Furnished,,"Main Road, Garden/Park, Pool",Apartment,Resale,Ready to Move,2026-08-18,Mumbai,Goregaon West,Radius Imperial Heights,,Goregaon West,"Banquet Hall,Jogging and Strolling Track,Outdoor Tennis Courts,Service/Goods Lift,Visitor Parking,Conference Room",,,,,,Bachelors/Family,2026-08-18 10:35:04+00:00,6BHK Multistorey Apartment for Resale in Radius Imperial Heights at Goregaon West,19.1630920855215,72.8398088005091,0.0,False,False,28571.428571428572,6,1.0,18.197537192638155,7.937374696163295,17.72656282560243
,78135000.0,,6,6.0,1,1970.0,,,,Unfurnished,,,Apartment,New Property,Dec '26,2026-07-30,Mumbai,Parel,Om Shanti Dharti Heights,,Parel,,,,,"NA|null,P51900035208|-1",,Bachelors/Family,2026-08-22 17:36:38+00:00,6BHK Multistorey Apartment for New Property in Om Shanti Dharti Heights at Parel,18.9982694030581,72.8410429440342,,False,False,39662.43654822335,2,0.0,18.173948657829538,7.585788821732034,17.791329599241287
10 to 15 years,100000000.0,22321.0,7,5.0,5,3500.0,4480.0,,,Semi-Furnished,East,Main Road,Villa,Resale,Ready to Move,2026-08-12,Mumbai,,Eden Gardens,Dukes HorizonD MartKukreja ResidencyGodrej RKS,Chembur East,"Internet/Wi-Fi Connectivity,Visitor Parking,Intercom Facility",Water Availability 24 Hours Available,No/Rare Powercut,Vitrified,,Freehold,Bachelors/Family,2026-08-07 10:28:50+00:00,7BHK Villa for Resale in Eden Gardens at Chembur East,19.0611638862632,72.8948410560158,12.5,False,False,28571.428571428572,17,1.0,18.420680743952367,8.160518247477505,
,90000000.0,31034.0,6,5.0,1,,2900.0,20.0,40.0,Unfurnished,East,"Pool, Garden/Park",Apartment,Resale,Ready to Move,2026-07-15,Mumbai,Goregaon West,Ekta Tripolis,Prabodhan Ground,Goregaon West,"Banquet Hall,Jogging and Strolling Track",,,,"NA|null,P51800000731|-1,P51800000947|-1",Co-operative Society,Bachelors/Family,2026-07-15 04:04:33+00:00,6BHK Multistorey Apartment for Resale in Ekta Tripolis at Goregaon West,19.1630920855215,72.8398088005091,,False,False,,41,0.0,18.31532022829454,,17.72656282560243
Above 20 years,100000000.0,34483.0,6,7.0,,2200.0,2900.0,1.0,20.0,Furnished,East,"Garden/Park, Pool, Main Road",Apartment,Resale,Ready to Move,2026-07-03,Mumbai,Oshiwara,Highland Park,"Oshiwara, Near lokhandwala complex, Andheri west.",Oshiwara,"Fireplace,Jogging and Strolling Track,Laundry Service,Intercom Facility",Water Availability 24 Hours Available,No/Rare Powercut,Ceramic Tiles,,Freehold,Bachelors/Family,2026-07-03 11:00:33+00:00,6BHK Multistorey Apartment for Resale in Highland Park at Oshiwara,19.1477763241262,72.8410641675255,25.0,False,False,45454.545454545456,52,2.0,18.420680743952367,7.696212639346407,18.420680743952367
Less than 5 years,80000000.0,27397.0,6,8.0,2,2436.0,2920.0,49.0,49.0,Unfurnished,,,Apartment,Resale,Ready to Move,2026-07-02,Mumbai,Dahisar East,N Rose Northern Heights,,Dahisar East,,,,,"NA|null,P51700007900|12/2020",,Bachelors/Family,2026-07-01 17:28:47+00:00,6BHK Multistorey Apartment for Resale in N Rose Northern Heights at Dahisar East,19.2530390003417,72.8684258373265,3.0,False,False,32840.72249589491,54,0.0,18.197537192638155,7.798112628829788,16.84692436301283
10 to 15 years,85000000.0,36957.0,6,4.0,,,2300.0,24.0,30.0,Semi-Furnished,East,"Garden/Park, Pool, Main Road",Apartment,New Property,Ready to Move,2026-07-25,Mumbai,Wadala East,Dosti Ambrosia,Mumbai  South Mumbai,Wadala East,"Water Front,Private jaccuzi,Banquet Hall,Laundry Service,Service/Goods Lift,Visitor Parking",Water Availability 24 Hours Available,No/Rare Powercut,"Ceramic Tiles,Marble,Granite",,Freehold,Bachelors/Family,2026-07-25 06:44:11+00:00,6BHK Multistorey Apartment for New Property in Dosti Ambrosia at Wadala East,19.0135321429189,72.8602998056272,12.5,False,False,,30,1.0,18.258161814454592,,17.3471681187494
Less than 5 years,79000000.0,28214.0,6,6.0,,2016.0,2800.0,11.0,21.0,Semi-Furnished,,,Apartment,Resale,Ready to Move,2026-08-21,Mumbai,Thakur Village,Raheja Reflection Eternity,,"Thakur Village, Kandivali East","Jogging and Strolling Track,Internet/Wi-Fi Connectivity,Visitor Parking,Intercom Facility,",,,,,,Bachelors/Family,2026-08-20 17:42:38+00:00,"6BHK Multistorey Apartment for Resale in Raheja Reflection Eternity at Thakur Village, Kandivali East",19.2102986684535,72.873037905053,3.0,False,False,39186.50793650794,4,1.0,18.184958410431296,7.60887062919126,18.10629828313703
5 to 10 years,85000000.0,32197.0,6,6.0,,1901.0,2640.0,20.0,23.0,Unfurnished,,,Apartment,Resale,Ready to Move,2026-08-20,Mumbai,Andheri East,Sheth Vasant Oasis,,Andheri East,"Bar/Lounge,,Air Conditioned,Banquet Hall,Jogging and Strolling Track,Outdoor Tennis Courts,Mini Cinema Theatre,Laundry Service,,Internet/Wi-Fi Connectivity,RO Water System,Service/Goods Lift,Visitor Parking,Intercom Facility,Conference Room",,,,"NA|null,P51800000691|12/2021,P51800000762|12/2021,P51800000797|12/2019,P51800000798|12/2021,P51800000807|12/2019,P51800000850|12/2019,P51800000918|12/2022,P51800000921|12/2022,P51800000980|12/2022,P51800015556|12/2021",,Bachelors/Family,2026-08-20 12:24:43+00:00,6BHK Multistorey Apartment for Resale in Sheth Vasant Oasis at Andheri East,19.1154908,72.8726952,7.5,False,False,44713.30878485008,4,0.0,18.258161814454592,7.550135342488429,17.064584727117307
Above 20 years,90000000.0,40909.0,6,6.0,,,2200.0,,,Semi-Furnished,,Garden/Park,Villa,Resale,Ready to Move,2026-05-28,Mumbai,Rajawadi Colony,,Rajawadi,Rajawadi Colony,"Air Conditioned,Internet/Wi-Fi Connectivity",Water Availability 24 Hours Available,No/Rare Powercut,Marble,,Co-operative Society,Bachelors/Family,2026-05-28 09:31:22+00:00,6BHK Villa for Resale in Rajawadi Colony,19.0794824210243,72.9010479637288,25.0,False,False,,88,1.0,18.31532022829454,,18.31532022829454
,79000000.0,21944.0,6,6.0,,,3600.0,13.0,14.0,Unfurnished,,,Apartment,Resale,Ready to Move,2026-08-19,Mumbai,,Sabari Palm View,,Chembur East,,,,,,,Bachelors/Family,2026-08-19 14:19:58+00:00,6BHK Multistorey Apartment for Resale in Sabari Palm View at Chembur East,19.0611638862632,72.8948410560158,,False,False,,5,0.0,18.184958410431296,,
Above 20 years,90000000.0,18000.0,6,6.0,4,3000.0,5000.0,,,Semi-Furnished,East,"Garden/Park, Main Road",Villa,Resale,Ready to Move,2026-08-15,Mumbai,Chembur Colony,,Sindhi society Gymkhana,Chembur Colony,"Air Conditioned,Banquet Hall,Jogging and Strolling Track,Laundry Service,Internet/Wi-Fi Connectivity,RO Water System,Service/Goods Lift,Intercom Facility,Conference Room",,,,,Freehold,Bachelors/Family,2026-08-14 23:45:17+00:00,6BHK Villa for Resale in Chembur Colony,19.04444,72.89619,25.0,False,False,30000.0,10,1.0,18.31532022829454,8.006367567650246,18.31532022829454
Less than 5 years,99900000.0,26747.0,6,6.0,,2264.0,3735.0,,,Semi-Furnished,South - East,"Garden/Park, Main Road",Apartment,Resale,Ready to Move,2026-08-24,Mumbai,Borivali East,Oberoi Sky City,Oberoi Chemist,Borivali East,"Bar/Lounge,Garden View,Kids play area,Modular Kitchen,,Air Conditioned,Banquet Hall,Jogging and Strolling Track,Outdoor Tennis Courts,AC in each room ,Laundry Service,Internet/Wi-Fi Connectivity,RO Water System,Service/Goods Lift,Visitor Parking,Intercom Facility,Conference Room",Water Availability 24 Hours Available,No/Rare Powercut,Marble,"NA|null,P51800003582|12/2022,P51800018404|12/2023,P51800028419|-1,P51800047575|-1,PR1180002502390|-1",Freehold,Bachelors/Family,2026-08-23 23:45:16+00:00,6BHK Multistorey Apartment for Resale in Oberoi Sky City at Borivali East,19.2272619069866,72.8634397272398,3.0,False,False,44125.44169611308,1,1.0,18.41968024361878,7.724888439323074,17.562034381620705
10 to 15 years,130000000.0,32178.0,6,7.0,,2909.0,4040.0,9.0,14.0,Furnished,,,Apartment,Resale,Ready to Move,2026-08-21,Mumbai,Powai,,,Powai,,,,,,,Bachelors/Family,2026-08-20 14:25:48+00:00,6BHK Multistorey Apartment for Resale in Powai,19.1196773,72.9050809,12.5,False,False,44688.8965280165,4,2.0,18.683045008419857,7.975564658495202,17.080894141792264
15 to 20 years,300000000.0,28571.0,6,6.0,,7560.0,10500.0,3.0,40.0,Semi-Furnished,,,Apartment,Resale,Ready to Move,2026-08-20,Mumbai,Mahalakshmi,Belvedere Court,,Mahalakshmi,"Air Conditioned,Internet/Wi-Fi Connectivity,RO Water System,Service/Goods Lift,Visitor Parking,Intercom Facility,",,,,,,Bachelors/Family,2026-08-20 12:09:24+00:00,6BHK Multistorey Apartment for Resale in Belvedere Court at Mahalakshmi,18.9865617867147,72.8182867539311,17.5,False,False,39682.53968253968,4,1.0,19.519293032620475,8.930626469173578,18.60187312627558
10 to 15 years,107500000.0,48864.0,6,6.0,2,2070.0,2200.0,8.0,28.0,Furnished,East,"Garden/Park, Main Road",Apartment,Resale,Ready to Move,2026-08-18,Mumbai,Sayani Road,Lodha Grandeur,Prabhadevi Railway Station,Sayani Road,"House help accommodation,Air Conditioned,Service/Goods Lift,Visitor Parking,Intercom Facility,Conference Room",Water Availability 24 Hours Available,No/Rare Powercut,"Vitrified,Marble,Granite",,Freehold,Bachelors/Family,2026-08-13 23:34:17+00:00,6BHK Multistorey Apartment for Resale in Lodha Grandeur at Sayani Road,19.01284691,72.83126673,12.5,False,False,51932.36714975845,11,2.0,18.49300140553199,7.635303886259415,18.49300140553199
New Construction,180000000.0,,8,9.0,8,3000.0,,21.0,22.0,Semi-Furnished,,,Apartment,Resale,Ready to Move,2026-06-06,Mumbai,Dadar East,Samruddhi CHS,,Dadar East,Laundry Service,,,,"NA|null,P51900005827|-1",,Bachelors/Family,2026-06-05 22:30:38+00:00,8BHK Multistorey Apartment for Resale in Samruddhi CHS at Dadar East,19.0135792007831,72.8448295038214,0.0,False,False,60000.0,80,1.0,19.008467408854486,8.006367567650246,17.770550032182708
10 to 15 years,300000000.0,35294.0,7,7.0,7,7000.0,8500.0,10.0,10.0,Furnished,,,Penthouse,Resale,Ready to Move,2026-06-01,Mumbai,Khar West,,,Khar West,,,,,,,Bachelors/Family,2026-05-31 21:32:00+00:00,7BHK Penthouse for Resale in Khar West,19.0699335919407,72.8363080829478,12.5,False,False,42857.142857142855,85,2.0,19.519293032620475,8.85366542803745,18.10029841849183
Above 20 years,129000000.0,21500.0,10,10.0,1,4000.0,6000.0,,,Furnished,,"Garden/Park, Main Road",Villa,Resale,Ready to Move,2026-06-24,Mumbai,Kandivali West,,,Kandivali West,,,,,,,Bachelors/Family,2026-06-24 13:02:23+00:00,> 10BHK Villa for Resale in Kandivali West,19.2101312179652,72.8305011930765,25.0,False,False,32250.0,61,2.0,18.675322962325946,8.294049640102028,16.88809240469397
New Construction,510000000.0,78462.0,8,10.0,3,6400.0,6500.0,58.0,64.0,Semi-Furnished,North - West,"Garden/Park, Pool, Main Road",Penthouse,New Property,Ready to Move,2026-08-23,Mumbai,Worli,Provenance Four Seasons Private Residences,"Palladium Mall,Worli Sealink.Lower parel,NSCI Dome,Kamala Mill,Dadar",Worli,"Town House,Water Front,Hilltop,Skyline View,Sea facing,Smart Home,Skydeck,Private jaccuzi,Island Kitchen Layout,Wrap Around Balcony,Concierge Services,Fireplace,Theme based Architectures,Wine Cellar,Private pool ,Helipad,Full Glass Wall,Sky Villa,Bar/Lounge,Fingerprint Access,Health club with Steam / Jaccuzi,Golf Course,House help accommodation,Air Conditioned,Banquet Hall,Jogging and Strolling Track,Outdoor Tennis Courts,Private Garage,Laundry Service,Internet/Wi-Fi Connectivity,RO Water System,Service/Goods Lift,Visitor Parking,Intercom Facility,Conference Room,Mansion,Downtown",Water Availability 24 Hours Available,No/Rare Powercut,"Ceramic Tiles,Granite,Marble,Mosaic,Vitrified","NA|null,P51900002789|-1",Freehold,Bachelors/Family,2026-08-22 23:45:18+00:00,8BHK Penthouse for New Property in Provenance Four Seasons Private Residences at Worli,19.0036486667054,72.8175254882335,0.0,False,False,79687.5,2,1.0,20.049921283682647,8.764053269347762,18.25306630158134
,140500000.0,36494.0,6,6.0,2,2750.0,3850.0,33.0,56.0,Semi-Furnished,East,"Pool, Main Road",Apartment,New Property,Under Construction,2026-08-23,Mumbai,Byculla,Lodha Bellevue,Jacob Circle,Byculla,"Sea facing,Skydeck,Bar/Lounge,Fingerprint Access,Health club with Steam / Jaccuzi",Water Availability 24 Hours Available,No/Rare Powercut,"Wooden,Marble,Marbonite","NA|null,P51900046567|-1",Freehold,Bachelors/Family,2026-08-22 23:45:17+00:00,6BHK Multistorey Apartment for New Property in Lodha Bellevue at Byculla,18.9763051806034,72.8384452613639,,False,False,51090.90909090909,2,1.0,18.760718046738074,7.919356190660617,17.557921818251476
Above 20 years,300000000.0,51724.0,6,6.0,5,4000.0,5800.0,31.0,36.0,Furnished,East,"Garden/Park, Main Road",Apartment,Resale,Ready to Move,2026-08-23,Mumbai,Andheri West,Oberoi Sky Heights,"Its ia near to hospital ,schools,and metro station.",Andheri West,"Air Conditioned,Internet/Wi-Fi Connectivity,RO Water System,Visitor Parking,Intercom Facility",Water Availability 24 Hours Available,No/Rare Powercut,Marble,,Freehold,Bachelors/Family,2026-08-22 23:45:20+00:00,6BHK Multistorey Apartment for Resale in Oberoi Sky Heights at Andheri West,19.1373697481266,72.8257229439874,25.0,False,False,75000.0,2,2.0,19.519293032620475,8.294049640102028,17.52659843548851
,128000000.0,44138.0,6,7.0,2,2468.0,2900.0,14.0,23.0,Unfurnished,East,"Garden/Park, Pool, Main Road",Apartment,New Property,Under Construction,2026-08-23,Mumbai,Bandra Reclamation,Gurukrupa The Marque,"Gurukrupa The Marque, Lilavati Hospital",Reclamation,"Concierge Services,Fireplace,Full Glass Wall,Bar/Lounge,Fingerprint Access,Golf Course,Air Conditioned,Banquet Hall,Conference Room,Downtown",Water Availability 24 Hours Available,No/Rare Powercut,"Ceramic Tiles,Granite,Vitrified,Wooden","NA|null,P51800078233|11/2024",Freehold,Bachelors/Family,2026-08-22 23:45:20+00:00,6BHK Multistorey Apartment for New Property in Gurukrupa The Marque at Reclamation,19.04901,72.83223,,False,False,51863.85737439222,2,0.0,18.66754082188389,7.811163385025279,18.0206917675408
New Construction,107000000.0,42800.0,6,6.0,,2146.0,2500.0,20.0,61.0,Unfurnished,North,"Garden/Park, Pool, Main Road",Apartment,Resale,Ready to Move,2026-08-23,Mumbai,Borivali East,Oberoi Sky City,Close to Devipada Metro Station and Sky City Mall,Borivali East,"Bar/Lounge,Air Conditioned,Banquet Hall,Jogging and Strolling Track,Outdoor Tennis Courts,Laundry Service,Internet/Wi-Fi Connectivity,RO Water System,Service/Goods Lift,Visitor Parking,Intercom Facility,Conference Room",Water Availability 24 Hours Available,No/Rare Powercut,"Ceramic Tiles,Granite,Vitrified","NA|null,P51800003582|12/2022,P51800018404|12/2023,P51800028419|-1,P51800047575|-1,PR1180002502390|-1",Freehold,Bachelors/Family,2026-08-22 23:45:17+00:00,6BHK Multistorey Apartment for Resale in Oberoi Sky City at Borivali East,19.2272619069866,72.8634397272398,0.0,False,False,49860.205032618825,2,0.0,18.48833939242618,7.671360923190644,17.562034381620705
,114000000.0,34545.0,6,8.0,2,2940.0,3300.0,35.0,51.0,Unfurnished,North - East,"Garden/Park, Pool, Main Road",Apartment,New Property,Under Construction,2026-08-23,Mumbai,Kandivali East,Godrej Reserve,"Right on WEH, with metro  train station in the vicinity.",Kandivali East,"Health club with Steam / Jaccuzi,Banquet Hall,Jogging and Strolling Track,Outdoor Tennis Courts,Internet/Wi-Fi Connectivity,RO Water System,Service/Goods Lift,Visitor Parking,Intercom Facility,Downtown",Water Availability 24 Hours Available,No/Rare Powercut,"Marbonite,Vitrified","NA|null,P51800054690|-1,P51800054691|-1,P51800054703|-1,P51800055694|-1,P51800079457|-1",Freehold,Bachelors/Family,2026-08-22 23:45:21+00:00,6BHK Multistorey Apartment for New Property in Godrej Reserve at Kandivali East,19.2050017,72.8692711,,False,False,38775.510204081635,2,0.0,18.55170900635877,7.986164860332727,17.422295377931313
,105000000.0,26582.0,6,6.0,4,2212.0,3950.0,26.0,39.0,Unfurnished,East,"Pool, Garden/Park, Main Road",Apartment,New Property,Ready to Move,2026-08-23,Mumbai,Kandivali East,Kalpataru Vienta,Near Western Express Highway,Kandivali East,"Air Conditioned,Banquet Hall,Jogging and Strolling Track,Outdoor Tennis Courts,Laundry Service,Internet/Wi-Fi Connectivity,RO Water System,Service/Goods Lift,Intercom Facility,Conference Room",Water Availability 24 Hours Available,No/Rare Powercut,Vitrified,"NA|null,P51800023768|-1,P51800027059|12/2026",Freehold,Bachelors/Family,2026-08-22 23:45:15+00:00,6BHK Multistorey Apartment for New Property in Kalpataru Vienta at Kandivali East,19.2050017,72.8692711,,False,False,47468.354430379746,2,0.0,18.469470908121796,7.701652362642226,17.422295377931313
New Construction,125000000.0,34722.0,6,6.0,2,2200.0,3600.0,42.0,42.0,Unfurnished,West,Garden/Park,Apartment,Resale,Ready to Move,2026-08-23,Mumbai,Lokhandwala Complex Andheri West,DLH The Park Residences,this property is close by link Road Andheri west.,Lokhandwala Complex Andheri West,"Banquet Hall,Laundry Service,Service/Goods Lift,Visitor Parking,Intercom Facility,Conference Room",Water Availability 24 Hours Available,No/Rare Powercut,Granite,"NA|null,P51800015211|-1",Freehold,Bachelors/Family,2026-08-22 23:45:20+00:00,6BHK Multistorey Apartment for Resale in DLH The Park Residences at Lokhandwala Complex Andheri West,19.14413,72.8241,0.0,False,False,56818.181818181816,2,0.0,18.643824295266576,7.696212639346407,18.673335965491304
Less than 5 years,140000000.0,56000.0,6,6.0,,2250.0,2500.0,16.0,70.0,Semi-Furnished,North - East,Main Road,Apartment,Resale,Ready to Move,2026-08-23,Mumbai,Worli,Lodha Adrina,Lower Parel,Worli,"Sea facing,Theme based Architectures,Private pool ,Golf Course,Banquet Hall,Laundry Service,Visitor Parking,Intercom Facility,Conference Room",Water Availability 24 Hours Available,No/Rare Powercut,Marble,"NA|null,P51900014937|07/2024",Freehold,Bachelors/Family,2026-08-22 23:45:16+00:00,6BHK Multistorey Apartment for Resale in Lodha Adrina at Worli,19.0036486667054,72.8175254882335,3.0,False,False,62222.22222222222,2,1.0,18.75715298057358,7.718685495198466,18.25306630158134
,130900000.0,49583.0,6,6.0,2,2640.0,2640.0,37.0,61.0,Unfurnished,East,"Garden/Park, Pool, Main Road",Apartment,Resale,Under Construction,2026-08-23,Mumbai,Rajendra Nagar,Oberoi Sky City,"Oberoi Sky City  Magathane , Off Western Express Highway, Mumbai Suburban , Borivali Mumbai",Rajendra Nagar,"Water Front,Smart Home,Wrap Around Balcony,Fireplace,Theme based Architectures,Wine Cellar,Bar/Lounge,Health club with Steam / Jaccuzi,Air Conditioned,Banquet Hall,Jogging and Strolling Track,Outdoor Tennis Courts,Laundry Service,Internet/Wi-Fi Connectivity,RO Water System,Service/Goods Lift,Visitor Parking,Intercom Facility,Conference Room",Water Availability 24 Hours Available,No/Rare Powercut,"Ceramic Tiles,Granite,Marble,Marbonite,Normal Tiles/Kotah Stone,Vitrified,Wooden","NA|null,P51800003582|12/2022,P51800018404|12/2023,P51800028419|-1,P51800047575|-1,PR1180002502390|-1",Freehold,Bachelors/Family,2026-08-22 23:45:20+00:00,6BHK Multistorey Apartment for Resale in Oberoi Sky City at Rajendra Nagar,19.2193312084231,72.8588004155209,,False,False,49583.333333333336,2,0.0,18.68994423088013,7.878534196140362,18.68994423088013
New Construction,190000000.0,75397.0,6,6.0,,2520.0,2520.0,60.0,67.0,Unfurnished,East,Garden/Park,Apartment,Resale,Ready to Move,2026-08-23,Mumbai,Worli,Lodha Adrina,3 Bhk Jodi flat higher floor sea view,Worli,"Water Front,Sea facing,Private jaccuzi,Fireplace,Theme based Architectures,Private pool ,Full Glass Wall,Bar/Lounge,Fingerprint Access,Air Conditioned,Banquet Hall,Jogging and Strolling Track,Outdoor Tennis Courts,Private Garage,Service/Goods Lift,Visitor Parking,Intercom Facility,Conference Room",Water Availability 24 Hours Available,No/Rare Powercut,"Vitrified,Ceramic Tiles,Marbonite","NA|null,P51900014937|07/2024",Freehold,Bachelors/Family,2026-08-22 23:45:21+00:00,6BHK Multistorey Apartment for Resale in Lodha Adrina at Worli,19.0036486667054,72.8175254882335,0.0,False,False,75396.8253968254,2,0.0,19.06253463012476,7.832014180505469,18.25306630158134
Less than 5 years,130000000.0,39394.0,6,6.0,2,3300.0,3300.0,17.0,57.0,Furnished,West,"Garden/Park, Pool, Main Road",Apartment,Resale,Ready to Move,2026-08-23,Mumbai,Byculla,Marathon Monte South,,Byculla,"Air Conditioned,Jogging and Strolling Track,Outdoor Tennis Courts,Intercom Facility",,,,"NA|null,P51800001585|06/2023,P51800001681|06/2022,P51800001779|12/2021,P51800002818|06/2024,P51900001346|12/2023,P51900001936|12/2021,P51900033347|06/2026,P51900048944|06/2027,P51900049688|12/2027",,Bachelors/Family,2026-08-22 23:45:18+00:00,6BHK Multistorey Apartment for Resale in Marathon Monte South at Byculla,18.9763051806034,72.8384452613639,3.0,False,False,39393.93939393939,2,2.0,18.683045008419857,8.101677747454572,17.557921818251476
,260000000.0,43333.0,6,6.0,6,4300.0,6000.0,10.0,12.0,Unfurnished,South -West,Main Road,Apartment,New Property,Ready to Move,2026-08-23,Mumbai,Juhu,Green Acres Apartments,Near ecole world school.,Juhu,"Air Conditioned,Service/Goods Lift,Visitor Parking,Intercom Facility",Water Availability 24 Hours Available,No/Rare Powercut,"Granite,Marble,Marbonite",,Freehold,Bachelors/Family,2026-08-22 23:45:19+00:00,6BHK Multistorey Apartment for New Property in Green Acres Apartments at Juhu,19.098267753993,72.8335140160125,,False,False,60465.11627906977,2,0.0,19.3761921889798,8.366370301681654,18.303285651459202
New Construction,253700000.0,55992.0,6,5.0,6,4531.0,4531.0,,,Unfurnished,West,Main Road,Apartment,Resale,Ready to Move,2026-08-23,Mumbai,Worli,Omkar 1973,"Close to metro, reputed school nearby, East-facing, fully furnished wi",Worli,"Concierge Services,Theme based Architectures,Bar/Lounge,Banquet Hall,Service/Goods Lift,Visitor Parking,Conference Room",Water Availability 24 Hours Available,No/Rare Powercut,Normal Tiles/Kotah Stone,"NA|null,P51900003316|-1",Freehold,Bachelors/Family,2026-08-22 23:45:18+00:00,6BHK Multistorey Apartment for Resale in Omkar 1973 at Worli,19.0036486667054,72.8175254882335,0.0,False,False,55992.05473405429,2,0.0,19.35166302456951,8.418697944667139,18.25306630158134
10 to 15 years,125000000.0,45389.0,6,4.0,4,1780.0,2754.0,27.0,27.0,Semi-Furnished,East,"Garden/Park, Pool, Main Road",Apartment,Resale,Ready to Move,2026-08-23,Mumbai,Jogeshwari Vikhroli Link Road,Oberoi Splendor,"Oberoi international school, oberoi prisma  maxima,  kalpataru estate.",Jogeshwari Vikhroli Link Road,"Island Kitchen Layout,Concierge Services,Theme based Architectures,Bar/Lounge,Air Conditioned,Banquet Hall,Jogging and Strolling Track,Outdoor Tennis Courts,Laundry Service,Internet/Wi-Fi Connectivity,RO Water System,Service/Goods Lift,Visitor Parking,Intercom Facility,Conference Room",Water Availability 24 Hours Available,No/Rare Powercut,Vitrified,,Co-operative Society,Bachelors/Family,2026-08-22 23:45:19+00:00,6BHK Multistorey Apartment for Resale in Oberoi Splendor at Jogeshwari Vikhroli Link Road,19.12761,72.88863,12.5,False,False,70224.7191011236,2,1.0,18.643824295266576,7.484368643286131,17.439436417804497
5 to 10 years,112500000.0,32143.0,6,6.0,2,2600.0,3500.0,21.0,45.0,Furnished,East,Garden/Park,Apartment,Resale,Ready to Move,2026-08-23,Mumbai,Snehadham,DB Orchid Woods,Krishna Vatika mandir,Snehadham,"Fireplace,Jogging and Strolling Track,Laundry Service,Visitor Parking,Conference Room",Water Availability 24 Hours Available,No/Rare Powercut,Vitrified,,Freehold,Bachelors/Family,2026-08-22 23:45:16+00:00,6BHK Multistorey Apartment for Resale in DB Orchid Woods at Snehadham,19.17114924,72.87049781,7.5,False,False,43269.230769230766,2,2.0,18.538463779608747,7.8632667240095735,18.538463779608747
,124742000.0,,6,6.0,1,2572.0,,15.0,19.0,Unfurnished,East,Main Road,Apartment,New Property,Under Construction,2026-08-24,Mumbai,Matunga East,BAF NA Siddhgiri,"Opp Parsi Gymkhana, The Matunga, Dadar, Wadala Railway stations 2min",Matunga East,Private pool ,Water Availability 24 Hours Available,No/Rare Powercut,Vitrified,"NA|null,P51800079558|-1",Leasehold,Bachelors/Family,2026-08-23 23:45:20+00:00,6BHK Multistorey Apartment for New Property in BAF NA Siddhgiri at Matunga East,19.0277771413147,72.8560635075251,,False,False,48500.0,1,0.0,18.641758162283086,7.85243908535751,17.84257011283503
Less than 5 years,120000000.0,47809.0,6,6.0,1,2120.0,2510.0,41.0,42.0,Unfurnished,North,Main Road,Apartment,Resale,Ready to Move,2026-08-24,Mumbai,Andheri West,DLH The Park Residences,opp deep tower,Andheri West,"Sea facing,Fireplace,Helipad,Full Glass Wall,Fingerprint Access,Golf Course,Air Conditioned,Laundry Service,Service/Goods Lift,Visitor Parking,Intercom Facility,Conference Room",Water Availability 24 Hours Available,No/Rare Powercut,Ceramic Tiles,"NA|null,P51800015211|-1",Freehold,Bachelors/Family,2026-08-23 23:45:19+00:00,6BHK Multistorey Apartment for Resale in DLH The Park Residences at Andheri West,19.1373697481266,72.8257229439874,3.0,False,False,56603.77358490566,1,0.0,18.60300230074632,7.659171367666058,17.52659843548851
New Construction,600000000.0,109091.0,6,4.0,1,5499.0,5500.0,50.0,55.0,Furnished,,,Apartment,New Property,Ready to Move,2026-08-24,Mumbai,Parel,India Bulls Sky Forest,,Parel,,,,,"NA|null,P51900000467|-1,P51900000616|-1",,Bachelors/Family,2026-08-23 23:45:18+00:00,6BHK Multistorey Apartment for New Property in India Bulls Sky Forest at Parel,18.9982694030581,72.8410429440342,0.0,True,False,109110.74740861975,1,2.0,20.21244021318042,8.612321536507814,17.791329599241287
Less than 5 years,120000000.0,47133.0,6,6.0,,2146.0,2546.0,15.0,61.0,Unfurnished,East,"Garden/Park, Main Road",Apartment,Resale,Ready to Move,2026-08-24,Mumbai,Borivali East,Oberoi Sky City,Western Express Highway,Borivali East,"Bar/Lounge,Air Conditioned,Banquet Hall,Jogging and Strolling Track,Outdoor Tennis Courts,Laundry Service,Internet/Wi-Fi Connectivity,RO Water System,Service/Goods Lift,Visitor Parking,Intercom Facility,Conference Room",Water Availability 24 Hours Available,No/Rare Powercut,Vitrified,"NA|null,P51800003582|12/2022,P51800018404|12/2023,P51800028419|-1,P51800047575|-1,PR1180002502390|-1",Freehold,Bachelors/Family,2026-08-23 23:45:18+00:00,6BHK Multistorey Apartment for Resale in Oberoi Sky City at Borivali East,19.2272619069866,72.8634397272398,3.0,False,False,55917.98695246971,1,0.0,18.60300230074632,7.671360923190644,17.562034381620705
