,acD,price,priceD,sqFtPrice,minPrice,maxPrice,bedroomD,bathD,balconiesD,carpetArea,carpAreaUnit,coveredArea,covAreaUnit,floorNo,floors,floorD,furnishedD,facingD,amenFacingD,propTypeD,transactionTypeD,possStatusD,ecd,rEcd,landAreaUnit,landAreaUnitD,ct,ctName,loc,locSeoName,la,pl,prjname,soc,landmark,landmarkDetails,pmtLat,pmtLong,ltcoordGeo,cg,amenities,luxAmenities,luxAmenitiesD,isLuxury,isLuxuryServiceAvailable,parkingD,waterStatus,powerStatusD,maintenanceCharges,maintenanceD,flooringTyD,reraValidity,OwnershipTypeD,postDateT,modifiedDate,lastAccessDate,endDateT,endDt,cowDays,dsla,nriPref,tenantsPreference,propertyTitle,adroomD,caSqFt,lmtDName
0,Less than 5 years,2500000.0,25 Lac,4673.0,2500000.0,2700000.0,1,1,,385.0,Sq-ft,535.0,12800.0,3,5.0,3 of 5 Floor,Unfurnished,,,Apartment,Resale,Ready to Move,20260822,20260822.0,,,4320,Mumbai,61021.0,Virar East,,Y,Ashtavinayak Apartment,N,,"[""19210|Railway Station||140626|19248"", ""19210|VVMC Headquater Bus Stop||140758|19250"", ""19201|Infinity It Park||89470|19221"", ""19202|Rd Memorial School||89488|19227"", ""19202|Rashmi International School||89486|19227"", ""19203|Rani Shankar Hospital||10614|19232"", ""19206|Om Arcade||10758|19239""]",19.06175,72.88432,"19.4652899784439,72.8189990617033",b,,,,F,False,,,,,,,,,2026-08-21T19:44:52.000Z,Yesterday,2024-10-26T18:30:00.000+00:00,2026-10-21T19:44:52.000Z,"Oct 22, '26",0,,,Bachelors/Family,1BHK Multistorey Apartment for Resale in Ashtavinayak Apartment at Virar East,,535.0,Virar East
1,Less than 5 years,2500000.0,25 Lac,4545.0,2500000.0,2730000.0,1,1,,396.0,Sq-ft,550.0,12800.0,2,4.0,2 of 4 Floor,Unfurnished,,,Apartment,Resale,Ready to Move,20260822,20260822.0,,,4320,Mumbai,61021.0,Virar East,,Y,Shree Ganesh Apartment,N,,"[""19210|VVMC Headquater Bus Stop||140758|19250"", ""19210|Virar Railway Station||10926|19248"", ""19201|Infinity It Park||89470|19221"", ""19202|Rd Memorial School||89488|19227"", ""19202|Don Bosco High School & Junior College||89484|19227"", ""19203|Rani Shankar Hospital||10614|19232"", ""19206|Om Arcade||10758|19239""]",19.00925,72.84356,"19.4652899784439,72.8189990617033",b,,,,F,False,,,,,,,,,2026-08-21T18:33:41.000Z,Yesterday,2024-10-26T18:30:00.000+00:00,2026-10-21T18:33:45.000Z,"Oct 22, '26",0,,,Bachelors/Family,1BHK Multistorey Apartment for Resale in Shree Ganesh Apartment at Virar East,,550.0,Virar East
2,Less than 5 years,3800000.0,38 Lac,5758.0,3800000.0,4140000.0,1,1,,475.0,Sq-ft,660.0,12800.0,10,15.0,10 of 15 Floor,Unfurnished,,,Apartment,Resale,Ready to Move,20260822,20260822.0,,,4320,Mumbai,104911.0,Nalasopara East,,Y,Sai Crystal Empire,N,,"[""19201|The Capital Mall||167873|19239"", ""19201|St. Anthony's High School Nagindas||139302|19227"", ""19203|Vijayalaxmi Hospital||140776|19232"", ""19206|Om Plaza Commercial Complex||140432|19239""]",19.41315,72.81505,"19.43138984792,72.8497262547151",b,,,,F,False,,,,,,,,,2026-08-21T19:35:08.000Z,Yesterday,2024-10-26T18:30:00.000+00:00,2026-10-21T19:35:08.000Z,"Oct 22, '26",0,,,Bachelors/Family,1BHK Multistorey Apartment for Resale in Sai Crystal Empire at Nalasopara East,,660.0,Nalasopara East
3,Less than 5 years,3300000.0,33 Lac,5739.0,3300000.0,3560000.0,1,1,,414.0,Sq-ft,575.0,12800.0,4,7.0,4 of 7 Floor,Semi-Furnished,,,Apartment,Resale,Ready to Move,20260822,20260822.0,,,4320,Mumbai,104910.0,Nalasopara West,,Y,Sankalp Heights,N,,"[""19210|Nalasopara Police Station Bus Stop||167875|19250"", ""19210|Bhuigoan Police Station Bus Stop||167863|19250"", ""19203|Riddhi Vinayak, Multi Speciality Hospital||10548|19230"", ""19206|Sahakari Bhandar||84898|19239""]",19.41819,72.81025,"19.4129235749963,72.7885889890948",b,,,,F,False,,,,,,,,,2026-08-21T19:32:10.000Z,Yesterday,2024-10-26T18:30:00.000+00:00,2026-10-21T19:32:11.000Z,"Oct 22, '26",0,,,Bachelors/Family,1BHK Multistorey Apartment for Resale in Sankalp Heights at Nalasopara West,,575.0,Nalasopara West
4,5 to 10 years,3000000.0,30 Lac,5217.0,2730000.0,3000000.0,1,1,2.0,,,575.0,12800.0,5,7.0,5 of 7 Floor,Unfurnished,,Garden/Park,Apartment,Resale,Ready to Move,20260822,20260822.0,,,4320,Mumbai,,,,Y,,Y,,,0.0,0.0,,b,12202 12207 12209 12219,,,F,False,,,,,,,,Freehold,2026-08-22T18:25:45.000Z,Yesterday,2024-11-03T18:30:00.000+00:00,2026-12-20T18:25:45.000Z,"Dec 20, '26",0,1.0,,Bachelors/Family,1BHK Multistorey Apartment for Resale in ,,575.0,
5,Less than 5 years,2800000.0,28 Lac,4444.0,2800000.0,3020000.0,1,1,,454.0,Sq-ft,630.0,12800.0,3,10.0,3 of 10 Floor,Unfurnished,,,Apartment,Resale,Ready to Move,20260822,20260821.0,,,4320,Mumbai,104180.0,Vasai East,,Y,Deep Classic ,N,,"[""19210|Vasai (E) Bus Stop||167855|19250"", ""19210|Vasant Nagari Circle Bus Stop||167869|19250"", ""19201|Railway Mall, High Street Vasai||167867|19239"", ""19203|IASIS HOSPITAL||167871|19230"", ""19203|Platinum Hospital Vasai||167865|19230"", ""19206|Bhajanlal Dairy Farm||140782|19239""]",18.9582347,72.8319514,"19.39954,72.8604165",b,12202 12203 12208 12219 1404115 1404143,1404115 1404143,,F,False,,,,,,,"NA|null,P99000012178|12/2020",,2026-08-21T11:19:49.000Z,"Aug 21, '26",2024-10-25T18:30:00.000+00:00,2027-01-03T11:19:49.000Z,"Jan 03, '27",0,,,Bachelors/Family,1BHK Multistorey Apartment for Resale in Deep Classic  at Vasai East,,630.0,Vasai East
6,5 to 10 years,3200000.0,32 Lac,5614.0,3200000.0,3490000.0,1,1,,410.0,Sq-ft,570.0,12800.0,Ground,7.0,Ground of 7 Floor,Unfurnished,,,Apartment,Resale,Ready to Move,20260822,20260821.0,,,4320,Mumbai,104910.0,Nalasopara West,,Y,Sai Abhyuday Complex,N,,"[""19210|Bhuigoan Police Station Bus Stop||167863|19250"", ""19210|Nalasopara Police Station Bus Stop||167875|19250"", ""19203|Riddhi Vinayak, Multi Speciality Hospital||10548|19230"", ""19206|Sahakari Bhandar||84898|19239""]",19.42536,72.81194,"19.4129235749963,72.7885889890948",b,,,,F,False,,,,,,,"NA|null,P99000046994|-1",,2026-08-21T10:04:42.000Z,"Aug 21, '26",2024-10-25T18:30:00.000+00:00,2027-01-03T10:04:42.000Z,"Jan 03, '27",0,,,Bachelors/Family,1BHK Multistorey Apartment for Resale in Sai Abhyuday Complex at Nalasopara West,,570.0,Nalasopara West
7,Less than 5 years,4000000.0,40 Lac,6667.0,4000000.0,4360000.0,1,2,,432.0,Sq-ft,600.0,12800.0,3,6.0,3 of 6 Floor,Semi-Furnished,,,Apartment,Resale,Ready to Move,20260822,20260821.0,,,4320,Mumbai,80050.0,Vasai,,Y,Pankil Apartments,N,,"[""19201|Range Office||139022|19221"", ""19201|Sureshwari It Park||89326|19221"", ""19203|YOGYAM Multi-Speciality Hospital||167857|19230"", ""19203|Janseva Hospital||138740|19230"", ""19206|Sahakari Bhandar||84900|19239"", ""19206|Bhajanlal Dairy Farm||140782|19239""]",19.222116,72.848285,"19.3914260104194,72.8285855834131",b,,,,F,False,,,,,,,,,2026-08-21T10:03:57.000Z,"Aug 21, '26",2024-10-25T18:30:00.000+00:00,2027-01-03T10:03:57.000Z,"Jan 03, '27",0,,,Bachelors/Family,1BHK Multistorey Apartment for Resale in Pankil Apartments at Vasai,,600.0,Vasai
8,10 to 15 years,3300000.0,33 Lac,5357.0,3300000.0,3600000.0,1,2,,444.0,Sq-ft,616.0,12800.0,2,3.0,2 of 3 Floor,Unfurnished,,,Apartment,Resale,Ready to Move,20260822,20260821.0,,,4320,Mumbai,89086.0,Palghar Naigaon East,,Y,Citizen Complex,N,,"[""19210|Mira Road Railway Station||89372|19248"", ""19201|Infinity It Park||89364|19221"", ""19202|Vedant International High School||89378|19227"", ""19202|Universal College of Engineering Mumbai||164955|19225""]",19.0602622,72.8366463999999,"19.3489277756968,72.8750219955356",b,12201 12208 12209 1404143,1404143,,F,False,,,,,,,,,2026-08-21T12:17:02.000Z,"Aug 21, '26",2024-10-25T18:30:00.000+00:00,2027-01-03T12:17:02.000Z,"Jan 03, '27",0,,,Bachelors/Family,1BHK Multistorey Apartment for Resale in Citizen Complex at Palghar Naigaon East,,616.0,Palghar Naigaon East
9,,3000000.0,30 Lac,8264.0,3000000.0,3240000.0,1,2,,261.0,Sq-ft,363.0,12800.0,7,23.0,7 of 23 Floor,Unfurnished,,,Apartment,Resale,Under Construction,20260822,20260821.0,,,4320,Mumbai,80051.0,Virar,,Y,Shapoorji Pallonji Joyville Virar,N,,"[""19210|Sakinaka Metro Station||89296|19249"", ""19210|Virar Railway Station||10926|19248"", ""19201|Infinity It Park||89536|19221"", ""19201|Infinity It Park||89470|19221"", ""19202|Don Bosco High School & Junior College||89484|19227"", ""19202|Rd Memorial School||89488|19227"", ""19206|R City Mall||89292|19239"", ""19206|Phoenix Marketcity Mall||89270|19239""]",19.4387162,72.7927352999999,"19.462194642857,72.8049130698568",b,12201 12202 12203 12204 12205 12206 12207 12208 12209 12213 12214 12215 12217 12218 12219 12221 12223 12224 12225 12228 12229 12230 12518 1404117 1404149,12225 12518 12215 12224 12229 12230 12221 12223 12214 12217,"Bar/Lounge,Modular Kitchen,Air Conditioned,Banquet Hall,Jogging and Strolling Track,Outdoor Tennis Courts,Internet/Wi-Fi Connectivity,RO Water System,Service/Goods Lift,Intercom Facility",F,False,,,,,,,"NA|null,P51900000444|-1,P99000013612|-1,P99000018521|-1,P99000019531|-1,P99000019538|-1,P99000031256|-1",,2026-08-21T13:07:09.000Z,"Aug 21, '26",2024-10-25T18:30:00.000+00:00,2027-01-03T13:07:09.000Z,"Jan 03, '27",0,,,Bachelors/Family,1BHK Multistorey Apartment for Resale in Shapoorji Pallonji Joyville Virar at Virar,,363.0,Virar
10,,3900000.0,39 Lac,9750.0,3510000.0,3900000.0,1,1,,,,400.0,12800.0,3,4.0,3 of 4 Floor,Furnished,,,Apartment,Resale,Ready to Move,20260821,20260821.0,,,4320,Mumbai,104180.0,Vasai East,,N,,N,,"[""19210|Vasai (E) Bus Stop||167855|19250"", ""19210|Vasai Bus Stop||167861|19250"", ""19201|Railway Mall, High Street Vasai||167867|19239"", ""19203|Platinum Hospital Vasai||167865|19230"", ""19203|IASIS HOSPITAL||167871|19230"", ""19206|Bhajanlal Dairy Farm||140782|19239""]",0.0,0.0,"19.39954,72.8604165",b,,,,F,False,,,,,,,,,2026-08-20T21:31:19.000Z,"Aug 21, '26",2026-01-21T18:30:00.000+00:00,2027-01-02T21:31:19.000Z,"Jan 03, '27",0,2.0,,Bachelors/Family,1BHK Multistorey Apartment for Resale in Vasai East,,400.0,Vasai East
11,New Construction,4300000.0,43 Lac,8600.0,4300000.0,4690000.0,1,2,,360.0,Sq-ft,500.0,12800.0,7,22.0,7 of 22 Floor,Unfurnished,,,Apartment,Resale,Ready to Move,20260822,20260821.0,,,4320,Mumbai,89086.0,Palghar Naigaon East,,N,Sunteck Naigaon,N,,"[""19210|Mira Road Railway Station||89372|19248"", ""19201|Infinity It Park||89364|19221"", ""19202|Universal College of Engineering Mumbai||164955|19225"", ""19202|Vedant International High School||89378|19227""]",19.3659556,72.8659626,"19.3489277756968,72.8750219955356",b,12202 12204 12205 12206 12207 12208 12209 12216 12217 12222 12223 12228 12229 12230 12530 12540 1404114 1404117 1404118 1404121 1404122 1404125 1404130,12540 1404122 1404114 1404118 12229 12230 1404125 12223 12530 12216 12217,"Premium branded fittings,,,,Jogging and Strolling Track,Outdoor Tennis Courts,,RO Water System,Earth quake resistant,Visitor Parking,Intercom Facility",F,False,,,,,,,"NA|null,P99000017606|-1,P99000017627|-1",,2026-08-21T14:10:13.000Z,"Aug 21, '26",2024-10-25T18:30:00.000+00:00,2027-01-03T14:10:13.000Z,"Jan 03, '27",0,,,Bachelors/Family,1BHK Multistorey Apartment for Resale in Sunteck Naigaon at Palghar Naigaon East,,500.0,Palghar Naigaon East
12,Less than 5 years,3000000.0,30 Lac,5217.0,3000000.0,3240000.0,1,1,,414.0,Sq-ft,575.0,12800.0,12,15.0,12 of 15 Floor,Semi-Furnished,,,Apartment,Resale,Ready to Move,20260822,20260821.0,,,4320,Mumbai,104910.0,Nalasopara West,,N,DGS Sheetal Sejal ,N,,"[""19210|Nalasopara Police Station Bus Stop||167875|19250"", ""19210|Bhuigoan Police Station Bus Stop||167863|19250"", ""19203|Riddhi Vinayak, Multi Speciality Hospital||10548|19230"", ""19206|Sahakari Bhandar||84898|19239""]",19.1671049,72.8503863999999,"19.4129235749963,72.7885889890948",b,,,,F,False,,,,,,,,,2026-08-21T13:57:23.000Z,"Aug 21, '26",2024-10-25T18:30:00.000+00:00,2027-01-03T13:57:23.000Z,"Jan 03, '27",0,,,Bachelors/Family,1BHK Multistorey Apartment for Resale in DGS Sheetal Sejal  at Nalasopara West,,575.0,Nalasopara West
13,Less than 5 years,3200000.0,32 Lac,4706.0,3200000.0,3490000.0,1,2,,490.0,Sq-ft,680.0,12800.0,3,8.0,3 of 8 Floor,Semi-Furnished,,,Apartment,Resale,Ready to Move,20260822,20260821.0,,,4320,Mumbai,89245.0,Virar West,,N,Shubham Heights,N,,"[""19210|Bolinj Naka Bus Stop||139184|19250"", ""19210|Chembur Monorail Station||89274|19248"", ""19201|Westside - Grand Galleria Global City, Virar||164995|19239"", ""19202|Viva College||164993|19225"", ""19203|Sahyadri Multcipility Hospital||154499|"", ""19203|Sankalpa Hospital||154257|"", ""19206|Big Bazaar||147834|19239"", ""19206|Phoenix Marketcity Mall||89270|19239""]",19.1236557,72.856025,"19.4638767047594,72.7822993572118",b,12201 12202 12203 12208 12530 12547 12581 1404131 1404143 1404152 1404154,1404152 12581 1404131 12530 1404143,"Kids play area,,Earth quake resistant,",F,False,,,,,,,,,2026-08-21T09:04:14.000Z,"Aug 21, '26",2024-10-25T18:30:00.000+00:00,2027-01-03T09:04:14.000Z,"Jan 03, '27",0,,,Bachelors/Family,1BHK Multistorey Apartment for Resale in Shubham Heights at Virar West,,680.0,Virar West
14,Less than 5 years,3100000.0,31 Lac,5254.0,3100000.0,3350000.0,1,1,,425.0,Sq-ft,590.0,12800.0,2,9.0,2 of 9 Floor,Semi-Furnished,,,Apartment,Resale,Ready to Move,20260822,20260821.0,,,4320,Mumbai,104910.0,Nalasopara West,,N,Orange Heights,N,,"[""19210|Bhuigoan Police Station Bus Stop||167863|19250"", ""19210|Nalasopara Police Station Bus Stop||167875|19250"", ""19203|Riddhi Vinayak, Multi Speciality Hospital||10548|19230"", ""19206|Sahakari Bhandar||84898|19239""]",18.9582347,72.8319514,"19.4129235749963,72.7885889890948",b,12201 12202 12208 12209 12211 12216 12217 12218 12219 12221 12229 1404113 1404118 1404121 1404124 1404125 1404129 1404131 1404143,1404129 1404118 1404131 12229 1404125 1404124 12221 12216 12217 1404113 1404143,"Jogging and Strolling Track,,,Internet/Wi-Fi Connectivity,Visitor Parking,Intercom Facility,,",F,False,,,,,,,,,2026-08-21T08:29:18.000Z,"Aug 21, '26",2024-10-25T18:30:00.000+00:00,2027-01-03T08:29:18.000Z,"Jan 03, '27",0,,,Bachelors/Family,1BHK Multistorey Apartment for Resale in Orange Heights at Nalasopara West,,590.0,Nalasopara West
15,,4500000.0,45 Lac,15000.0,4500000.0,4910000.0,1,1,,216.0,Sq-ft,300.0,12800.0,1,13.0,1 of 13 Floor,Unfurnished,,,Apartment,Resale,Under Construction,20260822,20260821.0,,,4320,Mumbai,78885.0,Mira Road,,N,Seven Eleven Apna Ghar,N,,"[""19210|Mira Road Railway Station||140596|19248"", ""19210|Mira Road Railway Station||139198|19248"", ""19202|Royal College||157187|"", ""19202|Shree L R Tiwari College of Engineering||161789|19225"", ""19203|Bhakti Vedant Hospital||154429|"", ""19203|Dr Pravin Singh||154315|"", ""19206|D Mart, Hatkesh Udhog Nagar||140992|19239"", ""19206|Sahakari Bhandar||84896|19239""]",19.2815141,72.8870207,"19.2829267647424,72.8627883689306",b,12201 12202 12203 12208 12219 12228 12543 1404121 1404128 1404143,1404128 1404143,,F,False,,,,,,,"NA|null,P51700002976|-1,P51700004368|06/2021,P51700007988|06/2021,P51700016020|12/2021",,2026-08-21T08:01:05.000Z,"Aug 21, '26",2024-10-25T18:30:00.000+00:00,2027-01-03T08:01:05.000Z,"Jan 03, '27",0,,,Bachelors/Family,1BHK Multistorey Apartment for Resale in Seven Eleven Apna Ghar at Mira Road Area,,300.0,Mira Road Area
16,Less than 5 years,2700000.0,27 Lac,5294.0,2700000.0,2920000.0,1,1,,367.0,Sq-ft,510.0,12800.0,6,8.0,6 of 8 Floor,Semi-Furnished,,,Apartment,Resale,Ready to Move,20260821,20260821.0,,,4320,Mumbai,89086.0,Palghar Naigaon East,,N,Mahalaxmi Nagar,N,,"[""19210|Mira Road Railway Station||89372|19248"", ""19201|Infinity It Park||89364|19221"", ""19202|Vedant International High School||89378|19227"", ""19202|Universal College of Engineering Mumbai||164955|19225""]",19.34901,72.87558,"19.3489277756968,72.8750219955356",b,12202 12203 12207 12208 12209 12211 12213 12214 12215 12216 12217 12218 12219 12222 12224 12229 1404110 1404115 1404124 1404131 1404143,1404115 1404131 12215 12224 12229 1404124 12214 12216 12217 1404143,"Air Conditioned,Banquet Hall,Jogging and Strolling Track,,Service/Goods Lift,Visitor Parking,Intercom Facility,",F,False,,,,,,,,,2026-08-21T05:58:23.000Z,"Aug 21, '26",2024-10-25T18:30:00.000+00:00,2026-10-21T05:58:25.000Z,"Oct 21, '26",0,,,Bachelors/Family,1BHK Multistorey Apartment for Resale in Mahalaxmi Nagar at Palghar Naigaon East,,510.0,Palghar Naigaon East
17,Less than 5 years,2600000.0,26 Lac,5200.0,2600000.0,2810000.0,1,1,,360.0,Sq-ft,500.0,12800.0,3,15.0,3 of 15 Floor,Unfurnished,,,Apartment,Resale,Ready to Move,20260821,20260821.0,,,4320,Mumbai,89086.0,Palghar Naigaon East,,N,,N,,"[""19210|Mira Road Railway Station||89372|19248"", ""19201|Infinity It Park||89364|19221"", ""19202|Universal College of Engineering Mumbai||164955|19225"", ""19202|Vedant International High School||89378|19227""]",0.0,0.0,"19.3489277756968,72.8750219955356",b,,,,F,False,,,,,,,,,2026-08-21T05:56:30.000Z,"Aug 21, '26",2024-10-25T18:30:00.000+00:00,2026-10-21T05:56:31.000Z,"Oct 21, '26",0,,,Bachelors/Family,1BHK Multistorey Apartment for Resale in Palghar Naigaon East,,500.0,Palghar Naigaon East
18,5 to 10 years,3300000.0,33 Lac,5946.0,3300000.0,3560000.0,1,1,,400.0,Sq-ft,555.0,12800.0,5,7.0,5 of 7 Floor,Unfurnished,,,Apartment,Resale,Ready to Move,20260821,20260821.0,,,4320,Mumbai,80050.0,Vasai,,N,Tulsi Heights,N,,"[""19201|Sureshwari It Park||89326|19221"", ""19201|Range Office||139022|19221"", ""19203|Janseva Hospital||138740|19230"", ""19203|YOGYAM Multi-Speciality Hospital||167857|19230"", ""19206|Sahakari Bhandar||84900|19239"", ""19206|Viva Swastik Mall||89386|19239""]",19.01316,73.09963,"19.3914260104194,72.8285855834131",b,12201 12202 12203 12204 12206 12207 12208 12209 12211 12212 12213 12214 12216 12217 12218 12219 12220 12221 12222 12223 12224 12225 12226 12227 12229 12230 1404105 1404106 1404107 1404108 1404109 1404110 1404111 1404112 1404113 1404114 1404115 1404116 1404117 1404118 1404120 1404121 1404122 1404123 1404124 1404125 1404126 1404127 1404128 1404129 1404130 1404131 1404143,12225 1404122 1404129 1404127 1404114 1404118 1404108 1404115 1404128 1404131 1404123 12224 12229 12230 1404112 1404109 1404116 12220 1404125 1404124 1404106 1404105 12221 12223 12214 12216 12217 12227 1404113 1404143,"Bar/Lounge,,,,,,,,,,,Banquet Hall,Jogging and Strolling Track,Outdoor Tennis Courts,,,,Laundry Service,,,,,Internet/Wi-Fi Connectivity,RO Water System,Service/Goods Lift,Visitor Parking,Intercom Facility,Conference Room,,",F,False,,,,,,,,,2026-08-21T05:49:53.000Z,"Aug 21, '26",2024-10-25T18:30:00.000+00:00,2026-10-21T05:49:54.000Z,"Oct 21, '26",0,,,Bachelors/Family,1BHK Multistorey Apartment for Resale in Tulsi Heights at Vasai,,555.0,Vasai
19,Less than 5 years,4300000.0,43 Lac,7049.0,4300000.0,4690000.0,1,2,,439.0,Sq-ft,610.0,12800.0,5,9.0,5 of 9 Floor,Semi-Furnished,,,Apartment,Resale,Ready to Move,20260821,20260821.0,,,4320,Mumbai,80051.0,Virar,,N,Sumit Greendale NX,N,,"[""19210|Sakinaka Metro Station||89296|19249"", ""19210|Bolinj Naka Bus Stop||139184|19250"", ""19201|Nakoda super market||163909|19239"", ""19201|L&T Business Park||89286|19221"", ""19202|Rd Memorial School||89488|19227"", ""19202|Nahar International School||89302|19227"", ""19206|Big Bazaar||147834|19239"", ""19206|Sahakari Bhandar||84902|19239""]",19.46022,72.8056,"19.462194642857,72.8049130698568",b,12204 12207 12208 12209 12211 12219 12229 1404115 1404117 1404120 1404121 1404125 1404143,1404115 12229 1404125 1404143,"Jogging and Strolling Track,,",F,False,,,,,,,"NA|null,P99000004678|03/2018",,2026-08-21T05:47:21.000Z,"Aug 21, '26",2024-10-25T18:30:00.000+00:00,2026-10-21T05:47:22.000Z,"Oct 21, '26",0,,,Bachelors/Family,1BHK Multistorey Apartment for Resale in Sumit Greendale NX at Virar,,610.0,Virar
20,,2100000.0,21 Lac,5250.0,1910000.0,2100000.0,1,1,,,,400.0,12800.0,4,9.0,4 of 9 Floor,Unfurnished,,,Apartment,Resale,Ready to Move,20260821,20260821.0,,,4320,Mumbai,84441.0,Nala Sopara,,N,Royal Plaza,N,,"[""19210|Tulinj Police Station Bus Stop||167877|19250"", ""19210|Nalasopara Railway Station||89524|19248"", ""19201|St. Anthony's High School Nagindas||139302|19227"", ""19202|St Augasthi High School||157077|"", ""19203|Alliance Hospital||154221|"", ""19203|Dr Yadav Hospital Vinavaka Hospital||154219|"", ""19206|Sahakari Bhandar||84898|19239"", ""19206|Tania Horizon Mall||89514|19239""]",19.42287,72.81635,"19.4196344986519,72.8081166617887",b,12202 12207 12208 12209 12211 12214 12216 12218 12219 1404120 1404121 1404129 1404143,1404129 12214 12216 1404143,"Service/Goods Lift,Visitor Parking,",F,False,,,,,,,,,2026-08-21T14:37:32.000Z,"Aug 21, '26",2025-07-20T18:30:00.000+00:00,2027-01-03T14:37:32.000Z,"Jan 03, '27",0,2.0,,Bachelors/Family,1BHK Multistorey Apartment for Resale in Royal Plaza at Nala Sopara,,400.0,Nala Sopara
21,Less than 5 years,2800000.0,28 Lac,4553.0,2800000.0,3050000.0,1,2,,443.0,Sq-ft,615.0,12800.0,3,7.0,3 of 7 Floor,Semi-Furnished,,,Apartment,Resale,Ready to Move,20260821,20260821.0,,,4320,Mumbai,80051.0,Virar,,N,Casa Vista,N,,"[""19210|Sakinaka Metro Station|17 minutes|89296|19249"", ""19210|Chembur Monorail Station||89274|19248"", ""19201|L&T Business Park||89286|19221"", ""19201|Infinity It Park||89536|19221"", ""19202|Rd Memorial School||89488|19227"", ""19202|New Viva College of Arts, Commerce and Science||163007|19225"", ""19206|Big Bazaar||147834|19239"", ""19206|Om Arcade||10758|19239""]",19.2351346,72.9695698,"19.462194642857,72.8049130698568",b,12202 12203 12206 12207 12208 12209 12211 12214 12218 12219 12222 1404115 1404121 1404143,1404115 12214 1404143,"Service/Goods Lift,",F,False,,,,,,,,,2026-08-20T18:31:17.000Z,"Aug 21, '26",2024-10-25T18:30:00.000+00:00,2026-10-20T18:31:20.000Z,"Oct 21, '26",0,,,Bachelors/Family,1BHK Multistorey Apartment for Resale in Casa Vista at Virar,,615.0,Virar
22,Less than 5 years,3600000.0,36 Lac,5714.0,3600000.0,3920000.0,1,1,,454.0,Sq-ft,630.0,12800.0,12,12.0,12 of 12 Floor,Semi-Furnished,,,Apartment,Resale,Ready to Move,20260821,20260821.0,,,4320,Mumbai,89245.0,Virar West,,N,Poonam Heights Global City,N,,"[""19210|Chembur Monorail Station||89274|19248"", ""19210|Bolinj Naka Bus Stop||139184|19250"", ""19201|Westside - Grand Galleria Global City, Virar||164995|19239"", ""19202|Viva College||164993|19225"", ""19203|Sahyadri Multcipility Hospital||154499|"", ""19203|Sankalpa Hospital||154257|"", ""19206|Big Bazaar||147834|19239"", ""19206|Phoenix Marketcity Mall||89270|19239""]",19.1718061,72.8457784,"19.4638767047594,72.7822993572118",b,12201 12202 12207 12208 12209 12211 12216 12217 12218 12219 12221 12222 12229 1404108 1404113 1404118 1404121 1404124 1404125 1404131 1404143,1404118 1404108 1404131 12229 1404125 1404124 12221 12216 12217 1404113 1404143,"Jogging and Strolling Track,,,Internet/Wi-Fi Connectivity,Visitor Parking,Intercom Facility,,",F,False,,,,,,,,,2026-08-21T05:23:45.000Z,"Aug 21, '26",2024-10-25T18:30:00.000+00:00,2026-10-21T05:23:46.000Z,"Oct 21, '26",0,,,Bachelors/Family,1BHK Multistorey Apartment for Resale in Poonam Heights Global City at Virar West,,630.0,Virar West
23,Less than 5 years,3700000.0,37 Lac,5362.0,3700000.0,4000000.0,1,1,,497.0,Sq-ft,690.0,12800.0,2,15.0,2 of 15 Floor,Unfurnished,,,Apartment,Resale,Ready to Move,20260821,20260821.0,,,4320,Mumbai,89245.0,Virar West,,N,Sridutt Garden Avenue K,N,,"[""19210|Bolinj Naka Bus Stop||139184|19250"", ""19210|Chembur Monorail Station||89274|19248"", ""19201|Westside - Grand Galleria Global City, Virar||164995|19239"", ""19202|Viva College||164993|19225"", ""19203|Sahyadri Multcipility Hospital||154499|"", ""19203|Sankalpa Hospital||154257|"", ""19206|Big Bazaar||147834|19239"", ""19206|Phoenix Marketcity Mall||89270|19239""]",18.9582347,72.8319514,"19.4638767047594,72.7822993572118",b,12201 12202 12203 12204 12205 12206 12207 12208 12209 12211 12213 12214 12216 12217 12218 12219 12224 12228 12229 12523 12547 1404105 1404115 1404117 1404118 1404120 1404121 1404125 1404126 1404129 1404143,1404129 1404118 1404115 12224 12229 12523 1404125 1404105 12214 12216 12217 1404143,"Banquet Hall,Jogging and Strolling Track,Mini Cinema Theatre,,,Service/Goods Lift,Visitor Parking,Intercom Facility,",F,False,,,,,,,"NA|null,P99000004018|12/2018",,2026-08-21T05:21:54.000Z,"Aug 21, '26",2024-10-25T18:30:00.000+00:00,2026-10-21T05:21:55.000Z,"Oct 21, '26",0,,,Bachelors/Family,1BHK Multistorey Apartment for Resale in Sridutt Garden Avenue K at Virar West,,690.0,Virar West
24,Less than 5 years,3500000.0,35 Lac,8495.0,3500000.0,3820000.0,1,2,,297.0,Sq-ft,412.0,12800.0,13,14.0,13 of 14 Floor,Unfurnished,,,Apartment,Resale,Ready to Move,20260821,20260821.0,,,4320,Mumbai,89245.0,Virar West,,N,Sridutt Garden Avenue K,N,,"[""19210|Chembur Monorail Station||89274|19248"", ""19210|Bolinj Naka Bus Stop||139184|19250"", ""19201|Westside - Grand Galleria Global City, Virar||164995|19239"", ""19202|Viva College||164993|19225"", ""19203|Sankalpa Hospital||154257|"", ""19203|Sahyadri Multcipility Hospital||154499|"", ""19206|Phoenix Marketcity Mall||89270|19239"", ""19206|Big Bazaar||147834|19239""]",18.9582347,72.8319514,"19.4638767047594,72.7822993572118",b,12201 12202 12203 12204 12205 12206 12207 12208 12209 12211 12213 12214 12216 12217 12218 12219 12224 12228 12229 12523 12547 1404105 1404115 1404117 1404118 1404120 1404121 1404125 1404126 1404129 1404143,1404129 1404118 1404115 12224 12229 12523 1404125 1404105 12214 12216 12217 1404143,"Banquet Hall,Jogging and Strolling Track,Mini Cinema Theatre,,,Service/Goods Lift,Visitor Parking,Intercom Facility,",F,False,,,,,,,"NA|null,P99000004018|12/2018",,2026-08-21T05:21:51.000Z,"Aug 21, '26",2024-10-25T18:30:00.000+00:00,2026-10-21T05:21:52.000Z,"Oct 21, '26",0,,,Bachelors/Family,1BHK Multistorey Apartment for Resale in Sridutt Garden Avenue K at Virar West,,412.0,Virar West
25,Less than 5 years,3400000.0,34 Lac,5763.0,3400000.0,3710000.0,1,1,,425.0,Sq-ft,590.0,12800.0,8,10.0,8 of 10 Floor,Unfurnished,,,Apartment,Resale,Ready to Move,20260822,20260821.0,,,4320,Mumbai,89086.0,Palghar Naigaon East,,N,Sahakar Residency,N,,"[""19210|Mira Road Railway Station||89372|19248"", ""19201|Infinity It Park||89364|19221"", ""19202|Vedant International High School||89378|19227"", ""19202|Universal College of Engineering Mumbai||164955|19225""]",19.3513,72.87646,"19.3489277756968,72.8750219955356",b,,,,F,False,,,,,,,"NA|null,P51700009131|12/2018",,2026-08-21T08:56:24.000Z,"Aug 21, '26",2024-10-25T18:30:00.000+00:00,2027-01-03T08:56:24.000Z,"Jan 03, '27",0,,,Bachelors/Family,1BHK Multistorey Apartment for Resale in Sahakar Residency at Palghar Naigaon East,,590.0,Palghar Naigaon East
26,5 to 10 years,3700000.0,37 Lac,5692.0,3700000.0,4030000.0,1,2,,468.0,Sq-ft,650.0,12800.0,14,15.0,14 of 15 Floor,Furnished,,,Apartment,Resale,Ready to Move,20260822,20260821.0,,,4320,Mumbai,89245.0,Virar West,,N,Kalash Kumkum,N,,"[""19210|Chembur Monorail Station||89274|19248"", ""19210|Bolinj Naka Bus Stop||139184|19250"", ""19201|Westside - Grand Galleria Global City, Virar||164995|19239"", ""19202|Viva College||164993|19225"", ""19203|Sankalpa Hospital||154257|"", ""19203|Sahyadri Multcipility Hospital||154499|"", ""19206|Phoenix Marketcity Mall||89270|19239"", ""19206|Big Bazaar||147834|19239""]",19.2354189,72.860202,"19.4638767047594,72.7822993572118",b,12202 12204 12205 12206 12207 12208 12209 12211 12214 12216 12218 12219 12220 12222 12224 12226 12227 12229 1404112 1404115 1404117 1404120 1404121 1404124 1404129 1404131 1404143,1404129 1404115 1404131 12224 12229 1404112 12220 1404124 12214 12216 12227 1404143,"Banquet Hall,Jogging and Strolling Track,,Laundry Service,,Service/Goods Lift,Visitor Parking,Conference Room,",F,False,,,,,,,,,2026-08-21T08:51:56.000Z,"Aug 21, '26",2024-10-25T18:30:00.000+00:00,2027-01-03T08:51:56.000Z,"Jan 03, '27",0,,,Bachelors/Family,1BHK Multistorey Apartment for Resale in Kalash Kumkum at Virar West,,650.0,Virar West
27,5 to 10 years,3200000.0,32 Lac,5424.0,3200000.0,3490000.0,1,1,,425.0,Sq-ft,590.0,12800.0,7,9.0,7 of 9 Floor,Semi-Furnished,,,Apartment,Resale,Ready to Move,20260822,20260821.0,,,4320,Mumbai,104910.0,Nalasopara West,,N,Orange Heights,N,,"[""19210|Bhuigoan Police Station Bus Stop||167863|19250"", ""19210|Nalasopara Police Station Bus Stop||167875|19250"", ""19203|Riddhi Vinayak, Multi Speciality Hospital||10548|19230"", ""19206|Sahakari Bhandar||84898|19239""]",18.9582347,72.8319514,"19.4129235749963,72.7885889890948",b,12201 12202 12208 12209 12211 12216 12217 12218 12219 12221 12229 1404113 1404118 1404121 1404124 1404125 1404129 1404131 1404143,1404129 1404118 1404131 12229 1404125 1404124 12221 12216 12217 1404113 1404143,"Jogging and Strolling Track,,,Internet/Wi-Fi Connectivity,Visitor Parking,Intercom Facility,,",F,False,,,,,,,,,2026-08-21T08:29:35.000Z,"Aug 21, '26",2024-10-25T18:30:00.000+00:00,2027-01-03T08:29:35.000Z,"Jan 03, '27",0,,,Bachelors/Family,1BHK Multistorey Apartment for Resale in Orange Heights at Nalasopara West,,590.0,Nalasopara West
28,New Construction,4000000.0,40 Lac,4706.0,4000000.0,4360000.0,1,2,,612.0,Sq-ft,850.0,12800.0,1,8.0,1 of 8 Floor,Unfurnished,,,Apartment,Resale,Ready to Move,20260822,20260821.0,,,4320,Mumbai,104910.0,Nalasopara West,,N,Govinda Park,N,,"[""19210|Nalasopara Police Station Bus Stop||167875|19250"", ""19210|Bhuigoan Police Station Bus Stop||167863|19250"", ""19203|Riddhi Vinayak, Multi Speciality Hospital||10548|19230"", ""19206|Sahakari Bhandar||84898|19239""]",19.43164,72.81168,"19.4129235749963,72.7885889890948",b,12201 12202 12203 12204 12206 12208 12209 12213 12217 12229 1404121 1404131 1404143,1404131 12229 12217 1404143,"Jogging and Strolling Track,Intercom Facility,",F,False,,,,,,,,,2026-08-21T08:41:35.000Z,"Aug 21, '26",2024-10-25T18:30:00.000+00:00,2027-01-03T08:41:35.000Z,"Jan 03, '27",0,,,Bachelors/Family,1BHK Multistorey Apartment for Resale in Govinda Park at Nalasopara West,,850.0,Nalasopara West
29,Less than 5 years,3900000.0,39 Lac,6047.0,3900000.0,4250000.0,1,2,,464.0,Sq-ft,645.0,12800.0,11,14.0,11 of 14 Floor,Furnished,,,Apartment,Resale,Ready to Move,20260822,20260821.0,,,4320,Mumbai,89086.0,Palghar Naigaon East,,N,Sai Enclave,N,,"[""19210|Mira Road Railway Station||89372|19248"", ""19201|Infinity It Park||89364|19221"", ""19202|Vedant International High School||89378|19227"", ""19202|Universal College of Engineering Mumbai||164955|19225""]",19.28636,72.86827,"19.3489277756968,72.8750219955356",b,12202 12203 12207 12208 12209 12211 12214 12216 12218 12222 12229 1404115 1404121 1404131 1404143,1404115 1404131 12229 12214 12216 1404143,"Jogging and Strolling Track,Service/Goods Lift,Visitor Parking,",F,False,,,,,,,,,2026-08-21T08:39:17.000Z,"Aug 21, '26",2024-10-25T18:30:00.000+00:00,2027-01-03T08:39:17.000Z,"Jan 03, '27",0,,,Bachelors/Family,1BHK Multistorey Apartment for Resale in Sai Enclave at Palghar Naigaon East,,645.0,Palghar Naigaon East
30,Less than 5 years,7500000.0,75 Lac,16667.0,6980000.0,7500000.0,1,2,2.0,315.0,Sq-ft,450.0,12800.0,16,23.0,16 of 23 Floor,Furnished,,"Garden/Park, Main Road",Apartment,Resale,Ready to Move,20260822,,,,4320,Mumbai,78887.0,Mulund West,,Y,A And O Excellente,Y,,"[""19210|Santoshi Mata Mandir Bus Stop||161809|19250"", ""19210|Mulund Railway Station (W) Bus Stop||161803|19250"", ""19201|Ecstasy Business Park||74812|19221"", ""19201|R Mall, Mulund||161807|19239"", ""19202|St Mary Convent High School||88354|19227"", ""19202|Sri Sri Ravishankar Vidya Mandir||146074|19227"", ""19203|Manisha Universal Multispeciality Hospital, Mulund||161797|19230"", ""19203|ESIC Hospital||154431|"", ""19206|Jawahar Talkies||139808|19239"", ""19206|R-Mall||10656|19239""]",19.17711,72.95424,"19.1749536837097,72.943103519999",b,12206 12212,,,F,False,,,,,,,,,2026-08-22T07:06:01.000Z,Yesterday,2024-04-13T18:30:00.000+00:00,2027-01-04T07:06:01.000Z,"Jan 04, '27",0,1.0,,Bachelors/Family,1BHK Multistorey Apartment for Resale in A And O Excellente at Mulund West,,450.0,Mulund West
31,10 to 15 years,7000000.0,70 Lac,24221.0,6510000.0,7000000.0,1,2,,,,289.0,12800.0,,,,Unfurnished,East,Main Road,Residential House,Resale,Ready to Move,20260821,,12850.0,Sq-ft,4320,Mumbai,94053.0,Bangur Nagar,255.0,Y,Prarthana Apartment,N,The property is super close to Bangur Nagar Metro Station,,19.1032228,72.8518277,"19.16697,72.83154",b,12202 12207 12209 12211 12212 12216 12219 12222 12228,12216,Visitor Parking,F,False,1 Open,Water Availability 24 Hours Available,No/Rare Powercut,,,Marble,,Freehold,2026-08-21T05:31:39.000Z,"Aug 21, '26",2026-08-20T18:30:00.000+00:00,2027-01-03T05:31:39.000Z,"Jan 03, '27",0,2.0,,Bachelors/Family,1BHK Residential House for Resale in Prarthana Apartment at Bangur Nagar,None of these,289.0,Bangur Nagar
32,Above 20 years,5100000.0,51 Lac,8718.0,5100000.0,5560000.0,1,1,,421.0,Sq-ft,585.0,12800.0,2,3.0,2 of 3 Floor,Semi-Furnished,,,Apartment,Resale,Ready to Move,20260822,20260822.0,,,4320,Mumbai,,,,Y,,N,,,0.0,0.0,,b,,,,F,False,,,,,,,,,2026-08-21T19:46:04.000Z,Yesterday,2024-10-26T18:30:00.000+00:00,2026-10-21T19:46:04.000Z,"Oct 22, '26",0,,,Bachelors/Family,1BHK Multistorey Apartment for Resale in ,,585.0,
33,Less than 5 years,7200000.0,72 Lac,13091.0,7200000.0,7780000.0,1,1,,396.0,Sq-ft,550.0,12800.0,8,16.0,8 of 16 Floor,Semi-Furnished,,,Apartment,Resale,Ready to Move,20260822,20260822.0,,,4320,Mumbai,78885.0,Mira Road,,Y,Lodha Casa Supremo,N,,"[""19210|Mira Road Railway Station||139198|19248"", ""19210|Mira Road Railway Station||140596|19248"", ""19202|Shree L R Tiwari College of Engineering||161789|19225"", ""19202|Royal College||157187|"", ""19203|Sai Krupa Hospital||79718|19230"", ""19203|Manihar Hospital||167837|19230"", ""19206|Sahakari Bhandar||84896|19239"", ""19206|D Mart, Hatkesh Udhog Nagar||140992|19239""]",19.2833286,72.8803415,"19.2829267647424,72.8627883689306",b,,,,F,False,,,,,,,"NA|null,P51700012991|-1",,2026-08-21T20:00:32.000Z,Yesterday,2024-10-26T18:30:00.000+00:00,2026-10-21T20:00:33.000Z,"Oct 22, '26",0,,,Bachelors/Family,1BHK Multistorey Apartment for Resale in Lodha Casa Supremo at Mira Road Area,,550.0,Mira Road Area
34,New Construction,6900000.0,69 Lac,20235.0,6900000.0,7520000.0,1,1,,246.0,Sq-ft,341.0,12800.0,22,23.0,22 of 23 Floor,Unfurnished,,,Apartment,Resale,Ready to Move,20260822,20260821.0,,,4320,Mumbai,106859.0,Bhandup,,Y,Sudhanshu Imperia,N,,"[""19210|Jangal Mangal Road||139648|19250"", ""19210|Nahur Railway Station||10868|19248"", ""19201|Dream Mall Grand Marshal Company||161609|19239"", ""19201|Gauri Arcade Bhandup||161611|19239"", ""19202|Little Leos International School||157063|"", ""19202|Gs Shetty International School||87178|19227"", ""19203|Shah Children Hospital||80180|19230"", ""19203|A.P.S. Multi-speciality Hospital and ICCU (Central)||161601|19230"", ""19206|Dream The Mall||74714|19239""]",19.1537743,72.9296671,"19.14871992,72.94278085",b,12201 12202 12207 12208 12209 12211 12213 12214 12215 12216 12217 12218 12219 12221 12222 12223 12227 12234 12532 12556,12234 12556 12532 12215 12221 12223 12214 12216 12217 12227,"Skyline View,Fireplace,Theme based Architectures,Air Conditioned,Internet/Wi-Fi Connectivity,RO Water System,Service/Goods Lift,Visitor Parking,Intercom Facility,Conference Room",F,False,,,,,,,"NA|null,P51800003303|-1,P51800027547|-1",,2026-08-21T16:20:12.000Z,"Aug 21, '26",2024-10-25T18:30:00.000+00:00,2027-01-03T16:20:12.000Z,"Jan 03, '27",0,,,Bachelors/Family,1BHK Multistorey Apartment for Resale in Sudhanshu Imperia at Bhandup,,341.0,Bhandup
35,Less than 5 years,7500000.0,75 Lac,18293.0,7500000.0,8100000.0,1,1,,295.0,Sq-ft,410.0,12800.0,2,3.0,2 of 3 Floor,Unfurnished,,,Apartment,Resale,Ready to Move,20260822,20260821.0,,,4320,Mumbai,,,,Y,,N,,,0.0,0.0,,b,,,,F,False,,,,,,,,,2026-08-21T17:19:35.000Z,"Aug 21, '26",2024-10-25T18:30:00.000+00:00,2026-10-21T17:19:38.000Z,"Oct 21, '26",0,,,Bachelors/Family,1BHK Multistorey Apartment for Resale in ,,410.0,
36,New Construction,7500000.0,75 Lac,10135.0,7500000.0,8100000.0,1,2,,533.0,Sq-ft,740.0,12800.0,10,12.0,10 of 12 Floor,Unfurnished,,,Apartment,Resale,Ready to Move,20260822,20260821.0,,,4320,Mumbai,78885.0,Mira Road,,Y,Strawberry The Address,N,,"[""19210|Mira Road Railway Station||139198|19248"", ""19210|Mira Road Railway Station||140596|19248"", ""19202|Shree L R Tiwari College of Engineering||161789|19225"", ""19202|Royal College||157187|"", ""19203|Manihar Hospital||167837|19230"", ""19203|Bhakti Vedant Hospital||154429|"", ""19206|D Mart, Hatkesh Udhog Nagar||140992|19239"", ""19206|Sahakari Bhandar||84896|19239""]",19.0992243,72.9194563,"19.2829267647424,72.8627883689306",b,12201 12202 12203 12204 12206 12207 12208 12209 12213 12214 12215 12217 12219 12220 12533 12539 12543 12547 1404110 1404114 1404121 1404125 1404143,12539 12533 1404114 12215 12220 1404125 12214 12217 1404143,"Grand Entrance lobby,Health club with Steam / Jaccuzi,,Air Conditioned,Laundry Service,,Service/Goods Lift,Intercom Facility,",F,False,,,,,,,"NA|null,P51700010224|07/2019,P51700010395|04/2019,P51700018632|02/2018,P51700018682|04/2020",,2026-08-21T10:25:53.000Z,"Aug 21, '26",2024-10-25T18:30:00.000+00:00,2027-01-03T10:25:53.000Z,"Jan 03, '27",0,,,Bachelors/Family,1BHK Multistorey Apartment for Resale in Strawberry The Address at Mira Road Area,,740.0,Mira Road Area
37,10 to 15 years,7700000.0,77 Lac,14000.0,7700000.0,8320000.0,1,1,,396.0,Sq-ft,550.0,12800.0,5,7.0,5 of 7 Floor,Unfurnished,,,Apartment,Resale,Ready to Move,20260822,20260821.0,,,4320,Mumbai,107439.0,,,Y,Midas Enclave CHS ,N,,,19.0982514,72.8472092,"19.179903,72.845384",b,,,,F,False,,,,,,,,,2026-08-21T11:03:50.000Z,"Aug 21, '26",2024-10-25T18:30:00.000+00:00,2027-01-03T11:03:50.000Z,"Jan 03, '27",0,,,Bachelors/Family,1BHK Multistorey Apartment for Resale in Midas Enclave CHS  at Nadiyawala Colony 2,,550.0,Nadiyawala Colony 2
38,5 to 10 years,5200000.0,52 Lac,14857.0,5200000.0,5620000.0,1,1,,252.0,Sq-ft,350.0,12800.0,13,25.0,13 of 25 Floor,Unfurnished,,,Apartment,Resale,Ready to Move,20260822,20260821.0,,,4320,Mumbai,80084.0,Malad West,,Y,Malvani Panchratna CHS,N,,"[""19210|Malad West Metro Station|5 minutes|163061|19249"", ""19210|Valnai-Meeth Chowky Metro Station|5 minutes|167735|19249"", ""19201|Corporate Corner||151295|"", ""19201|Utsav Shopping Centre||167701|19239"", ""19202|St. Anne International||156761|"", ""19202|Vidgyor School||157099|"", ""19203|Adarsh Hospital||154161|"", ""19203|Vivanta Milti Speciality Hospital||153799|"", ""19206|Palm Court Shopping Complex||87494|19239"", ""19206|World of Titan Infiniti mall||84772|19239""]",19.2005484,72.8267098,"19.1940346300819,72.8257561606587",b,12202 12208 12211 12214 12218 12222 1404121,12214,Service/Goods Lift,F,False,,,,,,,,,2026-08-21T09:50:44.000Z,"Aug 21, '26",2024-10-25T18:30:00.000+00:00,2027-01-03T09:50:44.000Z,"Jan 03, '27",0,,,Bachelors/Family,1BHK Multistorey Apartment for Resale in Malvani Panchratna CHS at Malad West,,350.0,Malad West
39,New Construction,7500000.0,75 Lac,10345.0,7500000.0,8100000.0,1,1,,522.0,Sq-ft,725.0,12800.0,1,22.0,1 of 22 Floor,Unfurnished,,,Apartment,Resale,Ready to Move,20260822,20260821.0,,,4320,Mumbai,78885.0,Mira Road,,Y,SK PNK Imperial Heights,N,,"[""19210|Mira Road Railway Station||139198|19248"", ""19210|Mira Road Railway Station||140596|19248"", ""19202|Shree L R Tiwari College of Engineering||161789|19225"", ""19202|Royal College||157187|"", ""19203|Bharat Ratna Indira Gandhi Hospital||154489|"", ""19203|Bhakti Vedant Hospital||154429|"", ""19206|Sahakari Bhandar||84896|19239"", ""19206|PVR Cinemas||139420|19239""]",19.2718303,72.8741017999999,"19.2829267647424,72.8627883689306",b,12201 12202 12203 12204 12205 12206 12207 12208 12209 12211 12212 12213 12214 12215 12216 12217 12218 12219 12220 12221 12222 12223 12224 12225 12226 12227 12228 12229 12230 12560 1404110 1404115 1404120 1404121 1404128 1404131,12560 12225 1404115 1404128 1404131 12215 12224 12229 12230 12220 12221 12223 12214 12216 12217 12227,"Water Front,Bar/Lounge,,,,Air Conditioned,Banquet Hall,Jogging and Strolling Track,Outdoor Tennis Courts,Laundry Service,Internet/Wi-Fi Connectivity,RO Water System,Service/Goods Lift,Visitor Parking,Intercom Facility,Conference Room",F,False,,,,,,,"NA|null,P51700008172|09/2020",,2026-08-21T10:01:22.000Z,"Aug 21, '26",2024-10-25T18:30:00.000+00:00,2027-01-03T10:01:22.000Z,"Jan 03, '27",0,,,Bachelors/Family,1BHK Multistorey Apartment for Resale in SK PNK Imperial Heights at Mira Road Area,,725.0,Mira Road Area
40,Above 20 years,7500000.0,75 Lac,17045.0,7500000.0,8180000.0,1,1,,317.0,Sq-ft,440.0,12800.0,2,4.0,2 of 4 Floor,Unfurnished,,,Apartment,Resale,Ready to Move,20260822,20260821.0,,,4320,Mumbai,80084.0,Malad West,,N,Libra CHS,N,,"[""19210|Malad West Metro Station|5 minutes|163061|19249"", ""19210|Wadala Monorail Station||89184|19248"", ""19201|Infiniti Mall||167721|19239"", ""19201|Gem Star Commercial Complex||151437|"", ""19202|Atharva Institute of Management Studies||163057|19227"", ""19202|Amity Global Business School||163055|19227"", ""19203|Shah Lifeline Hospital||163063|19230"", ""19203|Sun Hospital||154927|"", ""19206|Star Home Super Market-Malad West||84738|19239"", ""19206|Hypercity Retail India Limited Head Office||84622|19239""]",19.199299,72.8216250999999,"19.1940346300819,72.8257561606587",b,12202 12208 12211 12214 12216 12222 1404121,12214 12216,"Service/Goods Lift,Visitor Parking",F,False,,,,,,,,,2026-08-21T10:11:46.000Z,"Aug 21, '26",2024-10-25T18:30:00.000+00:00,2027-01-03T10:11:46.000Z,"Jan 03, '27",0,,,Bachelors/Family,1BHK Multistorey Apartment for Resale in Libra CHS at Malad West,,440.0,Malad West
41,New Construction,7700000.0,77 Lac,17111.0,7700000.0,8320000.0,1,1,,324.0,Sq-ft,450.0,12800.0,2,4.0,2 of 4 Floor,Furnished,,,Apartment,Resale,Ready to Move,20260822,20260821.0,,,4320,Mumbai,80084.0,Malad West,,N,Virgo Apartment,N,,"[""19210|Malad West Metro Station|5 minutes|163061|19249"", ""19210|Malad Depot Bus Stop||167715|19250"", ""19201|Gem Star Commercial Complex||151437|"", ""19201|Paradigm Comercial||151405|"", ""19202|Amity Global Business School||163055|19227"", ""19202|Carmel Of St. Joseph School||157477|"", ""19203|Prem Kitchen And Bar||153627|"", ""19203|Surana Hospital & Research Centre||10562|19230"", ""19206|Star Home Super Market-Malad West||84738|19239"", ""19206|Nataraj Market||148614|19239""]",19.1980005,72.8215446999999,"19.1940346300819,72.8257561606587",b,12202 12211 12214 12218 12222 1404121,12214,Service/Goods Lift,F,False,,,,,,,,,2026-08-21T10:11:32.000Z,"Aug 21, '26",2024-10-25T18:30:00.000+00:00,2027-01-03T10:11:32.000Z,"Jan 03, '27",0,,,Bachelors/Family,1BHK Multistorey Apartment for Resale in Virgo Apartment at Malad West,,450.0,Malad West
42,,5500000.0,55 Lac,12088.0,5500000.0,6000000.0,1,2,,328.0,Sq-ft,455.0,12800.0,5,22.0,5 of 22 Floor,Unfurnished,,,Apartment,Resale,Under Construction,20260822,20260821.0,,,4320,Mumbai,78885.0,Mira Road,,N,Ravi Origin Shubh Atika,N,,"[""19210|Mira Road Railway Station||139198|19248"", ""19210|Mira Road Railway Station||140596|19248"", ""19202|Royal College||157187|"", ""19202|Shree L R Tiwari College of Engineering||161789|19225"", ""19203|Manihar Hospital||167837|19230"", ""19203|Bharat Ratna Indira Gandhi Hospital||154489|"", ""19206|D Mart, Hatkesh Udhog Nagar||140992|19239"", ""19206|PVR Cinemas||139420|19239""]",18.9582347,72.8319514,"19.2829267647424,72.8627883689306",b,12202 12203 12206 12581 1404146 1404152 1404158,1404152 12581 1404158,"Kids play area,",F,False,,,,,,,"NA|null,P51700009680|05/2013",,2026-08-21T14:03:49.000Z,"Aug 21, '26",2024-10-25T18:30:00.000+00:00,2027-01-03T14:03:49.000Z,"Jan 03, '27",0,,,Bachelors/Family,1BHK Multistorey Apartment for Resale in Ravi Origin Shubh Atika at Mira Road Area,,455.0,Mira Road Area
43,Less than 5 years,7200000.0,72 Lac,20630.0,7200000.0,7850000.0,1,1,,251.0,Sq-ft,349.0,12800.0,21,22.0,21 of 22 Floor,Unfurnished,,,Apartment,Resale,Ready to Move,20260822,20260821.0,,,4320,Mumbai,78840.0,Bhandup West,,N,Shraddha Evoque,N,,"[""19210|Nahur Station (E) Bus Stop||167669|19250"", ""19210|Tank Road Bus Stop||139418|19250"", ""19201|Gauri Arcade Bhandup||161611|19239"", ""19201|Dream Mall Grand Marshal Company||161609|19239"", ""19202|Dg Khetan International School||88778|19227"", ""19202|Shri Ram college of commerce and science||167667|19225"", ""19203|SAS Hospital||154981|"", ""19203|Badwik Hospital||73162|19230""]",19.159,72.93162,"19.149901,72.931134",b,12202 12203 12204 12205 12206 12208 12209 12219 12229 12530 12547 1404115 1404117 1404121 1404143,1404115 12229 12530 1404143,"Jogging and Strolling Track,Earth quake resistant,",F,False,,,,,,,"NA|null,P51800008864|12/2022",,2026-08-21T13:30:57.000Z,"Aug 21, '26",2024-10-25T18:30:00.000+00:00,2027-01-03T13:30:57.000Z,"Jan 03, '27",0,,,Bachelors/Family,1BHK Multistorey Apartment for Resale in Shraddha Evoque at Bhandup West,,349.0,Bhandup West
44,Less than 5 years,7500000.0,75 Lac,14019.0,7500000.0,8100000.0,1,1,,385.0,Sq-ft,535.0,12800.0,22,23.0,22 of 23 Floor,Furnished,,,Apartment,Resale,Ready to Move,20260822,20260821.0,,,4320,Mumbai,78840.0,Bhandup West,,N,Shraddha Evoque,N,,"[""19210|Mangatram Petrol Pump Bus Stop||138736|19250"", ""19210|Nahur Railway Station||10868|19248"", ""19201|Hallmark Commercial Project||151389|"", ""19201|Gauri Arcade Bhandup||161611|19239"", ""19202|Shri Ram college of commerce and science||167667|19225"", ""19202|Dg Khetan International School||88778|19227"", ""19203|A.P.S. Multi-speciality Hospital and ICCU (Central)||161601|19230"", ""19203|SAS Hospital||154981|""]",19.159,72.93162,"19.149901,72.931134",b,12202 12203 12204 12205 12206 12208 12209 12219 12229 12530 12547 1404115 1404117 1404121 1404143,1404115 12229 12530 1404143,"Jogging and Strolling Track,Earth quake resistant,",F,False,,,,,,,"NA|null,P51800008864|12/2022",,2026-08-21T13:30:41.000Z,"Aug 21, '26",2024-10-25T18:30:00.000+00:00,2027-01-03T13:30:41.000Z,"Jan 03, '27",0,,,Bachelors/Family,1BHK Multistorey Apartment for Resale in Shraddha Evoque at Bhandup West,,535.0,Bhandup West
45,Less than 5 years,7250000.0,72.5 Lac,12719.0,7250000.0,7900000.0,1,2,,410.0,Sq-ft,570.0,12800.0,14,23.0,14 of 23 Floor,Unfurnished,,,Apartment,Resale,Ready to Move,20260822,20260821.0,,,4320,Mumbai,108419.0,Mira Road,,N,,N,,"[""19202|Senthome Public School||157205|"", ""19202|Holy Cross Convent School||157207|"", ""19203|Vedanta Hospital||154455|""]",0.0,0.0,"19.2824790028886,72.8826767010947",b,,,,F,False,,,,,,,,,2026-08-21T14:26:30.000Z,"Aug 21, '26",2024-10-25T18:30:00.000+00:00,2027-01-03T14:26:30.000Z,"Jan 03, '27",0,,,Bachelors/Family,1BHK Multistorey Apartment for Resale in Mira Road,,570.0,Mira Road
46,,6800000.0,68 Lac,21587.0,6800000.0,7410000.0,1,1,,227.0,Sq-ft,315.0,12800.0,19,23.0,19 of 23 Floor,Unfurnished,,,Apartment,Resale,Under Construction,20260822,20260821.0,,,4320,Mumbai,78840.0,Bhandup West,,N,Shraddha Nipun Galaxy,N,,"[""19210|Jangal Mangal Road||139648|19250"", ""19210|Mangatram Petrol Pump Bus Stop||138736|19250"", ""19201|Dream Mall Grand Marshal Company||161609|19239"", ""19201|Hallmark Commercial Project||151389|"", ""19202|Dg Khetan International School||88778|19227"", ""19202|Mumbai Public School||157029|"", ""19203|Badwik Hospital||73162|19230"", ""19203|SAS Hospital||154981|""]",19.1472399,72.9266399,"19.149901,72.931134",b,12201 12202 12206 12209 12547 12548 12556 1404117 1404143 1404146,12556 12548 1404143,"Fireplace,Fire Sprinklers,",F,False,,,,,,,"NA|null,P51800018203|07/2001",,2026-08-21T14:49:19.000Z,"Aug 21, '26",2024-10-25T18:30:00.000+00:00,2027-01-03T14:49:19.000Z,"Jan 03, '27",0,,,Bachelors/Family,1BHK Multistorey Apartment for Resale in Shraddha Nipun Galaxy at Bhandup West,,315.0,Bhandup West
47,Less than 5 years,5700000.0,57 Lac,13194.0,5700000.0,6210000.0,1,1,,311.0,Sq-ft,432.0,12800.0,5,7.0,5 of 7 Floor,Unfurnished,,,Apartment,Resale,Ready to Move,20260822,20260821.0,,,4320,Mumbai,78840.0,Bhandup West,,N, Ranjana Mount Bliss,N,,"[""19210|Tank Road Bus Stop||139418|19250"", ""19210|Devepada Police Station Bus Stop||161603|19250"", ""19201|Hallmark Commercial Project||151389|"", ""19201|Gauri Arcade Bhandup||161611|19239"", ""19202|Shri Ram college of commerce and science||167667|19225"", ""19202|Dg Khetan International School||88778|19227"", ""19203|A.P.S. Multi-speciality Hospital and ICCU (Central)||161601|19230"", ""19203|Dr. Meena`s Multispeciality Hospital Bhandup||161605|19230""]",19.1533209,72.928637,"19.149901,72.931134",b,12201 12202 12203 12204 12205 12206 12209 12216 12217 12581 1404117 1404124 1404131 1404143 1404146,12581 1404131 1404124 12216 12217 1404143,"Kids play area,,,Visitor Parking,Intercom Facility,",F,False,,,,,,,"NA|null,P51800014154|12/2021",,2026-08-21T18:03:30.000Z,"Aug 21, '26",2024-10-25T18:30:00.000+00:00,2026-10-21T18:03:34.000Z,"Oct 21, '26",0,,,Bachelors/Family,1BHK Multistorey Apartment for Resale in  Ranjana Mount Bliss at Bhandup West,,432.0,Bhandup West
48,New Construction,6000000.0,60 Lac,10453.0,6000000.0,6540000.0,1,2,,413.0,Sq-ft,574.0,12800.0,11,20.0,11 of 20 Floor,Unfurnished,,,Apartment,Resale,Ready to Move,20260822,20260821.0,,,4320,Mumbai,78885.0,Mira Road,,N,DB Ozone,N,,"[""19210|Mira Road Railway Station||139198|19248"", ""19210|Mira Road Railway Station||140596|19248"", ""19202|Royal College||157187|"", ""19202|Shree L R Tiwari College of Engineering||161789|19225"", ""19203|Sai Krupa Hospital||79718|19230"", ""19203|Bhakti Vedant Hospital||154429|"", ""19206|Sahakari Bhandar||84896|19239"", ""19206|PVR Cinemas||139420|19239""]",19.261236,72.8748094,"19.2829267647424,72.8627883689306",b,12201 12202 12203 12204 12205 12206 12207 12208 12209 12211 12213 12214 12215 12216 12217 12218 12219 12220 12221 12222 12223 12224 12227 12228 12229 12230 1404105 1404106 1404107 1404108 1404109 1404110 1404111 1404112 1404113 1404114 1404115 1404116 1404117 1404118 1404120 1404121 1404123 1404124 1404125 1404126 1404127 1404128 1404129 1404130 1404131 1404143,1404129 1404127 1404114 1404118 1404108 1404115 1404128 1404131 1404123 12215 12224 12229 12230 1404112 1404109 1404116 12220 1404125 1404124 1404106 1404105 12221 12223 12214 12216 12217 12227 1404113 1404143,"Air Conditioned,Banquet Hall,Jogging and Strolling Track,Outdoor Tennis Courts,,,,Laundry Service,,,,,Internet/Wi-Fi Connectivity,RO Water System,Service/Goods Lift,Visitor Parking,Intercom Facility,Conference Room,,",F,False,,,,,,,"NA|null,P51700003433|-1",,2026-08-21T06:45:28.000Z,"Aug 21, '26",2024-10-25T18:30:00.000+00:00,2027-01-03T06:45:28.000Z,"Jan 03, '27",0,,,Bachelors/Family,1BHK Multistorey Apartment for Resale in DB Ozone at Mira Road Area,,574.0,Mira Road Area
49,Less than 5 years,5500000.0,55 Lac,7746.0,5500000.0,5940000.0,1,2,,511.0,Sq-ft,710.0,12800.0,3,15.0,3 of 15 Floor,Unfurnished,,,Apartment,Resale,Ready to Move,20260822,20260821.0,,,4320,Mumbai,78885.0,Mira Road,,N,Hatkesh Heights,N,,"[""19210|Mira Road Railway Station||139198|19248"", ""19210|Mira Road Railway Station||140596|19248"", ""19202|Royal College||157187|"", ""19202|Shree L R Tiwari College of Engineering||161789|19225"", ""19203|Dr Pravin Singh||154315|"", ""19203|Manihar Hospital||167837|19230"", ""19206|Sahakari Bhandar||84896|19239"", ""19206|PVR Cinemas||139420|19239""]",19.28237,72.87976,"19.2829267647424,72.8627883689306",b,12201 12202 12203 12204 12205 12206 12207 12208 12209 12211 12213 12215 12216 12217 12218 12219 1404110 1404115 1404129 1404143,1404129 1404115 12215 12216 12217 1404143,"Air Conditioned,Visitor Parking,Intercom Facility,",F,False,,,,,,,"NA|null,P51700008077|03/2020",,2026-08-21T08:32:08.000Z,"Aug 21, '26",2024-10-25T18:30:00.000+00:00,2027-01-03T08:32:08.000Z,"Jan 03, '27",0,,,Bachelors/Family,1BHK Multistorey Apartment for Resale in Hatkesh Heights at Mira Road Area,,710.0,Mira Road Area
50,New Construction,5200000.0,52 Lac,9811.0,5200000.0,5670000.0,1,1,,382.0,Sq-ft,530.0,12800.0,Ground,7.0,Ground of 7 Floor,Unfurnished,,,Apartment,Resale,Ready to Move,20260822,20260821.0,,,4320,Mumbai,78885.0,Mira Road,,N,Vasudev Complex,N,,"[""19210|Mira Road Railway Station||139198|19248"", ""19210|Mira Road Railway Station||140596|19248"", ""19202|Royal College||157187|"", ""19202|Shree L R Tiwari College of Engineering||161789|19225"", ""19203|Dr Pravin Singh||154315|"", ""19203|Sai Krupa Hospital||79718|19230"", ""19206|D Mart, Hatkesh Udhog Nagar||140992|19239"", ""19206|PVR Cinemas||139420|19239""]",19.29519,72.87698,"19.2829267647424,72.8627883689306",b,,,,F,False,,,,,,,,,2026-08-21T08:29:08.000Z,"Aug 21, '26",2024-10-25T18:30:00.000+00:00,2027-01-03T08:29:08.000Z,"Jan 03, '27",0,,,Bachelors/Family,1BHK Multistorey Apartment for Resale in Vasudev Complex at Mira Road Area,,530.0,Mira Road Area
51,15 to 20 years,5900000.0,59 Lac,9365.0,5900000.0,6370000.0,1,2,,454.0,Sq-ft,630.0,12800.0,5,7.0,5 of 7 Floor,Unfurnished,,,Apartment,Resale,Ready to Move,20260821,20260821.0,,,4320,Mumbai,78885.0,Mira Road,,N,Ankur Enclave,N,,"[""19210|Mira Road Railway Station||140596|19248"", ""19210|Mira Road Railway Station||139198|19248"", ""19202|Royal College||157187|"", ""19202|Shree L R Tiwari College of Engineering||161789|19225"", ""19203|Bhakti Vedant Hospital||154429|"", ""19203|Sai Krupa Hospital||79718|19230"", ""19206|Sahakari Bhandar||84896|19239"", ""19206|PVR Cinemas||139420|19239""]",19.27907,72.87314,"19.2829267647424,72.8627883689306",b,,,,F,False,,,,,,,,,2026-08-21T04:54:05.000Z,"Aug 21, '26",2024-10-25T18:30:00.000+00:00,2026-10-21T04:54:06.000Z,"Oct 21, '26",0,,,Bachelors/Family,1BHK Multistorey Apartment for Resale in Ankur Enclave at Mira Road Area,,630.0,Mira Road Area
52,Above 20 years,7200000.0,72 Lac,13091.0,7200000.0,7850000.0,1,1,,396.0,Sq-ft,550.0,12800.0,2,7.0,2 of 7 Floor,Semi-Furnished,,,Apartment,Resale,Ready to Move,20260821,20260821.0,,,4320,Mumbai,94039.0,Kharodi,,N,Marve Queen,N,,,19.19304,72.81956,"19.1959084380303,72.8193425711945",b,,,,F,False,,,,,,,,,2026-08-21T04:51:51.000Z,"Aug 21, '26",2024-10-25T18:30:00.000+00:00,2026-10-21T04:51:51.000Z,"Oct 21, '26",0,,,Bachelors/Family,1BHK Multistorey Apartment for Resale in Marve Queen at Kharodi,,550.0,Kharodi
53,Less than 5 years,7500000.0,75 Lac,23438.0,7500000.0,8100000.0,1,1,,230.0,Sq-ft,320.0,12800.0,3,8.0,3 of 8 Floor,Furnished,,,Apartment,Resale,Ready to Move,20260821,20260821.0,,,4320,Mumbai,80084.0,Malad West,,N,,N,,"[""19210|Malad West Metro Station|5 minutes|163061|19249"", ""19210|Gtb Nagar Monorail Station||89186|19248"", ""19201|Corporate Corner||151295|"", ""19201|Utsav Shopping Centre||167701|19239"", ""19202|Shri Balaji International School||87474|19227"", ""19202|Billabong High International School||163067|"", ""19203|Shah Lifeline Hospital||163063|19230"", ""19203|Infinity Multi-Speciality Hospital||154941|"", ""19206|Nataraj Market||148614|19239"", ""19206|Inorbit Mall ||84774|19239""]",0.0,0.0,"19.1940346300819,72.8257561606587",b,,,,F,False,,,,,,,,,2026-08-21T04:52:59.000Z,"Aug 21, '26",2024-10-25T18:30:00.000+00:00,2026-10-21T04:53:00.000Z,"Oct 21, '26",0,,,Bachelors/Family,1BHK Multistorey Apartment for Resale in Malad West,,320.0,Malad West
54,Above 20 years,7500000.0,75 Lac,24194.0,7500000.0,8100000.0,1,1,,223.0,Sq-ft,310.0,12800.0,Ground,2.0,Ground of 2 Floor,Furnished,,,Apartment,Resale,Ready to Move,20260821,20260821.0,,,4320,Mumbai,78873.0,Kurla West,,N,Kapleshwar CHS,N,,"[""19210|Kurla Railway Station||10862|19248"", ""19210|Kurla Station (W) Bus Stop||161751|19250"", ""19201|Agastya Corporate Park Piramal Realty||72342|19221"", ""19201|Equinox Business Park||74910|19221"", ""19202|Al Barkaat Malik Muhammad Islam English School||161757|19227"", ""19202|ATLAS SkillTech University||161747|19227"", ""19203|Bmc Hospital||153629|"", ""19203|CritiCare Asia Multi Specialty Hospital||161749|19230"", ""19206|Kurla Metro Mall||84752|19239"", ""19206|DMart miniMAX||84492|19239""]",19.06772,72.87501,"19.077063,72.8840395",b,,,,F,False,,,,,,,"NA|null,P51600016108|03/2019",,2026-08-21T04:46:51.000Z,"Aug 21, '26",2024-10-25T18:30:00.000+00:00,2026-10-21T04:46:52.000Z,"Oct 21, '26",0,,,Bachelors/Family,1BHK Multistorey Apartment for Resale in Kapleshwar CHS at Kurla West,,310.0,Kurla West
55,,7625000.0,76.3 Lac,12500.0,7625000.0,8310000.0,1,1,,439.0,Sq-ft,610.0,12800.0,10,13.0,10 of 13 Floor,Unfurnished,,,Apartment,Resale,Under Construction,20260821,20260821.0,,,4320,Mumbai,106047.0,Govandi Station Road,,N,,N,,"[""19203|Shreesiddhi Multispeciality Hospital||154983|""]",0.0,0.0,"19.049179,72.9144",b,,,,F,False,,,,,,,,,2026-08-21T04:20:25.000Z,"Aug 21, '26",2024-10-25T18:30:00.000+00:00,2026-10-21T04:20:25.000Z,"Oct 21, '26",0,,,Bachelors/Family,1BHK Multistorey Apartment for Resale in Govandi Station Road,,610.0,Govandi Station Road
56,10 to 15 years,6700000.0,67 Lac,13086.0,6700000.0,7300000.0,1,2,,369.0,Sq-ft,512.0,12800.0,3,3.0,3 of 3 Floor,Semi-Furnished,,,Apartment,Resale,Ready to Move,20260821,20260821.0,,,4320,Mumbai,78841.0,Bhayandar East,,N,Om Sheetal Arcade,N,,"[""19210|Bhayander Railway Station||10896|19248"", ""19210|New Golden Nest Bus Stop||139850|19250"", ""19202|Seven Square Academy||146236|19227"", ""19202|Rohidas Patil Institute Of Management Studies||161621|19227"", ""19203|Indralok Multispeciality Hospital||161619|19230""]",19.30318,72.86619,"19.3096844760714,72.8623193046283",b,,,,F,False,,,,,,,,,2026-08-21T04:16:19.000Z,"Aug 21, '26",2024-10-25T18:30:00.000+00:00,2026-10-21T04:16:19.000Z,"Oct 21, '26",0,,,Bachelors/Family,1BHK Multistorey Apartment for Resale in Om Sheetal Arcade at Bhayandar East,,512.0,Bhayandar East
57,Above 20 years,8000000.0,80 Lac,12308.0,8000000.0,8720000.0,1,1,,468.0,Sq-ft,650.0,12800.0,3,3.0,3 of 3 Floor,Unfurnished,,,Apartment,Resale,Ready to Move,20260821,20260821.0,,,4320,Mumbai,109853.0,,,N,Bhalerao Nirmala Niwas,N,,"[""19202|Mumbai Public School||157089|"", ""19203|Sushrut Hospital||154239|""]",19.0015923,72.8396856,"19.0611638862632,72.8948410560158",b,,,,F,False,,,,,,,,,2026-08-21T04:19:46.000Z,"Aug 21, '26",2024-10-25T18:30:00.000+00:00,2026-10-21T04:19:46.000Z,"Oct 21, '26",0,,,Bachelors/Family,1BHK Multistorey Apartment for Resale in Bhalerao Nirmala Niwas at Chembur East,,650.0,Chembur East
58,Above 20 years,7550000.0,75.5 Lac,16413.0,7550000.0,8230000.0,1,2,,331.0,Sq-ft,460.0,12800.0,2,4.0,2 of 4 Floor,Semi-Furnished,,,Apartment,Resale,Ready to Move,20260822,20260821.0,,,4320,Mumbai,80084.0,Malad West,,N,Sadhu Hiranand,N,,"[""19210|Malad West Metro Station|5 minutes|163061|19249"", ""19210|Sunder Nagar Auto Stand||158137|"", ""19201|Utsav Shopping Centre||167701|19239"", ""19201|Gem Star Commercial Complex||151437|"", ""19202|St. Anne International||156761|"", ""19202|Billabong High International School||163067|"", ""19203|Shah Lifeline Multispeciality Hospital||163065|19230"", ""19203|Surana Hospital & Research Centre||10562|19230"", ""19206|Palm Court Shopping Complex||87494|19239"", ""19206|Star Home Super Market-Malad West||84738|19239""]",19.182004,72.869271,"19.1940346300819,72.8257561606587",b,12202 12208 12211 12214 12216 12222 1404121,12214 12216,"Service/Goods Lift,Visitor Parking",F,False,,,,,,,,,2026-08-21T09:13:44.000Z,"Aug 21, '26",2024-10-25T18:30:00.000+00:00,2027-01-03T09:13:44.000Z,"Jan 03, '27",0,,,Bachelors/Family,1BHK Multistorey Apartment for Resale in Sadhu Hiranand at Malad West,,460.0,Malad West
59,5 to 10 years,6000000.0,60 Lac,,6000000.0,6420000.0,1,2,,400.0,Sq-ft,,,Ground,3.0,Ground of 3 Floor,Semi-Furnished,,,Apartment,Resale,Ready to Move,20260819,20260819.0,,,4320,Mumbai,78885.0,Mira Road,,N,Hiral Greens,Y,,"[""19210|Mira Road Railway Station||139198|19248"", ""19210|Mira Road Railway Station||140596|19248"", ""19202|Royal College||157187|"", ""19202|Shree L R Tiwari College of Engineering||161789|19225"", ""19203|Dr Pravin Singh||154315|"", ""19203|Manihar Hospital||167837|19230"", ""19206|Sahakari Bhandar||84896|19239"", ""19206|D Mart, Hatkesh Udhog Nagar||140992|19239""]",19.2684,72.8742,"19.2829267647424,72.8627883689306",b,,,,F,False,,,,,,,,,2026-08-19T07:57:08.000Z,"Aug 19, '26",2025-06-05T18:30:00.000+00:00,2027-01-01T07:57:08.000Z,"Jan 01, '27",0,4.0,,Bachelors/Family,1BHK Multistorey Apartment for Resale in Hiral Greens at Mira Road Area,,,Mira Road Area
60,15 to 20 years,11000000.0,1.10 Cr,20952.0,10000000.0,11000000.0,1,2,,425.0,Sq-ft,525.0,12800.0,1,7.0,1 of 7 Floor,Semi-Furnished,,,Apartment,Resale,Ready to Move,20260822,,,,4320,Mumbai,78844.0,Borivali West,,Y,Blue Crystal,N,Near JBCN School and 5 minutes from Dahisar station and IC colony.,"[""19210|Borivali (West) Metro Station|5 minutes|165267|19249"", ""19210|Borivali 1 Bus Stop||167801|19250"", ""19201|Utopia Garden Grove Mall||167765|19239"", ""19201|Shree Ashapura Super Market||167767|19239"", ""19202|Kids House||157113|"", ""19202|Mumbai Public School||157039|"", ""19203|Pulse||154173|"", ""19203|Karuna Hospital||154935|"", ""19206|Moksh Plaza Mall||88632|19239"", ""19206|D-Victorian Mall||10806|19239""]",19.23351,72.83678,"19.2335321,72.839198",b,12202 12228,,,F,False,,Water Availability 24 Hours Available,,,,Ceramic Tiles,,Freehold,2026-08-21T18:57:14.000Z,Yesterday,2026-08-21T18:30:00.000+00:00,2027-01-03T18:57:14.000Z,"Jan 04, '27",0,,,Bachelors/Family,1BHK Multistorey Apartment for Resale in Blue Crystal at Borivali West,,525.0,Borivali West
61,15 to 20 years,9500000.0,95 Lac,19000.0,8930000.0,9500000.0,1,1,,352.0,Sq-ft,500.0,12800.0,8,8.0,8 of 8 Floor,Furnished,East,,Apartment,Resale,Ready to Move,20260822,,,,4320,Mumbai,,,,Y,,Y,"Near to BMC swimming pool, Dheeraj presidency complex",,0.0,0.0,,b,12202 12207,,,F,False,,,,,,,,Freehold,2026-08-22T09:10:57.000Z,Yesterday,2026-08-21T18:30:00.000+00:00,2026-09-10T18:30:00.000Z,"Sep 11, '26",0,,,Bachelors/Family,1BHK Multistorey Apartment for Resale in ,,500.0,
62,,12000000.0,1.20 Cr,28235.0,12000000.0,12800000.0,1,2,,,,425.0,12800.0,7,11.0,7 of 11 Floor,Unfurnished,,,Apartment,Resale,Ready to Move,20260822,,,,4320,Mumbai,80084.0,Malad West,,Y,Shree Sai Imperial Hava Hira,N,,"[""19210|Malad West Metro Station|5 minutes|163061|19249"", ""19210|Malad Station (W) / Sainath Road Chowki Bus Stop||167729|19250"", ""19201|Paradigm Comercial||151405|"", ""19201|Utsav Shopping Centre||167701|19239"", ""19202|Sh Agarwal International School||87476|19227"", ""19202|Ins Hamla School Erangal||76138|19227"", ""19203|Surana Hospital & Research Centre||10562|19230"", ""19203|Infinity Multi-Speciality Hospital||154941|"", ""19206|Fbb||84814|19239"", ""19206|Inorbit Mall ||84774|19239""]",19.17978785159068,72.846006968917,"19.1940346300819,72.8257561606587",b,,,,F,False,,,,,,,"NA|null,PR1180002500372|-1",,2026-08-21T11:17:59.000Z,"Aug 21, '26",2026-08-20T18:30:00.000+00:00,2027-01-03T11:17:59.000Z,"Jan 03, '27",0,2.0,,Bachelors/Family,1BHK Multistorey Apartment for Resale in Shree Sai Imperial Hava Hira at Malad West,,425.0,Malad West
63,,9500000.0,95 Lac,27143.0,9500000.0,10360000.0,1,1,,,,350.0,12800.0,3,5.0,3 of 5 Floor,Semi-Furnished,,,Apartment,Resale,,20260823,20260823.0,,,4320,Mumbai,105397.0,New Nagardas Road,,Y,,N,,,0.0,0.0,"19.1250117630727,72.8499345539776",b,,,,F,False,,,,,,,,,2026-08-23T12:16:29.000Z,Today,2023-06-28T18:30:00.000+00:00,2027-01-02T12:16:29.000Z,"Jan 02, '27",0,0.0,,Bachelors/Family,1BHK Multistorey Apartment for Resale in New Nagardas Road,,350.0,New Nagardas Road
64,Above 20 years,9500000.0,95 Lac,17273.0,9500000.0,10260000.0,1,1,,396.0,Sq-ft,550.0,12800.0,1,7.0,1 of 7 Floor,Semi-Furnished,,,Apartment,Resale,Ready to Move,20260822,20260822.0,,,4320,Mumbai,78866.0,Kandivali East,,Y,Essbel CHS,N,,"[""19210|Poisar Metro Station|5 minutes|161727|19249"", ""19210|Kandivali East Bus Stop||167741|19250"", ""19201|LIC Corporation||151127|"", ""19201| Mindspace Malad||88748|19221"", ""19202|Nirmala Memorial Foundation College of Commerce & Science||161725|19225"", ""19202|Mumbai Public School||157489|"", ""19203|ESIC Hospital||154947|"", ""19203|Apex Hospital||153269|"", ""19206|Reliance Mall Borivali||89062|19239"", ""19206|Star Bazaar||84714|19239""]",19.21224,72.86548,"19.2050017,72.8692711",b,,,,F,False,,,,,,,,,2026-08-21T19:42:55.000Z,Yesterday,2024-10-26T18:30:00.000+00:00,2026-10-21T19:42:56.000Z,"Oct 22, '26",0,,,Bachelors/Family,1BHK Multistorey Apartment for Resale in Essbel CHS at Kandivali East,,550.0,Kandivali East
65,Less than 5 years,10500000.0,1.05 Cr,14423.0,10500000.0,11300000.0,1,2,,524.0,Sq-ft,728.0,12800.0,9,16.0,9 of 16 Floor,Semi-Furnished,,,Apartment,Resale,Ready to Move,20260822,20260822.0,,,4320,Mumbai,78872.0,Kurla East,,Y,Sayba Residences,N,,"[""19210|Kurla Railway Station (Central And Harbour Lines)||86690|19248""]",19.0620073,72.8851215999999,"19.0615645059118,72.880543263673",b,,,,F,False,,,,,,,,,2026-08-21T20:15:23.000Z,Yesterday,2024-10-26T18:30:00.000+00:00,2026-10-21T20:15:24.000Z,"Oct 22, '26",0,,,Bachelors/Family,1BHK Multistorey Apartment for Resale in Sayba Residences at Kurla East,,728.0,Kurla East
66,Less than 5 years,12000000.0,1.20 Cr,40000.0,12000000.0,13100000.0,1,1,,216.0,Sq-ft,300.0,12800.0,7,9.0,7 of 9 Floor,Unfurnished,,,Apartment,Resale,Ready to Move,20260822,20260822.0,,,4320,Mumbai,78883.0,Matunga West,,Y,shyam chs,N,,"[""19201|Reliance SMART Bazaar||161785|19239"", ""19202|Kasturba Mahila Mandal Shivaji Park Lion School Matunga West||76644|19227"", ""19202|Chhabildas Cbse School||87048|19227"", ""19203|Rashiv Diagnostic Centre||153639|"", ""19203|Shri Sarswati Nursing Home||80482|19232""]",18.9982,73.12072,"19.0288217353274,72.8440906063583",b,,,,F,False,,,,,,,,,2026-08-21T18:35:20.000Z,Yesterday,2024-10-26T18:30:00.000+00:00,2026-10-21T18:35:24.000Z,"Oct 22, '26",0,,,Bachelors/Family,1BHK Multistorey Apartment for Resale in shyam chs at Matunga West,,300.0,Matunga West
67,5 to 10 years,12000000.0,1.20 Cr,16000.0,12000000.0,13100000.0,1,1,,540.0,Sq-ft,750.0,12800.0,17,22.0,17 of 22 Floor,Unfurnished,,,Apartment,Resale,Ready to Move,20260822,20260822.0,,,4320,Mumbai,93927.0,MHADA Colony,,Y,Sapphire Lakeside,N,,"[""19210|Oshiwara Police Station Bus Stop||165269|19250"", ""19201|Aeromall||167267|19239"", ""19202|Kamla Raheja Vidhyhi Institute for Architecture||5367|19225""]",19.1232246,72.8952997,"19.1119,72.89604",b,,,,F,False,,,,,,,,,2026-08-21T19:32:39.000Z,Yesterday,2024-10-26T18:30:00.000+00:00,2026-10-21T19:32:39.000Z,"Oct 22, '26",0,,,Bachelors/Family,1BHK Multistorey Apartment for Resale in Sapphire Lakeside at MHADA Colony Chandivali,,750.0,MHADA Colony Chandivali
68,15 to 20 years,10000000.0,1 Cr,25641.0,10000000.0,10900000.0,1,1,,281.0,Sq-ft,390.0,12800.0,6,6.0,6 of 6 Floor,Unfurnished,,,Apartment,Resale,Ready to Move,20260822,20260822.0,,,4320,Mumbai,60017.0,Andheri East,,Y,Shirin Apartment,N,,"[""19210|Andheri metro station, Mumbai|5 minutes|8694|19249"", ""19210|Marol Naka Metro Station|5 minutes|164797|19249"", ""19201|Solitaire Corporate Park||80672|19221"", ""19201|Ganesh Super Market||165261|"", ""19202|Divine Child Education Centre||156743|"", ""19202|Tolani College Of Commerce||88148|19227"", ""19203|Ve Care Hospital||153609|"", ""19203|Holy Spirit Hospital||165263|19230"", ""19206|Star Market||84718|19239"", ""19206|Phoenix Marketcity Mall||88136|19239""]",19.11671,72.8722,"19.1154908,72.8726952",b,,,,F,False,,,,,,,,,2026-08-21T19:28:33.000Z,Yesterday,2024-10-26T18:30:00.000+00:00,2026-10-21T19:28:33.000Z,"Oct 22, '26",0,,,Bachelors/Family,1BHK Multistorey Apartment for Resale in Shirin Apartment at Andheri East,,390.0,Andheri East
69,Less than 5 years,11000000.0,1.10 Cr,22000.0,11000000.0,11900000.0,1,1,,360.0,Sq-ft,500.0,12800.0,3,8.0,3 of 8 Floor,Furnished,,,Apartment,Resale,Ready to Move,20260822,20260822.0,,,4320,Mumbai,78886.0,Mulund East,,Y,Neelam Nagar 11 D CHS Ltd,N,,"[""19210|Mulund (E) Bus Stop||167693|19250"", ""19202|VGV College Mulund East||82070|19225"", ""19202|Nalanda Public School||161791|19227"", ""19203|Ashirvad Criticare Multispeciality Hospital||154439|"", ""19206|A - Mart Super Market||84776|19239""]",19.17292,72.96114,"19.1531029501285,72.9678051455382",b,,,,F,False,,,,,,,,,2026-08-21T19:28:04.000Z,Yesterday,2024-10-26T18:30:00.000+00:00,2026-10-21T19:28:04.000Z,"Oct 22, '26",0,,,Bachelors/Family,1BHK Multistorey Apartment for Resale in Neelam Nagar 11 D CHS Ltd at Mulund East,,500.0,Mulund East
70,Above 20 years,11000000.0,1.10 Cr,18803.0,11000000.0,12000000.0,1,2,1.0,450.0,Sq-ft,585.0,12800.0,3,3.0,3 of 3 Floor,Furnished,East,,Apartment,Resale,Ready to Move,20260822,20260822.0,,,4320,Mumbai,60126.0,Grant Road,,Y,,N,Opp Siddhesh Jyoti,"[""19210|Grant Road Bridge Bus Stop||167517|19250"", ""19210|Grant Road Station (E) Bus Stop||167519|19250"", ""19202|Edubridge International School||84374|19227""]",18.96413666630568,72.82004701656344,"18.9619875122216,72.8175575207679",b,,,,F,False,,Water Availability 24 Hours Available,No/Rare Powercut,,,Ceramic Tiles,,,2026-08-22T15:09:31.000Z,Yesterday,2024-11-21T18:30:00.000+00:00,2027-01-04T15:09:31.000Z,"Jan 04, '27",0,1.0,Y,Bachelors/Family,1BHK Multistorey Apartment for Resale in Grant Road,Store,585.0,Grant Road
71,Above 20 years,9900000.0,99 Lac,15469.0,9900000.0,10790000.0,1,2,,461.0,Sq-ft,640.0,12800.0,1,5.0,1 of 5 Floor,Semi-Furnished,,,Apartment,Resale,Ready to Move,20260822,20260821.0,,,4320,Mumbai,106849.0,Kandivali,,N,Shreeji Nileshwar,N,,"[""19210|Poisar Metro Station|28 minutes|161727|19249"", ""19210|Prabodhankar Thackeray Nagar Bus Stop||161741|19250"", ""19201|Growel's 101 Mall||161723|19239"", ""19201| Mindspace Malad||88748|19221"", ""19202|Thakur Shyamnarayan Degree College||161729|19225"", ""19202|Thakur College of Engineering Technology||5373|19225"", ""19203|Vansh Hospital||154269|"", ""19203|Shivam Hospital Super Multispeciality Hospital||139976|19230"", ""19206|Raghuleela Mall||10630|19239"", ""19206|Kalpataru Mall||10624|19239""]",18.9582347,72.8319514,"19.205566,72.852158",b,,,,F,False,,,,,,,,,2026-08-21T16:17:01.000Z,"Aug 21, '26",2024-10-25T18:30:00.000+00:00,2027-01-03T16:17:01.000Z,"Jan 03, '27",0,,,Bachelors/Family,1BHK Multistorey Apartment for Resale in Shreeji Nileshwar at Kandivali,,640.0,Kandivali
72,15 to 20 years,9300000.0,93 Lac,15630.0,9300000.0,10040000.0,1,2,,428.0,Sq-ft,595.0,12800.0,3,8.0,3 of 8 Floor,Semi-Furnished,,,Apartment,Resale,Ready to Move,20260822,20260821.0,,,4320,Mumbai,94142.0,Rawalpada,,N,Narmada,N,,"[""19203|Vijay Nursing Home||153583|""]",19.0605306,72.9082128,"19.2484406696159,72.8667379419435",b,,,,F,False,,,,,,,,,2026-08-21T16:12:46.000Z,"Aug 21, '26",2024-10-25T18:30:00.000+00:00,2027-01-03T16:12:46.000Z,"Jan 03, '27",0,,,Bachelors/Family,1BHK Multistorey Apartment for Resale in Narmada at Rawalpada,,595.0,Rawalpada
73,Above 20 years,8800000.0,88 Lac,18526.0,8800000.0,9590000.0,1,2,,342.0,Sq-ft,475.0,12800.0,Ground,4.0,Ground of 4 Floor,Semi-Furnished,,,Apartment,Resale,Ready to Move,20260822,20260821.0,,,4320,Mumbai,78887.0,Mulund West,,N,Ambica Apartments,N,,"[""19210|Panch Rasta||139362|19250"", ""19210|Mulund Railway Station (W) Bus Stop||161803|19250"", ""19201|R Mall, Mulund||161807|19239"", ""19201|Ecstasy Business Park||74812|19221"", ""19202|Kelkar College||138570|19225"", ""19202|Friends Academy||156495|"", ""19203|Siddharth Hospital||161811|19230"", ""19203|Padmashree Endoscopy Center||154139|"", ""19206|Jawahar Talkies||139808|19239"", ""19206|Nirmal Lifestyle II Mall||10712|19239""]",19.0660706,72.8389682,"19.1749536837097,72.943103519999",b,,,,F,False,,,,,,,,,2026-08-21T17:43:53.000Z,"Aug 21, '26",2024-10-25T18:30:00.000+00:00,2026-10-21T17:43:57.000Z,"Oct 21, '26",0,,,Bachelors/Family,1BHK Multistorey Apartment for Resale in Ambica Apartments at Mulund West,,475.0,Mulund West
74,Less than 5 years,9100000.0,91 Lac,24796.0,9100000.0,9830000.0,1,1,,264.0,Sq-ft,367.0,12800.0,Ground,4.0,Ground of 4 Floor,Unfurnished,,,Apartment,Resale,Ready to Move,20260822,20260821.0,,,4320,Mumbai,,,,N,,N,,,0.0,0.0,,b,,,,F,False,,,,,,,,,2026-08-21T16:44:11.000Z,"Aug 21, '26",2024-10-25T18:30:00.000+00:00,2026-10-21T16:44:14.000Z,"Oct 21, '26",0,,,Bachelors/Family,1BHK Multistorey Apartment for Resale in ,,367.0,
75,Above 20 years,11000000.0,1.10 Cr,17742.0,11000000.0,12000000.0,1,1,,446.0,Sq-ft,620.0,12800.0,3,3.0,3 of 3 Floor,Furnished,,,Apartment,Resale,Ready to Move,20260822,20260821.0,,,4320,Mumbai,106857.0,Vile Parle,,N,Ashish,N,,"[""19210|Vile Parle (W) or Ashoka Hall Bus Stop||161873|19250"", ""19210|Vile Parle Police Station (E) Bus Stop||167609|19250"", ""19201|Parle Square Mall||161863|19239"", ""19202|St Joseph School Vile Parle West||80972|19227"", ""19202|Rn Podar School||89160|19227"", ""19203|Nanavati||153821|"", ""19203|Khandwala Eye Hospital||76748|19230"", ""19206| Link Square Mall||89146|19239"", ""19206|Prime Mall Downtown||10674|19239"", ""19209|Chhatrapati Shivaji Maharaj International Airport Mumbai Terminal 2||73958|19247"", ""19209|Chhatrapati Shivaji Maharaj International Airport Mumbai||167605|19247""]",18.9582347,72.8319514,"19.0945678932926,72.8616060335919",b,,,,F,False,,,,,,,,,2026-08-21T16:34:05.000Z,"Aug 21, '26",2024-10-25T18:30:00.000+00:00,2026-10-21T16:34:09.000Z,"Oct 21, '26",0,,,Bachelors/Family,1BHK Multistorey Apartment for Resale in Ashish at Vile Parle,,620.0,Vile Parle
76,,8500000.0,85 Lac,21574.0,8500000.0,9180000.0,1,2,,284.0,Sq-ft,394.0,12800.0,9,16.0,9 of 16 Floor,Unfurnished,,,Apartment,Resale,Under Construction,20260822,20260821.0,,,4320,Mumbai,78853.0,Dahisar East,,N,Gurukrupa Shiv Parbat,N,,"[""19210|Dahisar Metro Station|5 minutes|87440|19249"", ""19210|Anand Nagar Metro Station||165291|"", ""19201|Sunlight Shopping Centre||161681|19239"", ""19202|Lexicon Global School Dahisar East||77088|19227"", ""19202|Universal High School Dahisar||88294|19227"", ""19203|Vijay Nursing Home||153583|"", ""19203|BMC Hospital||154097|"", ""19206|Orchid Ozone Mall||10704|19239"", ""19206|BB-THAKUR MALL||84790|19239""]",19.2437948,72.860565,"19.2530390003417,72.8684258373265",b,12201 12202 12203 12204 12205 12206 12207 12208,,,F,False,,,,,,,"NA|null,P51800045822|06/2022",,2026-08-21T17:07:29.000Z,"Aug 21, '26",2024-10-25T18:30:00.000+00:00,2026-10-21T17:07:33.000Z,"Oct 21, '26",0,,,Bachelors/Family,1BHK Multistorey Apartment for Resale in Gurukrupa Shiv Parbat at Dahisar East,,394.0,Dahisar East
77,,10000000.0,1 Cr,14925.0,10000000.0,10900000.0,1,2,,482.0,Sq-ft,670.0,12800.0,14,22.0,14 of 22 Floor,Unfurnished,,,Apartment,Resale,Under Construction,20260822,20260821.0,,,4320,Mumbai,60207.0,Malad East,,N,Right Channel Tower 28,N,,"[""19210|Malad Railway Station (E) Bus Stop||160533|19250"", ""19201|Aarey Bhaskar Garden||72174|19221"", ""19201|Seven days super market||167713|19239"", ""19202| Gokuldham High School||87782|19227"", ""19202|Dtss College Of Commerce||87850|19227"", ""19203|Lifewave Hospital||10596|19230"", ""19203|St. Mary Hospital||153763|"", ""19206|Metro Bazaar||84744|19239"", ""19206|Infiniti Mall||148260|19239""]",18.9131028,72.8086653,"19.1848724519187,72.8629697025013",b,12201 12202 12203 12205 12206 12207 12208 12209 12211 12212 12213 12214 12215 12216 12217 12218 12219 12220 12221 12222 12223 12227 12228 12229 12534 1404121 1404131,1404131 12215 12229 12534 12220 12221 12223 12214 12216 12217 12227,"Air Conditioned,Jogging and Strolling Track,Located in the Heart of city,Laundry Service,Internet/Wi-Fi Connectivity,RO Water System,Service/Goods Lift,Visitor Parking,Intercom Facility,Conference Room",F,False,,,,,,,"NA|null,P51800009511|03/2020,P51800028777|-1",,2026-08-21T10:34:45.000Z,"Aug 21, '26",2024-10-25T18:30:00.000+00:00,2027-01-03T10:34:45.000Z,"Jan 03, '27",0,,,Bachelors/Family,1BHK Multistorey Apartment for Resale in Right Channel Tower 28 at Malad East,,670.0,Malad East
78,Less than 5 years,11000000.0,1.10 Cr,16667.0,11000000.0,11900000.0,1,2,,475.0,Sq-ft,660.0,12800.0,9,20.0,9 of 20 Floor,Furnished,,,Apartment,Resale,Ready to Move,20260822,20260821.0,,,4320,Mumbai,78887.0,Mulund West,,N,Kateeleshwari Apartment,N,,"[""19210|Mulund Railway Station (W) Bus Stop||161803|19250"", ""19210|Mulund Depot Bus Stop||161801|19250"", ""19201|Marathon Maxima||151431|"", ""19201|R Mall, Mulund||161807|19239"", ""19202|Kelkar College||138570|19225"", ""19202|Sheth Karamshi Kanji English School||161815|19227"", ""19203|Padmashree Endoscopy Center||154139|"", ""19203|ESIC Hospital||154431|"", ""19206|Star Bazaar||84708|19239"", ""19206|Jawahar Talkies||139808|19239""]",19.184108,72.9553871,"19.1749536837097,72.943103519999",b,12202 12203 12205 12206 12207 12209 12211 12219 1404115 1404121 1404143,1404115 1404143,,F,False,,,,,,,,,2026-08-21T10:29:26.000Z,"Aug 21, '26",2024-10-25T18:30:00.000+00:00,2027-01-03T10:29:26.000Z,"Jan 03, '27",0,,,Bachelors/Family,1BHK Multistorey Apartment for Resale in Kateeleshwari Apartment at Mulund West,,660.0,Mulund West
79,5 to 10 years,12000000.0,1.20 Cr,21818.0,12000000.0,13000000.0,1,1,,396.0,Sq-ft,550.0,12800.0,4,13.0,4 of 13 Floor,Semi-Furnished,,,Apartment,Resale,Ready to Move,20260822,20260821.0,,,4320,Mumbai,78864.0,Jogeshwari West,,N,Hill park Tower,N,,"[""19210|Lower Oshiwara Metro Station|5 minutes|161719|19249"", ""19210|Ambivili Railway Station||10828|19248"", ""19201|Infinity It Park||88490|19221"", ""19201|Infinite||151435|"", ""19202|Prarthana School||114428|19227"", ""19202|Little Angel Nursery School||156521|"", ""19203|Mallika Hospital||153643|"", ""19203|Dr. Neha Shah Nursing Home||154093|"", ""19206|Mega Mall||148650|19239"", ""19206| R Odeon Mall||88926|19239""]",19.14051,72.84216,"19.1438823857409,72.8427830413067",b,,,,F,False,,,,,,,,,2026-08-21T09:54:19.000Z,"Aug 21, '26",2024-10-25T18:30:00.000+00:00,2027-01-03T09:54:19.000Z,"Jan 03, '27",0,,,Bachelors/Family,1BHK Multistorey Apartment for Resale in Hill park Tower at Jogeshwari West,,550.0,Jogeshwari West
80,,10500000.0,1.05 Cr,24419.0,10500000.0,11300000.0,1,2,,310.0,Sq-ft,430.0,12800.0,3,25.0,3 of 25 Floor,Unfurnished,,,Apartment,Resale,Under Construction,20260822,20260821.0,,,4320,Mumbai,78867.0,Kandivali West,,N,Gauri Excellency,N,,"[""19210|Mahavir Nagar Metro Station|5 minutes|88030|19249"", ""19210|Kandivali (W) Bus Stop||161735|19250"", ""19201|Sunrays Shopping Center Premises||151573|"", ""19202|Nagindas Khandwala College||87398|19227"", ""19202|Holi Infant High School||157001|"", ""19203|United Multispeciality Hospital||165297|19230"", ""19203|Shivam Hospital Super Multispeciality Hospital||139976|19230"", ""19206|La Care Mall||76978|19239"", ""19206|Sunrays Shopping Center||10724|19239""]",19.206,72.82228,"19.2101312179652,72.8305011930765",b,12201 12202 12203 12204 12205 12206 12207 12208 12209 12211 12212 12213 12214 12215 12216 12217 12218 12219 12220 12221 12222 12223 12224 12225 12226 12227 12228 12229 12230 12233 12234 12235 12237 12528 12532 12533 12538 12547 12556 12562 1404105 1404113 1404115 1404121 1404122 1404125 1404143,12234 12562 12528 12235 12556 12532 12237 12225 12538 12533 1404122 1404115 12215 12224 12229 12230 12220 1404125 1404105 12221 12223 12214 12216 12217 12227 12233 1404113 1404143,"Skyline View,Smart Home,Skydeck,Wrap Around Balcony,Fireplace,Theme based Architectures,Full Glass Wall,Bar/Lounge,Fingerprint Access,Health club with Steam / Jaccuzi,,,Air Conditioned,Banquet Hall,Jogging and Strolling Track,Outdoor Tennis Courts,Laundry Service,,,Internet/Wi-Fi Connectivity,RO Water System,Service/Goods Lift,Visitor Parking,Intercom Facility,Conference Room,Downtown,,",F,False,,,,,,,"NA|null,P51800004832|12/2020",,2026-08-21T09:52:05.000Z,"Aug 21, '26",2024-10-25T18:30:00.000+00:00,2027-01-03T09:52:05.000Z,"Jan 03, '27",0,,,Bachelors/Family,1BHK Multistorey Apartment for Resale in Gauri Excellency at Kandivali West,,430.0,Kandivali West
81,10 to 15 years,10500000.0,1.05 Cr,19091.0,10500000.0,11400000.0,1,1,,396.0,Sq-ft,550.0,12800.0,6,7.0,6 of 7 Floor,Unfurnished,,,Apartment,Resale,Ready to Move,20260822,20260821.0,,,4320,Mumbai,78844.0,Borivali West,,N,Swapnil CHS,N,,"[""19210|Borivali (West) Metro Station|14 minutes|165267|19249"", ""19210|Borivali (W) Bus Stop||167787|19250"", ""19201|Water Kingdom||82328|19221"", ""19201|Choice Super Market||167813|19239"", ""19202|Mumbai Public School||157039|"", ""19202|Swami Vivekanand International School||88642|19227"", ""19203|Niramay Hosital||154317|"", ""19203|Seatherny Hospital||153213|"", ""19206|N-MORE||84756|19239"", ""19206|Moksh Plaza Mall||88632|19239""]",19.170177,72.959987,"19.2335321,72.839198",b,12202 12203 12208 12209 12211 12216 12218 12219 12222 1404143,12216 1404143,"Visitor Parking,",F,False,,,,,,,,,2026-08-21T09:50:56.000Z,"Aug 21, '26",2024-10-25T18:30:00.000+00:00,2027-01-03T09:50:56.000Z,"Jan 03, '27",0,,,Bachelors/Family,1BHK Multistorey Apartment for Resale in Swapnil CHS at Borivali West,,550.0,Borivali West
82,Less than 5 years,10000000.0,1 Cr,15625.0,10000000.0,10900000.0,1,2,,461.0,Sq-ft,640.0,12800.0,2,20.0,2 of 20 Floor,Semi-Furnished,,,Apartment,Resale,Ready to Move,20260822,20260821.0,,,4320,Mumbai,95904.0,Sadan Wadi,,N,Kshitij Vivanta,N,,,19.1523433,72.9360997,"19.15332,72.93481",b,12201 12202 12208 12547,,,F,False,,,,,,,"NA|null,P51800001662|07/2021",,2026-08-21T13:32:02.000Z,"Aug 21, '26",2024-10-25T18:30:00.000+00:00,2027-01-03T13:32:02.000Z,"Jan 03, '27",0,,,Bachelors/Family,1BHK Multistorey Apartment for Resale in Kshitij Vivanta at Sadan Wadi,,640.0,Sadan Wadi
83,New Construction,9900000.0,99 Lac,22864.0,9900000.0,10690000.0,1,2,,312.0,Sq-ft,433.0,12800.0,14,23.0,14 of 23 Floor,Semi-Furnished,,,Apartment,Resale,Ready to Move,20260822,20260821.0,,,4320,Mumbai,60207.0,Malad East,,N,Rizvi Cedar ,N,,"[""19210|Malad Railway Station (E) Bus Stop||160533|19250"", ""19201|Raheja Federation Garden||79180|19221"", ""19201|Seven days super market||167713|19239"", ""19202|Dtss College Of Commerce||87850|19227"", ""19202|Dr. S. Radhakrishnan International School (Malad)||88456|19227"", ""19203|Maa Meenatae Thakare||153267|"", ""19203|Sanjeevani Hospital||154507|"", ""19206|Express Zone Mall||10792|19239"", ""19206|Oberoi Mall||148240|19239""]",19.1833,72.8686,"19.1848724519187,72.8629697025013",b,12201 12202 12203 12204 12205 12206 12208 12209 12217 12543 1404121 1404124 1404143,1404124 12217 1404143,"Intercom Facility,",F,False,,,,,,,"NA|null,P51800003809|12/2020",,2026-08-21T12:14:44.000Z,"Aug 21, '26",2024-10-25T18:30:00.000+00:00,2027-01-03T12:14:44.000Z,"Jan 03, '27",0,,,Bachelors/Family,1BHK Multistorey Apartment for Resale in Rizvi Cedar  at Malad East,,433.0,Malad East
84,Above 20 years,12000000.0,1.20 Cr,26608.0,12000000.0,13000000.0,1,1,,325.0,Sq-ft,451.0,12800.0,3,7.0,3 of 7 Floor,Semi-Furnished,,,Apartment,Resale,Ready to Move,20260822,20260821.0,,,4320,Mumbai,78847.0,Chembur,,N,Shiv Kripa,N,,"[""19210|Ashok Nagar Bus Stop||161639|19250"", ""19210|Chembur Camp Bus Stop||140876|19250"", ""19201|India Bulls Finance Centre||88688|19221"", ""19201|Shivalaya Shopping Centre||167579|19239"", ""19202|Tata Institute of Social Sciences - School of Vocational Education (TISS-SVE)||161645|19227"", ""19202|Universal High School||157107|"", ""19203|Srv Hospital||154297|"", ""19203|SRV Hospitals - Chembur||167585|19230"", ""19206|K Star Mall||10628|19239"", ""19206|K Star Mall||84848|19239""]",19.0822047,72.9995488,"19.0459181155422,72.8975231581492",b,,,,F,False,,,,,,,,,2026-08-21T12:12:34.000Z,"Aug 21, '26",2024-10-25T18:30:00.000+00:00,2027-01-03T12:12:34.000Z,"Jan 03, '27",0,,,Bachelors/Family,1BHK Multistorey Apartment for Resale in Shiv Kripa at Chembur,,451.0,Chembur
85,Less than 5 years,11500000.0,1.15 Cr,26437.0,11500000.0,12400000.0,1,2,,313.0,Sq-ft,435.0,12800.0,13,17.0,13 of 17 Floor,Unfurnished,,,Apartment,Resale,Ready to Move,20260822,20260821.0,,,4320,Mumbai,60017.0,Andheri East,,N,Bellevue,N,,"[""19210|Andheri metro station, Mumbai|12 minutes|8694|19249"", ""19210|Andheri Railway Station||138500|19248"", ""19201|Wellington Business Park 1||82346|19221"", ""19201|Ganesh Super Market||165261|"", ""19202|The Little Flower Education Group||157091|"", ""19202|Bombay Cambridge International School||156749|"", ""19203|SevenHills Hospital||10574|19230"", ""19203|Carewell Nursing Home||73770|19232"", ""19206|Star Market||84718|19239"", ""19206|Metro Mart NX||84754|19239""]",19.2321092,72.8495344,"19.1154908,72.8726952",b,12201 12202 12205 12209 12213 12539 1404143,12539 1404143,"Grand Entrance lobby,",F,False,,,,,,,"NA|null,P51800005944|07/2001",,2026-08-21T12:37:17.000Z,"Aug 21, '26",2024-10-25T18:30:00.000+00:00,2027-01-03T12:37:17.000Z,"Jan 03, '27",0,,,Bachelors/Family,1BHK Multistorey Apartment for Resale in Bellevue at Andheri East,,435.0,Andheri East
86,,8300000.0,83 Lac,18043.0,8300000.0,9050000.0,1,1,,331.0,Sq-ft,460.0,12800.0,15,22.0,15 of 22 Floor,Unfurnished,,,Apartment,Resale,Under Construction,20260822,20260821.0,,,4320,Mumbai,78840.0,Bhandup West,,N,Sanghvi Atlanta,N,,"[""19210|Mangatram Petrol Pump Bus Stop||138736|19250"", ""19210|Nahur Railway Station||139792|19248"", ""19201|Gauri Arcade Bhandup||161611|19239"", ""19201|Dream Mall Grand Marshal Company||161609|19239"", ""19202|Shri Ram college of commerce and science||167667|19225"", ""19202|NES Ratnam College of Arts, Science and Commerce||161613|19225"", ""19203|Badwik Hospital||73162|19230"", ""19203|SAS Hospital||154981|""]",18.9582347,72.8319514,"19.149901,72.931134",b,,,,F,False,,,,,,,"NA|null,P51800006480|03/2001",,2026-08-21T12:30:28.000Z,"Aug 21, '26",2024-10-25T18:30:00.000+00:00,2027-01-03T12:30:28.000Z,"Jan 03, '27",0,,,Bachelors/Family,1BHK Multistorey Apartment for Resale in Sanghvi Atlanta at Bhandup West,,460.0,Bhandup West
87,New Construction,11500000.0,1.15 Cr,25386.0,11500000.0,12400000.0,1,2,,326.0,Sq-ft,453.0,12800.0,7,16.0,7 of 16 Floor,Unfurnished,,,Apartment,Resale,Ready to Move,20260822,20260821.0,,,4320,Mumbai,78847.0,Chembur,,N,Reliance Triveni CHS,N,,"[""19210|Vashi Naka||139526|19250"", ""19210|Chembur Railway Station||10930|19248"", ""19201|Shivalaya Shopping Centre||167579|19239"", ""19201|Marathon Futurex||88686|19221"", ""19202|Mumbai Public School.||157213|"", ""19202|Universal High School||157107|"", ""19203|Zen Multi Speciality Hospital, Chembur, Mumbai||167573|19230"", ""19203|Surana Sethia Hospital||154471|"", ""19206|K Stars Mall||88058|19239"", ""19206|Cubic Mall||88056|19239""]",18.9582347,72.8319514,"19.0459181155422,72.8975231581492",b,,,,F,False,,,,,,,"NA|null,P51800004685|12/2019",,2026-08-21T12:29:37.000Z,"Aug 21, '26",2024-10-25T18:30:00.000+00:00,2027-01-03T12:29:37.000Z,"Jan 03, '27",0,,,Bachelors/Family,1BHK Multistorey Apartment for Resale in Reliance Triveni CHS at Chembur,,453.0,Chembur
88,Less than 5 years,8200000.0,82 Lac,12481.0,8200000.0,8860000.0,1,2,,473.0,Sq-ft,657.0,12800.0,12,23.0,12 of 23 Floor,Unfurnished,,,Apartment,Resale,Ready to Move,20260822,20260821.0,,,4320,Mumbai,78885.0,Mira Road,,N,Lodha Codename Bullseye,N,,"[""19210|Mira Road Railway Station||139198|19248"", ""19210|Mira Road Railway Station||140596|19248"", ""19202|Shree L R Tiwari College of Engineering||161789|19225"", ""19202|Royal College||157187|"", ""19203|Dr Pravin Singh||154315|"", ""19203|Manihar Hospital||167837|19230"", ""19206|D Mart, Hatkesh Udhog Nagar||140992|19239"", ""19206|Sahakari Bhandar||84896|19239""]",19.1889697,72.8345107999999,"19.2829267647424,72.8627883689306",b,12201 12202 12204 12205 12206 12208 12224 12229 12230 12522 1404117 1404121 1404122 1404143,12522 1404122 12224 12229 12230 1404143,"Private jaccuzi,,Banquet Hall,Jogging and Strolling Track,Outdoor Tennis Courts,",F,False,,,,,,,"NA|null,P51700012991|-1",,2026-08-21T12:27:01.000Z,"Aug 21, '26",2024-10-25T18:30:00.000+00:00,2027-01-03T12:27:01.000Z,"Jan 03, '27",0,,,Bachelors/Family,1BHK Multistorey Apartment for Resale in Lodha Codename Bullseye at Mira Road Area,,657.0,Mira Road Area
89,,9600000.0,96 Lac,14861.0,9600000.0,10370000.0,1,2,,465.0,Sq-ft,646.0,12800.0,5,31.0,5 of 31 Floor,Unfurnished,,,Apartment,Resale,Under Construction,20260822,20260821.0,,,4320,Mumbai,78866.0,Kandivali East,,N,UK Iridium,N,,"[""19210|Poisar Metro Station|5 minutes|161727|19249"", ""19210|Kandivali Railway Station||88756|19248"", ""19201|Growel's 101 Mall||161723|19239"", ""19201|Thakur Mall Kandivali East (Thakur Village)||165301|19239"", ""19202|Nirmala Memorial Foundation College of Commerce & Science||161725|19225"", ""19202|Thakur College of Engineering Technology||5373|19225"", ""19203|Shreeji Hospital||153197|"", ""19203|City Multispeciality Hospital||167739|19230"", ""19206|Reliance Mall Borivali||89062|19239"", ""19206|Centrium Mall||86860|19239""]",19.1998493,72.8663333,"19.2050017,72.8692711",b,12202 12203 12205 12206 12208 12209 12213 12218 12539 12547 1404115 1404117 1404118 1404121 1404124 1404125 1404131 1404143,12539 1404118 1404115 1404131 1404125 1404124 1404143,"Grand Entrance lobby,,,,,,",F,False,,,,,,,"NA|null,P51800007275|10/2024",,2026-08-21T12:02:15.000Z,"Aug 21, '26",2024-10-25T18:30:00.000+00:00,2027-01-03T12:02:15.000Z,"Jan 03, '27",0,,,Bachelors/Family,1BHK Multistorey Apartment for Resale in UK Iridium at Kandivali East,,646.0,Kandivali East
90,5 to 10 years,14000000.0,1.40 Cr,25000.0,14000000.0,15300000.0,1,2,,465.0,Sq-ft,560.0,12800.0,8,8.0,8 of 8 Floor,Furnished,East,,Apartment,New Property,Ready to Move,20260823,20260823.0,,,4320,Mumbai,78854.0,Dahisar West,,Y,Rustomjee Regency,N,Rustomjee Cambridge International School,"[""19210|Kandarpada Metro Station|5 minutes|165293|19249"", ""19202|Rustomjee Cambridge International School||88374|19227"", ""19202|St Thomas Malankara School||81014|19227"", ""19203|Silverline Hospital||154227|"", ""19203|Snehanjay Multi Speciality Hospital||153767|"", ""19206|Thakur Mall Kandivali||88358|19239""]",19.24201,72.85806,"19.2567151019289,72.8506375105369",b,12201 12202 12207 12208 12209 12213 12214 12216 12217 12218 12221 12222,12221 12214 12216 12217,"Internet/Wi-Fi Connectivity,Service/Goods Lift,Visitor Parking,Intercom Facility",F,False,1 Covered,Water Availability 24 Hours Available,No/Rare Powercut,0.0,Monthly,Vitrified,,Co-operative Society,2026-08-22T23:33:47.000Z,Today,2026-08-06T18:30:00.000+00:00,2026-12-20T23:33:47.000Z,"Dec 21, '26",0,0.0,Y,Bachelors/Family,1BHK Multistorey Apartment for New Property in Rustomjee Regency at Dahisar West,,560.0,Dahisar West
91,5 to 10 years,18000000.0,1.80 Cr,30769.0,18000000.0,19400000.0,1,2,,421.0,Sq-ft,585.0,12800.0,7,7.0,7 of 7 Floor,Furnished,,,Apartment,Resale,Ready to Move,20260822,20260822.0,,,4320,Mumbai,60018.0,Andheri West,,Y,Andheri Lokhandwala,N,,"[""19210|Azad Nagar metro station, Mumbai|5 minutes|8688|19249"", ""19210|J.V.P.D.Bus Station Bus Stop||160505|19250"", ""19201|Laxmi Super Market||167663|19239"", ""19201|Andheri West Market||160495|19239"", ""19202|Shri Mahavira Jaina Vidyalaya||157225|"", ""19202|Bhavan's College||86848|19227"", ""19203|Kokilaben Dhirubhai Ambani Hospital||154445|"", ""19203|SBS Multi-Speciality Hospital||160513|19230"", ""19206|Mega Mall||10752|19239"", ""19206|Ceramic Mall||73820|19239""]",19.1435906,72.8246291,"19.1373697481266,72.8257229439874",b,12216,12216,Visitor Parking,F,False,,,,,,,,,2026-08-21T20:01:48.000Z,Yesterday,2024-10-26T18:30:00.000+00:00,2026-10-21T20:01:49.000Z,"Oct 22, '26",0,,,Bachelors/Family,1BHK Multistorey Apartment for Resale in Andheri Lokhandwala at Andheri West,,585.0,Andheri West
92,Above 20 years,13000000.0,1.30 Cr,23636.0,13000000.0,14000000.0,1,2,,396.0,Sq-ft,550.0,12800.0,2,6.0,2 of 6 Floor,Unfurnished,,,Apartment,Resale,Ready to Move,20260822,20260822.0,,,4320,Mumbai,78867.0,Kandivali West,,Y,Konark Enclave,N,,"[""19210|Mahavir Nagar Metro Station|12 minutes|88030|19249"", ""19210|P. Thackeray Nagar Bus Stop||165303|19250"", ""19201|Sunrays Shopping Center Premises||151573|"", ""19202|Prakash College of Commerce and Science||167761|19225"", ""19202|Mother Teresa English High School||87802|19227"", ""19203|Riddhi Vinayak Multispeciality Hospital||167727|19230"", ""19203|Jaydeep Hospital||154979|"", ""19206|Samruddhi Shopping Centre||88078|19239"", ""19206|Raghuleela Mall||10630|19239""]",19.1061482,72.8331443,"19.2101312179652,72.8305011930765",b,,,,F,False,,,,,,,,,2026-08-21T18:37:24.000Z,Yesterday,2024-10-26T18:30:00.000+00:00,2026-10-21T18:37:28.000Z,"Oct 22, '26",0,,,Bachelors/Family,1BHK Multistorey Apartment for Resale in Konark Enclave at Kandivali West,,550.0,Kandivali West
93,,14000000.0,1.40 Cr,40346.0,12700000.0,14000000.0,1,2,,,,347.0,12800.0,2,21.0,2 of 21 Floor,Semi-Furnished,,,Apartment,Resale,Ready to Move,20260822,20260822.0,,,4320,Mumbai,106848.0,Jogeshwari,,Y,,N,,"[""19210|Lower Oshiwara Metro Station||161719|19249"", ""19210|Mahatma Gandhi Vidyalaya Bus Stop||161721|19250"", ""19202|JES College||161711|19225"", ""19202|Millat School Jogeshwari West||77692|19227"", ""19203|Wellspring Hospital||82348|19230"", ""19203|Mallika Hospital||10532|19230"", ""19206|Morex Super Bazar||84858|19239"", ""19206| R Odeon Mall||88926|19239""]",0.0,0.0,"19.1391584419196,72.8491931971322",b,,,,F,False,,,,,,,,,2026-08-22T18:25:45.000Z,Yesterday,2025-07-13T18:30:00.000+00:00,2026-12-20T18:25:45.000Z,"Dec 20, '26",0,1.0,,Bachelors/Family,1BHK Multistorey Apartment for Resale in Jogeshwari,,347.0,Jogeshwari
94,New Construction,12300000.0,1.23 Cr,28671.0,12300000.0,13400000.0,1,1,,309.0,Sq-ft,429.0,12800.0,21,23.0,21 of 23 Floor,Unfurnished,,,Apartment,Resale,Ready to Move,20260822,20260821.0,,,4320,Mumbai,60018.0,Andheri West,,Y,Paras El Signora,N,,"[""19210|Azad Nagar metro station, Mumbai|5 minutes|8688|19249"", ""19210|Mhada Colony (Four Bungalow) Bus Stop||160509|19250"", ""19201|Laxmi Super Market||167663|19239"", ""19201|Andheri West Market||160495|19239"", ""19202|Gyan Kendra's Ramnath Pandey Educational Institute||157509|"", ""19202|Kishore Namit Kapoor Acting Institute||146656|19227"", ""19203|Bluebell||153817|"", ""19203|Bluebell||153813|"", ""19206|Navrang Cinema||140982|19239"", ""19206|G7 Mall||10808|19239""]",19.1446982,72.8322761,"19.1373697481266,72.8257229439874",b,12205 12221 12225 12584,12225 12584 12221,"Bar/Lounge,Shopping center,Internet/Wi-Fi Connectivity",F,False,,,,,,,"NA|null,P51800005086|09/2021",,2026-08-21T17:56:18.000Z,"Aug 21, '26",2024-10-25T18:30:00.000+00:00,2026-10-21T17:56:22.000Z,"Oct 21, '26",0,,,Bachelors/Family,1BHK Multistorey Apartment for Resale in Paras El Signora at Andheri West,,429.0,Andheri West
95,Less than 5 years,13500000.0,1.35 Cr,25520.0,13500000.0,14700000.0,1,1,,381.0,Sq-ft,529.0,12800.0,18,21.0,18 of 21 Floor,Unfurnished,,,Apartment,Resale,Ready to Move,20260822,20260821.0,,,4320,Mumbai,93799.0,Kanjurmarg East,,Y,Kanakia Zen World,N,,"[""19210|Bhandup Railway Station||10834|19248"", ""19201|Ithink Techno Campus||151305|"", ""19202|Balmohan Vidyamandir||89004|19227"", ""19202|Adarsh Vidyalay||156481|"", ""19203|Ankur Hospital||153835|""]",19.13214,72.93263,"19.1303464798827,72.934955451681",b,12201 12202 12203 12204 12205 12206 12207 12208 12209 12211 12213 12214 12215 12216 12217 12218 12219 12220 12221 12223 12224 12227 12228 12229 12547 12549 12560 1404117 1404121 1404143,12560 12215 12224 12229 12220 12221 12223 12214 12216 12217 12227 1404143,"Water Front,Air Conditioned,Banquet Hall,Jogging and Strolling Track,Laundry Service,Internet/Wi-Fi Connectivity,RO Water System,Service/Goods Lift,Visitor Parking,Intercom Facility,Conference Room,",F,False,,,,,,," P51800022936|-1,NA|null,P51800008343|-1",,2026-08-21T11:30:56.000Z,"Aug 21, '26",2024-10-25T18:30:00.000+00:00,2027-01-03T11:30:56.000Z,"Jan 03, '27",0,,,Bachelors/Family,1BHK Multistorey Apartment for Resale in Kanakia Zen World at Kanjurmarg East,,529.0,Kanjurmarg East
96,10 to 15 years,12500000.0,1.25 Cr,21079.0,12500000.0,13600000.0,1,1,,427.0,Sq-ft,593.0,12800.0,4,13.0,4 of 13 Floor,Semi-Furnished,,,Apartment,Resale,Ready to Move,20260822,20260821.0,,,4320,Mumbai,78864.0,Jogeshwari West,,Y,Hill park Tower,N,,"[""19210|Lower Oshiwara Metro Station|5 minutes|161719|19249"", ""19210|Mahatma Gandhi Vidyalaya Bus Stop||161721|19250"", ""19201|Infinite||151435|"", ""19201|Infinity It Park||88490|19221"", ""19202|Kumarans College||114432|19227"", ""19202|Mumbra English High School.||83166|19227"", ""19203|Wellspring Hospital||82348|19230"", ""19203|Dr. Neha Shah Nursing Home||154093|"", ""19206| R Odeon Mall||88926|19239"", ""19206|Mega Mall||148650|19239""]",19.14051,72.84216,"19.1438823857409,72.8427830413067",b,,,,F,False,,,,,,,,,2026-08-21T09:54:26.000Z,"Aug 21, '26",2024-10-25T18:30:00.000+00:00,2027-01-03T09:54:26.000Z,"Jan 03, '27",0,,,Bachelors/Family,1BHK Multistorey Apartment for Resale in Hill park Tower at Jogeshwari West,,593.0,Jogeshwari West
97,Less than 5 years,16000000.0,1.60 Cr,35955.0,16000000.0,17400000.0,1,2,,320.0,Sq-ft,445.0,12800.0,5,12.0,5 of 12 Floor,Semi-Furnished,,,Apartment,Resale,Ready to Move,20260822,20260821.0,,,4320,Mumbai,60017.0,Andheri East,,N,Krishna Chaitanya,N,,"[""19210|Andheri metro station, Mumbai|5 minutes|8694|19249"", ""19210|Andheri Railway Station||138500|19248"", ""19201|Royal Super Market||164799|19239"", ""19201|Shree Mahalaxmi Super Market||165265|19239"", ""19202|Singhania University Mumbai||164801|19227"", ""19202|Tolani College Of Commerce||88148|19227"", ""19203|Ve Care Hospital||153609|"", ""19203|Esic Hospital||153615|"", ""19206|Metro Mart NX||84754|19239"", ""19206|Akruti One World Mall||10670|19239""]",19.1130939,72.8523514,"19.1154908,72.8726952",b,12201 12202 12203 12206 12216 12534 1404114 1404143,1404114 12534 12216 1404143,"Located in the Heart of city,Visitor Parking,",F,False,,,,,,,"NA|null,P51800000078|12/2018",,2026-08-21T12:21:51.000Z,"Aug 21, '26",2024-10-25T18:30:00.000+00:00,2027-01-03T12:21:51.000Z,"Jan 03, '27",0,,,Bachelors/Family,1BHK Multistorey Apartment for Resale in Krishna Chaitanya at Andheri East,,445.0,Andheri East
98,Less than 5 years,14000000.0,1.40 Cr,33735.0,14000000.0,15100000.0,1,1,,299.0,Sq-ft,415.0,12800.0,9,17.0,9 of 17 Floor,Furnished,,,Apartment,Resale,Ready to Move,20260822,20260821.0,,,4320,Mumbai,60121.0,Goregaon East,,N,Yash Willows,N,,"[""19210|Aarey Metro Station|5 minutes|165285|19249"", ""19201|Oberoi Mall||167699|"", ""19201|Gokuldham Shopping Centre||167697|19239"", ""19202|Mumbai Public School||157197|"", ""19202|St. Thomas High School||88464|19227"", ""19203|H B T Trauma Care Municipal Hospital||140736|19231"", ""19203|Sunita Multi-Speciality Hospital||153221|"", ""19206|Oberoi Mall||10718|19239"", ""19206|The Hub Mall,||140516|19239""]",19.1662203,72.8550438,"19.1562110822264,72.8758090633208",b,12202 12203 12208 1404143,1404143,,F,False,,,,,,,,,2026-08-21T12:43:41.000Z,"Aug 21, '26",2024-10-25T18:30:00.000+00:00,2027-01-03T12:43:41.000Z,"Jan 03, '27",0,,,Bachelors/Family,1BHK Multistorey Apartment for Resale in Yash Willows at Goregaon East,,415.0,Goregaon East
99,10 to 15 years,15000000.0,1.50 Cr,30000.0,15000000.0,16400000.0,1,1,,360.0,Sq-ft,500.0,12800.0,10,11.0,10 of 11 Floor,Furnished,,,Apartment,Resale,Ready to Move,20260822,20260821.0,,,4320,Mumbai,89320.0,Vakola,,N,,N,,"[""19210|Sahar P & T Colony No.2 Bus Stop||167619|19250"", ""19202|Panbai International School||87976|19227"", ""19206|Pride Shopping Mall||87966|19239"", ""19206|Prime Mall||87968|19239""]",0.0,0.0,"19.0794899226775,72.8542218874446",b,,,,F,False,,,,,,,,,2026-08-21T13:16:11.000Z,"Aug 21, '26",2024-10-25T18:30:00.000+00:00,2027-01-03T13:16:11.000Z,"Jan 03, '27",0,,,Bachelors/Family,1BHK Multistorey Apartment for Resale in Vakola,,500.0,Vakola
100,Less than 5 years,12500000.0,1.25 Cr,30488.0,12500000.0,13500000.0,1,1,,295.0,Sq-ft,410.0,12800.0,2,10.0,2 of 10 Floor,Unfurnished,,,Apartment,Resale,Ready to Move,20260822,20260821.0,,,4320,Mumbai,60018.0,Andheri West,,N,Shri Arham Bluz,N,,"[""19210|Azad Nagar metro station, Mumbai|5 minutes|8688|19249"", ""19210|J.V.P.D.Bus Station Bus Stop||160505|19250"", ""19201|Laxmi Super Market||167663|19239"", ""19201|millat super market||167665|19239"", ""19202|Gyan Kendra Secondary School||156999|"", ""19202|Bhavan's College||86848|19227"", ""19203|Nakshatra Multispeciality Hospital||167639|19230"", ""19203|Kokilaben Dhirubhai Ambani Hospital||154445|"", ""19206|Infiniti Mall||88566|19239"", ""19206|Crystal Point Mall||10768|19239""]",19.1174388,72.8415631,"19.1373697481266,72.8257229439874",b,,,,F,False,,,,,,,"NA|null,P51800010383|-1",,2026-08-21T14:26:05.000Z,"Aug 21, '26",2024-10-25T18:30:00.000+00:00,2027-01-03T14:26:05.000Z,"Jan 03, '27",0,,,Bachelors/Family,1BHK Multistorey Apartment for Resale in Shri Arham Bluz at Andheri West,,410.0,Andheri West
101,Less than 5 years,12500000.0,1.25 Cr,18939.0,12500000.0,13600000.0,1,2,,475.0,Sq-ft,660.0,12800.0,7,12.0,7 of 12 Floor,Semi-Furnished,,,Apartment,Resale,Ready to Move,20260822,20260821.0,,,4320,Mumbai,94133.0,Mhatre Wadi,,N,Raviraj Tarang,N,,"[""19202|Mumbai Public School||157081|"", ""19203|Silverline Hospital||154227|""]",19.2503603,72.857164,"19.2524949571291,72.8576347043956",b,,,,F,False,,,,,,,"NA|null,P51800010482|01/2001",,2026-08-21T14:03:23.000Z,"Aug 21, '26",2024-10-25T18:30:00.000+00:00,2027-01-03T14:03:23.000Z,"Jan 03, '27",0,,,Bachelors/Family,1BHK Multistorey Apartment for Resale in Raviraj Tarang at Mhatre Wadi Dahisar West,,660.0,Mhatre Wadi Dahisar West
102,Less than 5 years,15000000.0,1.50 Cr,23077.0,15000000.0,16400000.0,1,1,,468.0,Sq-ft,650.0,12800.0,12,14.0,12 of 14 Floor,Furnished,,,Apartment,Resale,Ready to Move,20260821,20260821.0,,,4320,Mumbai,60018.0,Andheri West,,N,Palash Tower,N,,"[""19210|Azad Nagar metro station, Mumbai|5 minutes|8688|19249"", ""19210|Jankidevi Public School Bus Stop||160507|19250"", ""19201|Andheri West Market||160495|19239"", ""19201|Fun Republic Mall||160501|19239"", ""19202|Holy Cross Convent||146638|19227"", ""19202|Jankidevi Public School||87106|19227"", ""19203|Bluebell||153817|"", ""19203|Nakshatra Multispeciality Hospital||167639|19230"", ""19206|Navrang Cinema||140982|19239"", ""19206|Pvr - Citi Mall||88572|19239""]",19.1378636,72.8365792,"19.1373697481266,72.8257229439874",b,12201 12202 12206 12207 12208 12209 12213 12215 12216 12217 12228 1404115 1404120 1404121 1404143,1404115 12215 12216 12217 1404143,"Air Conditioned,Visitor Parking,Intercom Facility,",F,False,,,,,,,,,2026-08-21T06:16:07.000Z,"Aug 21, '26",2024-10-25T18:30:00.000+00:00,2026-10-21T06:16:08.000Z,"Oct 21, '26",0,,,Bachelors/Family,1BHK Multistorey Apartment for Resale in Palash Tower at Andheri West,,650.0,Andheri West
103,Less than 5 years,13500000.0,1.35 Cr,22500.0,13500000.0,14600000.0,1,2,,432.0,Sq-ft,600.0,12800.0,7,12.0,7 of 12 Floor,Unfurnished,,,Apartment,Resale,Ready to Move,20260822,20260821.0,,,4320,Mumbai,60207.0,Malad East,,N,Devi Krupa,N,,"[""19210|Malad Railway Station (E) Bus Stop||160533|19250"", ""19201|Seven days super market||167713|19239"", ""19201|Raheja Federation Garden||79180|19221"", ""19202|Dtss College Of Commerce||87850|19227"", ""19202|Rejoice International School||88454|19227"", ""19203|Carefull Hospital Maternity And General||153825|"", ""19203|Sanjeevani Hospital||154507|"", ""19206|Metro Mart||84746|19239"", ""19206|Express Zone Mall||10792|19239""]",19.087201,72.9120276,"19.1848724519187,72.8629697025013",b,12202 12208 12209 12211 12214 12216 12218 12219 12222 1404143,12214 12216 1404143,"Service/Goods Lift,Visitor Parking,",F,False,,,,,,,,,2026-08-21T08:06:03.000Z,"Aug 21, '26",2024-10-25T18:30:00.000+00:00,2027-01-03T08:06:03.000Z,"Jan 03, '27",0,,,Bachelors/Family,1BHK Multistorey Apartment for Resale in Devi Krupa at Malad East,,600.0,Malad East
104,Less than 5 years,12000000.0,1.20 Cr,16973.0,12000000.0,13000000.0,1,2,,509.0,Sq-ft,707.0,12800.0,1,21.0,1 of 21 Floor,Furnished,,,Apartment,Resale,Ready to Move,20260822,20260821.0,,,4320,Mumbai,93799.0,Kanjurmarg East,,N,Aadi Allure,N,,"[""19210|Bhandup Railway Station||10834|19248"", ""19201|Ithink Techno Campus||151305|"", ""19202|Mumbai Public School||156883|"", ""19202|Adarsh Vidyalay||156481|"", ""19203|Ankur Hospital||153835|""]",19.12989,72.93913,"19.1303464798827,72.934955451681",b,12201 12202 12204 12205 12206 12207 12208 12209 12211 12213 12214 12215 12216 12217 12218 12221 12224 12228 12229 1404114 1404121 1404124 1404125,1404114 12215 12224 12229 1404125 1404124 12221 12214 12216 12217,"Air Conditioned,Banquet Hall,Jogging and Strolling Track,,,Internet/Wi-Fi Connectivity,Service/Goods Lift,Visitor Parking,Intercom Facility",F,False,,,,,,,"NA|null,P51800008521|-1,P51800016566|-1",,2026-08-21T06:51:42.000Z,"Aug 21, '26",2024-10-25T18:30:00.000+00:00,2027-01-03T06:51:42.000Z,"Jan 03, '27",0,,,Bachelors/Family,1BHK Multistorey Apartment for Resale in Aadi Allure at Kanjurmarg East,,707.0,Kanjurmarg East
105,15 to 20 years,12000000.0,1.20 Cr,30000.0,12000000.0,13000000.0,1,1,,288.0,Sq-ft,400.0,12800.0,1,7.0,1 of 7 Floor,Furnished,,,Apartment,Resale,Ready to Move,20260821,20260821.0,,,4320,Mumbai,78899.0,Tardeo,,N,Gokuldham Apartment,N,,"[""19201|World Trade Centre||86984|19221"", ""19201|Heera Panna Shopping Centre||167529|19239"", ""19202|The Universal School||87004|19227"", ""19202|Bhausaheb Hiray Vidyalaya||147492|19227"", ""19203|Jaslok Hospital||76324|19230"", ""19203|Apollo Specialty Hospital||10514|19230"", ""19206|Heera Punna||10786|19239""]",18.96791,72.81326,"18.9693555488714,72.8133774658556",b,,,,F,False,,,,,,,,,2026-08-21T05:11:33.000Z,"Aug 21, '26",2024-10-25T18:30:00.000+00:00,2026-10-21T05:11:35.000Z,"Oct 21, '26",0,,,Bachelors/Family,1BHK Multistorey Apartment for Resale in Gokuldham Apartment at Tardeo,,400.0,Tardeo
106,Less than 5 years,14500000.0,1.45 Cr,25528.0,14500000.0,15800000.0,1,1,,409.0,Sq-ft,568.0,12800.0,2,5.0,2 of 5 Floor,Furnished,,,Apartment,Resale,Ready to Move,20260821,20260821.0,,,4320,Mumbai,78896.0,Santacruz West,,N,Khira Nagar Apartment,N,,"[""19210|Santacruz Police Station / V.P. Road Bus Stop||161847|19250"", ""19202|Poodar International School||157191|"", ""19202|Usha Mittal Institute of Technology||5323|19225"", ""19203|Surya Hospital||154303|"", ""19203|Surya Multispeciality Hospital||167601|19230"", ""19206|Milan Mall||10650|19239"", ""19206|KDD Softy @ Reliance MART, Acme Mall||84684|19239""]",19.08769,72.83813,"19.0812559812257,72.8376604906028",b,,,,F,False,,,,,,,,,2026-08-21T05:08:20.000Z,"Aug 21, '26",2024-10-25T18:30:00.000+00:00,2026-10-21T05:08:21.000Z,"Oct 21, '26",0,,,Bachelors/Family,1BHK Multistorey Apartment for Resale in Khira Nagar Apartment at Santacruz West,,568.0,Santacruz West
107,Above 20 years,12500000.0,1.25 Cr,24038.0,12500000.0,13600000.0,1,1,,374.0,Sq-ft,520.0,12800.0,2,3.0,2 of 3 Floor,Unfurnished,,,Apartment,Resale,Ready to Move,20260821,20260821.0,,,4320,Mumbai,78895.0,Santacruz East,,N,Roy Mansion,N,,"[""19210|Kolivery Village Bus Stop||139096|19250"", ""19210|Santacruz East Railway Station||79894|19248"", ""19201|Yes Bank Office||151129|"", ""19201|Walk2Mart Super Market - Kalina||161845|19239"", ""19202|Kalina University of Mumbai||164985|19227"", ""19202|Maheshwari Vidyalaya & Jr. College||88972|19227"", ""19203|Sparsh Hospital||154275|"", ""19203|R. K. Hospital||154273|"", ""19206|Matro Mall||86710|19239"", ""19206|Prime Mall||87968|19239""]",19.07869,72.85517,"19.0799983,72.8545019",b,,,,F,False,,,,,,,,,2026-08-21T05:07:16.000Z,"Aug 21, '26",2024-10-25T18:30:00.000+00:00,2026-10-21T05:07:17.000Z,"Oct 21, '26",0,,,Bachelors/Family,1BHK Multistorey Apartment for Resale in Roy Mansion at Santacruz East,,520.0,Santacruz East
108,15 to 20 years,12500000.0,1.25 Cr,21739.0,12500000.0,13500000.0,1,2,,414.0,Sq-ft,575.0,12800.0,2,7.0,2 of 7 Floor,Unfurnished,,,Apartment,Resale,Ready to Move,20260821,20260821.0,,,4320,Mumbai,60207.0,Malad East,,N,Dheeraj Uphar CHS. LTD.,N,,"[""19210|Malad Railway Station (E) Bus Stop||160533|19250"", ""19201|Raheja Federation Garden||79180|19221"", ""19201|Aarey Bhaskar Garden||72174|19221"", ""19202|Childrens Academy||146092|19227"", ""19202|St. George High School||87848|19227"", ""19203|Veena Children Hospital||81966|19230"", ""19203|Sanjeevani Hospital||10606|19230"", ""19206|Oberoi Mall||148240|19239"", ""19206|Eastern Mall||74786|19239""]",19.17632,72.8642,"19.1848724519187,72.8629697025013",b,,,,F,False,,,,,,,,,2026-08-21T04:48:38.000Z,"Aug 21, '26",2024-10-25T18:30:00.000+00:00,2026-10-21T04:48:39.000Z,"Oct 21, '26",0,,,Bachelors/Family,1BHK Multistorey Apartment for Resale in Dheeraj Uphar CHS. LTD. at Malad East,,575.0,Malad East
109,5 to 10 years,14000000.0,1.40 Cr,46667.0,14000000.0,15300000.0,1,1,,216.0,Sq-ft,300.0,12800.0,2,6.0,2 of 6 Floor,Semi-Furnished,,,Apartment,Resale,Ready to Move,20260821,20260821.0,,,4320,Mumbai,78876.0,Mahim,,N,Zaitoon Apartment,N,,"[""19210|Mahim Junction Railway Station||88330|19248"", ""19202|Xavier Institute of Engineering||5333|19225"", ""19202|Victoria High School Mahim||82086|19227"", ""19203|Radhibai Watumull Chest Hospital||79156|19230"", ""19203|P. D. Hinduja Hospital and Medical Research Centre||161769|19230"", ""19206|Phoenix Marketcity Mall||88328|19239""]",19.04153,72.83975,"19.0388120275329,72.8419652875755",b,,,,F,False,,,,,,,,,2026-08-21T04:48:10.000Z,"Aug 21, '26",2024-10-25T18:30:00.000+00:00,2026-10-21T04:48:11.000Z,"Oct 21, '26",0,,,Bachelors/Family,1BHK Multistorey Apartment for Resale in Zaitoon Apartment at Mahim,,300.0,Mahim
110,10 to 15 years,16000000.0,1.60 Cr,21053.0,16000000.0,17400000.0,1,2,,547.0,Sq-ft,760.0,12800.0,Ground,6.0,Ground of 6 Floor,Unfurnished,,,Apartment,Resale,Ready to Move,20260821,20260821.0,,,4320,Mumbai,78896.0,Santacruz West,,N,Pioneer Heritage,N,,"[""19210|Santacruz Police Station / V.P. Road Bus Stop||161847|19250"", ""19202|Poodar International School||157191|"", ""19202|RN Podar||147084|19227"", ""19203|Surya Hospital||154303|"", ""19203|Surya Multispeciality Hospital||167601|19230"", ""19206|Milan Mall||10650|19239"", ""19206|KDD Softy @ Reliance MART, Acme Mall||84684|19239""]",19.08919,72.83615,"19.0812559812257,72.8376604906028",b,12208 12209 12216 12218 12220 12222 1404120 1404121 1404143,12220 12216 1404143,"Laundry Service,Visitor Parking,",F,False,,,,,,,,,2026-08-21T05:08:44.000Z,"Aug 21, '26",2024-10-25T18:30:00.000+00:00,2026-10-21T05:08:45.000Z,"Oct 21, '26",0,,,Bachelors/Family,1BHK Multistorey Apartment for Resale in Pioneer Heritage at Santacruz West,,760.0,Santacruz West
111,Less than 5 years,12900000.0,1.29 Cr,28043.0,12900000.0,13900000.0,1,2,,331.0,Sq-ft,460.0,12800.0,5,15.0,5 of 15 Floor,Semi-Furnished,,,Apartment,Resale,Ready to Move,20260821,20260821.0,,,4320,Mumbai,78886.0,Mulund East,,N,Gagangiri Towers,N,,"[""19210|Mulund (E) Bus Stop||167693|19250"", ""19202|V.p.ms B.r.tol English High School||161793|19227"", ""19202|VGV College Mulund East||82070|19225"", ""19203|Ashirvad Criticare Multispeciality Hospital||154439|"", ""19206|A - Mart Super Market||84776|19239""]",19.1659027,72.9578849999999,"19.1531029501285,72.9678051455382",b,12202 12203 12208 12209 12211 12216 12219 1404121 1404143,12216 1404143,"Visitor Parking,",F,False,,,,,,,,,2026-08-21T04:55:47.000Z,"Aug 21, '26",2024-10-25T18:30:00.000+00:00,2026-10-21T04:55:47.000Z,"Oct 21, '26",0,,,Bachelors/Family,1BHK Multistorey Apartment for Resale in Gagangiri Towers at Mulund East,,460.0,Mulund East
112,5 to 10 years,13000000.0,1.30 Cr,21138.0,13000000.0,14000000.0,1,2,,443.0,Sq-ft,615.0,12800.0,4,15.0,4 of 15 Floor,Furnished,,,Apartment,Resale,Ready to Move,20260821,20260821.0,,,4320,Mumbai,78867.0,Kandivali West,,N,Shree Niketan,N,,"[""19210|Mahavir Nagar Metro Station|5 minutes|88030|19249"", ""19210|Charkop Police Station Bus Stop||167757|19250"", ""19201|Sunrays Shopping Center Premises||151573|"", ""19202|Aspee Nutan Academy||87396|19227"", ""19202|Orchids The International School (Malad)||87444|19227"", ""19203|Mangal Murti Hospital||153623|"", ""19203|Dr. Babasaheb Ambedkar Hospital||154147|"", ""19206|Raghuleela Mall||10630|19239"", ""19206|Akruti Shopping Centre||139614|19239""]",19.20234,72.83432,"19.2101312179652,72.8305011930765",b,12202 12209 12218,,,F,False,,,,,,,,,2026-08-21T04:42:31.000Z,"Aug 21, '26",2024-10-25T18:30:00.000+00:00,2026-10-21T04:42:31.000Z,"Oct 21, '26",0,,,Bachelors/Family,1BHK Multistorey Apartment for Resale in Shree Niketan at Kandivali West,,615.0,Kandivali West
113,New Construction,13000000.0,1.30 Cr,17333.0,13000000.0,14200000.0,1,2,,540.0,Sq-ft,750.0,12800.0,11,18.0,11 of 18 Floor,Semi-Furnished,,,Apartment,Resale,Ready to Move,20260821,20260821.0,,,4320,Mumbai,78864.0,Jogeshwari West,,N,SMGK Associates Residency,N,,"[""19210|Lower Oshiwara Metro Station|5 minutes|161719|19249"", ""19210|Mahatma Gandhi Vidyalaya Bus Stop||161721|19250"", ""19201|Infinity It Park||88490|19221"", ""19201|Kalyani Magnum It Tech Park||114418|19221"", ""19202|Oes International School||157227|"", ""19202|Prarthana School||114428|19227"", ""19203|Fatima Children||154281|"", ""19203|Mother Care Hospital||154111|"", ""19206| R Odeon Mall||88926|19239"", ""19206|Mega Mall||148650|19239""]",19.13743,72.84199,"19.1438823857409,72.8427830413067",b,12201 12202 12203 12208 12209 12211 12216 12218 12219 12222 1404121 1404143,12216 1404143,"Visitor Parking,",F,False,,,,,,,,,2026-08-21T04:36:36.000Z,"Aug 21, '26",2024-10-25T18:30:00.000+00:00,2026-10-21T04:36:37.000Z,"Oct 21, '26",0,,,Bachelors/Family,1BHK Multistorey Apartment for Resale in SMGK Associates Residency at Jogeshwari West,,750.0,Jogeshwari West
114,10 to 15 years,12000000.0,1.20 Cr,20690.0,12000000.0,13100000.0,1,2,,418.0,Sq-ft,580.0,12800.0,5,8.0,5 of 8 Floor,Unfurnished,,,Apartment,Resale,Ready to Move,20260821,20260821.0,,,4320,Mumbai,78867.0,Kandivali West,,N,Veena Sitar,N,,"[""19210|Mahavir Nagar Metro Station|5 minutes|88030|19249"", ""19210|P. Thackeray Nagar Bus Stop||165303|19250"", ""19201|Sunrays Shopping Center Premises||151573|"", ""19202|St Joseph Highschool||145970|19227"", ""19202|Parul University||161739|19227"", ""19203|Sakuntala Nursing Home||154099|"", ""19203|Mangal Murti Hospital||153623|"", ""19206|Akruti Shopping Centre||139614|19239"", ""19206|Samruddhi Shopping Centre||88078|19239""]",19.20951,72.83862,"19.2101312179652,72.8305011930765",b,,,,F,False,,,,,,,,,2026-08-21T04:42:38.000Z,"Aug 21, '26",2024-10-25T18:30:00.000+00:00,2026-10-21T04:42:38.000Z,"Oct 21, '26",0,,,Bachelors/Family,1BHK Multistorey Apartment for Resale in Veena Sitar at Kandivali West,,580.0,Kandivali West
115,Above 20 years,24500000.0,2.45 Cr,39452.0,24500000.0,26500000.0,1,1,,550.0,Sq-ft,621.0,12800.0,9,16.0,9 of 16 Floor,Semi-Furnished,South - East,Main Road,Apartment,Resale,Ready to Move,20260823,20260823.0,,,4320,Mumbai,60018.0,Andheri West,,Y,Galactica Apartment,N,High Point Restaurant,"[""19210|Azad Nagar metro station, Mumbai|5 minutes|8688|19249"", ""19210|D N Nagar Metro Station||158133|"", ""19201|Fun Republic Mall||160501|19239"", ""19201|Star Bazaar||160515|19239"", ""19202|Shri Mahavira Jaina Vidyalaya||157225|"", ""19202|Orchid Global Learning Academy||157481|"", ""19203|Kokilaben Dhirubhai Ambani Hospital||154445|"", ""19203|Criticare Hospital||160499|19230"", ""19206|Ceramic Mall||73820|19239"", ""19206|Pvr - Citi Mall||88572|19239""]",19.14405,72.82347,"19.1373697481266,72.8257229439874",b,12201 12202 12208 12209 12211 12213 12214 12215 12216 12217 12218 12219 12221 12222 12223 12228,12215 12221 12223 12214 12216 12217,"Air Conditioned,Internet/Wi-Fi Connectivity,RO Water System,Service/Goods Lift,Visitor Parking,Intercom Facility",F,False,1 Open,Water Availability 24 Hours Available,No/Rare Powercut,4000.0,Monthly,Vitrified,,Freehold,2026-08-22T23:33:02.000Z,Today,2026-08-06T18:30:00.000+00:00,2026-12-20T23:33:02.000Z,"Dec 21, '26",0,0.0,Y,Bachelors/Family,1BHK Multistorey Apartment for Resale in Galactica Apartment at Andheri West,,621.0,Andheri West
116,Above 20 years,22500000.0,2.25 Cr,22500.0,22500000.0,24300000.0,1,1,,720.0,Sq-ft,1000.0,12800.0,4,5.0,4 of 5 Floor,Furnished,,,Apartment,Resale,Ready to Move,20260822,20260822.0,,,4320,Mumbai,107968.0,,,Y,Kartar Bhavan,N,,"[""19202|Ayurved Maha Vidyalaya.||157069|"", ""19202|KJ Somaiya Institute of Engineering Information Technology||5357|19225"", ""19203|Sion Denntal Care||154211|"", ""19203|Dr Abhyankar Hospital||74602|19230"", ""19206|Prime Mall||88242|19239"", ""19206|Phoenix Marketcity Mall||88240|19239""]",19.03542,72.86154,"19.0406208013187,72.8695165321764",b,,,,F,False,,,,,,,,,2026-08-21T19:27:40.000Z,Yesterday,2024-10-26T18:30:00.000+00:00,2026-10-21T19:27:40.000Z,"Oct 22, '26",0,,,Bachelors/Family,1BHK Multistorey Apartment for Resale in Kartar Bhavan at Sion East,,1000.0,Sion East
117,Less than 5 years,20000000.0,2 Cr,30769.0,20000000.0,21600000.0,1,1,,468.0,Sq-ft,650.0,12800.0,2,3.0,2 of 3 Floor,Unfurnished,,,Apartment,Resale,Ready to Move,20260822,20260821.0,,,4320,Mumbai,78908.0,Vile Parle East,,Y,Shanti Kunj,N,,"[""19210|Vile Parle Railway Station||10924|19248"", ""19210|Hanuman Road Bus Stop||140870|19250"", ""19201|Parle Square Mall||161863|19239"", ""19202|Parle Tilak Vidyalaya||146402|19227"", ""19202|Mubai Public School||156745|"", ""19203|Madhavbhag||153779|"", ""19203|Shirodkar Hospital||140376|19230"", ""19206|Agarwal Market||84850|19239"", ""19209|Chhatrapati Shivaji Maharaj International Airport Mumbai Terminal 1||73956|19247"", ""19209|Chhatrapati Shivaji Maharaj International Airport Mumbai Terminal 2||73958|19247""]",19.1849009,72.8481554,"19.10046297,72.84924449",b,,,,F,False,,,,,,,,,2026-08-21T16:50:03.000Z,"Aug 21, '26",2024-10-25T18:30:00.000+00:00,2026-10-21T16:50:07.000Z,"Oct 21, '26",0,,,Bachelors/Family,1BHK Multistorey Apartment for Resale in Shanti Kunj at Vile Parle East,,650.0,Vile Parle East
118,Less than 5 years,20000000.0,2 Cr,30534.0,20000000.0,21800000.0,1,2,,472.0,Sq-ft,655.0,12800.0,3,7.0,3 of 7 Floor,Furnished,,,Apartment,Resale,Ready to Move,20260821,20260821.0,,,4320,Mumbai,78892.0,Parel,,Y,Vikas Apartments,N,,"[""19210|Parel Village Bus Stop||139176|19250"", ""19210|Sewree Naka Bus Stop||161827|19250"", ""19202|Mahahta Phule Education Society||156741|"", ""19202|M D College of Arts, Science and Commerce||161825|19225"", ""19203|Parel Hospital||167541|19230"", ""19203|Indian Cancer Society||153597|""]",19.1749342,72.9550864,"18.9982694030581,72.8410429440342",b,12202 12208 12209 12216 12220 12222,12220 12216,"Laundry Service,Visitor Parking",F,False,,,,,,,,,2026-08-21T05:01:08.000Z,"Aug 21, '26",2024-10-25T18:30:00.000+00:00,2026-10-21T05:01:09.000Z,"Oct 21, '26",0,,,Bachelors/Family,1BHK Multistorey Apartment for Resale in Vikas Apartments at Parel,,655.0,Parel
119,5 to 10 years,20900000.0,2.09 Cr,29028.0,20900000.0,22600000.0,1,2,,518.0,Sq-ft,720.0,12800.0,7,7.0,7 of 7 Floor,Semi-Furnished,,,Apartment,Resale,Ready to Move,20260821,20260821.0,,,4320,Mumbai,78876.0,Mahim,,Y,Cadel Castle Apartment,N,,"[""19210|Mahim Junction Railway Station||88330|19248"", ""19202|Xavier Institute of Engineering||5333|19225"", ""19202|Victoria High School||88336|19227"", ""19203|P. D. Hinduja Hospital and Medical Research Centre||161769|19230"", ""19203|Radhibai Watumull Chest Hospital||79156|19230"", ""19206|Phoenix Marketcity Mall||88328|19239""]",19.04129,72.83968,"19.0388120275329,72.8419652875755",b,,,,F,False,,,,,,,,,2026-08-21T04:47:39.000Z,"Aug 21, '26",2024-10-25T18:30:00.000+00:00,2026-10-21T04:47:40.000Z,"Oct 21, '26",0,,,Bachelors/Family,1BHK Multistorey Apartment for Resale in Cadel Castle Apartment at Mahim,,720.0,Mahim
120,15 to 20 years,19500000.0,1.95 Cr,29545.0,19500000.0,21300000.0,1,2,,475.0,Sq-ft,660.0,12800.0,5,8.0,5 of 8 Floor,Semi-Furnished,,,Apartment,Resale,Ready to Move,20260821,20260821.0,,,4320,Mumbai,78892.0,Parel,,Y,Deep Residency,N,,"[""19210|Parel Village Bus Stop||139176|19250"", ""19210|Cotton Green Railway Station||140250|19248"", ""19202|JBCN International School Parel||156737|"", ""19202|M D College of Arts, Science and Commerce||161825|19225"", ""19203|Parel Hospital||167541|19230"", ""19203|Santhashree Shantram Foundation Rajkamal Kalamandir Hospital||79896|19230""]",19.0058173,72.8454091,"18.9982694030581,72.8410429440342",b,,,,F,False,,,,,,,,,2026-08-21T05:00:55.000Z,"Aug 21, '26",2024-10-25T18:30:00.000+00:00,2026-10-21T05:00:56.000Z,"Oct 21, '26",0,,,Bachelors/Family,1BHK Multistorey Apartment for Resale in Deep Residency at Parel,,660.0,Parel
121,Above 20 years,19500000.0,1.95 Cr,27857.0,19500000.0,21100000.0,1,2,,504.0,Sq-ft,700.0,12800.0,3,4.0,3 of 4 Floor,Unfurnished,,,Apartment,Resale,Ready to Move,20260821,20260821.0,,,4320,Mumbai,78867.0,Kandivali West,,Y,Sahyadri CHS,N,,"[""19210|Mahavir Nagar Metro Station||88030|19249"", ""19210|Kandivali (West) Metro Station||167755|19249"", ""19201|Sunrays Shopping Center Premises||151573|"", ""19202|Orchids The International School, Malad||87394|19227"", ""19202|Kes International School||156841|"", ""19203|Mangal Murti Hospital||153623|"", ""19203|Shivam Hospital Super Multispeciality Hospital||139976|19230"", ""19206|Raghuleela Mall||10630|19239"", ""19206|Samruddhi Shopping Centre||88078|19239""]",19.22725,73.13291,"19.2101312179652,72.8305011930765",b,,,,F,False,,,,,,,,,2026-08-21T04:40:52.000Z,"Aug 21, '26",2024-10-25T18:30:00.000+00:00,2026-10-21T04:40:53.000Z,"Oct 21, '26",0,,,Bachelors/Family,1BHK Multistorey Apartment for Resale in Sahyadri CHS at Kandivali West,,700.0,Kandivali West
122,Above 20 years,25000000.0,2.50 Cr,45455.0,25000000.0,27000000.0,1,2,,396.0,Sq-ft,550.0,12800.0,2,12.0,2 of 12 Floor,Semi-Furnished,,,Apartment,Resale,Ready to Move,20260821,20260821.0,,,4320,Mumbai,78851.0,Dadar East,,Y,Navin Asha CHS,N,,"[""19210|Prabhadevi Railway Station (Western Line)||87220|19248"", ""19210|Dadar Railway Station (E) (Swami Narayan Chowk) Bus Stop||161673|19250"", ""19201|Palai Commercial Complex||151401|"", ""19202|Digambar Patkar Vidyalaya||147222|19227"", ""19202|Raja Shivaji Vidyalay||147652|19227"", ""19203|Dr Karvar Hospital||74634|19230"", ""19206|Hindmata Cinema||140564|19239"", ""19206|Hindmata Mall||10622|19239""]",19.0129,72.8423,"19.0135792007831,72.8448295038214",b,12202 12208 12209 12211 12216 12220 12222 1404110 1404143,12220 12216 1404143,"Laundry Service,Visitor Parking,",F,False,,,,,,,,,2026-08-21T04:21:40.000Z,"Aug 21, '26",2024-10-25T18:30:00.000+00:00,2026-10-21T04:21:41.000Z,"Oct 21, '26",0,,,Bachelors/Family,1BHK Multistorey Apartment for Resale in Navin Asha CHS at Dadar East,,550.0,Dadar East
123,Above 20 years,23500000.0,2.35 Cr,33571.0,23500000.0,25400000.0,1,2,,504.0,Sq-ft,700.0,12800.0,2,8.0,2 of 8 Floor,Unfurnished,,,Apartment,Resale,Ready to Move,20260821,20260821.0,,,4320,Mumbai,78896.0,Santacruz West,,Y,Sushila Baug CHS,N,,"[""19210|Santacruz Police Station / V.P. Road Bus Stop||161847|19250"", ""19202|Poodar International School||157191|"", ""19202|RN Podar||147084|19227"", ""19203|Surya Multispeciality Hospital||167601|19230"", ""19203|Surya Hospital||154303|"", ""19206|KDD Softy @ Reliance MART, Acme Mall||84684|19239"", ""19206|Hi Life Mall||10790|19239""]",19.08205,72.83738,"19.0812559812257,72.8376604906028",b,,,,F,False,,,,,,,,,2026-08-21T05:09:12.000Z,"Aug 21, '26",2024-10-25T18:30:00.000+00:00,2026-10-21T05:09:13.000Z,"Oct 21, '26",0,,,Bachelors/Family,1BHK Multistorey Apartment for Resale in Sushila Baug CHS at Santacruz West,,700.0,Santacruz West
124,Above 20 years,20000000.0,2 Cr,27586.0,18000000.0,20000000.0,1,1,,544.0,Sq-ft,725.0,12800.0,1,4.0,1 of 4 Floor,Unfurnished,East,Main Road,Apartment,Resale,Ready to Move,20260820,20260817.0,,,4320,Mumbai,78908.0,Vile Parle East,,Y,,N,Om Sai Niwas.,"[""19210|Vile Parle Police Station (E) Bus Stop||167609|19250"", ""19210|Hanuman Road Bus Stop||140870|19250"", ""19201|Parle Square Mall||161863|19239"", ""19202|Parle Tilak Vidyalaya||146402|19227"", ""19202|Mubai Public School||156745|"", ""19203|Babasaheb Gawde Hospital||10610|19230"", ""19203|Dr Sumitrabai Hospital||74654|19230"", ""19206|Agarwal Market||84850|19239"", ""19209|Chhatrapati Shivaji Maharaj International Airport Mumbai Terminal 2||73958|19247"", ""19209|Chhatrapati Shivaji Maharaj International Airport Mumbai Terminal 1||73956|19247""]",19.10574531555176,72.85078430175781,"19.10046297,72.84924449",b,12208 12209 12211 12213 12215 12216 12218 12222 12228 12518 12541 12547 12549,12518 12215 12541 12216,"Modular Kitchen,Air Conditioned,AC in each room ,Visitor Parking",F,False,1 Open,Water Availability 24 Hours Available,No/Rare Powercut,2500.0,Monthly,Marble,,Co-operative Society,2026-08-16T23:47:58.000Z,"Aug 17, '26",2026-08-19T18:30:00.000+00:00,2026-12-14T23:47:58.000Z,"Dec 15, '26",0,3.0,Y,Bachelors/Family,1BHK Multistorey Apartment for Resale in Vile Parle East,None of these,725.0,Vile Parle East
125,10 to 15 years,20000000.0,2 Cr,,18200000.0,20000000.0,1,2,,390.0,Sq-ft,,,1,6.0,1 of 6 Floor,Furnished,,,Apartment,Resale,Ready to Move,20260819,20260819.0,,,4320,Mumbai,87709.0,Dadar,,Y,,N,,"[""19210|Dadar Metro Station|5 minutes|161675|19249"", ""19210|Dadar (E) Tt Circle Bus Stop||161671|19250"", ""19201|Palai Commercial Complex||151401|"", ""19202|Balmohan Vidyamandir||146264|19227"", ""19202|Digambar Patkar Vidyalaya||147222|19227"", ""19203|Dr Karvar Hospital||74634|19230"", ""19203|Bmc Hospital||73562|19230"", ""19206|INOX||148048|19239"", ""19206|Nakshatra Mall||10754|19239""]",19.020662307739254,72.84341430664062,"19.020661776708,72.8434154500363",b,,,,F,False,,,,,,,,,2026-08-19T15:33:08.000Z,"Aug 19, '26",2026-04-05T18:30:00.000+00:00,2027-01-01T15:33:08.000Z,"Jan 01, '27",0,4.0,,Bachelors/Family,1BHK Multistorey Apartment for Resale in Dadar,,,Dadar
126,Above 20 years,20542500.0,2.05 Cr,46582.0,20542500.0,22600000.0,1,1,1.0,400.0,Sq-ft,441.0,12800.0,4,7.0,4 of 7 Floor,Semi-Furnished,East,Main Road,Apartment,Resale,Ready to Move,20260817,20260817.0,,,4320,Mumbai,95928.0,BBD Chawl Naigaon,,Y,Dadar N J Wadia CHS,N,Tata Memorial Hospital,,19.01975,72.85146,"19.0107327487183,72.8455858054743",b,12201 12202 12208 12209 12211 12213 12215 12216 12219 12221 12223 12531 12536 12541 12542 12547 12549,12531 12536 12215 12542 12541 12221 12223 12216,"Central AC ,3 Tier Security System,Air Conditioned,All wooden flooring,AC in each room ,Internet/Wi-Fi Connectivity,RO Water System,Visitor Parking",F,False,1 Covered,Water Availability 24 Hours Available,No/Rare Powercut,3000.0,Monthly,"Ceramic Tiles,Marble,Granite",,Freehold,2026-08-16T23:49:36.000Z,"Aug 17, '26",2026-07-27T18:30:00.000+00:00,2026-12-14T23:49:36.000Z,"Dec 15, '26",0,6.0,Y,Bachelors/Family,1BHK Multistorey Apartment for Resale in Dadar N J Wadia CHS at BBD Chawl Naigaon,Store,441.0,BBD Chawl Naigaon
127,Less than 5 years,18000000.0,1.80 Cr,,18000000.0,19300000.0,1,2,,430.0,Sq-ft,,,2,9.0,2 of 9 Floor,Semi-Furnished,South - East,"Pool, Garden/Park, Main Road",Apartment,Resale,Ready to Move,20260820,20260820.0,,,4320,Mumbai,78893.0,Powai,,N,Kanakia Silicon Valley,Y,Hiranandani Hospital,"[""19210|Kensington Society Bus Stop||161839|19250"", ""19210|Hiranandani Powai Bus Station Bus Stop||161831|19250"", ""19201|Powai Supreme Business Park||78844|19221"", ""19201|Bureau of Standard||151255|"", ""19202|Abhay International School||89210|19227"", ""19202|Hiranandai Primary School||156735|"", ""19203|Nihal Nursing||153589|"", ""19203|Dr. L H. Hiranandani Hospital||153593|"", ""19206|DMart||147908|19239"", ""19206|Haiko Mall||10810|19239""]",19.119094,72.9187360999999,"19.1196773,72.9050809",b,12201 12202 12203 12204 12205 12206 12207 12208 12209 12212 12213 12214 12217 12218 12219 12220 12223 12224 12225 12226 12227 12228 12229 12230,12225 12224 12229 12230 12220 12223 12214 12217 12227,"Bar/Lounge,Banquet Hall,Jogging and Strolling Track,Outdoor Tennis Courts,Laundry Service,RO Water System,Service/Goods Lift,Intercom Facility,Conference Room",F,False,,,,,,,"NA|null,P51800017413|06/2027,P51800018007|06/2025,P51800018008|06/2025,P51800018113|06/2025,P51800034748|09/2026,P51800047422|-1",Freehold,2026-08-20T07:03:39.000Z,"Aug 20, '26",2026-08-19T18:30:00.000+00:00,2027-01-02T07:03:39.000Z,"Jan 02, '27",0,3.0,,Bachelors/Family,1BHK Multistorey Apartment for Resale in Kanakia Silicon Valley at Powai,,,Powai
128,Above 20 years,22500000.0,2.25 Cr,34615.0,21200000.0,22500000.0,1,1,,550.0,Sq-ft,650.0,12800.0,4,6.0,4 of 6 Floor,Semi-Furnished,,,Apartment,Resale,Ready to Move,20260818,20260818.0,,,4320,Mumbai,161104.0,Meghwadi Lal Baug,,Y,,N,,,18.99413299560547,72.8390121459961,"18.9941339,72.83901537",b,,,,F,False,,,,,,,,,2026-08-17T23:31:36.000Z,"Aug 18, '26",2026-06-26T18:30:00.000+00:00,2026-12-15T23:31:36.000Z,"Dec 16, '26",0,5.0,,Bachelors/Family,1BHK Multistorey Apartment for Resale in Meghwadi Lal Baug,,650.0,Meghwadi Lal Baug
129,New Construction,18000000.0,1.80 Cr,36000.0,,,1,2,,400.0,Sq-ft,500.0,12800.0,9,21.0,9 of 21 Floor,Unfurnished,East,"Garden/Park, Pool, Main Road",Apartment,Resale,Ready to Move,20260822,,,,4320,Mumbai,78932.0,Nagpada,,Y,White Flower,Y,,"[""19210|Nagpada Police Station Bus Stop||161883|19250"", ""19203|Jj Hospital||76406|19230"", ""19206|Loot Bazaar||84844|19239""]",18.9617535,72.827371,"18.9648503356723,72.830608906208",b,12201 12202 12203 12205 12206 12207 12208 12209 12211 12214 12216 12217 12218 12220 12227 12527 12562,12527 12562 12220 12214 12216 12217 12227,"Sea facing,Smart Home,Laundry Service,Service/Goods Lift,Visitor Parking,Intercom Facility,Conference Room",F,False,"1 Covered, 1 Open",Water Availability 24 Hours Available,No/Rare Powercut,7500.0,Monthly,Marble,,Freehold,2026-08-22T09:41:08.000Z,Yesterday,2026-08-21T18:30:00.000+00:00,2026-10-21T18:30:00.000Z,"Oct 22, '26",0,,,Bachelors/Family,1BHK Multistorey Apartment for Resale in White Flower at Nagpada,None of these,500.0,Nagpada
130,5 to 10 years,20000000.0,2 Cr,42105.0,,,1,2,,380.0,Sq-ft,475.0,12800.0,15,18.0,15 of 18 Floor,Semi-Furnished,East,"Garden/Park, Main Road",Apartment,Resale,Ready to Move,20260822,,,,4320,Mumbai,78893.0,Powai,,Y,Hiranandani Regent Hill,Y,"Hiranandani Gardens Powai, Mumbai","[""19210|Kensington Society Bus Stop||161839|19250"", ""19210|Jama Masjid Bus Stop||161835|19250"", ""19201|Atl Corporate Park||73026|19221"", ""19201|Vinaya salvi||161841|19239"", ""19202|Podar International School||161843|19227"", ""19202|Iit Bombay||88598|19225"", ""19203|Dr L H Hiranandani Hospital||161829|19230"", ""19203|Dr. Babasaheb Ambedkar BMC Hospital||153585|"", ""19206|Empire Plaza||140996|19239"", ""19206|DMart||147908|19239""]",19.1163871,72.9127922999999,"19.1196773,72.9050809",b,12201 12202 12204 12205 12207 12208 12209 12215 12218 12220 12221 12223 12225 12228 12230 12236 12239 12533 12555 12556,12236 12239 12556 12225 12533 12215 12230 12555 12220 12221 12223,"Island Kitchen Layout,Concierge Services,Fireplace,Bar/Lounge,Health club with Steam / Jaccuzi,Air Conditioned,Outdoor Tennis Courts,Private Garage,Laundry Service,Internet/Wi-Fi Connectivity,RO Water System",F,False,1 Covered,Water Availability 24 Hours Available,No/Rare Powercut,6000.0,Monthly,"Ceramic Tiles,Marble","NA|null,P51800018620|-1",Freehold,2026-08-22T10:00:51.000Z,Yesterday,2026-08-21T18:30:00.000+00:00,2026-10-21T18:30:00.000Z,"Oct 22, '26",0,,,Bachelors/Family,1BHK Multistorey Apartment for Resale in Hiranandani Regent Hill at Powai,None of these,475.0,Powai
131,,18500000.0,1.85 Cr,,,,1,1,,476.0,Sq-ft,,,,,,Unfurnished,,,Apartment,New Property,Ready to Move,20260501,20260821.0,,,4320,Mumbai,78908.0,Vile Parle East,,Y,Panom Parleshwar Aangan,N,,"[""19210|Vile Parle Railway Station||10924|19248"", ""19210|Hanuman Road Bus Stop||140870|19250"", ""19201|Parle Square Mall||161863|19239"", ""19202|SVKM's Mithibai College of Arts||161865|19225"", ""19202|Parle Tilak Vidyalaya||146402|19227"", ""19203|Madhavbhag||153779|"", ""19203|Dr. Sumitrabai Wagh Maternity Hospital||153607|"", ""19206|Agarwal Market||84850|19239"", ""19209|Chhatrapati Shivaji Maharaj International Airport Mumbai Terminal 2||73958|19247"", ""19209|Chhatrapati Shivaji Maharaj International Airport Mumbai Terminal 1||73956|19247""]",19.1116925,72.8473964,"19.10046297,72.84924449",b,,,,F,False,1 Covered,Water Availability 24 Hours Available,No/Rare Powercut,,,,"NA|null,P51800049682|12/2025",,2026-08-21T17:37:06.000Z,"Aug 21, '26",2026-08-20T18:30:00.000+00:00,2026-10-20T17:37:06.000Z,"Oct 20, '26",0,,,Bachelors/Family,1BHK Multistorey Apartment for New Property in Panom Parleshwar Aangan at Vile Parle East,,,Vile Parle East
132,,22400000.0,2.24 Cr,,,,1,1,,467.0,Sq-ft,,,,,,Unfurnished,,,Apartment,New Property,Jun '27,20260710,20260820.0,,,4320,Mumbai,78909.0,Vile Parle West,,Y,Avant Park West,N,,"[""19210|Vile Parle (W) or Ashoka Hall Bus Stop||161873|19250"", ""19201|CDAC||151399|"", ""19202|Rn Podar School||89160|19227"", ""19202|Narsee Monjee Institute of Management Studies||5289|19229"", ""19203|ARK Hospital||154215|"", ""19203|Cooper Hospital||154253|"", ""19206| Link Square Mall||89146|19239"", ""19206|Prime Mall||10742|19239""]",19.1093928395446,72.8369701399986,"19.1093928395446,72.8369701399986",b,,,,F,False,1 Covered,Water Availability 24 Hours Available,No/Rare Powercut,,,,"NA|null,P51800053738|-1",,2026-08-20T17:36:46.000Z,"Aug 20, '26",2026-07-27T18:30:00.000+00:00,2026-10-19T17:36:46.000Z,"Oct 19, '26",0,,,Bachelors/Family,1BHK Multistorey Apartment for New Property in Avant Park West at Vile Parle West,,,Vile Parle West
133,15 to 20 years,21000000.0,2.10 Cr,37770.0,19500000.0,21000000.0,1,2,,500.0,Sq-ft,556.0,12800.0,4,5.0,4 of 5 Floor,Semi-Furnished,East,Main Road,Apartment,Resale,Ready to Move,20260819,,,,4320,Mumbai,87135.0,Prathna Samaj,,N,,N,The property is 5 mins walk from Charni Road station,,0.0,0.0,"18.957438,72.820735",b,12202 12233,12233,Downtown,F,False,,Water Availability 24 Hours Available,No/Rare Powercut,,,Vitrified,,Co-operative Society,2026-08-18T16:34:48.000Z,"Aug 18, '26",2026-08-21T18:30:00.000+00:00,2026-12-31T16:34:48.000Z,"Dec 31, '26",0,2.0,,Bachelors/Family,1BHK Multistorey Apartment for Resale in Prathna Samaj,None of these,556.0,Prathna Samaj
134,Above 20 years,21000000.0,2.10 Cr,,19700000.0,21000000.0,1,1,1.0,680.0,Sq-ft,,,4,4.0,4 of 4 Floor,Semi-Furnished,East,,Apartment,Resale,Ready to Move,20260823,20260823.0,,,4320,Mumbai,78909.0,Vile Parle West,,Y,Kunal Apartment,N,,"[""19210|Vile Parle (W) or Ashoka Hall Bus Stop||161873|19250"", ""19201|CDAC||151399|"", ""19202|Jamnabai Narsee School Juhu||76290|19227"", ""19202|Narsee Monjee Institute of Management Studies||5289|19229"", ""19203|ARK Hospital||154215|"", ""19203|Cooper Hospital||154253|"", ""19206|Dynamix Mall||10648|19239"", ""19206|Prime Mall||10742|19239""]",19.09649,73.00847,"19.1093928395446,72.8369701399986",b,12202 12203 12208 12209 12213,,,F,False,,,No/Rare Powercut,,,Marble,,,2026-08-22T23:34:56.000Z,Today,2026-08-16T18:30:00.000+00:00,2026-12-20T23:34:56.000Z,"Dec 21, '26",0,0.0,,Bachelors/Family,1BHK Multistorey Apartment for Resale in Kunal Apartment at Vile Parle West,,,Vile Parle West
135,,20000000.0,2 Cr,52770.0,,,1,2,,12800.0,Sq-ft,379.0,12800.0,15,25.0,15 of 25 Floor,Furnished,,,Apartment,Resale,Ready to Move,20260822,20260822.0,,,4320,Mumbai,114394.0,,,Y,Hiranandani Regent Hill,Y,,"[""19201|MTNL||151257|"", ""19201|Bureau of Standard||151255|"", ""19202|Poodar International||156733|"", ""19202|Hiranandai Primary School||156735|"", ""19203|Dr. L H. Hiranandani Hospital||153593|"", ""19203|Powai Hospital||153591|""]",19.1163871,72.9127922999999,"19.1177459703185,72.9111144020492",b,,,,F,False,,,,30000.0,Monthly,,"NA|null,P51800018620|-1",,2026-08-21T23:45:16.000Z,Yesterday,2026-08-21T18:30:00.000+00:00,2026-10-20T23:45:16.000Z,"Oct 21, '26",0,,,Bachelors/Family,1BHK Multistorey Apartment for Resale in Hiranandani Regent Hill at Hiranandani Gardens,,379.0,Hiranandani Gardens
136,5 to 10 years,19000000.0,1.90 Cr,50132.0,,,1,2,,,,379.0,12800.0,3,23.0,3 of 23 Floor,Semi-Furnished,North - West,"Garden/Park, Main Road",Apartment,Resale,Ready to Move,20260821,,,,4320,Mumbai,78893.0,Powai,,Y,Hiranandani Regent Hill,Y,Hiranandani hospital,"[""19210|Hiranandani Powai Bus Station Bus Stop||161831|19250"", ""19210|Jama Masjid Bus Stop||161835|19250"", ""19201|Vinaya salvi||161841|19239"", ""19201|Powai Supreme Business Park||78844|19221"", ""19202|Iit Bombay||88598|19225"", ""19202|IBS Business School||5343|19225"", ""19203|Dhanvantari||153587|"", ""19203|Powai Hospital||153591|"", ""19206|Haiko Mall||10810|19239"", ""19206|Galleria Shopping Mall||88590|19239""]",19.1163871,72.9127922999999,"19.1196773,72.9050809",b,12201 12202 12203 12204 12205 12206 12207 12208 12209 12212 12213 12214 12215 12217 12218 12219 12220 12221 12222 12223 12224 12225 12226 12227 12228 12229 12230,12225 12215 12224 12229 12230 12220 12221 12223 12214 12217 12227,"Bar/Lounge,Air Conditioned,Banquet Hall,Jogging and Strolling Track,Outdoor Tennis Courts,Laundry Service,Internet/Wi-Fi Connectivity,RO Water System,Service/Goods Lift,Intercom Facility,Conference Room",F,False,,,,,,,"NA|null,P51800018620|-1",Freehold,2026-08-21T09:42:49.000Z,"Aug 21, '26",2026-08-16T18:30:00.000+00:00,2026-10-20T18:30:00.000Z,"Oct 21, '26",0,,,Bachelors/Family,1BHK Multistorey Apartment for Resale in Hiranandani Regent Hill at Powai,Servant Room,379.0,Powai
137,New Construction,19000000.0,1.90 Cr,31667.0,,,1,1,,397.0,Sq-ft,600.0,12800.0,13,35.0,13 of 35 Floor,Unfurnished,East,,Apartment,Resale,Ready to Move,20260821,,,,4320,Mumbai,94299.0,Veera Desai Industrial Estate,,Y,Transcon Triumph,Y,Near Oberoi Springs,"[""19203|Bluebell||153813|"", ""19203|Bluebell||153817|""]",19.14,72.83279,"19.13834,72.83456",b,12202 12205 12206 12208,,,F,False,1 Covered,Water Availability 24 Hours Available,No/Rare Powercut,4000.0,Monthly,"Marble,Wooden","NA|null,P51800005361|12/2021",Co-operative Society,2026-08-21T10:21:44.000Z,"Aug 21, '26",2026-08-21T18:30:00.000+00:00,2026-10-20T18:30:00.000Z,"Oct 21, '26",0,,,Bachelors/Family,1BHK Multistorey Apartment for Resale in Transcon Triumph at Veera Desai Industrial Estate,None of these,600.0,Veera Desai Industrial Estate
138,5 to 10 years,20000000.0,2 Cr,33333.0,18400000.0,20000000.0,1,1,1.0,535.0,Sq-ft,600.0,12800.0,Ground,5.0,Ground of 5 Floor,Furnished,,Main Road,Apartment,Resale,Ready to Move,20260516,20260515.0,,,4320,Mumbai,,,,N,,Y,,,0.0,0.0,,b,12207 12215 12228,12215,Air Conditioned,F,False,,,,,,,,Co-operative Society,2026-05-15T17:04:38.000Z,"May 15, '26",2024-08-14T18:30:00.000+00:00,2026-09-27T17:04:38.000Z,"Sep 27, '26",0,100.0,,Bachelors/Family,1BHK Multistorey Apartment for Resale in ,,600.0,
139,,18000000.0,1.80 Cr,36000.0,16400000.0,18000000.0,1,1,,,,500.0,12800.0,Ground,4.0,Ground of 4 Floor,Unfurnished,,,Apartment,Resale,Ready to Move,20260606,20260605.0,,,4320,Mumbai,78895.0,Santacruz East,,N,,N,,"[""19210|Vakola Bridge||139984|19250"", ""19210|Santacruz East Railway Station||79894|19248"", ""19201|Yes Bank Office||151129|"", ""19201|Walk2Mart Super Market - Kalina||161845|19239"", ""19202|Panbai International School||87976|19227"", ""19202|Kalina University of Mumbai||164985|19227"", ""19203|R. K. Hospital||154273|"", ""19203|Sparsh Hospital||154275|"", ""19206|Prime Mall||87968|19239"", ""19206|Zainab Dulhan Mehandi||140918|19239""]",0.0,0.0,"19.0799983,72.8545019",b,,,,F,False,,,,,,,,,2026-06-05T17:53:14.000Z,"Jun 05, '26",2026-06-06T18:30:00.000+00:00,2026-10-18T17:53:14.000Z,"Oct 18, '26",0,77.0,,Bachelors/Family,1BHK Multistorey Apartment for Resale in Santacruz East,,500.0,Santacruz East
140,Above 20 years,18000000.0,1.80 Cr,,16400000.0,18000000.0,1,1,1.0,450.0,Sq-ft,,,4,4.0,4 of 4 Floor,Furnished,,,Apartment,Resale,Ready to Move,20260412,,,,4320,Mumbai,60121.0,Goregaon East,,N,Gokuldham,N,"Gokuldham High School, Access to bus stop  pharmacies is very easy","[""19210|Aarey Metro Station|5 minutes|165285|19249"", ""19201|Nirlon Knowledge Park||78250|19221"", ""19201|Vakratunda Corporate Park||81868|19221"", ""19202|Mumbai Public School||157011|"", ""19202|St. Thomas High School||88464|19227"", ""19203|Nalini Speciality Hospital||154255|"", ""19203|Hira Surgical||153803|"", ""19206|The Hub Mall,||140516|19239"", ""19206|Orchard Road Mall||10756|19239""]",19.172933,72.870814,"19.1562110822264,72.8758090633208",b,,,,F,False,,Water Availability 24 Hours Available,No/Rare Powercut,1200.0,Monthly,"Ceramic Tiles,Normal Tiles/Kotah Stone",,Co-operative Society,2026-04-12T12:56:49.000Z,"Apr 12, '26",2026-07-31T18:30:00.000+00:00,2026-08-25T12:56:49.000Z,"Aug 25, '26",0,38.0,,Bachelors/Family,1BHK Multistorey Apartment for Resale in Gokuldham at Goregaon East,,,Goregaon East
141,Above 20 years,22500000.0,2.25 Cr,34615.0,22500000.0,24500000.0,1,1,,500.0,Sq-ft,650.0,12800.0,2,7.0,2 of 7 Floor,Unfurnished,North - East,,Apartment,Resale,Ready to Move,20260503,20260503.0,,,4320,Mumbai,88012.0,Haji Ali,,N,Maniyar Apartment,N,The Property is next to Hajiali Chowk,"[""19210|Vatsalabai Desai Chowk||158111|"", ""19203|Srcc Hospital||153579|"", ""19206|Bay Side Mall||73288|19239""]",19.0666255,72.8489625,"18.9776780585218,72.8112400708875",b,12202 12209,,,F,False,,,,1000.0,Monthly,Mosaic,,Freehold,2026-05-02T22:30:42.000Z,"May 03, '26",2026-06-01T18:30:00.000+00:00,2026-09-14T22:30:42.000Z,"Sep 15, '26",0,91.0,,Bachelors/Family,1BHK Multistorey Apartment for Resale in Maniyar Apartment at Haji Ali,None of these,650.0,Haji Ali
142,Above 20 years,21500000.0,2.15 Cr,26061.0,21500000.0,23400000.0,1,2,,660.0,Sq-ft,825.0,12800.0,4,7.0,4 of 7 Floor,Semi-Furnished,East,Garden/Park,Apartment,Resale,Ready to Move,20260626,20260626.0,,,4320,Mumbai,78884.0,Mazgaon,,N,Mazgaon Terrace,N,Next to Mazgaon Tower,"[""19210|Dockyard Road Railway Station Bus Stop||161787|19250"", ""19202|South Indian Welfare Society School||89230|19227"", ""19202| Vidyalankar Institute Of Technology||89228|19225"", ""19203|Prince Aly Khan Hospital||154091|"", ""19206|Jio Gallery||139510|19239"", ""19206|Highstreet Phoenix||89222|19239""]",18.96837,72.83863,"18.9633811595298,72.8440624733612",b,12202 12207 12208 12211 12213 12215 12216 12217 12218 12221 12222 12223,12215 12221 12223 12216 12217,"Air Conditioned,Internet/Wi-Fi Connectivity,RO Water System,Visitor Parking,Intercom Facility",F,False,1 Open,Water Availability 24 Hours Available,No/Rare Powercut,,,Marble,,Co-operative Society,2026-06-26T11:51:52.000Z,"Jun 26, '26",2026-07-05T18:30:00.000+00:00,2026-11-08T11:51:52.000Z,"Nov 08, '26",0,48.0,Y,Bachelors/Family,1BHK Multistorey Apartment for Resale in Mazgaon Terrace at Mazgaon,Study,825.0,Mazgaon
143,,22000000.0,2.20 Cr,43564.0,20200000.0,22000000.0,1,2,,,,505.0,12800.0,1,8.0,1 of 8 Floor,Unfurnished,,,Apartment,Resale,Ready to Move,20260528,20260527.0,,,4320,Mumbai,78908.0,Vile Parle East,,N,Om Madhusadan CHS,N,,"[""19210|Hanuman Road Bus Stop||140870|19250"", ""19210|Vile Parle Railway Station||10924|19248"", ""19201|Parle Square Mall||161863|19239"", ""19202|SVKM's Mithibai College of Arts||161865|19225"", ""19202|Parle Tilak Vidyalaya||146402|19227"", ""19203|Shirodkar Hospital||140376|19230"", ""19203|Madhavbhag||153779|"", ""19206|Agarwal Market||84850|19239"", ""19209|Chhatrapati Shivaji Maharaj International Airport Mumbai Terminal 1||73956|19247"", ""19209|Chhatrapati Shivaji Maharaj International Airport Mumbai Terminal 2||73958|19247""]",19.2306442,72.8399393999999,"19.10046297,72.84924449",b,,,,F,False,,,,,,,,,2026-05-27T17:48:13.000Z,"May 27, '26",2025-11-19T18:30:00.000+00:00,2026-10-09T17:48:13.000Z,"Oct 09, '26",0,88.0,,Bachelors/Family,1BHK Multistorey Apartment for Resale in Om Madhusadan CHS at Vile Parle East,,505.0,Vile Parle East
144,Less than 5 years,27000000.0,2.70 Cr,53678.0,27000000.0,29200000.0,1,1,,362.0,Sq-ft,503.0,12800.0,2,38.0,2 of 38 Floor,Unfurnished,,,Apartment,Resale,Ready to Move,20260822,20260821.0,,,4320,Mumbai,78883.0,Matunga West,,Y,Wadhwa Pristine,N,,"[""19201|Reliance SMART Bazaar||161785|19239"", ""19202|Kasturba Mahila Mandal Shivaji Park Lion School Matunga West||76644|19227"", ""19202|Chhabildas Cbse School||87048|19227"", ""19203|Rashiv Diagnostic Centre||153639|"", ""19203|Shri Sarswati Nursing Home||80482|19232""]",19.0282047,72.8437551999999,"19.0288217353274,72.8440906063583",b,12201 12203 12206 12547 12548,12548,Fire Sprinklers,F,False,,,,,,,"NA|null,P51900017186 |-1,P51900018891|-1",,2026-08-21T15:04:23.000Z,"Aug 21, '26",2024-10-25T18:30:00.000+00:00,2027-01-03T15:04:23.000Z,"Jan 03, '27",0,,,Bachelors/Family,1BHK Multistorey Apartment for Resale in Wadhwa Pristine at Matunga West,,503.0,Matunga West
145,Above 20 years,30000000.0,3 Cr,60000.0,30000000.0,32400000.0,1,1,,360.0,Sq-ft,500.0,12800.0,4,7.0,4 of 7 Floor,Furnished,,,Apartment,Resale,Ready to Move,20260821,20260821.0,,,4320,Mumbai,78851.0,Dadar East,,Y,Belle View Apartment,N,,"[""19210|Dadar Railway Station (E) (Swami Narayan Chowk) Bus Stop||161673|19250"", ""19210|Dadar (E) Chitra Cinema Bus Stop||161669|19250"", ""19201|Palai Commercial Complex||151401|"", ""19202|Mumbai Public School||157493|"", ""19202|Digambar Patkar Vidyalaya||147222|19227"", ""19203|Dr Karvar Hospital||74634|19230"", ""19206|Hindmata Cinema||140564|19239"", ""19206|Hindmata Mall||10622|19239""]",19.0193,72.84521,"19.0135792007831,72.8448295038214",b,,,,F,False,,,,,,,,,2026-08-21T04:21:16.000Z,"Aug 21, '26",2024-10-25T18:30:00.000+00:00,2026-10-21T04:21:16.000Z,"Oct 21, '26",0,,,Bachelors/Family,1BHK Multistorey Apartment for Resale in Belle View Apartment at Dadar East,,500.0,Dadar East
146,,32800000.0,3.28 Cr,,,,1,1,,684.0,Sq-ft,,,,,,Unfurnished,,,Apartment,New Property,Jun '27,20260710,20260821.0,,,4320,Mumbai,78909.0,Vile Parle West,,Y,Avant Park West,N,,"[""19210|Vile Parle (W) or Ashoka Hall Bus Stop||161873|19250"", ""19201|CDAC||151399|"", ""19202|St Joseph School Vile Parle West||80972|19227"", ""19202|Rn Podar School||89160|19227"", ""19203|ARK Hospital||154215|"", ""19203|Cooper Hospital||154253|"", ""19206|Prime Mall||10742|19239"", ""19206|Prime Mall Downtown||10674|19239""]",19.1093928395446,72.8369701399986,"19.1093928395446,72.8369701399986",b,,,,F,False,1 Covered,Water Availability 24 Hours Available,No/Rare Powercut,,,,"NA|null,P51800053738|-1",,2026-08-21T17:37:06.000Z,"Aug 21, '26",2026-07-27T18:30:00.000+00:00,2026-10-20T17:37:06.000Z,"Oct 20, '26",0,,,Bachelors/Family,1BHK Multistorey Apartment for New Property in Avant Park West at Vile Parle West,Study,,Vile Parle West
147,Above 20 years,27000000.0,2.70 Cr,60000.0,24600000.0,27000000.0,1,1,,450.0,Sq-ft,450.0,12800.0,5,6.0,5 of 6 Floor,Furnished,North - East,Main Road,Apartment,Resale,Ready to Move,20260704,,,,4320,Mumbai,78849.0,Colaba,,Y,,N,,"[""19210|Colaba Bus Stop||161647|19250"", ""19201|HSC Bank||151261|"", ""19201|Metro Station Plaza||161653|19239"", ""19202|St Joseph School Colaba||80970|19227"", ""19202|Kendriya Vidyalaya No.2||87522|19227"", ""19203|Inhs Ashwani Hospital||76126|19230"", ""19203|Apollo Hospital||153773|"", ""19206|The Arcade Shopping Centre||87508|19239"", ""19206|Regimental Shops||87506|19239""]",18.90369987487793,72.81314086914062,"18.9037004,72.8131432",b,12202 12209,,,F,False,,,,,,Vitrified,,Co-operative Society,2026-06-28T11:27:28.000Z,"Jun 28, '26",2026-08-12T18:30:00.000+00:00,2026-11-10T11:27:28.000Z,"Nov 10, '26",0,4.0,,Bachelors/Family,1BHK Multistorey Apartment for Resale in Colaba,,450.0,Colaba
148,Above 20 years,27700000.0,2.77 Cr,,25200000.0,27700000.0,1,2,,619.0,Sq-ft,,,1,4.0,1 of 4 Floor,Unfurnished,,,Apartment,Resale,Ready to Move,20260512,20260512.0,,,4320,Mumbai,113250.0,,,Y,SURAT BAHAR,N,In the Colaba Fire Brigade Lane,,18.9143023,72.8266632999999,"18.9139352581376,72.8278101828692",b,,,,F,False,,Water Availability 24 Hours Available,No/Rare Powercut,,Monthly,Ceramic Tiles,,Co-operative Society,2026-05-12T05:30:32.000Z,"May 12, '26",2026-08-17T18:30:00.000+00:00,2026-09-09T05:30:32.000Z,"Sep 09, '26",0,34.0,,Bachelors/Family,1BHK Multistorey Apartment for Resale in SURAT BAHAR at Azad Nagar Colaba,,,Azad Nagar Colaba
149,New Construction,26000000.0,2.60 Cr,,23700000.0,26000000.0,1,1,,333.0,Sq-ft,,,20,24.0,20 of 24 Floor,Semi-Furnished,,,Apartment,Resale,Ready to Move,20260620,20260619.0,,,4320,Mumbai,160494.0,Nirmal Park Railway Colony,,Y,,N,,,18.983949661254883,72.83450317382812,"18.98394906,72.83450614",b,12206 12209 12528,12528,Skydeck,F,False,,,,,,,,,2026-06-19T16:47:00.000Z,"Jun 19, '26",2026-07-26T18:30:00.000+00:00,2026-11-01T16:47:00.000Z,"Nov 01, '26",0,65.0,,Bachelors/Family,1BHK Multistorey Apartment for Resale in Nirmal Park Railway Colony,,,Nirmal Park Railway Colony
150,Above 20 years,35000000.0,3.50 Cr,67308.0,32200000.0,35000000.0,1,1,1.0,520.0,Sq-ft,520.0,12800.0,4,4.0,4 of 4 Floor,Semi-Furnished,East,,Apartment,New Property,Ready to Move,20260427,20260427.0,,,4320,Mumbai,78852.0,Dadar West,,Y,Mandarmala CHS,N,,"[""19210|Dadar Metro Station|5 minutes|161675|19249"", ""19210|Dadar Station (W) Bus Stop||167545|19250"", ""19201|Shivaji Park Point||80350|19221"", ""19202|Rc Mahim Municipal Urdu School Mahim||79390|19227"", ""19202|Gulmohar Vidya Mandir||157485|"", ""19203|Dr. Desai Hospital||154289|"", ""19203|Symbiosis Speciality Hospital.||154939|"", ""19206|Star Mall||140218|19239"", ""19206|Agar Bazar||140894|19239""]",19.02178,72.83671,"19.0200667964879,72.8380779661804",b,,,,F,False,,,,,,,,Freehold,2026-04-27T12:06:43.000Z,"Apr 27, '26",2025-04-26T18:30:00.000+00:00,2026-09-09T12:06:43.000Z,"Sep 09, '26",0,118.0,,Bachelors/Family,1BHK Multistorey Apartment for New Property in Mandarmala CHS at Dadar West,,520.0,Dadar West
151,10 to 15 years,30000000.0,3 Cr,,30000000.0,32700000.0,1,2,2.0,515.0,Sq-ft,,,3,12.0,3 of 12 Floor,Semi-Furnished,East,,Apartment,Resale,Ready to Move,20260512,20260512.0,,,4320,Mumbai,78909.0,Vile Parle West,,Y,Moonland Sukhmani,Y,near kafi asmi park,"[""19210|Vile Parle (W) or Ashoka Hall Bus Stop||161873|19250"", ""19201|CDAC||151399|"", ""19202|Narsee Monjee Institute of Management Studies||5289|19229"", ""19202|Rd National College||87886|19227"", ""19203|Khandwala Eye Hospital||76748|19230"", ""19203|Irla Nursing Home & Polyclinic||153199|"", ""19206|Dynamix Mall||10648|19239"", ""19206| Link Square Mall||89146|19239""]",18.9582347,72.8319514,"19.1093928395446,72.8369701399986",b,12208 12209 12214 12224,12224 12214,"Banquet Hall,Service/Goods Lift",F,False,,,,,,,,Co-operative Society,2026-05-12T07:21:41.000Z,"May 12, '26",2026-03-31T18:30:00.000+00:00,2026-09-24T07:21:41.000Z,"Sep 24, '26",0,100.0,,Bachelors/Family,1BHK Multistorey Apartment for Resale in Moonland Sukhmani at Vile Parle West,,,Vile Parle West
152,,31500000.0,3.15 Cr,62376.0,31500000.0,34000000.0,1,1,,,,505.0,12800.0,33,72.0,33 of 72 Floor,Semi-Furnished,,,Apartment,Resale,Ready to Move,20260606,20260606.0,,,4320,Mumbai,78888.0,Mumbai Central,,Y,Nathani Heights,N,,"[""19210|Mumbai Central Depot Bus Stop||161819|19250"", ""19210|Mumbai Central Station Bus Stop||161821|19250"", ""19201|Central||161817|19239"", ""19202|Seventh-Day Adventist English High School||87628|19227"", ""19202|Baba Sahab Gawade Business School Mumbai Central||73144|19227"", ""19203|Jagjivanram Hospital||154457|"", ""19203|Nair Hospital||140694|19230"", ""19206|Orchid City Center Mall||10646|19239""]",18.96851,72.81987,"18.9719357574575,72.8200902287046",b,,,,F,False,,,,,,,"NA|null,P51900008587|-1,P51900011250|12/2025",,2026-06-05T21:32:08.000Z,"Jun 06, '26",2025-06-20T18:30:00.000+00:00,2026-10-18T21:32:08.000Z,"Oct 19, '26",0,78.0,,Bachelors/Family,1BHK Multistorey Apartment for Resale in Nathani Heights at Mumbai Central,,505.0,Mumbai Central
153,5 to 10 years,25600000.0,2.56 Cr,34133.0,23600000.0,25600000.0,1,1,2.0,514.0,Sq-ft,750.0,12800.0,8,38.0,8 of 38 Floor,Semi-Furnished,West,"Pool, Garden/Park, Main Road",Apartment,Resale,Ready to Move,20260514,20260513.0,,,4320,Mumbai,103731.0,Wadala East,,Y,Lodha Altia,Y,wadala rto,"[""19210|Wadala Bridge Monorail Station||87372|19248"", ""19202| Institute Of Chemical Technology (Ict)||87378|19225""]",19.0385617,72.877809,"19.0135321429189,72.8602998056272",b,12201 12202 12203 12204 12205 12206 12207 12208 12209 12212 12213 12214 12215 12217 12218 12219 12220 12221 12222 12223 12224 12225 12226 12227 12228 12229 12230,12225 12215 12224 12229 12230 12220 12221 12223 12214 12217 12227,"Bar/Lounge,Air Conditioned,Banquet Hall,Jogging and Strolling Track,Outdoor Tennis Courts,Laundry Service,Internet/Wi-Fi Connectivity,RO Water System,Service/Goods Lift,Intercom Facility,Conference Room",F,False,,,,,,,"NA|null,P51900000629|03/2021",Co-operative Society,2026-05-13T18:21:08.000Z,"May 13, '26",2024-12-10T18:30:00.000+00:00,2026-09-25T18:21:08.000Z,"Sep 25, '26",0,102.0,,Bachelors/Family,1BHK Multistorey Apartment for Resale in Lodha Altia at Wadala East,"Store,Study,Servant Room",750.0,Wadala East
154,Above 20 years,33000000.0,3.30 Cr,64706.0,33000000.0,35600000.0,1,2,,480.0,Sq-ft,510.0,12800.0,3,6.0,3 of 6 Floor,Furnished,,,Apartment,Resale,Ready to Move,20260419,20260419.0,,,4320,Mumbai,95030.0,Worli Naka,,Y,,N,,,18.99855613708496,72.81829071044922,"18.9985560692086,72.8182936258445",b,,,,F,False,,,,,,,,Leasehold,2026-04-19T11:34:15.000Z,"Apr 19, '26",2026-06-14T18:30:00.000+00:00,2026-09-01T11:34:15.000Z,"Sep 01, '26",0,69.0,,Bachelors/Family,1BHK Multistorey Apartment for Resale in Worli Naka,,510.0,Worli Naka
155,Above 20 years,25000000.0,2.50 Cr,45455.0,23000000.0,25000000.0,1,1,1.0,600.0,Sq-ft,550.0,12800.0,4,5.0,4 of 5 Floor,Semi-Furnished,,,Apartment,Resale,Ready to Move,20260429,20260428.0,,,4320,Mumbai,78895.0,Santacruz East,,N,,N,,"[""19210|Vakola Bridge||139984|19250"", ""19210|Kolivery Village Bus Stop||139096|19250"", ""19201|Walk2Mart Super Market - Kalina||161845|19239"", ""19201|Yes Bank Office||151129|"", ""19202|Maheshwari Vidyalaya & Jr. College||88972|19227"", ""19202|Kalina University of Mumbai||164985|19227"", ""19203|Sanjeevani Hospital||154277|"", ""19203|Sparsh Hospital||154275|"", ""19206|Zainab Dulhan Mehandi||140918|19239"", ""19206|Matro Mall||86710|19239""]",0.0,0.0,"19.0799983,72.8545019",b,12202 12215,12215,Air Conditioned,F,False,,Water Availability 24 Hours Available,No/Rare Powercut,,,Ceramic Tiles,,Freehold,2026-04-28T16:37:32.000Z,"Apr 28, '26",2025-11-12T18:30:00.000+00:00,2026-09-10T16:37:32.000Z,"Sep 10, '26",0,117.0,,Bachelors/Family,1BHK Multistorey Apartment for Resale in Santacruz East,None of these,550.0,Santacruz East
156,,25795000.0,2.57 Cr,55000.0,,,1,2,,4690.0,Sq-ft,469.0,12800.0,30,39.0,30 of 39 Floor,Unfurnished,West,Main Road,Apartment,New Property,Under Construction,20260822,20260822.0,,,4320,Mumbai,78852.0,Dadar West,,Y,Suraj Park View,Y,Dadar Metro Station  Shushrusha Hospital,"[""19210|Dadar Metro Station|5 minutes|161675|19249"", ""19210|Dadar Police Station Bus Stop||161677|19250"", ""19201|Shivaji Park Point||80350|19221"", ""19202|Sane Guruji Vidyalaya||146802|19227"", ""19202| Somani Foundation School||88924|19227"", ""19203|Dr. Desai Hospital||154289|"", ""19203|Symbiosis Speciality Hospital.||154939|"", ""19206|Agar Bazar||140894|19239"", ""19206|Nakshatra Mall||10754|19239""]",19.0227286,72.8379121999999,"19.0200667964879,72.8380779661804",b,12202 12205 12206 12207 12208 12209 12214 12215 12217 12218 12219 12221 12223 12228 12229 12522 12533,12522 12533 12215 12229 12221 12223 12214 12217,"Private jaccuzi,Health club with Steam / Jaccuzi,Air Conditioned,Jogging and Strolling Track,Internet/Wi-Fi Connectivity,RO Water System,Service/Goods Lift,Intercom Facility",F,False,"1 Covered, 1 Open",Water Availability 24 Hours Available,No/Rare Powercut,6000.0,Monthly,Vitrified,"NA|null,P51900047891|-1,PR1170002500887|-1",Co-operative Society,2026-08-21T23:45:16.000Z,Yesterday,2026-08-20T18:30:00.000+00:00,2026-10-20T23:45:16.000Z,"Oct 21, '26",0,,,Bachelors/Family,1BHK Multistorey Apartment for New Property in Suraj Park View at Dadar West,None of these,469.0,Dadar West
157,,26700000.0,2.67 Cr,60135.0,,,1,2,,444.0,Sq-ft,444.0,12800.0,Ground,6.0,Ground of 6 Floor,Semi-Furnished,North - East,Main Road,Builder Floor Apartment,New Property,Under Construction,20260823,20260823.0,12850.0,Sq-ft,4320,Mumbai,87710.0,Mahim West,43560.0,Y,Suraj Estate Vitalis,Y,"Situated Opp. Mahim Post Office, Lady Jamshedji Road, Mahim West.","[""19202|Victoria High School Mahim||82086|19227"", ""19202|Xavier Institute of Engineering||5333|19225"", ""19203|Dr Jhaveri Hospital||74630|19230""]",19.013877,72.8256342,"19.0383794616621,72.8398930483562",b,12202 12206 12207 12208 12209 12213 12215 12216 12217 12218 12219 12221 12223 12228,12215 12221 12223 12216 12217,"Air Conditioned,Internet/Wi-Fi Connectivity,RO Water System,Visitor Parking,Intercom Facility",F,False,1 Covered,Water Availability 24 Hours Available,No/Rare Powercut,12.0,Per sq. Unit Monthly,"Marble,Vitrified","NA|null,P51900031447|-1",Freehold,2026-08-22T23:45:19.000Z,Today,2026-08-17T18:30:00.000+00:00,2026-10-21T23:45:19.000Z,"Oct 22, '26",0,,Y,Bachelors/Family,1BHK Builder Floor Apartment for New Property in Suraj Estate Vitalis at Mahim West,None of these,444.0,Mahim West
158,New Construction,25500000.0,2.55 Cr,50000.0,,,1,2,,480.0,Sq-ft,510.0,12800.0,5,15.0,5 of 15 Floor,Unfurnished,East,"Main Road, Garden/Park",Apartment,Resale,Ready to Move,20260823,20260823.0,,,4320,Mumbai,103732.0,Wadala West,,Y,,N,"Near VJTI college, Wadala West","[""19201| Indiabulls Finance Centre||88306|19221"", ""19202|St Joseph's High School.||156505|""]",19.01280975341797,72.85160064697266,"19.0151808625823,72.8575804704432",b,12201 12202 12203 12206 12207 12208 12209 12211 12214 12216 12218 12219 12220 12222,12220 12214 12216,"Laundry Service,Service/Goods Lift,Visitor Parking",F,False,,,,,,"Vitrified,Wooden,Marble",,,2026-08-22T23:45:15.000Z,Today,2026-05-24T18:30:00.000+00:00,2026-10-21T23:45:15.000Z,"Oct 22, '26",0,,,Bachelors/Family,1BHK Multistorey Apartment for Resale in Wadala West,,510.0,Wadala West
159,Above 20 years,25000000.0,2.50 Cr,46992.0,,,1,2,,530.0,Sq-ft,532.0,12800.0,2,7.0,2 of 7 Floor,Semi-Furnished,East,,Apartment,Resale,Ready to Move,20260812,20260812.0,,,4320,Mumbai,78852.0,Dadar West,,Y,Avarsekar Residency,Y,"Ganesh Peth Ln, off N. C. Kelkar Marg,","[""19210|Dadar Metro Station|5 minutes|161675|19249"", ""19210|Dadar Station (W) Bus Stop||167545|19250"", ""19201|Shivaji Park Point||80350|19221"", ""19202| Somani Foundation School||88924|19227"", ""19202|Sane Guruji Vidyalaya||146802|19227"", ""19203|Yashothan Hospital||82412|19230"", ""19203|Dr. Desai Hospital||154289|"", ""19206|Star Mall||140218|19239"", ""19206|Agar Bazar||140894|19239""]",19.0227,72.84151,"19.0200667964879,72.8380779661804",b,12202 12209,,,F,False,,Water Availability 24 Hours Available,No/Rare Powercut,5000.0,Monthly,,,Co-operative Society,2026-08-11T23:45:19.000Z,"Aug 12, '26",2026-08-21T18:30:00.000+00:00,2026-10-10T23:45:19.000Z,"Oct 11, '26",0,,,Bachelors/Family,1BHK Multistorey Apartment for Resale in Avarsekar Residency at Dadar West,,532.0,Dadar West
160,,25220000.0,2.52 Cr,48500.0,,,1,2,,470.0,Sq-ft,520.0,12800.0,12,29.0,12 of 29 Floor,Unfurnished,East,"Garden/Park, Main Road",Apartment,New Property,Under Construction,20260821,20260821.0,,,4320,Mumbai,94930.0,Shivaji Park,,Y,Suraj Park View,Y,Located at Shivaji Park,"[""19201|Shivaji Park Point||80350|19221"", ""19202|Rc Mahim Municipal Urdu School Mahim||79390|19227"", ""19202|Dr Antonio Da Silva High School||157483|"", ""19203|P D  Hinduja Hospital||10576|19230"", ""19203|Symbiosis Speciality Hospital.||154939|""]",19.0227286,72.8379121999999,"19.0287954865428,72.838688734427",b,12201 12202 12204 12206 12207 12209 12211 12213 12214 12215 12217 12218 12219 12221 12222 12223 12224 12228 12229 12239 12522 12527,12527 12522 12239 12215 12224 12229 12221 12223 12214 12217,"Sea facing,Private jaccuzi,Concierge Services,Air Conditioned,Banquet Hall,Jogging and Strolling Track,Internet/Wi-Fi Connectivity,RO Water System,Service/Goods Lift,Intercom Facility",F,False,1 Covered,Water Availability 24 Hours Available,No/Rare Powercut,5000.0,Monthly,Vitrified,"NA|null,P51900047891|-1,PR1170002500887|-1",Freehold,2026-08-20T23:45:15.000Z,"Aug 21, '26",2026-08-20T18:30:00.000+00:00,2026-10-19T23:45:15.000Z,"Oct 20, '26",0,,,Bachelors/Family,1BHK Multistorey Apartment for New Property in Suraj Park View at Shivaji Park,None of these,520.0,Shivaji Park
161,,25000000.0,2.50 Cr,29412.0,,,1,1,1.0,660.0,Sq-ft,850.0,12800.0,Upper Basement,22.0,Upper Basement of 22 Floor,Semi-Furnished,East,"Pool, Garden/Park, Main Road",Apartment,New Property,Ready to Move,20260821,20260821.0,,,4320,Mumbai,87710.0,Mahim West,,Y,,Y,beautiful,"[""19202|Xavier Institute of Engineering||5333|19225"", ""19202|Victoria High School Mahim||82086|19227"", ""19203|Dr Jhaveri Hospital||74630|19230""]",19.02777671813965,72.85606384277344,"19.0383794616621,72.8398930483562",b,12201 12202 12203 12204 12205 12206 12207 12208 12209 12212 12213 12214 12215 12217 12218 12219 12220 12221 12222 12223 12224 12225 12226 12227 12228 12229 12230,12225 12215 12224 12229 12230 12220 12221 12223 12214 12217 12227,"Bar/Lounge,Air Conditioned,Banquet Hall,Jogging and Strolling Track,Outdoor Tennis Courts,Laundry Service,Internet/Wi-Fi Connectivity,RO Water System,Service/Goods Lift,Intercom Facility,Conference Room",F,False,,,,,,,,Freehold,2026-08-20T23:45:19.000Z,"Aug 21, '26",2026-08-21T18:30:00.000+00:00,2026-10-19T23:45:19.000Z,"Oct 20, '26",0,,,Bachelors/Family,1BHK Multistorey Apartment for New Property in Mahim West,"Puja Room,Store,Study,Servant Room",850.0,Mahim West
162,5 to 10 years,28000000.0,2.80 Cr,50909.0,,,1,1,1.0,500.0,Sq-ft,550.0,12800.0,10,30.0,10 of 30 Floor,Furnished,East,"Garden/Park, Main Road",Apartment,Resale,Ready to Move,20260819,20260814.0,,,4320,Mumbai,78899.0,Tardeo,,Y,,N,,"[""19201|Heera Panna Shopping Centre||167529|19239"", ""19201|World Trade Centre||86984|19221"", ""19202|Hill Spring Internantional School||157513|"", ""19202|Aditya Birla World Academy||84394|19227"", ""19203|Bhatia Hospital||154989|"", ""19203|Jaslok Hospital||76324|19230"", ""19206|Heera Punna||10786|19239""]",18.9693546295166,72.8133773803711,"18.9693555488714,72.8133774658556",b,12201 12202 12204 12205 12206 12207 12209 12211 12218,,,F,False,,,,,,,,Freehold,2026-08-14T09:51:46.000Z,"Aug 14, '26",2026-08-16T18:30:00.000+00:00,2026-10-13T18:30:00.000Z,"Oct 14, '26",0,,,Bachelors/Family,1BHK Multistorey Apartment for Resale in Tardeo,Store,550.0,Tardeo
163,New Construction,26000000.0,2.60 Cr,35616.0,,,1,2,,530.0,Sq-ft,730.0,12800.0,15,23.0,15 of 23 Floor,Unfurnished,South - East,Main Road,Apartment,Resale,Ready to Move,20260821,20260821.0,,,4320,Mumbai,160204.0,Grant Road East,,Y,,Y,Pratna samaj grantroad east.,"[""19210|Navjeevan Society / Tardeo Bus Station Bus Stop||167521|19250"", ""19210|Vasantrao Naik Chowk||158109|""]",0.0,0.0,"18.96290794,72.81873003",b,12201 12202 12208,,,F,False,1 Covered,Water Availability 24 Hours Available,No/Rare Powercut,6000.0,Monthly,Vitrified,,Freehold,2026-08-20T23:45:18.000Z,"Aug 21, '26",2026-08-21T18:30:00.000+00:00,2026-10-19T23:45:18.000Z,"Oct 20, '26",0,,Y,Bachelors/Family,1BHK Multistorey Apartment for Resale in Grant Road East,None of these,730.0,Grant Road East
164,,25700000.0,2.57 Cr,31380.0,,,1,1,1.0,468.0,Sq-ft,819.0,12800.0,12,24.0,12 of 24 Floor,Unfurnished,North - East,Garden/Park,Apartment,New Property,Under Construction,20260823,20260823.0,,,4320,Mumbai,78852.0,Dadar West,,Y,Suraj Park View,Y,Dadar West,"[""19210|Dadar Metro Station|5 minutes|161675|19249"", ""19210|Dadar Station (W) Bus Stop||167545|19250"", ""19201|Shivaji Park Point||80350|19221"", ""19202|IES Orion||146586|19227"", ""19202|Dr Antonio Da Silva High School||157483|"", ""19203|Bmc Hospital||73562|19230"", ""19203|Dr. Desai Hospital||154289|"", ""19206|Nakshatra Mall||10754|19239"", ""19206|Agar Bazar||140894|19239""]",19.0227286,72.8379121999999,"19.0200667964879,72.8380779661804",b,12202 12205 12206 12207 12208 12209 12214 12215 12217 12218 12219 12221 12223 12228 12229 12522 12533,12522 12533 12215 12229 12221 12223 12214 12217,"Private jaccuzi,Health club with Steam / Jaccuzi,Air Conditioned,Jogging and Strolling Track,Internet/Wi-Fi Connectivity,RO Water System,Service/Goods Lift,Intercom Facility",F,False,1 Covered,Water Availability 24 Hours Available,No/Rare Powercut,18000.0,Monthly,"Marble,Vitrified","NA|null,P51900047891|-1,PR1170002500887|-1",Co-operative Society,2026-08-22T23:45:16.000Z,Today,2026-08-21T18:30:00.000+00:00,2026-10-21T23:45:16.000Z,"Oct 22, '26",0,,,Bachelors/Family,1BHK Multistorey Apartment for New Property in Suraj Park View at Dadar West,None of these,819.0,Dadar West
165,,29300000.0,2.93 Cr,57905.0,,,1,1,,506.0,Sq-ft,506.0,12800.0,17,38.0,17 of 38 Floor,Unfurnished,East,"Garden/Park, Main Road",Apartment,New Property,Under Construction,20260823,20260823.0,,,4320,Mumbai,78852.0,Dadar West,,Y,Suraj Park View,Y,Dadar West,"[""19210|Dadar Metro Station|5 minutes|161675|19249"", ""19210|Dadar Station (W) Bus Stop||167545|19250"", ""19201|Shivaji Park Point||80350|19221"", ""19202|Balmohan Vidyamandir||146264|19227"", ""19202|Dr Antonio Da Silva High School||157483|"", ""19203|Symbiosis Speciality Hospital.||154939|"", ""19203|P D  Hinduja Hospital||10576|19230"", ""19206|Agar Bazar||140894|19239"", ""19206|Star Mall||140218|19239""]",19.0227286,72.8379121999999,"19.0200667964879,72.8380779661804",b,12202 12205 12206 12207 12208 12209 12214 12215 12216 12217 12218 12219 12221 12223 12228 12229 12522 12533 12556 12562,12562 12522 12556 12533 12215 12229 12221 12223 12214 12216 12217,"Smart Home,Private jaccuzi,Fireplace,Health club with Steam / Jaccuzi,Air Conditioned,Jogging and Strolling Track,Internet/Wi-Fi Connectivity,RO Water System,Service/Goods Lift,Visitor Parking,Intercom Facility",F,False,1 Covered,Water Availability 24 Hours Available,No/Rare Powercut,20.0,Per sq. Unit Monthly,Vitrified,"NA|null,P51900047891|-1,PR1170002500887|-1",Freehold,2026-08-22T23:45:18.000Z,Today,2026-08-21T18:30:00.000+00:00,2026-10-21T23:45:18.000Z,"Oct 22, '26",0,,,Bachelors/Family,1BHK Multistorey Apartment for New Property in Suraj Park View at Dadar West,None of these,506.0,Dadar West
166,,30600000.0,3.06 Cr,43099.0,,,1,2,,,,710.0,12800.0,,,,Unfurnished,,,Apartment,New Property,Under Construction,20260816,20260821.0,,,4320,Mumbai,60207.0,Malad East,,Y,Vaishno Heights,N,,"[""19210|Malad Railway Station (E) Bus Stop||160533|19250"", ""19201|Seven days super market||167713|19239"", ""19201|Raheja Federation Garden||79180|19221"", ""19202|Seth Juggilal Poddar Academy||88448|19227"", ""19202|St. George School||156873|"", ""19203|Rahat Hospital||154155|"", ""19203|Millat Hospital||154157|"", ""19206|Metro Bazaar||84744|19239"", ""19206|Eastern Mall||74786|19239""]",19.1823902,72.856357,"19.1848724519187,72.8629697025013",b,,,,F,False,,,,,,,"NA|null,P51800024202|-1",,2026-08-21T17:37:06.000Z,"Aug 21, '26",2026-08-15T18:30:00.000+00:00,2026-10-20T17:37:06.000Z,"Oct 20, '26",0,,,Bachelors/Family,1BHK Multistorey Apartment for New Property in Vaishno Heights at Malad East,,710.0,Malad East
167,,25451000.0,2.54 Cr,45693.0,,,1,2,1.0,557.0,Sq-ft,557.0,12800.0,20,44.0,20 of 44 Floor,Unfurnished,North - East,Garden/Park,Apartment,New Property,Under Construction,20260821,20260821.0,,,4320,Mumbai,161136.0,Naigaon Dadar East,,Y,Nandivardhan Monopoli,Y,The property is close to Dadar railway station and Naigaon metro stn.,,19.0110943,72.8435794,"19.01081724,72.84588956",b,12201 12202 12203 12204 12205 12206 12207 12211 12213 12218 12219 12221 12229 12521 12527,12527 12521 12229 12221,"Sea facing,Private pool ,Jogging and Strolling Track,Internet/Wi-Fi Connectivity",F,False,1 Covered,Water Availability 24 Hours Available,No/Rare Powercut,10000.0,Monthly,Vitrified,"NA|null,P51900049902|-1",Leasehold,2026-08-20T23:45:21.000Z,"Aug 21, '26",2026-08-19T18:30:00.000+00:00,2026-10-19T23:45:21.000Z,"Oct 20, '26",0,,,Bachelors/Family,1BHK Multistorey Apartment for New Property in Nandivardhan Monopoli at Dadar East - Naigaon,None of these,557.0,Dadar East - Naigaon
168,Less than 5 years,25893000.0,2.58 Cr,35470.0,,,1,2,1.0,730.0,Sq-ft,730.0,12800.0,,,,Unfurnished,,,Apartment,New Property,Ready To Move,20260802,20260814.0,,,4320,Mumbai,60419.0,Wadala,,Y,Lodha New Cuffe Parade,N,,"[""19210|Wadala Bus Stop||160545|19250"", ""19210|Wadala Bridge Monorail Station||87372|19248"", ""19201| Indiabulls Finance Centre||88306|19221"", ""19202|Auxilium International School||156513|"", ""19202|St Joseph's High School||156511|""]",19.0379737,72.8788479,"19.012216203088,72.8604594318626",b,,,,F,False,,,,,,,"NA|null,P51900000314|06/2019,P51900000367|06/2019,P51900000521|01/2019,P51900000567|06/2019,P51900000629|03/2021,P51900015715|03/2022",,2026-08-14T17:37:19.000Z,"Aug 14, '26",2026-08-21T18:30:00.000+00:00,2026-10-13T17:37:19.000Z,"Oct 13, '26",0,,,Bachelors/Family,1BHK Multistorey Apartment for New Property in Lodha New Cuffe Parade at Wadala,,730.0,Wadala
169,Less than 5 years,25893000.0,2.58 Cr,,,,1,1,1.0,730.0,Sq-ft,,,,,,Unfurnished,,,Apartment,New Property,Ready To Move,20260730,20260809.0,,,4320,Mumbai,60419.0,Wadala,,Y,Lodha New Cuffe Parade,N,,"[""19210|Wadala Bus Stop||160545|19250"", ""19210|Naigaon (W) Bus Stop||160543|19250"", ""19201| Indiabulls Finance Centre||88306|19221"", ""19202| Institute Of Chemical Technology (Ict)||87378|19225"", ""19202|Auxilium International School||156513|""]",19.0379737,72.8788479,"19.012216203088,72.8604594318626",b,,,,F,False,,,,,,,"NA|null,P51900000314|06/2019,P51900000367|06/2019,P51900000521|01/2019,P51900000567|06/2019,P51900000629|03/2021,P51900015715|03/2022",,2026-08-09T17:37:32.000Z,"Aug 09, '26",2026-08-19T18:30:00.000+00:00,2026-10-08T17:37:32.000Z,"Oct 08, '26",0,,,Bachelors/Family,1BHK Multistorey Apartment for New Property in Lodha New Cuffe Parade at Wadala,,,Wadala
170,,29900000.0,2.99 Cr,46000.0,,,1,2,,481.0,Sq-ft,650.0,12800.0,13,20.0,13 of 20 Floor,Semi-Furnished,North,"Garden/Park, Main Road",Apartment,Resale,Under Construction,20260822,20260822.0,,,4320,Mumbai,94297.0,Seven Bungalows,,Y,Rustomjee Ocean Vista,Y,"Very close to all major amenities atm, bank, mall, garden, school, hos.","[""19202|Orchid Global Learning Academy||157481|"", ""19202|Bhavan's College||86848|19227""]",19.1300108,72.8143755,"19.1289588950071,72.8198203373831",b,12201 12202 12203 12205 12208 12209 12211 12224 12228 12229,12224 12229,"Banquet Hall,Jogging and Strolling Track",F,False,1 Covered,Water Availability 24 Hours Available,No/Rare Powercut,0.0,Monthly,"Marble,Vitrified","NA|null,P51800076673|05/2029",Freehold,2026-08-21T23:45:16.000Z,Yesterday,2026-08-21T18:30:00.000+00:00,2026-10-20T23:45:16.000Z,"Oct 21, '26",0,,,Bachelors/Family,1BHK Multistorey Apartment for Resale in Rustomjee Ocean Vista at Seven Bungalows,None of these,650.0,Seven Bungalows
171,15 to 20 years,26000000.0,2.60 Cr,53608.0,,,1,1,,485.0,Sq-ft,485.0,12800.0,8,14.0,8 of 14 Floor,Semi-Furnished,East,,Apartment,Resale,Ready to Move,20260727,,,,4320,Mumbai,78839.0,Bandra West,,Y,Monalisa Apartment,Y,"The property is close to the bandra railway station, in 5 min distanc.","[""19210|Bandra Railway Station (W) Bus Stop||161595|19250"", ""19210|Bandra Bus Stop||161593|19250"", ""19201|36 Turner Road Mall Virar||161591|19239"", ""19201|Liberty Shopping Centre||167571|19239"", ""19202|RD and SH National College and SWA Science College||161599|19225"", ""19202|Bandra Urdu High School||157083|"", ""19203|Lilavati Hospital and Research Centre||161597|19230"", ""19203|Shanti Hospital||154229|"", ""19206|Shoppers Stop||148086|19239""]",19.05523,72.83083,"19.055229,72.830829",b,12202 12207 12214 12215 12218 12219,12215 12214,"Air Conditioned,Service/Goods Lift",F,False,,Water Availability 24 Hours Available,No/Rare Powercut,,Monthly,Ceramic Tiles,,Freehold,2026-07-27T09:24:12.000Z,"Jul 27, '26",2026-08-17T18:30:00.000+00:00,2026-09-25T18:30:00.000Z,"Sep 26, '26",0,,,Bachelors/Family,1BHK Multistorey Apartment for Resale in Monalisa Apartment at Bandra West,,485.0,Bandra West
172,Less than 5 years,29000000.0,2.90 Cr,57769.0,,,1,2,1.0,500.0,Sq-ft,502.0,12800.0,15,22.0,15 of 22 Floor,Unfurnished,East,Main Road,Apartment,Resale,Ready to Move,20260804,,,,4320,Mumbai,94930.0,Shivaji Park,,Y,,Y,Near Tanatan Hotel Brahman Sangh Hall Shivaji Park Dadar West,"[""19201|Shivaji Park Point||80350|19221"", ""19202|Dr Antonio Da Silva High School||157483|"", ""19202|Gulmohar Vidya Mandir||157485|"", ""19203|Symbiosis Speciality Hospital.||154939|"", ""19203|P D  Hinduja Hospital||10576|19230""]",0.0,0.0,"19.0287954865428,72.838688734427",b,12202 12208 12209 12213 12219,,,F,False,1 Covered,Water Availability 24 Hours Available,No/Rare Powercut,1.0,Monthly,"Marble,Vitrified",,Co-operative Society,2026-08-04T09:12:47.000Z,"Aug 04, '26",2026-08-21T18:30:00.000+00:00,2026-10-03T18:30:00.000Z,"Oct 04, '26",0,,Y,Bachelors/Family,1BHK Multistorey Apartment for Resale in Shivaji Park,None of these,502.0,Shivaji Park
173,Less than 5 years,4500000.0,45 Lac,4737.0,4500000.0,4860000.0,2,2,,684.0,Sq-ft,950.0,12800.0,1,4.0,1 of 4 Floor,Semi-Furnished,,,Apartment,Resale,Ready to Move,20260822,20260822.0,,,4320,Mumbai,,,,Y,,N,,,0.0,0.0,,b,,,,F,False,,,,,,,,,2026-08-21T19:33:07.000Z,Yesterday,2024-10-26T18:30:00.000+00:00,2026-10-21T19:33:07.000Z,"Oct 22, '26",0,,,Bachelors/Family,2BHK Multistorey Apartment for Resale in ,,950.0,
174,Less than 5 years,4200000.0,42 Lac,5600.0,4200000.0,4580000.0,2,2,,540.0,Sq-ft,750.0,12800.0,15,17.0,15 of 17 Floor,Unfurnished,,,Apartment,Resale,Ready to Move,20260822,20260821.0,,,4320,Mumbai,89245.0,Virar West,,Y,Viva City A2,N,,"[""19210|Bolinj Naka Bus Stop||139184|19250"", ""19210|Chembur Monorail Station||89274|19248"", ""19201|Westside - Grand Galleria Global City, Virar||164995|19239"", ""19202|Viva College||164993|19225"", ""19203|Sahyadri Multcipility Hospital||154499|"", ""19203|Sankalpa Hospital||154257|"", ""19206|Big Bazaar||147834|19239"", ""19206|Phoenix Marketcity Mall||89270|19239""]",19.2150433,72.8697835,"19.4638767047594,72.7822993572118",b,,,,F,False,,,,,,,"NA|null,P99000008341|-1",,2026-08-21T17:34:06.000Z,"Aug 21, '26",2024-10-25T18:30:00.000+00:00,2026-10-21T17:34:10.000Z,"Oct 21, '26",0,,,Bachelors/Family,2BHK Multistorey Apartment for Resale in Viva City A2 at Virar West,,750.0,Virar West
175,New Construction,4200000.0,42 Lac,4516.0,4200000.0,4580000.0,2,2,,670.0,Sq-ft,930.0,12800.0,12,12.0,12 of 12 Floor,Unfurnished,,,Apartment,Resale,Ready to Move,20260822,20260821.0,,,4320,Mumbai,89245.0,Virar West,,Y,Vikram Rachna Tower,N,,"[""19210|Chembur Monorail Station||89274|19248"", ""19210|Bolinj Naka Bus Stop||139184|19250"", ""19201|Westside - Grand Galleria Global City, Virar||164995|19239"", ""19202|Viva College||164993|19225"", ""19203|Sahyadri Multcipility Hospital||154499|"", ""19203|Sankalpa Hospital||154257|"", ""19206|Big Bazaar||147834|19239"", ""19206|Phoenix Marketcity Mall||89270|19239""]",18.9582347,72.8319514,"19.4638767047594,72.7822993572118",b,,,,F,False,,,,,,,,,2026-08-21T12:08:06.000Z,"Aug 21, '26",2024-10-25T18:30:00.000+00:00,2027-01-03T12:08:06.000Z,"Jan 03, '27",0,,,Bachelors/Family,2BHK Multistorey Apartment for Resale in Vikram Rachna Tower at Virar West,,930.0,Virar West
176,5 to 10 years,3500000.0,35 Lac,,3150000.0,3500000.0,2,2,4.0,935.0,Sq-ft,,,4,5.0,4 of 5 Floor,Semi-Furnished,West,Garden/Park,Apartment,Resale,Ready to Move,20260821,20260821.0,,,4320,Mumbai,,,,Y,,Y,Near MJ International School,,19.159739254573267,73.24455601310302,,b,12201 12202 12203 12208 12211 12213,,,F,False,1 Covered,Water Availability 24 Hours Available,No/Rare Powercut,,Monthly,Vitrified,,Freehold,2026-08-20T23:31:11.000Z,"Aug 21, '26",2026-08-20T18:30:00.000+00:00,2026-12-18T23:31:11.000Z,"Dec 19, '26",0,2.0,Y,Bachelors/Family,2BHK Multistorey Apartment for Resale in ,,,
177,Less than 5 years,3975000.0,39.8 Lac,5096.0,3975000.0,4290000.0,2,2,,562.0,Sq-ft,780.0,12800.0,3,10.0,3 of 10 Floor,Semi-Furnished,,,Apartment,Resale,Ready to Move,20260822,20260821.0,,,4320,Mumbai,104910.0,Nalasopara West,,Y,Om Sai Heights Phase II,N,,"[""19210|Bhuigoan Police Station Bus Stop||167863|19250"", ""19210|Nalasopara Police Station Bus Stop||167875|19250"", ""19203|Riddhi Vinayak, Multi Speciality Hospital||10548|19230"", ""19206|Sahakari Bhandar||84898|19239""]",19.43023,72.78017,"19.4129235749963,72.7885889890948",b,12202 12203 12209 1404146,,,F,False,,,,,,," P99000012116|06/2003,NA|null,P99000010535|11/2000,P99000012497|03/2001,P99000012565|07/2005",,2026-08-21T14:54:53.000Z,"Aug 21, '26",2024-10-25T18:30:00.000+00:00,2027-01-03T14:54:53.000Z,"Jan 03, '27",0,,,Bachelors/Family,2BHK Multistorey Apartment for Resale in Om Sai Heights Phase II at Nalasopara West,,780.0,Nalasopara West
178,10 to 15 years,4100000.0,41 Lac,7069.0,4100000.0,4430000.0,2,2,,418.0,Sq-ft,580.0,12800.0,3,4.0,3 of 4 Floor,Semi-Furnished,,,Apartment,Resale,Ready to Move,20260821,20260821.0,,,4320,Mumbai,84441.0,Nala Sopara,,Y,Bhavesh Plaza,N,,"[""19210|Tulinj Police Station Bus Stop||167877|19250"", ""19210|Nalasopara Railway Station||89524|19248"", ""19201|St. Anthony's High School Nagindas||139302|19227"", ""19202|St Augasthi High School||157077|"", ""19203|Vijayalaxmi Hospital||140776|19232"", ""19203|Alliance Hospital||154221|"", ""19206|Tania Horizon Mall||89514|19239"", ""19206|Sahakari Bhandar||84898|19239""]",19.07626,72.87944,"19.4196344986519,72.8081166617887",b,12202 12207 12209 12211 12216 12218 12219 1404115 1404117 1404121 1404143,1404115 12216 1404143,"Visitor Parking,",F,False,,,,,,,,,2026-08-21T05:44:58.000Z,"Aug 21, '26",2024-10-25T18:30:00.000+00:00,2026-10-21T05:44:59.000Z,"Oct 21, '26",0,,,Bachelors/Family,2BHK Multistorey Apartment for Resale in Bhavesh Plaza at Nala Sopara,,580.0,Nala Sopara
179,5 to 10 years,4100000.0,41 Lac,7455.0,4100000.0,4470000.0,2,2,,396.0,Sq-ft,550.0,12800.0,3,4.0,3 of 4 Floor,Semi-Furnished,,,Apartment,Resale,Ready to Move,20260821,20260821.0,,,4320,Mumbai,84441.0,Nala Sopara,,Y,Bhavesh Plaza,N,,"[""19210|Tulinj Police Station Bus Stop||167877|19250"", ""19210|Nalasopara Railway Station||89524|19248"", ""19201|St. Anthony's High School Nagindas||139302|19227"", ""19202|St Augasthi High School||157077|"", ""19203|Vijayalaxmi Hospital||140776|19232"", ""19203|Alliance Hospital||154221|"", ""19206|Tania Horizon Mall||89514|19239"", ""19206|Sahakari Bhandar||84898|19239""]",19.07626,72.87944,"19.4196344986519,72.8081166617887",b,12202 12207 12209 12211 12216 12218 12219 1404115 1404117 1404121 1404143,1404115 12216 1404143,"Visitor Parking,",F,False,,,,,,,,,2026-08-21T05:44:55.000Z,"Aug 21, '26",2024-10-25T18:30:00.000+00:00,2026-10-21T05:44:56.000Z,"Oct 21, '26",0,,,Bachelors/Family,2BHK Multistorey Apartment for Resale in Bhavesh Plaza at Nala Sopara,,550.0,Nala Sopara
180,5 to 10 years,4200000.0,42 Lac,5600.0,4200000.0,4540000.0,2,2,,540.0,Sq-ft,750.0,12800.0,3,4.0,3 of 4 Floor,Unfurnished,,,Apartment,Resale,Ready to Move,20260821,20260821.0,,,4320,Mumbai,84441.0,Nala Sopara,,Y,Bhavesh Plaza,N,,"[""19210|Nalasopara Railway Station||89524|19248"", ""19210|Tulinj Police Station Bus Stop||167877|19250"", ""19201|St. Anthony's High School Nagindas||139302|19227"", ""19202|St Augasthi High School||157077|"", ""19203|Alliance Hospital||154221|"", ""19203|Vijayalaxmi Hospital||140776|19232"", ""19206|Sahakari Bhandar||84898|19239"", ""19206|Om Plaza Commercial Complex||140432|19239""]",19.07626,72.87944,"19.4196344986519,72.8081166617887",b,12202 12207 12209 12211 12216 12218 12219 1404115 1404117 1404121 1404143,1404115 12216 1404143,"Visitor Parking,",F,False,,,,,,,,,2026-08-21T05:44:51.000Z,"Aug 21, '26",2024-10-25T18:30:00.000+00:00,2026-10-21T05:44:52.000Z,"Oct 21, '26",0,,,Bachelors/Family,2BHK Multistorey Apartment for Resale in Bhavesh Plaza at Nala Sopara,,750.0,Nala Sopara
181,Less than 5 years,4800000.0,48 Lac,4364.0,4800000.0,5230000.0,2,2,,792.0,Sq-ft,1100.0,12800.0,5,7.0,5 of 7 Floor,Semi-Furnished,,,Apartment,Resale,Ready to Move,20260822,20260821.0,,,4320,Mumbai,80051.0,Virar,,Y,Jyoti Harmony,N,,"[""19210|Sakinaka Metro Station||89296|19249"", ""19210|Chembur Monorail Station||89274|19248"", ""19201|Infinity It Park||89536|19221"", ""19201|Lodha Supremus Powai||89284|19221"", ""19202|Viva College||164993|19225"", ""19202|New Viva College of Arts, Commerce and Science||163007|19225"", ""19206|Om Arcade||10758|19239"", ""19206|DMart||147918|19239""]",19.45015,72.81056,"19.462194642857,72.8049130698568",b,,,,F,False,,,,,,,,,2026-08-21T08:48:11.000Z,"Aug 21, '26",2024-10-25T18:30:00.000+00:00,2027-01-03T08:48:11.000Z,"Jan 03, '27",0,,,Bachelors/Family,2BHK Multistorey Apartment for Resale in Jyoti Harmony at Virar,,1100.0,Virar
182,5 to 10 years,4100000.0,41 Lac,5467.0,4100000.0,4430000.0,2,2,,540.0,Sq-ft,750.0,12800.0,5,7.0,5 of 7 Floor,Unfurnished,,,Apartment,Resale,Ready to Move,20260822,20260821.0,,,4320,Mumbai,89245.0,Virar West,,Y,HDIL Residency Park,N,,"[""19210|Chembur Monorail Station||89274|19248"", ""19210|Bolinj Naka Bus Stop||139184|19250"", ""19201|Westside - Grand Galleria Global City, Virar||164995|19239"", ""19202|Viva College||164993|19225"", ""19203|Sankalpa Hospital||154257|"", ""19203|Sahyadri Multcipility Hospital||154499|"", ""19206|Phoenix Marketcity Mall||89270|19239"", ""19206|Big Bazaar||147834|19239""]",19.46804,72.81,"19.4638767047594,72.7822993572118",b,,,,F,False,,,,,,,,,2026-08-21T08:59:54.000Z,"Aug 21, '26",2024-10-25T18:30:00.000+00:00,2027-01-03T08:59:54.000Z,"Jan 03, '27",0,,,Bachelors/Family,2BHK Multistorey Apartment for Resale in HDIL Residency Park at Virar West,,750.0,Virar West
183,5 to 10 years,4100000.0,41 Lac,4141.0,4100000.0,4470000.0,2,2,,713.0,Sq-ft,990.0,12800.0,10,12.0,10 of 12 Floor,Semi-Furnished,,,Apartment,Resale,Ready to Move,20260821,20260821.0,,,4320,Mumbai,89245.0,Virar West,,Y,Shree shakun Greens,N,,"[""19210|Chembur Monorail Station||89274|19248"", ""19210|Bolinj Naka Bus Stop||139184|19250"", ""19201|Westside - Grand Galleria Global City, Virar||164995|19239"", ""19202|Viva College||164993|19225"", ""19203|Sahyadri Multcipility Hospital||154499|"", ""19203|Sankalpa Hospital||154257|"", ""19206|Big Bazaar||147834|19239"", ""19206|Phoenix Marketcity Mall||89270|19239""]",19.47112,72.79844,"19.4638767047594,72.7822993572118",b,12201 12202 12203 12204 12205 12206 12207 12208 12209 12211 12214 12216 12218 12219 12222 1404107 1404115 1404143,1404115 12214 12216 1404143,"Service/Goods Lift,Visitor Parking,",F,False,,,,,,,"NA|null,P99000001708|12/2019",,2026-08-21T05:25:35.000Z,"Aug 21, '26",2024-10-25T18:30:00.000+00:00,2026-10-21T05:25:36.000Z,"Oct 21, '26",0,,,Bachelors/Family,2BHK Multistorey Apartment for Resale in Shree shakun Greens at Virar West,,990.0,Virar West
184,Less than 5 years,4800000.0,48 Lac,6400.0,4800000.0,5180000.0,2,2,,540.0,Sq-ft,750.0,12800.0,7,7.0,7 of 7 Floor,Furnished,,,Apartment,Resale,Ready to Move,20260821,20260821.0,,,4320,Mumbai,80050.0,Vasai,,N,Rashmi Classic,N,,"[""19201|Sureshwari It Park||89326|19221"", ""19201|Range Office||139022|19221"", ""19203|YOGYAM Multi-Speciality Hospital||167857|19230"", ""19203|Janseva Hospital||138740|19230"", ""19206|Bhajanlal Dairy Farm||140782|19239"", ""19206|Sahakari Bhandar||84900|19239""]",19.41055,72.82434,"19.3914260104194,72.8285855834131",b,12201 12202 12204 12207 12209 12213 12215 12217 1404115 1404143,1404115 12215 12217 1404143,"Air Conditioned,Intercom Facility,",F,False,,,,,,,,,2026-08-21T05:24:21.000Z,"Aug 21, '26",2024-10-25T18:30:00.000+00:00,2026-10-21T05:24:22.000Z,"Oct 21, '26",0,,,Bachelors/Family,2BHK Multistorey Apartment for Resale in Rashmi Classic at Vasai,,750.0,Vasai
185,5 to 10 years,3500000.0,35 Lac,3500.0,3500000.0,3820000.0,2,3,,729.0,Sq-ft,1000.0,12800.0,3,3.0,3 of 3 Floor,Semi-Furnished,East,Main Road,Apartment,Resale,Ready to Move,20260817,20260817.0,,,4320,Mumbai,,,,N,,N,Near Matheran Entry Gate,,0.0,0.0,,b,12203 12209 12211 12216 1005015,12216,Visitor Parking,F,False,1 Covered,Water Availability 24 Hours Available,No/Rare Powercut,,Monthly,Vitrified,,Freehold,2026-08-17T12:48:05.000Z,"Aug 17, '26",2026-08-16T18:30:00.000+00:00,2026-12-30T12:48:05.000Z,"Dec 30, '26",0,6.0,,Bachelors/Family,2BHK Multistorey Apartment for Resale in ,None of these,1000.0,
186,Less than 5 years,5000000.0,50 Lac,5882.0,5000000.0,5450000.0,2,2,,612.0,Sq-ft,850.0,12800.0,2,7.0,2 of 7 Floor,Semi-Furnished,,,Apartment,Resale,Ready to Move,20260821,20260820.0,,,4320,Mumbai,89086.0,Palghar Naigaon East,,N,Parasnath Nagari,N,,"[""19210|Mira Road Railway Station||89372|19248"", ""19201|Infinity It Park||89364|19221"", ""19202|Universal College of Engineering Mumbai||164955|19225"", ""19202|Vedant International High School||89378|19227""]",19.3629,72.86161,"19.3489277756968,72.8750219955356",b,12201 12202 12203 12204 12205 12206 12208 12209 12213 12217 12221 12227 12228 12229 12530 12539 12547 1404110 1404117 1404118 1404121 1404124 1404125 1404131 1404143,12539 1404118 1404131 12229 1404125 1404124 12221 12530 12217 12227 1404143,"Grand Entrance lobby,,,Jogging and Strolling Track,,,Internet/Wi-Fi Connectivity,Earth quake resistant,Intercom Facility,Conference Room,",F,False,,,,,,,,,2026-08-20T17:40:00.000Z,"Aug 20, '26",2024-10-24T18:30:00.000+00:00,2026-10-20T17:40:03.000Z,"Oct 20, '26",0,3.0,,Bachelors/Family,2BHK Multistorey Apartment for Resale in Parasnath Nagari at Palghar Naigaon East,,850.0,Palghar Naigaon East
187,New Construction,4000000.0,40 Lac,4831.0,4000000.0,4320000.0,2,2,,596.0,Sq-ft,828.0,12800.0,5,14.0,5 of 14 Floor,Semi-Furnished,,,Apartment,Resale,Ready to Move,20260821,20260820.0,,,4320,Mumbai,89245.0,Virar West,,N,Vinay Unique Imperia,N,,"[""19210|Chembur Monorail Station||89274|19248"", ""19210|Bolinj Naka Bus Stop||139184|19250"", ""19201|Westside - Grand Galleria Global City, Virar||164995|19239"", ""19202|Viva College||164993|19225"", ""19203|Sahyadri Multcipility Hospital||154499|"", ""19203|Sankalpa Hospital||154257|"", ""19206|Big Bazaar||147834|19239"", ""19206|Phoenix Marketcity Mall||89270|19239""]",19.46498,72.80595,"19.4638767047594,72.7822993572118",b,12202 12207 12208 12209 12214 12216 12219 12530,12214 12530 12216,"Service/Goods Lift,Earth quake resistant,Visitor Parking",F,False,,,,,,,"NA|null,P99000008596|12/2019",,2026-08-20T16:53:39.000Z,"Aug 20, '26",2024-10-24T18:30:00.000+00:00,2026-10-20T16:53:42.000Z,"Oct 20, '26",0,3.0,,Bachelors/Family,2BHK Multistorey Apartment for Resale in Vinay Unique Imperia at Virar West,,828.0,Virar West
188,5 to 10 years,3250000.0,32.5 Lac,4815.0,3250000.0,3540000.0,2,3,,486.0,Sq-ft,675.0,12800.0,2,4.0,2 of 4 Floor,Semi-Furnished,,,Apartment,Resale,Ready to Move,20260821,20260820.0,,,4320,Mumbai,80051.0,Virar,,N,Maharaja Complex,N,,"[""19210|Sakinaka Metro Station|5 minutes|89296|19249"", ""19210|Virar Railway Station||140678|19248"", ""19201|Lodha Supremus Powai||89284|19221"", ""19201|Nakoda super market||163909|19239"", ""19202|Rashmi International School||89486|19227"", ""19202|Nahar International School||89302|19227"", ""19206|DMart||147918|19239"", ""19206|R City Mall||89292|19239""]",19.1179063,72.8652128,"19.462194642857,72.8049130698568",b,12202 12208,,,F,False,,,,,,,,,2026-08-20T16:52:03.000Z,"Aug 20, '26",2024-10-24T18:30:00.000+00:00,2026-10-20T16:52:05.000Z,"Oct 20, '26",0,3.0,,Bachelors/Family,2BHK Multistorey Apartment for Resale in Maharaja Complex at Virar,,675.0,Virar
189,10 to 15 years,5000000.0,50 Lac,6667.0,5000000.0,5400000.0,2,1,,540.0,Sq-ft,750.0,12800.0,4,4.0,4 of 4 Floor,Unfurnished,,,Apartment,Resale,Ready to Move,20260821,20260820.0,,,4320,Mumbai,80050.0,Vasai,,N,Evershine City,N,,"[""19201|Range Office||139022|19221"", ""19201|Sureshwari It Park||89326|19221"", ""19203|YOGYAM Multi-Speciality Hospital||167857|19230"", ""19203|Janseva Hospital||138740|19230"", ""19206|Sahakari Bhandar||84900|19239"", ""19206|Viva Swastik Mall||89386|19239""]",19.40629,72.83985,"19.3914260104194,72.8285855834131",b,12201 12203 12204 12206 12209 1404121,,,F,False,,,,,,,,,2026-08-20T16:08:11.000Z,"Aug 20, '26",2024-10-24T18:30:00.000+00:00,2027-01-02T16:08:11.000Z,"Jan 02, '27",0,3.0,,Bachelors/Family,2BHK Multistorey Apartment for Resale in Evershine City at Vasai,,750.0,Vasai
190,Less than 5 years,4100000.0,41 Lac,5125.0,4100000.0,4430000.0,2,2,,576.0,Sq-ft,800.0,12800.0,8,15.0,8 of 15 Floor,Semi-Furnished,,,Apartment,Resale,Ready to Move,20260821,20260820.0,,,4320,Mumbai,89245.0,Virar West,,N,Bhoomi Acropolis,N,,"[""19210|Chembur Monorail Station||89274|19248"", ""19210|Bolinj Naka Bus Stop||139184|19250"", ""19201|Westside - Grand Galleria Global City, Virar||164995|19239"", ""19202|Viva College||164993|19225"", ""19203|Sahyadri Multcipility Hospital||154499|"", ""19203|Sankalpa Hospital||154257|"", ""19206|Phoenix Marketcity Mall||89270|19239"", ""19206|Big Bazaar||147834|19239""]",19.46812,72.80106,"19.4638767047594,72.7822993572118",b,12201 12202 12203 12204 12205 12206 12207 12208 12209 12212 12213 12214 12215 12217 12218 12219 12220 12221 12222 12223 12224 12225 12226 12227 12228 12229 12230 1404105 1404110 1404114 1404117 1404121 1404124 1404125 1404129 1404131 1404143,12225 1404129 1404114 1404131 12215 12224 12229 12230 12220 1404125 1404124 1404105 12221 12223 12214 12217 12227 1404143,"Bar/Lounge,,,,Air Conditioned,Banquet Hall,Jogging and Strolling Track,Outdoor Tennis Courts,Laundry Service,,,,Internet/Wi-Fi Connectivity,RO Water System,Service/Goods Lift,Intercom Facility,Conference Room,",F,False,,,,,,,"NA|null,P99000006132|12/2021,P99000007415|12/2020",,2026-08-20T14:06:32.000Z,"Aug 20, '26",2024-10-24T18:30:00.000+00:00,2027-01-02T14:06:32.000Z,"Jan 02, '27",0,3.0,,Bachelors/Family,2BHK Multistorey Apartment for Resale in Bhoomi Acropolis at Virar West,,800.0,Virar West
191,Less than 5 years,4500000.0,45 Lac,4737.0,4500000.0,4860000.0,2,2,,684.0,Sq-ft,950.0,12800.0,1,15.0,1 of 15 Floor,Unfurnished,,,Apartment,Resale,Ready to Move,20260821,20260820.0,,,4320,Mumbai,89245.0,Virar West,,N,Arkade Acropolis,N,,"[""19210|Bolinj Naka Bus Stop||139184|19250"", ""19210|Chembur Monorail Station||89274|19248"", ""19201|Westside - Grand Galleria Global City, Virar||164995|19239"", ""19202|Viva College||164993|19225"", ""19203|Sankalpa Hospital||154257|"", ""19203|Sahyadri Multcipility Hospital||154499|"", ""19206|Big Bazaar||147834|19239"", ""19206|Phoenix Marketcity Mall||89270|19239""]",19.1997337,72.8585866,"19.4638767047594,72.7822993572118",b,12201 12202 12203 12204 12205 12206 12207 12208 12209 12211 12212 12213 12214 12215 12216 12217 12218 12219 12220 12221 12222 12223 12224 12225 12226 12227 12228 12229 12230 1404110 1404115 1404117 1404121 1404124 1404143,12225 1404115 12215 12224 12229 12230 12220 1404124 12221 12223 12214 12216 12217 12227 1404143,"Bar/Lounge,,Air Conditioned,Banquet Hall,Jogging and Strolling Track,Outdoor Tennis Courts,Laundry Service,,Internet/Wi-Fi Connectivity,RO Water System,Service/Goods Lift,Visitor Parking,Intercom Facility,Conference Room,",F,False,,,,,,,"NA|null,P51800004939|12/2022,P99000007415|08/2017",,2026-08-20T14:06:18.000Z,"Aug 20, '26",2024-10-24T18:30:00.000+00:00,2027-01-02T14:06:18.000Z,"Jan 02, '27",0,3.0,,Bachelors/Family,2BHK Multistorey Apartment for Resale in Arkade Acropolis at Virar West,,950.0,Virar West
192,5 to 10 years,4700000.0,47 Lac,5182.0,4700000.0,5080000.0,2,2,,653.0,Sq-ft,907.0,12800.0,5,7.0,5 of 7 Floor,Unfurnished,,,Apartment,Resale,Ready to Move,20260820,20260820.0,,,4320,Mumbai,124963.0,,,N,Rustomjee Global City,N,,,18.9582347,72.8319514,"19.48203,72.79096",b,12201 12202 12203 12204 12205 12206 12207 12208 12209 12211 12213 12216 12217 12218 12219 12220 12221 12223 12224 12226 12227 12228 12229 12543 1404105 1404106 1404109 1404112 1404113 1404114 1404115 1404116 1404117 1404118 1404120 1404121 1404124 1404125 1404126 1404130 1404131 1404143,1404114 1404118 1404115 1404131 12224 12229 1404112 1404109 1404116 12220 1404125 1404124 1404106 1404105 12221 12223 12216 12217 12227 1404113 1404143,"Banquet Hall,Jogging and Strolling Track,,,,Laundry Service,,,,,Internet/Wi-Fi Connectivity,RO Water System,Visitor Parking,Intercom Facility,Conference Room,,",F,False,,,,,,," P99000018043|-1,NA|null",,2026-08-20T12:31:02.000Z,"Aug 20, '26",2024-10-24T18:30:00.000+00:00,2026-10-20T12:31:03.000Z,"Oct 20, '26",0,,,Bachelors/Family,2BHK Multistorey Apartment for Resale in Rustomjee Global City at Chikhal Dongari,,907.0,Chikhal Dongari
193,5 to 10 years,4200000.0,42 Lac,6186.0,4200000.0,4580000.0,2,2,,489.0,Sq-ft,679.0,12800.0,1,6.0,1 of 6 Floor,Unfurnished,,,Apartment,Resale,Ready to Move,20260820,20260820.0,,,4320,Mumbai,89245.0,Virar West,,N,Rustomjee Global City,N,,"[""19210|Bolinj Naka Bus Stop||139184|19250"", ""19210|Chembur Monorail Station||89274|19248"", ""19201|Westside - Grand Galleria Global City, Virar||164995|19239"", ""19202|Viva College||164993|19225"", ""19203|Sankalpa Hospital||154257|"", ""19203|Sahyadri Multcipility Hospital||154499|"", ""19206|Big Bazaar||147834|19239"", ""19206|Phoenix Marketcity Mall||89270|19239""]",18.9582347,72.8319514,"19.4638767047594,72.7822993572118",b,12201 12202 12203 12204 12205 12206 12207 12208 12209 12211 12213 12216 12217 12218 12219 12220 12221 12223 12224 12226 12227 12228 12229 12543 1404105 1404106 1404109 1404112 1404113 1404114 1404115 1404116 1404117 1404118 1404120 1404121 1404124 1404125 1404126 1404130 1404131 1404143,1404114 1404118 1404115 1404131 12224 12229 1404112 1404109 1404116 12220 1404125 1404124 1404106 1404105 12221 12223 12216 12217 12227 1404113 1404143,"Banquet Hall,Jogging and Strolling Track,,,,Laundry Service,,,,,Internet/Wi-Fi Connectivity,RO Water System,Visitor Parking,Intercom Facility,Conference Room,,",F,False,,,,,,," P99000018043|-1,NA|null",,2026-08-20T12:31:33.000Z,"Aug 20, '26",2024-10-24T18:30:00.000+00:00,2026-10-20T12:31:35.000Z,"Oct 20, '26",0,,,Bachelors/Family,2BHK Multistorey Apartment for Resale in Rustomjee Global City at Virar West,,679.0,Virar West
194,5 to 10 years,4000000.0,40 Lac,6849.0,4000000.0,4320000.0,2,2,,420.0,Sq-ft,584.0,12800.0,4,7.0,4 of 7 Floor,Unfurnished,,,Apartment,Resale,Ready to Move,20260820,20260820.0,,,4320,Mumbai,89245.0,Virar West,,N,Rustomjee Global City,N,,"[""19210|Bolinj Naka Bus Stop||139184|19250"", ""19210|Chembur Monorail Station||89274|19248"", ""19201|Westside - Grand Galleria Global City, Virar||164995|19239"", ""19202|Viva College||164993|19225"", ""19203|Sahyadri Multcipility Hospital||154499|"", ""19203|Sankalpa Hospital||154257|"", ""19206|Phoenix Marketcity Mall||89270|19239"", ""19206|Big Bazaar||147834|19239""]",18.9582347,72.8319514,"19.4638767047594,72.7822993572118",b,12201 12202 12203 12204 12205 12206 12207 12208 12209 12211 12213 12216 12217 12218 12219 12220 12221 12223 12224 12226 12227 12228 12229 12543 1404105 1404106 1404109 1404112 1404113 1404114 1404115 1404116 1404117 1404118 1404120 1404121 1404124 1404125 1404126 1404130 1404131 1404143,1404114 1404118 1404115 1404131 12224 12229 1404112 1404109 1404116 12220 1404125 1404124 1404106 1404105 12221 12223 12216 12217 12227 1404113 1404143,"Banquet Hall,Jogging and Strolling Track,,,,Laundry Service,,,,,Internet/Wi-Fi Connectivity,RO Water System,Visitor Parking,Intercom Facility,Conference Room,,",F,False,,,,,,," P99000018043|-1,NA|null",,2026-08-20T12:31:25.000Z,"Aug 20, '26",2024-10-24T18:30:00.000+00:00,2026-10-20T12:31:26.000Z,"Oct 20, '26",0,,,Bachelors/Family,2BHK Multistorey Apartment for Resale in Rustomjee Global City at Virar West,,584.0,Virar West
195,5 to 10 years,4500000.0,45 Lac,7705.0,4500000.0,4910000.0,2,2,,420.0,Sq-ft,584.0,12800.0,9,12.0,9 of 12 Floor,Semi-Furnished,,,Apartment,Resale,Ready to Move,20260820,20260820.0,,,4320,Mumbai,89245.0,Virar West,,N,Rustomjee Global City,N,,"[""19210|Chembur Monorail Station||89274|19248"", ""19210|Bolinj Naka Bus Stop||139184|19250"", ""19201|Westside - Grand Galleria Global City, Virar||164995|19239"", ""19202|Viva College||164993|19225"", ""19203|Sahyadri Multcipility Hospital||154499|"", ""19203|Sankalpa Hospital||154257|"", ""19206|Phoenix Marketcity Mall||89270|19239"", ""19206|Big Bazaar||147834|19239""]",18.9582347,72.8319514,"19.4638767047594,72.7822993572118",b,12201 12202 12203 12204 12205 12206 12207 12208 12209 12211 12213 12216 12217 12218 12219 12220 12221 12223 12224 12226 12227 12228 12229 12543 1404105 1404106 1404109 1404112 1404113 1404114 1404115 1404116 1404117 1404118 1404120 1404121 1404124 1404125 1404126 1404130 1404131 1404143,1404114 1404118 1404115 1404131 12224 12229 1404112 1404109 1404116 12220 1404125 1404124 1404106 1404105 12221 12223 12216 12217 12227 1404113 1404143,"Banquet Hall,Jogging and Strolling Track,,,,Laundry Service,,,,,Internet/Wi-Fi Connectivity,RO Water System,Visitor Parking,Intercom Facility,Conference Room,,",F,False,,,,,,," P99000018043|-1,NA|null",,2026-08-20T12:31:20.000Z,"Aug 20, '26",2024-10-24T18:30:00.000+00:00,2026-10-20T12:31:22.000Z,"Oct 20, '26",0,,,Bachelors/Family,2BHK Multistorey Apartment for Resale in Rustomjee Global City at Virar West,,584.0,Virar West
196,15 to 20 years,3500000.0,35 Lac,3889.0,3500000.0,3780000.0,2,2,,648.0,Sq-ft,900.0,12800.0,Upper Basement,4.0,Upper Basement of 4 Floor,Unfurnished,,,Apartment,Resale,Ready to Move,20260821,20260820.0,,,4320,Mumbai,80051.0,Virar,,N,Shree Shashwat Virar,N,,"[""19210|Sakinaka Metro Station|19 minutes|89296|19249"", ""19210|Virar Railway Station||10926|19248"", ""19201|Lodha Supremus Powai||89284|19221"", ""19201|Westside - Grand Galleria Global City, Virar||164995|19239"", ""19202|New Viva College of Arts, Commerce and Science||163007|19225"", ""19202|Vidya Vikasini School||89544|19227"", ""19206|Om Arcade||10758|19239"", ""19206|Sahakari Bhandar||84902|19239""]",19.277432,72.8768181,"19.462194642857,72.8049130698568",b,12201 12202 12203 12204 12206 12207 12208 12209 12211 12214 12216 12218 12219 12220 12222 1404117 1404118 1404120 1404121 1404143,1404118 12220 12214 12216 1404143,"Laundry Service,Service/Goods Lift,Visitor Parking,",F,False,,,,,,,,,2026-08-20T14:34:26.000Z,"Aug 20, '26",2024-10-24T18:30:00.000+00:00,2027-01-02T14:34:26.000Z,"Jan 02, '27",0,3.0,,Bachelors/Family,2BHK Multistorey Apartment for Resale in Shree Shashwat Virar at Virar,,900.0,Virar
197,Less than 5 years,5000000.0,50 Lac,5102.0,5000000.0,5450000.0,2,2,,706.0,Sq-ft,980.0,12800.0,8,15.0,8 of 15 Floor,Furnished,,,Apartment,Resale,Ready to Move,20260821,20260820.0,,,4320,Mumbai,89245.0,Virar West,,N,Vinay Unique Gardens,N,,"[""19210|Chembur Monorail Station||89274|19248"", ""19210|Bolinj Naka Bus Stop||139184|19250"", ""19201|Westside - Grand Galleria Global City, Virar||164995|19239"", ""19202|Viva College||164993|19225"", ""19203|Sankalpa Hospital||154257|"", ""19203|Sahyadri Multcipility Hospital||154499|"", ""19206|Phoenix Marketcity Mall||89270|19239"", ""19206|Big Bazaar||147834|19239""]",19.47296,72.8008,"19.4638767047594,72.7822993572118",b,12201 12202 12203 12204 12205 12206 12207 12208 12209 12212 12213 12214 12215 12217 12218 12219 12220 12221 12222 12223 12224 12225 12226 12227 12228 12229 12230 1404115 1404117 1404118 1404121 1404123 1404124 1404126 1404131 1404143,12225 1404118 1404115 1404131 1404123 12215 12224 12229 12230 12220 1404124 12221 12223 12214 12217 12227 1404143,"Bar/Lounge,,,,,Air Conditioned,Banquet Hall,Jogging and Strolling Track,Outdoor Tennis Courts,Laundry Service,,Internet/Wi-Fi Connectivity,RO Water System,Service/Goods Lift,Intercom Facility,Conference Room,",F,False,,,,,,,"NA|null,P99000012052|-1",,2026-08-20T15:28:53.000Z,"Aug 20, '26",2024-10-24T18:30:00.000+00:00,2027-01-02T15:28:53.000Z,"Jan 02, '27",0,3.0,,Bachelors/Family,2BHK Multistorey Apartment for Resale in Vinay Unique Gardens at Virar West,,980.0,Virar West
198,Less than 5 years,4480000.0,44.8 Lac,4791.0,4480000.0,4880000.0,2,2,,673.0,Sq-ft,935.0,12800.0,13,15.0,13 of 15 Floor,Unfurnished,,,Apartment,Resale,Ready to Move,20260821,20260820.0,,,4320,Mumbai,80051.0,Virar,,N,Arkade Acropolis,N,,"[""19210|Sakinaka Metro Station|11 minutes|89296|19249"", ""19210|Railway Station||140626|19248"", ""19201|L&T Business Park||89286|19221"", ""19201|Infinity It Park||89470|19221"", ""19202|Viva College||164993|19225"", ""19202|Rashmi International School||89486|19227"", ""19206|R City Mall||89292|19239"", ""19206|DMart||147918|19239""]",19.1997337,72.8585866,"19.462194642857,72.8049130698568",b,12201 12202 12203 12204 12205 12206 12207 12208 12209 12211 12212 12213 12214 12215 12216 12217 12218 12219 12220 12221 12222 12223 12224 12225 12226 12227 12228 12229 12230 1404110 1404115 1404117 1404121 1404124 1404143,12225 1404115 12215 12224 12229 12230 12220 1404124 12221 12223 12214 12216 12217 12227 1404143,"Bar/Lounge,,Air Conditioned,Banquet Hall,Jogging and Strolling Track,Outdoor Tennis Courts,Laundry Service,,Internet/Wi-Fi Connectivity,RO Water System,Service/Goods Lift,Visitor Parking,Intercom Facility,Conference Room,",F,False,,,,,,,"NA|null,P51800004939|12/2022,P99000007415|08/2017",,2026-08-20T14:06:22.000Z,"Aug 20, '26",2024-10-24T18:30:00.000+00:00,2027-01-02T14:06:22.000Z,"Jan 02, '27",0,3.0,,Bachelors/Family,2BHK Multistorey Apartment for Resale in Arkade Acropolis at Virar,,935.0,Virar
199,Less than 5 years,5000000.0,50 Lac,5000.0,5000000.0,5400000.0,2,3,5.0,700.0,Sq-ft,1000.0,12800.0,1,8.0,1 of 8 Floor,Unfurnished,North,Garden/Park,Apartment,Resale,Ready to Move,20260814,20260814.0,,,4320,Mumbai,104910.0,Nalasopara West,,N,,Y,Fun Fiesta Multiplex,"[""19210|Nalasopara Police Station Bus Stop||167875|19250"", ""19210|Bhuigoan Police Station Bus Stop||167863|19250"", ""19203|Riddhi Vinayak, Multi Speciality Hospital||10548|19230"", ""19206|Sahakari Bhandar||84898|19239""]",19.42323112487793,72.80553436279297,"19.4129235749963,72.7885889890948",b,12202 12203 12209 12212 12213,,,F,False,,,,,Monthly,,,Freehold,2026-08-14T14:51:59.000Z,"Aug 14, '26",2026-04-22T18:30:00.000+00:00,2026-12-27T14:51:59.000Z,"Dec 27, '26",0,9.0,,Bachelors/Family,2BHK Multistorey Apartment for Resale in Nalasopara West,,1000.0,Nalasopara West
200,,4900000.0,49 Lac,,,,2,2,,550.0,Sq-ft,,,,,,Unfurnished,,,Apartment,New Property,Ready to Move,20260714,20260822.0,,,4320,Mumbai,89086.0,Palghar Naigaon East,,Y,Sunteck World,N,,"[""19210|Mira Road Railway Station||89372|19248"", ""19201|Infinity It Park||89364|19221"", ""19202|Vedant International High School||89378|19227"", ""19202|Universal College of Engineering Mumbai||164955|19225""]",19.3659556,72.8659626,"19.3489277756968,72.8750219955356",b,,,,F,False,1 Covered,Water Availability 24 Hours Available,No/Rare Powercut,,,,"NA|null,P99000024072|-1",,2026-08-22T17:36:39.000Z,Yesterday,2026-08-20T18:30:00.000+00:00,2026-10-21T17:36:39.000Z,"Oct 21, '26",0,,,Bachelors/Family,2BHK Multistorey Apartment for New Property in Sunteck World at Palghar Naigaon East,,,Palghar Naigaon East
201,5 to 10 years,5000000.0,50 Lac,4545.0,5000000.0,5400000.0,2,2,,850.0,Sq-ft,1100.0,12800.0,2,2.0,2 of 2 Floor,Furnished,,Main Road,Apartment,Resale,Ready to Move,20260702,20260702.0,,,4320,Mumbai,89245.0,Virar West,,N,,Y,,"[""19210|Bolinj Naka Bus Stop||139184|19250"", ""19210|Chembur Monorail Station||89274|19248"", ""19201|Westside - Grand Galleria Global City, Virar||164995|19239"", ""19202|Viva College||164993|19225"", ""19203|Sahyadri Multcipility Hospital||154499|"", ""19203|Sankalpa Hospital||154257|"", ""19206|Big Bazaar||147834|19239"", ""19206|Phoenix Marketcity Mall||89270|19239""]",0.0,0.0,"19.4638767047594,72.7822993572118",b,12208,,,F,False,1 Covered,Water Availability 24 Hours Available,No/Rare Powercut,850.0,Monthly,,,Freehold,2026-07-01T21:31:54.000Z,"Jul 02, '26",2024-12-05T18:30:00.000+00:00,2026-11-13T21:31:54.000Z,"Nov 14, '26",0,52.0,,Bachelors/Family,2BHK Multistorey Apartment for Resale in Virar West,,1100.0,Virar West
202,15 to 20 years,4200000.0,42 Lac,6158.0,3820000.0,4200000.0,2,1,1.0,,,682.0,12800.0,2,3.0,2 of 3 Floor,Unfurnished,,,Apartment,Resale,Ready to Move,20260508,20260508.0,,,4320,Mumbai,,,,N,,N,,,0.0,0.0,,b,,,,F,False,,,,,,,,,2026-05-08T03:22:45.000Z,"May 08, '26",2026-08-12T18:30:00.000+00:00,2026-09-20T03:22:45.000Z,"Sep 20, '26",0,107.0,,Bachelors/Family,2BHK Multistorey Apartment for Resale in ,,682.0,
203,,7300000.0,73 Lac,14429.0,6860000.0,7300000.0,2,2,,,,47.0,12801.0,2,19.0,2 of 19 Floor,Unfurnished,,,Apartment,Resale,Ready to Move,20260823,20260823.0,,,4320,Mumbai,,,,Y,,N,,,0.0,0.0,,b,,,,F,False,,,,,,,,,2026-08-22T21:31:25.000Z,Today,2025-11-10T18:30:00.000+00:00,2026-12-20T21:31:25.000Z,"Dec 21, '26",0,0.0,,Bachelors/Family,2BHK Multistorey Apartment for Resale in ,,506.0,
204,5 to 10 years,5500000.0,55 Lac,6250.0,5500000.0,5940000.0,2,1,,634.0,Sq-ft,880.0,12800.0,1,4.0,1 of 4 Floor,Unfurnished,,,Apartment,Resale,Ready to Move,20260822,20260821.0,,,4320,Mumbai,104180.0,Vasai East,,Y,Rashmi Divya Complex ,N,,"[""19210|Vasai (E) Bus Stop||167855|19250"", ""19210|Vasant Nagari Circle Bus Stop||167869|19250"", ""19201|Railway Mall, High Street Vasai||167867|19239"", ""19203|IASIS HOSPITAL||167871|19230"", ""19203|Platinum Hospital Vasai||167865|19230"", ""19206|Bhajanlal Dairy Farm||140782|19239""]",19.0603696,72.8976302,"19.39954,72.8604165",b,,,,F,False,,,,,,,,,2026-08-21T11:10:35.000Z,"Aug 21, '26",2024-10-25T18:30:00.000+00:00,2027-01-03T11:10:35.000Z,"Jan 03, '27",0,,,Bachelors/Family,2BHK Multistorey Apartment for Resale in Rashmi Divya Complex  at Vasai East,,880.0,Vasai East
205,New Construction,6500000.0,65 Lac,6500.0,6500000.0,7090000.0,2,2,,720.0,Sq-ft,1000.0,12800.0,1,4.0,1 of 4 Floor,Unfurnished,,,Apartment,Resale,Ready to Move,20260822,20260821.0,,,4320,Mumbai,80050.0,Vasai,,Y,Ameya Woods,N,,"[""19201|Range Office||139022|19221"", ""19201|Sureshwari It Park||89326|19221"", ""19203|Janseva Hospital||138740|19230"", ""19203|YOGYAM Multi-Speciality Hospital||167857|19230"", ""19206|Viva Swastik Mall||89386|19239"", ""19206|Sahakari Bhandar||84900|19239""]",18.9582347,72.8319514,"19.3914260104194,72.8285855834131",b,12202 12203 12208 12219 1404143,1404143,,F,False,,,,,,,"NA|null,P99000006892|06/2021",,2026-08-21T12:49:22.000Z,"Aug 21, '26",2024-10-25T18:30:00.000+00:00,2027-01-03T12:49:22.000Z,"Jan 03, '27",0,,,Bachelors/Family,2BHK Multistorey Apartment for Resale in Ameya Woods at Vasai,,1000.0,Vasai
206,Less than 5 years,7000000.0,70 Lac,7778.0,7000000.0,7630000.0,2,2,,648.0,Sq-ft,900.0,12800.0,4,4.0,4 of 4 Floor,Furnished,,,Apartment,Resale,Ready to Move,20260822,20260821.0,,,4320,Mumbai,78842.0,Bhayandar West,,Y,Annie Court CHS,N,,"[""19210|Bhayandar Police Station Bus Stop||167845|19250"", ""19210|Bhayandar Bus Stop||167841|19250"", ""19202|Ra Podar College||89360|19227"", ""19206|Big Bazaar||147844|19239"", ""19206|DMart||147914|19239""]",19.30436,72.85068,"19.302684296237,72.8274295067014",b,,,,F,False,,,,,,,,,2026-08-21T13:05:29.000Z,"Aug 21, '26",2024-10-25T18:30:00.000+00:00,2027-01-03T13:05:29.000Z,"Jan 03, '27",0,,,Bachelors/Family,2BHK Multistorey Apartment for Resale in Annie Court CHS at Bhayandar West,,900.0,Bhayandar West
207,Less than 5 years,8000000.0,80 Lac,9112.0,8000000.0,8720000.0,2,2,,632.0,Sq-ft,878.0,12800.0,4,18.0,4 of 18 Floor,Unfurnished,,,Apartment,Resale,Ready to Move,20260822,20260821.0,,,4320,Mumbai,78885.0,Mira Road,,Y,DB Ozone,N,,"[""19210|Mira Road Railway Station||140596|19248"", ""19210|Mira Road Railway Station||139198|19248"", ""19202|Shree L R Tiwari College of Engineering||161789|19225"", ""19202|Royal College||157187|"", ""19203|Sai Krupa Hospital||79718|19230"", ""19203|Bharat Ratna Indira Gandhi Hospital||154489|"", ""19206|Sahakari Bhandar||84896|19239"", ""19206|PVR Cinemas||139420|19239""]",19.261236,72.8748094,"19.2829267647424,72.8627883689306",b,12201 12202 12203 12204 12205 12206 12207 12208 12209 12211 12213 12214 12215 12216 12217 12218 12219 12220 12221 12222 12223 12224 12227 12228 12229 12230 1404105 1404106 1404107 1404108 1404109 1404110 1404111 1404112 1404113 1404114 1404115 1404116 1404117 1404118 1404120 1404121 1404123 1404124 1404125 1404126 1404127 1404128 1404129 1404130 1404131 1404143,1404129 1404127 1404114 1404118 1404108 1404115 1404128 1404131 1404123 12215 12224 12229 12230 1404112 1404109 1404116 12220 1404125 1404124 1404106 1404105 12221 12223 12214 12216 12217 12227 1404113 1404143,"Air Conditioned,Banquet Hall,Jogging and Strolling Track,Outdoor Tennis Courts,,,,Laundry Service,,,,,Internet/Wi-Fi Connectivity,RO Water System,Service/Goods Lift,Visitor Parking,Intercom Facility,Conference Room,,",F,False,,,,,,,"NA|null,P51700003433|-1",,2026-08-21T06:45:54.000Z,"Aug 21, '26",2024-10-25T18:30:00.000+00:00,2027-01-03T06:45:54.000Z,"Jan 03, '27",0,,,Bachelors/Family,2BHK Multistorey Apartment for Resale in DB Ozone at Mira Road Area,,878.0,Mira Road Area
208,Less than 5 years,7900000.0,79 Lac,8957.0,7900000.0,8530000.0,2,2,,635.0,Sq-ft,882.0,12800.0,6,21.0,6 of 21 Floor,Unfurnished,,,Apartment,Resale,Ready to Move,20260822,20260821.0,,,4320,Mumbai,78885.0,Mira Road,,Y,DB Ozone,N,,"[""19210|Mira Road Railway Station||140596|19248"", ""19210|Mira Road Railway Station||139198|19248"", ""19202|Shree L R Tiwari College of Engineering||161789|19225"", ""19202|Royal College||157187|"", ""19203|Bhakti Vedant Hospital||154429|"", ""19203|Dr Pravin Singh||154315|"", ""19206|PVR Cinemas||139420|19239"", ""19206|Sahakari Bhandar||84896|19239""]",19.261236,72.8748094,"19.2829267647424,72.8627883689306",b,12201 12202 12203 12204 12205 12206 12207 12208 12209 12211 12213 12214 12215 12216 12217 12218 12219 12220 12221 12222 12223 12224 12227 12228 12229 12230 1404105 1404106 1404107 1404108 1404109 1404110 1404111 1404112 1404113 1404114 1404115 1404116 1404117 1404118 1404120 1404121 1404123 1404124 1404125 1404126 1404127 1404128 1404129 1404130 1404131 1404143,1404129 1404127 1404114 1404118 1404108 1404115 1404128 1404131 1404123 12215 12224 12229 12230 1404112 1404109 1404116 12220 1404125 1404124 1404106 1404105 12221 12223 12214 12216 12217 12227 1404113 1404143,"Air Conditioned,Banquet Hall,Jogging and Strolling Track,Outdoor Tennis Courts,,,,Laundry Service,,,,,Internet/Wi-Fi Connectivity,RO Water System,Service/Goods Lift,Visitor Parking,Intercom Facility,Conference Room,,",F,False,,,,,,,"NA|null,P51700003433|-1",,2026-08-21T06:45:50.000Z,"Aug 21, '26",2024-10-25T18:30:00.000+00:00,2027-01-03T06:45:50.000Z,"Jan 03, '27",0,,,Bachelors/Family,2BHK Multistorey Apartment for Resale in DB Ozone at Mira Road Area,,882.0,Mira Road Area
209,5 to 10 years,6500000.0,65 Lac,7104.0,6500000.0,7020000.0,2,2,,659.0,Sq-ft,915.0,12800.0,5,7.0,5 of 7 Floor,Unfurnished,,,Apartment,Resale,Ready to Move,20260821,20260821.0,,,4320,Mumbai,80051.0,Virar,,Y,Viva Vrindavan Township,N,,"[""19210|Sakinaka Metro Station|6 minutes|89296|19249"", ""19210|Kopri Naka||140408|19250"", ""19201|Infinity It Park||89470|19221"", ""19201|Boomerang||89288|19221"", ""19202|Vidya Vikasini School||89544|19227"", ""19202|Skc School||89542|19227"", ""19206|DMart||147918|19239"", ""19206|Phoenix Marketcity Mall||89270|19239""]",19.0511466,72.8676486,"19.462194642857,72.8049130698568",b,12201 12202 12203 12204 12205 12206 12207 12208 12209 12211 12216 12218 12222 1404115 1404117 1404118 1404121 1404126 1404127 1404128,1404127 1404118 1404115 1404128 12216,Visitor Parking,F,False,,,,,,,,,2026-08-20T18:41:45.000Z,"Aug 21, '26",2024-10-25T18:30:00.000+00:00,2026-10-20T18:41:49.000Z,"Oct 21, '26",0,,,Bachelors/Family,2BHK Multistorey Apartment for Resale in Viva Vrindavan Township at Virar,,915.0,Virar
210,,5610000.0,56.1 Lac,5500.0,5610000.0,6060000.0,2,2,,734.0,Sq-ft,1020.0,12800.0,14,18.0,14 of 18 Floor,Unfurnished,,,Apartment,Resale,Under Construction,20260822,20260821.0,,,4320,Mumbai,124229.0,,,Y,Mariyam Heritage,N,,"[""19203|Medi Prime Speciality Hospital||154121|"", ""19203|Platinum Hospital Vasai||167865|19230""]",19.4206345,72.8652097,"19.414152,72.864301",b,12201 12202 12208 12209,,,F,False,,,,,,,"NA|null,P99000025618|-1",,2026-08-21T17:38:32.000Z,"Aug 21, '26",2024-10-25T18:30:00.000+00:00,2026-10-21T17:38:36.000Z,"Oct 21, '26",0,,,Bachelors/Family,2BHK Multistorey Apartment for Resale in Mariyam Heritage at Golani Naka,,1020.0,Golani Naka
211,,5610000.0,56.1 Lac,5500.0,5610000.0,6110000.0,2,2,,734.0,Sq-ft,1020.0,12800.0,9,18.0,9 of 18 Floor,Unfurnished,,,Apartment,Resale,Under Construction,20260822,20260821.0,,,4320,Mumbai,124965.0,,,Y,Mariyam Heritage,N,,,19.4206345,72.8652097,"19.421961185771,72.8677938353084",b,12201 12202 12208 12209,,,F,False,,,,,,,"NA|null,P99000025618|-1",,2026-08-21T17:38:14.000Z,"Aug 21, '26",2024-10-25T18:30:00.000+00:00,2026-10-21T17:38:17.000Z,"Oct 21, '26",0,,,Bachelors/Family,2BHK Multistorey Apartment for Resale in Mariyam Heritage at Dhumal Nagar,,1020.0,Dhumal Nagar
212,,7500000.0,75 Lac,11538.0,6830000.0,7500000.0,2,2,,,,650.0,12800.0,1,2.0,1 of 2 Floor,Semi-Furnished,,,Residential House,Resale,Ready to Move,20260818,20260818.0,,,4320,Mumbai,78907.0,Vikhroli West,,Y,,N,,"[""19210|Vikhroli Station Road (W) Bus Stop||161861|19250"", ""19201|Godrej And Boyce Industry Estate||87232|19221"", ""19202|Kendriya Vidyalaya Bhandup||146588|19227"", ""19203|Vidya Narsing Home||154103|"", ""19203|PRK Hospital||154105|"", ""19206|R City Mall||87240|19239""]",0.0,0.0,"19.1137179954172,72.9215428733798",b,,,,F,False,,,,,,,,,2026-08-18T15:34:33.000Z,"Aug 18, '26",2025-11-25T18:30:00.000+00:00,2026-12-31T15:34:33.000Z,"Dec 31, '26",0,5.0,,Bachelors/Family,2BHK Residential House for Resale in Vikhroli West,,650.0,Vikhroli West
213,,6400000.0,64 Lac,8000.0,6400000.0,6910000.0,2,2,3.0,560.0,Sq-ft,800.0,12800.0,12,30.0,12 of 30 Floor,Unfurnished,,"Pool, Main Road",Apartment,Resale,Ready to Move,20260819,20260819.0,,,4320,Mumbai,,,,N,,Y,,,0.0,0.0,,b,12201 12202 12203 12204 12205 12206 12208 12209 12211 12212 12213 12214 12217 12218 12219 12221 12223 12224 12225 12226 12228 12229,12225 12224 12229 12221 12223 12214 12217,"Bar/Lounge,Banquet Hall,Jogging and Strolling Track,Internet/Wi-Fi Connectivity,RO Water System,Service/Goods Lift,Intercom Facility",F,False,,,,,,,,Freehold,2026-08-19T15:33:27.000Z,"Aug 19, '26",2025-08-13T18:30:00.000+00:00,2027-01-01T15:33:27.000Z,"Jan 01, '27",0,4.0,,Bachelors/Family,2BHK Multistorey Apartment for Resale in ,,800.0,
214,5 to 10 years,5600000.0,56 Lac,5833.0,5100000.0,5600000.0,2,2,2.0,640.0,Sq-ft,960.0,12800.0,3,3.0,3 of 3 Floor,Semi-Furnished,East,"Garden/Park, Pool, Main Road",Apartment,Resale,Ready to Move,20260819,20260819.0,,,4320,Mumbai,,,,N,,Y,,,19.27780532836914,72.87374877929688,,b,12201 12202 12203 12204 12205 12207 12208 12209 12212 12213 12218 12219 12221 12229,12229 12221,"Jogging and Strolling Track,Internet/Wi-Fi Connectivity",F,False,,,,,,,,,2026-08-19T15:33:06.000Z,"Aug 19, '26",2026-04-22T18:30:00.000+00:00,2027-01-01T15:33:06.000Z,"Jan 01, '27",0,4.0,,Bachelors/Family,2BHK Multistorey Apartment for Resale in ,,960.0,
215,Less than 5 years,8000000.0,80 Lac,10000.0,8000000.0,8640000.0,2,2,,576.0,Sq-ft,800.0,12800.0,1,7.0,1 of 7 Floor,Semi-Furnished,,,Apartment,Resale,Ready to Move,20260821,20260820.0,,,4320,Mumbai,78885.0,Mira Road,,N,Marigold 3,N,,"[""19210|Mira Road Railway Station||140596|19248"", ""19210|Mira Road Railway Station||139198|19248"", ""19202|Shree L R Tiwari College of Engineering||161789|19225"", ""19202|Royal College||157187|"", ""19203|Bharat Ratna Indira Gandhi Hospital||154489|"", ""19203|Dr Pravin Singh||154315|"", ""19206|Sahakari Bhandar||84896|19239"", ""19206|D Mart, Hatkesh Udhog Nagar||140992|19239""]",19.1475788,72.8310077,"19.2829267647424,72.8627883689306",b,,,,F,False,,,,,,,,,2026-08-20T16:47:40.000Z,"Aug 20, '26",2024-10-24T18:30:00.000+00:00,2026-10-20T16:47:43.000Z,"Oct 20, '26",0,3.0,,Bachelors/Family,2BHK Multistorey Apartment for Resale in Marigold 3 at Mira Road Area,,800.0,Mira Road Area
216,5 to 10 years,7500000.0,75 Lac,7653.0,7500000.0,8100000.0,2,2,,706.0,Sq-ft,980.0,12800.0,4,5.0,4 of 5 Floor,Semi-Furnished,,,Apartment,Resale,Ready to Move,20260821,20260820.0,,,4320,Mumbai,78885.0,Mira Road,,N,Grishma Enclave Chs,N,,"[""19210|Mira Road Railway Station||140596|19248"", ""19210|Mira Road Railway Station||139198|19248"", ""19202|Royal College||157187|"", ""19202|Shree L R Tiwari College of Engineering||161789|19225"", ""19203|Dr Pravin Singh||154315|"", ""19203|Bharat Ratna Indira Gandhi Hospital||154489|"", ""19206|PVR Cinemas||139420|19239"", ""19206|D Mart, Hatkesh Udhog Nagar||140992|19239""]",19.2873698,72.8798558,"19.2829267647424,72.8627883689306",b,,,,F,False,,,,,,,,,2026-08-20T16:46:49.000Z,"Aug 20, '26",2024-10-24T18:30:00.000+00:00,2026-10-20T16:46:52.000Z,"Oct 20, '26",0,3.0,,Bachelors/Family,2BHK Multistorey Apartment for Resale in Grishma Enclave Chs at Mira Road Area,,980.0,Mira Road Area
217,Less than 5 years,6500000.0,65 Lac,11092.0,6500000.0,7090000.0,2,2,,422.0,Sq-ft,586.0,12800.0,5,8.0,5 of 8 Floor,Furnished,,,Apartment,Resale,Ready to Move,20260821,20260820.0,,,4320,Mumbai,78885.0,Mira Road,,N,RNA Broadway Avenue,N,,"[""19210|Mira Road Railway Station||139198|19248"", ""19210|Mira Road Railway Station||140596|19248"", ""19202|Shree L R Tiwari College of Engineering||161789|19225"", ""19202|Royal College||157187|"", ""19203|Bhakti Vedant Hospital||154429|"", ""19203|Bharat Ratna Indira Gandhi Hospital||154489|"", ""19206|D Mart, Hatkesh Udhog Nagar||140992|19239"", ""19206|Sahakari Bhandar||84896|19239""]",19.27856,72.87066,"19.2829267647424,72.8627883689306",b,12201 12202 12203 12204 12205 12206 12208 12209 12211 12213 12216 12221 12228 1404115 1404121 1404131 1404143,1404115 1404131 12221 12216 1404143,"Internet/Wi-Fi Connectivity,Visitor Parking,",F,False,,,,,,,,,2026-08-20T15:54:25.000Z,"Aug 20, '26",2024-10-24T18:30:00.000+00:00,2027-01-02T15:54:25.000Z,"Jan 02, '27",0,3.0,,Bachelors/Family,2BHK Multistorey Apartment for Resale in RNA Broadway Avenue at Mira Road Area,,586.0,Mira Road Area
218,,6000000.0,60 Lac,6316.0,6000000.0,6540000.0,2,2,,684.0,Sq-ft,950.0,12800.0,6,22.0,6 of 22 Floor,Unfurnished,,,Apartment,Resale,Under Construction,20260820,20260820.0,,,4320,Mumbai,89245.0,Virar West,,N,Mayfair Virar Gardens,N,,"[""19210|Bolinj Naka Bus Stop||139184|19250"", ""19210|Chembur Monorail Station||89274|19248"", ""19201|Westside - Grand Galleria Global City, Virar||164995|19239"", ""19202|Viva College||164993|19225"", ""19203|Sahyadri Multcipility Hospital||154499|"", ""19203|Sankalpa Hospital||154257|"", ""19206|Phoenix Marketcity Mall||89270|19239"", ""19206|Big Bazaar||147834|19239""]",19.44385,72.80022,"19.4638767047594,72.7822993572118",b,12201 12202 12204 12205 12206 12207 12208 12209 12211 12224 12228 12530 12581 1404117 1404124 1404125 1404143 1404152,1404152 12581 12224 1404125 1404124 12530 1404143,"Kids play area,Banquet Hall,,,Earth quake resistant,",F,False,,,,,,,"NA|null,P99000028348|-1",,2026-08-20T10:53:27.000Z,"Aug 20, '26",2024-10-24T18:30:00.000+00:00,2026-10-20T10:53:28.000Z,"Oct 20, '26",0,,,Bachelors/Family,2BHK Multistorey Apartment for Resale in Mayfair Virar Gardens at Virar West,,950.0,Virar West
219,15 to 20 years,8000000.0,80 Lac,10667.0,7520000.0,8000000.0,2,1,1.0,574.0,Sq-ft,750.0,12800.0,2,7.0,2 of 7 Floor,Semi-Furnished,East,Garden/Park,Apartment,Resale,Ready to Move,20260819,20260819.0,,,4320,Mumbai,109778.0,,,Y,,N,Honda Showroom,"[""19210|Mira Road Railway Station||139198|19248"", ""19210|Mirabhayander Road Bus Stop||167825|19250"", ""19201|Singapore Plaza||167833|19239"", ""19201|Market Point||167839|19239"", ""19202|St. John Technical Education Campus||89628|19227"", ""19202|U S Ostwal English Academy||157109|"", ""19203|Deepak Hospital||154207|"", ""19203|Padmakar Mhatre Hospital||154313|"", ""19206|DMart||147932|19239"", ""19206|PVR Cinemas||139420|19239""]",19.27754592895508,72.85743713378906,"19.282975,72.873618",b,12202 12203 12207 12208 12209 12211 12212 12213 12216 12218 12222 12228 12235,12235 12216,"Wrap Around Balcony,Visitor Parking",F,False,1 Open,Water Availability 1 Hour Available,No/Rare Powercut,1000.0,Monthly,"Ceramic Tiles,Marble,Granite",,Freehold,2026-08-18T23:46:01.000Z,"Aug 19, '26",2026-07-10T18:30:00.000+00:00,2026-12-16T23:46:01.000Z,"Dec 17, '26",0,4.0,Y,Bachelors/Family,2BHK Multistorey Apartment for Resale in Mira Road East,,750.0,Mira Road East
220,10 to 15 years,7700000.0,77 Lac,7700.0,7080000.0,7700000.0,2,2,3.0,740.0,Sq-ft,1000.0,12800.0,3,14.0,3 of 14 Floor,Furnished,West,"Garden/Park, Main Road",Apartment,Resale,Ready to Move,20260814,20260814.0,,,4320,Mumbai,84441.0,Nala Sopara,,Y,Reliable Prestige,N,IDBI Bank,"[""19210|Tulinj Police Station Bus Stop||167877|19250"", ""19210|Nalasopara Railway Station||89524|19248"", ""19201|St. Anthony's High School Nagindas||139302|19227"", ""19202|St Augasthi High School||157077|"", ""19203|Dr Yadav Hospital Vinavaka Hospital||154219|"", ""19203|Alliance Hospital||154221|"", ""19206|Om Plaza Commercial Complex||140432|19239"", ""19206|Tania Horizon Mall||89514|19239""]",19.41518,72.82493,"19.4196344986519,72.8081166617887",b,12201 12202 12206 12208 12209 12211 12213 12215 12216 12218 12222 12224,12215 12224 12216,"Air Conditioned,Banquet Hall,Visitor Parking",F,False,1 Open,Water Availability 2 Hours Available,No/Rare Powercut,0.0,Monthly,Ceramic Tiles,,Co-operative Society,2026-08-13T23:51:07.000Z,"Aug 14, '26",2026-08-14T18:30:00.000+00:00,2026-12-11T23:51:07.000Z,"Dec 12, '26",0,8.0,Y,Bachelors/Family,2BHK Multistorey Apartment for Resale in Reliable Prestige at Nala Sopara,,1000.0,Nala Sopara
221,,7770000.0,77.7 Lac,,,,2,2,,645.0,Sq-ft,,,,,,Unfurnished,,,Apartment,New Property,Ready to Move,20251023,20260822.0,,,4320,Mumbai,80051.0,Virar,,Y,Shapoorji Pallonji Joyville Virar,N,,"[""19210|Sakinaka Metro Station||89296|19249"", ""19210|Bolinj Naka Bus Stop||139184|19250"", ""19201|Westside - Grand Galleria Global City, Virar||164995|19239"", ""19201|Infinity It Park||89536|19221"", ""19202|Bombay Scottish School, Powai||89304|19227"", ""19202|Rashmi International School||89486|19227"", ""19206|DMart||147918|19239"", ""19206|Big Bazaar||147834|19239""]",19.4387162,72.7927352999999,"19.462194642857,72.8049130698568",b,,,,F,False,,,,,,,"NA|null,P51900000444|-1,P99000013612|-1,P99000018521|-1,P99000019531|-1,P99000019538|-1,P99000031256|-1",,2026-08-22T17:36:39.000Z,Yesterday,2026-02-09T18:30:00.000+00:00,2026-10-21T17:36:39.000Z,"Oct 21, '26",0,,,Bachelors/Family,2BHK Multistorey Apartment for New Property in Shapoorji Pallonji Joyville Virar at Virar,,,Virar
222,Less than 5 years,5900000.0,59 Lac,6020.0,5900000.0,6370000.0,2,2,3.0,,,980.0,12800.0,2,9.0,2 of 9 Floor,Semi-Furnished,West,"Garden/Park, Main Road",Apartment,Resale,Ready to Move,20260701,,,,4320,Mumbai,84441.0,Nala Sopara,,N,Sky Heights,Y,,"[""19210|Nalasopara Railway Station||89524|19248"", ""19210|Tulinj Police Station Bus Stop||167877|19250"", ""19201|St. Anthony's High School Nagindas||139302|19227"", ""19202|St Augasthi High School||157077|"", ""19203|Alliance Hospital||154221|"", ""19203|Riddhi Vinayak, Multi Speciality Hospital||10548|19230"", ""19206|Sahakari Bhandar||84898|19239"", ""19206|Tania Horizon Mall||89514|19239""]",19.42351187,72.80639413,"19.4196344986519,72.8081166617887",b,12201 12202 12203 12207 12209 12214 12217 12218 12219 12228 12229,12229 12214 12217,"Jogging and Strolling Track,Service/Goods Lift,Intercom Facility",F,False,,,,,,,"NA|null,P99000003527|-1",Freehold,2026-06-14T10:38:30.000Z,"Jun 14, '26",2026-08-20T18:30:00.000+00:00,2026-10-26T18:30:00.000Z,"Oct 27, '26",0,3.0,,Bachelors/Family,2BHK Multistorey Apartment for Resale in Sky Heights at Nala Sopara,,980.0,Nala Sopara
223,5 to 10 years,7600000.0,76 Lac,7638.0,7600000.0,8280000.0,2,2,2.0,,,995.0,12800.0,3,7.0,3 of 7 Floor,Unfurnished,North - East,Garden/Park,Apartment,Resale,Ready to Move,20260602,20260602.0,,,4320,Mumbai,80050.0,Vasai,,N,Veena Velocity,Y,,"[""19201|Range Office||139022|19221"", ""19201|Sureshwari It Park||89326|19221"", ""19203|YOGYAM Multi-Speciality Hospital||167857|19230"", ""19203|Janseva Hospital||138740|19230"", ""19206|Bhajanlal Dairy Farm||140782|19239"", ""19206|Sahakari Bhandar||84900|19239""]",18.9582347,72.8319514,"19.3914260104194,72.8285855834131",b,12201 12202 12207 12209 12213 12214 12217 12218 12223 12229,12229 12223 12214 12217,"Jogging and Strolling Track,RO Water System,Service/Goods Lift,Intercom Facility",F,False,,,,,,,"NA|null,P99000014147|03/2019",Co-operative Society,2026-06-01T21:32:14.000Z,"Jun 02, '26",2026-06-03T18:30:00.000+00:00,2026-10-14T21:32:14.000Z,"Oct 15, '26",0,48.0,,Bachelors/Family,2BHK Multistorey Apartment for Resale in Veena Velocity at Vasai,,995.0,Vasai
224,5 to 10 years,6500000.0,65 Lac,5909.0,6500000.0,7020000.0,2,2,4.0,750.0,Sq-ft,1100.0,12800.0,7,7.0,7 of 7 Floor,Semi-Furnished,West,Garden/Park,Apartment,Resale,Ready to Move,20260718,20260718.0,,,4320,Mumbai,104180.0,Vasai East,,N,NG Shree Ram Van,Y,Evershine city last stop,"[""19210|Vasai (E) Bus Stop||167855|19250"", ""19210|Vasant Nagari Circle Bus Stop||167869|19250"", ""19201|Railway Mall, High Street Vasai||167867|19239"", ""19203|Platinum Hospital Vasai||167865|19230"", ""19203|IASIS HOSPITAL||167871|19230"", ""19206|Bhajanlal Dairy Farm||140782|19239""]",18.9582347,72.8319514,"19.39954,72.8604165",b,12201 12202 12203 12207 12209 12219 12228,,,F,False,,,,,,,"NA|null,P99000000747|12/2019,P99000016813|03/2020",Freehold,2026-07-17T21:31:13.000Z,"Jul 18, '26",2026-04-07T18:30:00.000+00:00,2026-11-29T21:31:13.000Z,"Nov 30, '26",0,36.0,,Bachelors/Family,2BHK Multistorey Apartment for Resale in NG Shree Ram Van at Vasai East,Study,1100.0,Vasai East
225,5 to 10 years,6000000.0,60 Lac,6192.0,6000000.0,6480000.0,2,2,4.0,665.0,Sq-ft,969.0,12800.0,7,7.0,7 of 7 Floor,Unfurnished,East,"Garden/Park, Pool, Main Road",Apartment,Resale,Ready to Move,20260720,20260719.0,,,4320,Mumbai,,,,N,,Y,Navare Nagar.,,0.0,0.0,,b,12201 12202 12203 12204 12205 12206 12207 12208 12209 12217 12218 12219 12222 12228 12229,12229 12217,"Jogging and Strolling Track,Intercom Facility",F,False,,,,,,,,Freehold,2026-07-19T18:26:02.000Z,"Jul 19, '26",2026-03-07T18:30:00.000+00:00,2026-12-01T18:26:02.000Z,"Dec 01, '26",0,35.0,,Bachelors/Family,2BHK Multistorey Apartment for Resale in ,,969.0,
226,Above 20 years,7500000.0,75 Lac,13889.0,7500000.0,8100000.0,2,1,,300.0,Sq-ft,540.0,12800.0,3,3.0,3 of 3 Floor,Semi-Furnished,East,Main Road,Apartment,Resale,Ready to Move,20260806,20260806.0,,,4320,Mumbai,78841.0,Bhayandar East,,Y,Ostwal Park,N,Jain Mandir,"[""19210|New Golden Nest Bus Stop||139850|19250"", ""19210|Bhayander Railway Station||10896|19248"", ""19202|Abhinav College||161615|19225"", ""19202|Seven Square Academy||146236|19227"", ""19203|Indralok Multispeciality Hospital||161619|19230""]",19.3135,72.85464,"19.3096844760714,72.8623193046283",b,12208 12209 12211 12213 12216 12218 12221 12222 12228,12221 12216,"Internet/Wi-Fi Connectivity,Visitor Parking",F,False,1 Open,Water Availability 1 Hour Available,No/Rare Powercut,0.0,Monthly,Ceramic Tiles,,Co-operative Society,2026-08-05T23:31:56.000Z,"Aug 06, '26",2026-07-06T18:30:00.000+00:00,2026-12-03T23:31:56.000Z,"Dec 04, '26",0,17.0,Y,Bachelors/Family,2BHK Multistorey Apartment for Resale in Ostwal Park at Bhayandar East,,540.0,Bhayandar East
227,New Construction,5000000.0,50 Lac,6061.0,5000000.0,5400000.0,2,2,3.0,,,825.0,12800.0,3,14.0,3 of 14 Floor,Furnished,,"Garden/Park, Pool, Main Road",Apartment,Resale,Ready to Move,20260812,20260705.0,,,4320,Mumbai,84441.0,Nala Sopara,,N,Ayan Residency,N,,"[""19210|Nalasopara Railway Station||89524|19248"", ""19210|Tulinj Police Station Bus Stop||167877|19250"", ""19201|St. Anthony's High School Nagindas||139302|19227"", ""19202|St Augasthi High School||157077|"", ""19203|Alliance Hospital||154221|"", ""19203|Dr Yadav Hospital Vinavaka Hospital||154219|"", ""19206|Tania Horizon Mall||89514|19239"", ""19206|Sahakari Bhandar||84898|19239""]",18.9582347,72.8319514,"19.4196344986519,72.8081166617887",b,,,,F,False,1 Covered,Water Availability 24 Hours Available,Less Than 2 Hour Powercut,,Monthly,"Vitrified,Ceramic Tiles","NA|null,P99000006966|-1",Freehold,2026-07-05T11:39:50.000Z,"Jul 05, '26",2026-08-10T18:30:00.000+00:00,2026-11-16T18:30:00.000Z,"Nov 17, '26",0,12.0,,Bachelors/Family,2BHK Multistorey Apartment for Resale in Ayan Residency at Nala Sopara,,825.0,Nala Sopara
228,5 to 10 years,11100000.0,1.11 Cr,13875.0,11100000.0,12000000.0,2,2,3.0,609.0,Sq-ft,800.0,12800.0,18,22.0,18 of 22 Floor,Semi-Furnished,,,Apartment,Resale,Ready to Move,20260821,,,,4320,Mumbai,108379.0,,,Y,SKD Pinnacolo,N,,"[""19201|Market Point||167839|19239"", ""19202|RBK School||156993|"", ""19203|Karuna||154117|""]",18.9582347,72.8319514,"19.295256624119,72.871489861401",b,,,,F,False,,,,,,,"NA|null,P51700008205|-1",,2026-08-21T08:43:05.000Z,"Aug 21, '26",2026-08-20T18:30:00.000+00:00,2027-01-03T08:43:05.000Z,"Jan 03, '27",0,2.0,,Bachelors/Family,2BHK Multistorey Apartment for Resale in SKD Pinnacolo at Beverly Park,,800.0,Beverly Park
229,5 to 10 years,10000000.0,1 Cr,5000.0,10000000.0,11000000.0,2,2,,1050.0,Sq-ft,2000.0,12800.0,,,,Unfurnished,,,Villa,Resale,Ready to Move,20260823,20260823.0,,,4320,Mumbai,,,,Y,,Y,,,0.0,0.0,,b,,,,F,False,,,,,,,,,2026-08-22T21:31:25.000Z,Today,,2026-12-20T21:31:25.000Z,"Dec 21, '26",0,0.0,,Bachelors/Family,2BHK Villa for Resale in ,,2000.0,
230,Less than 5 years,12000000.0,1.20 Cr,18462.0,12000000.0,13000000.0,2,2,,468.0,Sq-ft,650.0,12800.0,5,12.0,5 of 12 Floor,Unfurnished,,,Apartment,Resale,Ready to Move,20260822,20260822.0,,,4320,Mumbai,78847.0,Chembur,,Y,Laxmi Deep CHS,N,,"[""19210|Ashok Nagar Bus Stop||161639|19250"", ""19210|Chembur Camp Bus Stop||140876|19250"", ""19201|Shivalaya Shopping Centre||167579|19239"", ""19201|India Bulls Finance Centre||88688|19221"", ""19202|Mumbai Public School.||157213|"", ""19202|General Education Academy||146838|19227"", ""19203|Surana Sethia Hospital||154471|"", ""19203|SRV Hospitals - Chembur||167585|19230"", ""19206|R City Mallphoenix Marketcity||88062|19239"", ""19206|Phoenix Marketcity Mall||87908|19239""]",19.06771,72.89594,"19.0459181155422,72.8975231581492",b,,,,F,False,,,,,,,,,2026-08-21T19:46:17.000Z,Yesterday,2024-10-26T18:30:00.000+00:00,2026-10-21T19:46:18.000Z,"Oct 22, '26",0,,,Bachelors/Family,2BHK Multistorey Apartment for Resale in Laxmi Deep CHS at Chembur,,650.0,Chembur
231,Less than 5 years,9500000.0,95 Lac,8945.0,9500000.0,10260000.0,2,6,,765.0,Sq-ft,1062.0,12800.0,17,25.0,17 of 25 Floor,Unfurnished,,,Apartment,Resale,Ready to Move,20260822,20260822.0,,,4320,Mumbai,109778.0,,,Y,JP North Barcelona,N,,"[""19210|Mira Road Railway Station||139198|19248"", ""19210|Palghar Railway Station||89624|19248"", ""19201|Infinity It Park||89622|19221"", ""19201|Market Point||167839|19239"", ""19202|Royal College||157187|"", ""19202|Seven Square Academy||157065|"", ""19203|Hadsekar Hospital||154301|"", ""19203|Deepak Hospital||154207|"", ""19206|DMart||147932|19239"", ""19206|Kuber Shopping Centre||89616|19239""]",18.9582347,72.8319514,"19.282975,72.873618",b,12201 12202 12203 12204 12205 12206 12207 12208 12209 12211 12213 12214 12215 12216 12217 12218 12219 12220 12221 12222 12223 12224 12226 12227 12228 12229 12230 12233 12234 12235 12236 12237 12238 12239 12524 12527 12528 12532 12533 12537 12538 12539 12556 12557 12558 12560 12561 12562 1404121 1404155,12560 12561 12234 12527 12562 12528 12236 12235 12239 12556 12532 12557 12237 12558 12538 12539 12533 12524 12238 12215 12224 12229 12230 12537 12220 12221 12223 12214 12216 12217 12227 12233,"Water Front,Hilltop,Skyline View,Sea facing,Smart Home,Skydeck,Island Kitchen Layout,Wrap Around Balcony,Concierge Services,Fireplace,Theme based Architectures,Wine Cellar,Full Glass Wall,Sky Villa,Fingerprint Access,Grand Entrance lobby,Health club with Steam / Jaccuzi,Golf Course,House help accommodation,Air Conditioned,Banquet Hall,Jogging and Strolling Track,Outdoor Tennis Courts,Large Open space,Laundry Service,Internet/Wi-Fi Connectivity,RO Water System,Service/Goods Lift,Visitor Parking,Intercom Facility,Conference Room,Downtown",F,False,,,,,,," P51700020082|12/2025,NA|null,P51700028384|-1",,2026-08-21T19:38:51.000Z,Yesterday,2024-10-26T18:30:00.000+00:00,2026-10-21T19:38:51.000Z,"Oct 22, '26",0,,,Bachelors/Family,2BHK Multistorey Apartment for Resale in JP North Barcelona at Mira Road East,,1062.0,Mira Road East
232,,10600000.0,1.06 Cr,25359.0,10600000.0,11400000.0,2,3,,301.0,Sq-ft,418.0,12800.0,12,46.0,12 of 46 Floor,Unfurnished,,,Apartment,Resale,Under Construction,20260822,20260822.0,,,4320,Mumbai,78843.0,Borivali East,,Y,Chandak Codename GreenBiz,N,,"[""19210|Magathane Metro Station|29 minutes|167759|19249"", ""19210|Borivali Nancy Bus Stop||161623|19250"", ""19201|KANAIYA SUPER MARKET||161627|19239"", ""19201|Infinity It Park||87336|19221"", ""19202|St Lawrence High School||88038|19227"", ""19202|Universal High School||157209|"", ""19203|Apex Multispeciality Hospitals||10524|19230"", ""19203|Ellait Hospital||74872|19230"", ""19206|Thakur Mall Kandivali||87340|19239"", ""19206|The Zone Mall||88028|19239""]",18.9582347,72.8319514,"19.2272619069866,72.8634397272398",b,12211 12215 12523 12534 12545 12546 12581,12581 12215 12523 12534 12546,"Kids play area,Air Conditioned,Mini Cinema Theatre,Located in the Heart of city,Guest lobby in each floor",F,False,,,,,,,"NA|null,P51800035093|06/2028",,2026-08-21T20:01:59.000Z,Yesterday,2024-10-26T18:30:00.000+00:00,2026-10-21T20:02:00.000Z,"Oct 22, '26",0,,,Bachelors/Family,2BHK Multistorey Apartment for Resale in Chandak Codename GreenBiz at Borivali East,,418.0,Borivali East
233,5 to 10 years,11000000.0,1.10 Cr,14667.0,11000000.0,12100000.0,2,2,3.0,540.0,Sq-ft,750.0,12800.0,15,23.0,15 of 23 Floor,Semi-Furnished,East,Main Road,Apartment,Resale,Ready to Move,20260822,20260822.0,,,4320,Mumbai,108096.0,,,Y,,N,Podar International School,"[""19210|Mira Road Railway Station||89558|19248"", ""19201|Mira Road Midc||89546|19221"", ""19202|Rassaz Icse And International School||89568|19227"", ""19202|Rbk School||89566|19227"", ""19203|Adcare||153837|""]",19.27754211425781,72.85738372802734,"19.2801994577438,72.8818023164363",b,12201 12202 12203 12204 12205 12206 12207 12208 12209 12211 12213 12214 12216 12217 12218 12219 12221 12222 12224 12229,12224 12229 12221 12214 12216 12217,"Banquet Hall,Jogging and Strolling Track,Internet/Wi-Fi Connectivity,Service/Goods Lift,Visitor Parking,Intercom Facility",F,False,2 Covered,Water Availability 24 Hours Available,No/Rare Powercut,0.0,Monthly,Vitrified,,Freehold,2026-08-21T23:31:10.000Z,Yesterday,2026-06-02T18:30:00.000+00:00,2026-12-19T23:31:10.000Z,"Dec 20, '26",0,1.0,Y,Bachelors/Family,2BHK Multistorey Apartment for Resale in Vinay Nagar,,750.0,Vinay Nagar
234,Less than 5 years,9000000.0,90 Lac,9009.0,9000000.0,9720000.0,2,2,,719.0,Sq-ft,999.0,12800.0,13,13.0,13 of 13 Floor,Furnished,,,Apartment,Resale,Ready to Move,20260822,20260821.0,,,4320,Mumbai,78885.0,Mira Road,,Y,NG Silver Spring,N,,"[""19210|Mira Road Railway Station||140596|19248"", ""19210|Mira Road Railway Station||139198|19248"", ""19202|Royal College||157187|"", ""19202|Shree L R Tiwari College of Engineering||161789|19225"", ""19203|Bharat Ratna Indira Gandhi Hospital||154489|"", ""19203|Sai Krupa Hospital||79718|19230"", ""19206|PVR Cinemas||139420|19239"", ""19206|Sahakari Bhandar||84896|19239""]",19.2960281,72.8675173,"19.2829267647424,72.8627883689306",b,12201 12202 12203 12204 12205 12206 12207 12208 12209 12211 12213 12214 12215 12216 12217 12218 12219 12220 12222 12223 12228 12229 12230 12538 12556 1404105 1404110 1404115 1404117 1404120 1404121 1404124 1404129 1404143,12556 12538 1404129 1404115 12215 12229 12230 12220 1404124 1404105 12223 12214 12216 12217 1404143,"Fireplace,Fingerprint Access,,,Air Conditioned,Jogging and Strolling Track,Outdoor Tennis Courts,Laundry Service,,,RO Water System,Service/Goods Lift,Visitor Parking,Intercom Facility,",F,False,,,,,,,"NA|null,P51700000009|12/2018",,2026-08-21T11:16:54.000Z,"Aug 21, '26",2024-10-25T18:30:00.000+00:00,2027-01-03T11:16:54.000Z,"Jan 03, '27",0,,,Bachelors/Family,2BHK Multistorey Apartment for Resale in NG Silver Spring at Mira Road Area,,999.0,Mira Road Area
235,,8700000.0,87 Lac,9943.0,8700000.0,9480000.0,2,2,,630.0,Sq-ft,875.0,12800.0,10,23.0,10 of 23 Floor,Furnished,,,Apartment,Resale,Under Construction,20260822,20260821.0,,,4320,Mumbai,78885.0,Mira Road,,Y,PNK Tiara Hills,N,,"[""19210|Mira Road Railway Station||140596|19248"", ""19210|Mira Road Railway Station||139198|19248"", ""19202|Shree L R Tiwari College of Engineering||161789|19225"", ""19202|Royal College||157187|"", ""19203|Bharat Ratna Indira Gandhi Hospital||154489|"", ""19203|Sai Krupa Hospital||79718|19230"", ""19206|D Mart, Hatkesh Udhog Nagar||140992|19239"", ""19206|PVR Cinemas||139420|19239""]",19.277459,72.8879621999999,"19.2829267647424,72.8627883689306",b,12201 12202 12203 12204 12205 12206 12207 12208 12209 12211 12213 12215 12217 12218 12219 12221 12222 12227 12228 12229 12530 12547 1404105 1404114 1404115 1404117 1404121 1404124 1404143,1404114 1404115 12215 12229 1404124 1404105 12221 12530 12217 12227 1404143,"Air Conditioned,Jogging and Strolling Track,,,Internet/Wi-Fi Connectivity,Earth quake resistant,Intercom Facility,Conference Room,",F,False,,,,,,,"NA|null,P51700010406|12/2024",,2026-08-21T11:51:49.000Z,"Aug 21, '26",2024-10-25T18:30:00.000+00:00,2027-01-03T11:51:49.000Z,"Jan 03, '27",0,,,Bachelors/Family,2BHK Multistorey Apartment for Resale in PNK Tiara Hills at Mira Road Area,,875.0,Mira Road Area
236,,9700000.0,97 Lac,18547.0,9700000.0,10480000.0,2,2,,377.0,Sq-ft,523.0,12800.0,3,8.0,3 of 8 Floor,Unfurnished,,,Apartment,Resale,Under Construction,20260822,20260821.0,,,4320,Mumbai,60017.0,Andheri East,,Y,Hubtown Palmrose,N,,"[""19210|Andheri metro station, Mumbai|5 minutes|8694|19249"", ""19210|Chakala (Jb Nagar) Metro Station|5 minutes|88140|19249"", ""19201|Royal Super Market||164799|19239"", ""19201|Rustomjee Central Park||79594|19221"", ""19202|Bombay Cambridge International School||156749|"", ""19202|Narayana E Techno School||167627|19227"", ""19203|Ve Care Hospital||153609|"", ""19203|DR. F. F. Pardiwala||139314|19232"", ""19206|Metro Mart NX||84754|19239"", ""19206|Phoenix Marketcity Mall||88136|19239""]",19.1180625,72.8738281,"19.1154908,72.8726952",b,,,,F,False,,,,,,,"NA|null,P51900000044|-1,P51900000047|-1",,2026-08-21T13:15:25.000Z,"Aug 21, '26",2024-10-25T18:30:00.000+00:00,2027-01-03T13:15:25.000Z,"Jan 03, '27",0,,,Bachelors/Family,2BHK Multistorey Apartment for Resale in Hubtown Palmrose at Andheri East,,523.0,Andheri East
237,New Construction,10500000.0,1.05 Cr,16154.0,10500000.0,11300000.0,2,2,,468.0,Sq-ft,650.0,12800.0,4,22.0,4 of 22 Floor,Unfurnished,,,Apartment,Resale,Ready to Move,20260822,20260821.0,,,4320,Mumbai,78906.0,Vikhroli East,,Y,Puneet Sanjivani Tower ,N,,"[""19210|Kannamwar Nagar No.2 Bus Stop||167635|19250"", ""19210|Vikhroli Police Station Bus Stop||167631|19250"", ""19201| Nesco It Park||89114|19221"", ""19202|Asmita College.||157013|"", ""19202|Mumbai Public School||157047|"", ""19203|Adi Arogyam Suman Ramesh Tulsiani Hospital||154293|"", ""19203|Adi Arogyam Suman Ramesh Tulsiani Hospital||154133|""]",19.1135741,72.9327565999999,"19.08940973659,72.9389256015301",b,12201 12202 12203 12206 12209 12213 12217 1404124 1404143,1404124 12217 1404143,"Intercom Facility,",F,False,,,,,,,"NA|null,P51800015397|-1,P51800017800|-1,P51800017842|-1",,2026-08-21T14:30:32.000Z,"Aug 21, '26",2024-10-25T18:30:00.000+00:00,2027-01-03T14:30:32.000Z,"Jan 03, '27",0,,,Bachelors/Family,2BHK Multistorey Apartment for Resale in Puneet Sanjivani Tower  at Vikhroli East,,650.0,Vikhroli East
238,5 to 10 years,8500000.0,85 Lac,8808.0,8500000.0,9180000.0,2,2,,695.0,Sq-ft,965.0,12800.0,5,13.0,5 of 13 Floor,Unfurnished,,,Apartment,Resale,Ready to Move,20260822,20260821.0,,,4320,Mumbai,78885.0,Mira Road,,Y,PNK Winstone,N,,"[""19210|Mira Road Railway Station||140596|19248"", ""19210|Mira Road Railway Station||139198|19248"", ""19202|Shree L R Tiwari College of Engineering||161789|19225"", ""19202|Royal College||157187|"", ""19203|Bharat Ratna Indira Gandhi Hospital||154489|"", ""19203|Bhakti Vedant Hospital||154429|"", ""19206|Sahakari Bhandar||84896|19239"", ""19206|D Mart, Hatkesh Udhog Nagar||140992|19239""]",19.28884,72.87016,"19.2829267647424,72.8627883689306",b,12209 12217 12547 1404143,12217 1404143,"Intercom Facility,",F,False,,,,,,,,,2026-08-21T14:55:19.000Z,"Aug 21, '26",2024-10-25T18:30:00.000+00:00,2027-01-03T14:55:19.000Z,"Jan 03, '27",0,,,Bachelors/Family,2BHK Multistorey Apartment for Resale in PNK Winstone at Mira Road Area,,965.0,Mira Road Area
239,New Construction,9200000.0,92 Lac,16727.0,9200000.0,9940000.0,2,2,,396.0,Sq-ft,550.0,12800.0,24,25.0,24 of 25 Floor,Unfurnished,,,Apartment,Resale,Ready to Move,20260822,20260821.0,,,4320,Mumbai,78885.0,Mira Road,,N,JP Codename Hot Cake,N,,"[""19210|Mira Road Railway Station||139198|19248"", ""19210|Mira Road Railway Station||140596|19248"", ""19202|Shree L R Tiwari College of Engineering||161789|19225"", ""19202|Royal College||157187|"", ""19203|Bhakti Vedant Hospital||154429|"", ""19203|Dr Pravin Singh||154315|"", ""19206|PVR Cinemas||139420|19239"", ""19206|D Mart, Hatkesh Udhog Nagar||140992|19239""]",18.9582347,72.8319514,"19.2829267647424,72.8627883689306",b,12201 12202 12203 12204 12205 12206 12207 12208 12209 12211 12213 12214 12216 12217 12218 12219 12224 12226 12228 12229 12523 12530 12547 1404121 1404124 1404143,12224 12229 12523 1404124 12214 12530 12216 12217 1404143,"Banquet Hall,Jogging and Strolling Track,Mini Cinema Theatre,,Service/Goods Lift,Earth quake resistant,Visitor Parking,Intercom Facility,",F,False,,,,,,,"NA|null,P51700019613|-1",,2026-08-21T15:07:39.000Z,"Aug 21, '26",2024-10-25T18:30:00.000+00:00,2027-01-03T15:07:39.000Z,"Jan 03, '27",0,,,Bachelors/Family,2BHK Multistorey Apartment for Resale in JP Codename Hot Cake at Mira Road Area,,550.0,Mira Road Area
240,Less than 5 years,11500000.0,1.15 Cr,12849.0,11500000.0,12500000.0,2,2,,644.0,Sq-ft,895.0,12800.0,7,16.0,7 of 16 Floor,Semi-Furnished,,,Apartment,Resale,Ready to Move,20260821,20260821.0,,,4320,Mumbai,78840.0,Bhandup West,,N,Accel Belvedere,N,,"[""19210|Jangal Mangal Road||139648|19250"", ""19210|Nahur Railway Station||10868|19248"", ""19201|Gauri Arcade Bhandup||161611|19239"", ""19201|Hallmark Commercial Project||151389|"", ""19202|Our Lady Of Dollors High School Kalbadevi||78430|19227"", ""19202|Shri Ram college of commerce and science||167667|19225"", ""19203|SAS Hospital||154981|"", ""19203|Dr. Meena`s Multispeciality Hospital Bhandup||161605|19230""]",19.15128,72.93585,"19.149901,72.931134",b,12202 12203 12204 12206 12208 12209 12211 12216 12224 12229 1404115 1404118 1404121 1404124 1404143,1404118 1404115 12224 12229 1404124 12216 1404143,"Banquet Hall,Jogging and Strolling Track,,Visitor Parking,",F,False,,,,,,,,,2026-08-21T06:23:04.000Z,"Aug 21, '26",2024-10-25T18:30:00.000+00:00,2026-10-21T06:23:06.000Z,"Oct 21, '26",0,,,Bachelors/Family,2BHK Multistorey Apartment for Resale in Accel Belvedere at Bhandup West,,895.0,Bhandup West
241,15 to 20 years,9500000.0,95 Lac,10326.0,9500000.0,10360000.0,2,1,,662.0,Sq-ft,920.0,12800.0,6,7.0,6 of 7 Floor,Unfurnished,,,Apartment,Resale,Ready to Move,20260822,20260821.0,,,4320,Mumbai,108384.0,Hatkesh Udhog Nagar,,N,Salasar Garden,N,,"[""19210|Mira Road Railway Station||89558|19248"", ""19201|Mira Road Midc||89546|19221"", ""19202|St Aloysius High School||89590|19227"", ""19202|U S Ostwal English Academy||157109|"", ""19203|Hadsekar Hospital||154301|"", ""19203|Adcare||153837|""]",19.28821,72.86943,"19.2813658205394,72.8783658846685",b,,,,F,False,,,,,,,,,2026-08-21T09:07:27.000Z,"Aug 21, '26",2024-10-25T18:30:00.000+00:00,2027-01-03T09:07:27.000Z,"Jan 03, '27",0,,,Bachelors/Family,2BHK Multistorey Apartment for Resale in Salasar Garden at Hatkesh Udhog Nagar,,920.0,Hatkesh Udhog Nagar
242,Less than 5 years,10000000.0,1 Cr,10000.0,10000000.0,10800000.0,2,2,,720.0,Sq-ft,1000.0,12800.0,4,7.0,4 of 7 Floor,Semi-Furnished,,,Apartment,Resale,Ready to Move,20260822,20260821.0,,,4320,Mumbai,78885.0,Mira Road,,N,Salasar Garden,N,,"[""19210|Mira Road Railway Station||140596|19248"", ""19210|Mira Road Railway Station||139198|19248"", ""19202|Royal College||157187|"", ""19202|Shree L R Tiwari College of Engineering||161789|19225"", ""19203|Manihar Hospital||167837|19230"", ""19203|Dr Pravin Singh||154315|"", ""19206|PVR Cinemas||139420|19239"", ""19206|D Mart, Hatkesh Udhog Nagar||140992|19239""]",19.28821,72.86943,"19.2829267647424,72.8627883689306",b,,,,F,False,,,,,,,,,2026-08-21T09:07:21.000Z,"Aug 21, '26",2024-10-25T18:30:00.000+00:00,2027-01-03T09:07:21.000Z,"Jan 03, '27",0,,,Bachelors/Family,2BHK Multistorey Apartment for Resale in Salasar Garden at Mira Road Area,,1000.0,Mira Road Area
243,Less than 5 years,11000000.0,1.10 Cr,11957.0,11000000.0,12000000.0,2,2,,662.0,Sq-ft,920.0,12800.0,1,20.0,1 of 20 Floor,Unfurnished,,,Apartment,Resale,Ready to Move,20260821,20260821.0,,,4320,Mumbai,107260.0,,,N,Galaxy Apartment,N,,,19.00875,72.85851,"19.0599068355234,72.8771601565175",b,12204 12206 12208 12211 12214 12219 12220 1404109 1404111 1404113 1404114 1404121 1404126 1404131 1404143,1404114 1404131 1404109 12220 12214 1404113 1404143,"Laundry Service,Service/Goods Lift,,",F,False,,,,,,,"NA|null,P51800010758|02/2010",,2026-08-21T06:31:31.000Z,"Aug 21, '26",2024-10-25T18:30:00.000+00:00,2026-10-21T06:31:32.000Z,"Oct 21, '26",0,,,Bachelors/Family,2BHK Multistorey Apartment for Resale in Galaxy Apartment at Qureshi Nagar,,920.0,Qureshi Nagar
244,Less than 5 years,11000000.0,1.10 Cr,11957.0,11000000.0,11900000.0,2,2,,662.0,Sq-ft,920.0,12800.0,1,20.0,1 of 20 Floor,Unfurnished,,,Apartment,Resale,Ready to Move,20260821,20260821.0,,,4320,Mumbai,107260.0,,,N,Galaxy Apartment,N,,,19.00875,72.85851,"19.0599068355234,72.8771601565175",b,12204 12206 12208 12211 12214 12219 12220 1404109 1404111 1404113 1404114 1404121 1404126 1404131 1404143,1404114 1404131 1404109 12220 12214 1404113 1404143,"Laundry Service,Service/Goods Lift,,",F,False,,,,,,,"NA|null,P51800010758|02/2010",,2026-08-21T06:31:22.000Z,"Aug 21, '26",2024-10-25T18:30:00.000+00:00,2026-10-21T06:31:24.000Z,"Oct 21, '26",0,,,Bachelors/Family,2BHK Multistorey Apartment for Resale in Galaxy Apartment at Qureshi Nagar,,920.0,Qureshi Nagar
245,Less than 5 years,9500000.0,95 Lac,12179.0,9500000.0,10360000.0,2,2,,562.0,Sq-ft,780.0,12800.0,18,19.0,18 of 19 Floor,Semi-Furnished,,,Apartment,Resale,Ready to Move,20260822,20260821.0,,,4320,Mumbai,78885.0,Mira Road,,N,DB Ozone,N,,"[""19210|Mira Road Railway Station||140596|19248"", ""19210|Mira Road Railway Station||139198|19248"", ""19202|Shree L R Tiwari College of Engineering||161789|19225"", ""19202|Royal College||157187|"", ""19203|Bharat Ratna Indira Gandhi Hospital||154489|"", ""19203|Sai Krupa Hospital||79718|19230"", ""19206|Sahakari Bhandar||84896|19239"", ""19206|PVR Cinemas||139420|19239""]",19.261236,72.8748094,"19.2829267647424,72.8627883689306",b,12201 12202 12203 12204 12205 12206 12207 12208 12209 12211 12213 12214 12215 12216 12217 12218 12219 12220 12221 12222 12223 12224 12227 12228 12229 12230 1404105 1404106 1404107 1404108 1404109 1404110 1404111 1404112 1404113 1404114 1404115 1404116 1404117 1404118 1404120 1404121 1404123 1404124 1404125 1404126 1404127 1404128 1404129 1404130 1404131 1404143,1404129 1404127 1404114 1404118 1404108 1404115 1404128 1404131 1404123 12215 12224 12229 12230 1404112 1404109 1404116 12220 1404125 1404124 1404106 1404105 12221 12223 12214 12216 12217 12227 1404113 1404143,"Air Conditioned,Banquet Hall,Jogging and Strolling Track,Outdoor Tennis Courts,,,,Laundry Service,,,,,Internet/Wi-Fi Connectivity,RO Water System,Service/Goods Lift,Visitor Parking,Intercom Facility,Conference Room,,",F,False,,,,,,,"NA|null,P51700003433|-1",,2026-08-21T06:45:23.000Z,"Aug 21, '26",2024-10-25T18:30:00.000+00:00,2027-01-03T06:45:23.000Z,"Jan 03, '27",0,,,Bachelors/Family,2BHK Multistorey Apartment for Resale in DB Ozone at Mira Road Area,,780.0,Mira Road Area
246,5 to 10 years,9900000.0,99 Lac,13200.0,9900000.0,10690000.0,2,2,,540.0,Sq-ft,750.0,12800.0,Ground,7.0,Ground of 7 Floor,Semi-Furnished,,,Apartment,Resale,Ready to Move,20260821,20260821.0,,,4320,Mumbai,104180.0,Vasai East,,N,Rashmi Dhruvita Park,N,,"[""19210|Vasai Bus Stop||167861|19250"", ""19210|Vasant Nagari Circle Bus Stop||167869|19250"", ""19201|Railway Mall, High Street Vasai||167867|19239"", ""19203|IASIS HOSPITAL||167871|19230"", ""19203|Platinum Hospital Vasai||167865|19230"", ""19206|Bhajanlal Dairy Farm||140782|19239""]",19.40804,72.82584,"19.39954,72.8604165",b,12201 12206 12208 12209 1404115 1404121,1404115,,F,False,,,,,,,,,2026-08-20T18:43:47.000Z,"Aug 21, '26",2024-10-25T18:30:00.000+00:00,2026-10-20T18:43:51.000Z,"Oct 21, '26",0,,,Bachelors/Family,2BHK Multistorey Apartment for Resale in Rashmi Dhruvita Park at Vasai East,,750.0,Vasai East
247,New Construction,9000000.0,90 Lac,14423.0,9000000.0,9720000.0,2,2,,449.0,Sq-ft,624.0,12800.0,4,21.0,4 of 21 Floor,Semi-Furnished,,,Apartment,Resale,Ready to Move,20260822,20260821.0,,,4320,Mumbai,78885.0,Mira Road,,N,DB Ozone,N,,"[""19210|Mira Road Railway Station||139198|19248"", ""19210|Mira Road Railway Station||140596|19248"", ""19202|Royal College||157187|"", ""19202|Shree L R Tiwari College of Engineering||161789|19225"", ""19203|Bharat Ratna Indira Gandhi Hospital||154489|"", ""19203|Dr Pravin Singh||154315|"", ""19206|Sahakari Bhandar||84896|19239"", ""19206|D Mart, Hatkesh Udhog Nagar||140992|19239""]",19.261236,72.8748094,"19.2829267647424,72.8627883689306",b,12201 12202 12203 12204 12205 12206 12207 12208 12209 12211 12213 12214 12215 12216 12217 12218 12219 12220 12221 12222 12223 12224 12227 12228 12229 12230 1404105 1404106 1404107 1404108 1404109 1404110 1404111 1404112 1404113 1404114 1404115 1404116 1404117 1404118 1404120 1404121 1404123 1404124 1404125 1404126 1404127 1404128 1404129 1404130 1404131 1404143,1404129 1404127 1404114 1404118 1404108 1404115 1404128 1404131 1404123 12215 12224 12229 12230 1404112 1404109 1404116 12220 1404125 1404124 1404106 1404105 12221 12223 12214 12216 12217 12227 1404113 1404143,"Air Conditioned,Banquet Hall,Jogging and Strolling Track,Outdoor Tennis Courts,,,,Laundry Service,,,,,Internet/Wi-Fi Connectivity,RO Water System,Service/Goods Lift,Visitor Parking,Intercom Facility,Conference Room,,",F,False,,,,,,,"NA|null,P51700003433|-1",,2026-08-21T06:45:19.000Z,"Aug 21, '26",2024-10-25T18:30:00.000+00:00,2027-01-03T06:45:19.000Z,"Jan 03, '27",0,,,Bachelors/Family,2BHK Multistorey Apartment for Resale in DB Ozone at Mira Road Area,,624.0,Mira Road Area
248,Above 20 years,10000000.0,1 Cr,14286.0,10000000.0,10900000.0,2,1,,504.0,Sq-ft,700.0,12800.0,7,13.0,7 of 13 Floor,Furnished,,,Apartment,Resale,Ready to Move,20260821,20260821.0,,,4320,Mumbai,78860.0,Ghatkopar West,,N,Swagat CHS,N,,"[""19210|Ghatkopar Metro Station|23 minutes|165223|19249"", ""19210|Ghatkopar Police Station Bus Stop||161699|19250"", ""19201|Lodha Boulevard||139760|19221"", ""19201|Goldcrest Business Park||75354|19221"", ""19202|Kvk School Ghatkopar West||76970|19227"", ""19202|Ramniranjan Jhunjhunwala College of Arts. Science & Commerce||161703|19225"", ""19203|Satyam Hospital||153257|"", ""19203|Shantiniketan Hospital||154505|"", ""19206|R City Mall||79116|19239"", ""19206|INOX- R City||140954|19239""]",19.00769,73.11448,"19.0908063,72.9076669",b,,,,F,False,,,,,,,,,2026-08-21T04:30:39.000Z,"Aug 21, '26",2024-10-25T18:30:00.000+00:00,2026-10-21T04:30:39.000Z,"Oct 21, '26",0,,,Bachelors/Family,2BHK Multistorey Apartment for Resale in Swagat CHS at Ghatkopar West,,700.0,Ghatkopar West
249,Less than 5 years,11500000.0,1.15 Cr,15333.0,11500000.0,12400000.0,2,2,,540.0,Sq-ft,750.0,12800.0,2,13.0,2 of 13 Floor,Semi-Furnished,,,Apartment,Resale,Ready to Move,20260821,20260821.0,,,4320,Mumbai,78860.0,Ghatkopar West,,N,Maitri CHS,N,,"[""19210|Ghatkopar Metro Station|5 minutes|165223|19249"", ""19210|Jagruti Nagar Metro Station|5 minutes|165225|19249"", ""19201|Swastik Disa Corporate Park||151135|"", ""19201|R CITY||167611|19239"", ""19202|Kvk School Ghatkopar West||76970|19227"", ""19202|Mumbai Public School||156515|"", ""19203|Satyam Hospital||154185|"", ""19203|Supreme Multi Speciality Hospital LLP||161707|19230"", ""19206|R City Mall||79116|19239"", ""19206|INOX- R City||140954|19239""]",19.09672,72.91385,"19.0908063,72.9076669",b,,,,F,False,,,,,,,,,2026-08-21T04:29:33.000Z,"Aug 21, '26",2024-10-25T18:30:00.000+00:00,2026-10-21T04:29:34.000Z,"Oct 21, '26",0,,,Bachelors/Family,2BHK Multistorey Apartment for Resale in Maitri CHS at Ghatkopar West,,750.0,Ghatkopar West
250,Above 20 years,11000000.0,1.10 Cr,20952.0,11000000.0,11900000.0,2,1,,378.0,Sq-ft,525.0,12800.0,4,7.0,4 of 7 Floor,Unfurnished,,,Apartment,Resale,Ready to Move,20260821,20260821.0,,,4320,Mumbai,78866.0,Kandivali East,,N,Gokul Galaxy,N,,"[""19210|Poisar Metro Station|5 minutes|161727|19249"", ""19210|Kandivali Railway Station||88756|19248"", ""19201|Growel's 101 Mall||161723|19239"", ""19201|Infinity It Park||88746|19221"", ""19202|Lokhandwala Foundation School||86866|19227"", ""19202|Pal Ragendra High School||156869|"", ""19203|Shreeji Hospital||153197|"", ""19203|City Multispeciality Hospital||167739|19230"", ""19206|Star Bazaar||84714|19239"", ""19206|Thakur Mall Kandivali East||81474|19239""]",19.20994,72.86292,"19.2050017,72.8692711",b,12201 12202 12203 12204 12205 12206 12207 12208 12213 12215 12216 12217 1404110 1404115 1404120 1404121 1404124 1404125 1404129 1404130 1404143,1404129 1404115 12215 1404125 1404124 12216 12217 1404143,"Air Conditioned,,,Visitor Parking,Intercom Facility,",F,False,,,,,,,,,2026-08-21T04:39:07.000Z,"Aug 21, '26",2024-10-25T18:30:00.000+00:00,2026-10-21T04:39:07.000Z,"Oct 21, '26",0,,,Bachelors/Family,2BHK Multistorey Apartment for Resale in Gokul Galaxy at Kandivali East,,525.0,Kandivali East
251,Above 20 years,11000000.0,1.10 Cr,19469.0,11000000.0,12000000.0,2,1,,407.0,Sq-ft,565.0,12800.0,3,6.0,3 of 6 Floor,Unfurnished,,,Apartment,Resale,Ready to Move,20260821,20260821.0,,,4320,Mumbai,78866.0,Kandivali East,,N,Gokul Galaxy,N,,"[""19210|Poisar Metro Station|5 minutes|161727|19249"", ""19210|Kandivali East Bus Stop||167741|19250"", ""19201|Infinity It Park||87024|19221"", ""19201|LIC Corporation||151127|"", ""19202|Lokhandwala Foundation School||86866|19227"", ""19202|Mumbai Public||156483|"", ""19203|Apex Hospital||153269|"", ""19203|Shreeji Hospital||153197|"", ""19206|Reliance Mall Borivali||89062|19239"", ""19206|Centrium Mall||86860|19239""]",19.20994,72.86292,"19.2050017,72.8692711",b,12201 12202 12203 12204 12205 12206 12207 12208 12213 12215 12216 12217 1404110 1404115 1404120 1404121 1404124 1404125 1404129 1404130 1404143,1404129 1404115 12215 1404125 1404124 12216 12217 1404143,"Air Conditioned,,,Visitor Parking,Intercom Facility,",F,False,,,,,,,,,2026-08-21T04:39:04.000Z,"Aug 21, '26",2024-10-25T18:30:00.000+00:00,2026-10-21T04:39:05.000Z,"Oct 21, '26",0,,,Bachelors/Family,2BHK Multistorey Apartment for Resale in Gokul Galaxy at Kandivali East,,565.0,Kandivali East
252,5 to 10 years,11000000.0,1.10 Cr,14865.0,11000000.0,12000000.0,2,1,,533.0,Sq-ft,740.0,12800.0,4,10.0,4 of 10 Floor,Unfurnished,,,Apartment,Resale,Ready to Move,20260821,20260821.0,,,4320,Mumbai,78872.0,Kurla East,,N,Baba Vihar,N,,"[""19210|Kurla Railway Station (Central And Harbour Lines)||86690|19248""]",19.06271,72.88339,"19.0615645059118,72.880543263673",b,,,,F,False,,,,,,,,,2026-08-21T04:46:23.000Z,"Aug 21, '26",2024-10-25T18:30:00.000+00:00,2026-10-21T04:46:24.000Z,"Oct 21, '26",0,,,Bachelors/Family,2BHK Multistorey Apartment for Resale in Baba Vihar at Kurla East,,740.0,Kurla East
253,Less than 5 years,10500000.0,1.05 Cr,12963.0,10500000.0,11400000.0,2,2,,583.0,Sq-ft,810.0,12800.0,1,7.0,1 of 7 Floor,Unfurnished,,,Apartment,Resale,Ready to Move,20260821,20260821.0,,,4320,Mumbai,78867.0,Kandivali West,,N,Golden Enclave,N,,"[""19210|Mahavir Nagar Metro Station|5 minutes|88030|19249"", ""19210|Kandivali (W) Bus Stop||161735|19250"", ""19201|Sunrays Shopping Center Premises||151573|"", ""19202|BMC School||157491|"", ""19202|Akshara Vidyalaya||146686|19227"", ""19203|Nidhi Nursing Home||154477|"", ""19203|Nidhi Narsing Home||154123|"", ""19206|Raghuleela Mall||10630|19239"", ""19206|Apna Bazar||139428|19239""]",19.206848,72.8191427,"19.2101312179652,72.8305011930765",b,,,,F,False,,,,,,,,,2026-08-21T04:40:40.000Z,"Aug 21, '26",2024-10-25T18:30:00.000+00:00,2026-10-21T04:40:40.000Z,"Oct 21, '26",0,,,Bachelors/Family,2BHK Multistorey Apartment for Resale in Golden Enclave at Kandivali West,,810.0,Kandivali West
254,15 to 20 years,10050000.0,1 Cr,14155.0,10050000.0,10900000.0,2,2,,511.0,Sq-ft,710.0,12800.0,1,5.0,1 of 5 Floor,Semi-Furnished,,,Apartment,Resale,Ready to Move,20260821,20260821.0,,,4320,Mumbai,80084.0,Malad West,,N,Chandra Darshan,N,,"[""19210|Malad West Metro Station|18 minutes|163061|19249"", ""19210|Valnai-Meeth Chowky Metro Station|19 minutes|167735|19249"", ""19201|Kalpataru Plaza||151299|"", ""19201|Utsav Shopping Centre||167701|19239"", ""19202|St. Anne International||156761|"", ""19202|Billabong High International School||163067|"", ""19203|Vivanta Milti Speciality Hospital||153799|"", ""19203|Sun Hospital||154927|"", ""19206|Palm Court Shopping Complex||87494|19239"", ""19206|Inorbit Mall ||84774|19239""]",19.02211,72.84092,"19.1940346300819,72.8257561606587",b,12202 12208 12211 12214 12218 12222 1404121,12214,Service/Goods Lift,F,False,,,,,,,,,2026-08-21T04:22:22.000Z,"Aug 21, '26",2024-10-25T18:30:00.000+00:00,2026-10-21T04:22:22.000Z,"Oct 21, '26",0,,,Bachelors/Family,2BHK Multistorey Apartment for Resale in Chandra Darshan at Malad West,,710.0,Malad West
255,15 to 20 years,10000000.0,1 Cr,16000.0,9400000.0,10000000.0,2,1,2.0,425.0,Sq-ft,625.0,12800.0,7,7.0,7 of 7 Floor,Semi-Furnished,South - East,Main Road,Apartment,Resale,Ready to Move,20260819,20260819.0,,,4320,Mumbai,94271.0,Tata Colony Mulund East,,Y,,N,5 min walk eartern express highway 15 min walk to mulund east stat,,19.16026306152344,72.95777893066406,"19.160263,72.957782",b,12201 12202 12213 12228,,,F,False,,Water Availability 24 Hours Available,No/Rare Powercut,,,Mosaic,,Freehold,2026-08-18T23:34:52.000Z,"Aug 19, '26",2026-04-26T18:30:00.000+00:00,2026-12-16T23:34:52.000Z,"Dec 17, '26",0,4.0,Y,Bachelors/Family,2BHK Multistorey Apartment for Resale in Tata Colony Mulund East,,625.0,Tata Colony Mulund East
256,Less than 5 years,12000000.0,1.20 Cr,12195.0,12000000.0,13000000.0,2,2,,708.0,Sq-ft,984.0,12800.0,5,17.0,5 of 17 Floor,Unfurnished,,,Apartment,Resale,Ready to Move,20260821,20260820.0,,,4320,Mumbai,78885.0,Mira Road,,N,SK Imperial Heights,N,,"[""19210|Mira Road Railway Station||139198|19248"", ""19210|Mira Road Railway Station||140596|19248"", ""19202|Royal College||157187|"", ""19202|Shree L R Tiwari College of Engineering||161789|19225"", ""19203|Bhakti Vedant Hospital||154429|"", ""19203|Dr Pravin Singh||154315|"", ""19206|D Mart, Hatkesh Udhog Nagar||140992|19239"", ""19206|PVR Cinemas||139420|19239""]",19.15236,72.83999,"19.2829267647424,72.8627883689306",b,12201 12202 12204 12205 12206 12208 12209 12539 12547 1404121 1404143,12539 1404143,"Grand Entrance lobby,",F,False,,,,,,,"NA|null,P51700008172|-1",,2026-08-20T17:46:10.000Z,"Aug 20, '26",2024-10-24T18:30:00.000+00:00,2026-10-20T17:46:12.000Z,"Oct 20, '26",0,3.0,,Bachelors/Family,2BHK Multistorey Apartment for Resale in SK Imperial Heights at Mira Road Area,,984.0,Mira Road Area
257,,16700000.0,1.67 Cr,25891.0,15500000.0,16700000.0,2,2,,,,645.0,12800.0,18,22.0,18 of 22 Floor,Semi-Furnished,,,Apartment,Resale,Ready to Move,20260822,,,,4320,Mumbai,95971.0,Sector 2 Charkop,,Y,,N,,"[""19202|Mother Teresa English High School||87802|19227"", ""19202|Shri Dayanand Vidyalaya||87800|19227""]",0.0,0.0,"19.21222,72.82118",b,,,,F,False,,,,,,,,,2026-08-22T08:31:55.000Z,Yesterday,2026-08-21T18:30:00.000+00:00,2026-12-20T08:31:55.000Z,"Dec 20, '26",0,,,Bachelors/Family,2BHK Multistorey Apartment for Resale in Sector 2 Charkop,,645.0,Sector 2 Charkop
258,Less than 5 years,12500000.0,1.25 Cr,12255.0,12500000.0,13800000.0,2,2,4.0,,,1020.0,12800.0,4,21.0,4 of 21 Floor,Semi-Furnished,North,"Garden/Park, Main Road",Apartment,Resale,Ready to Move,20260822,,,,4320,Mumbai,78885.0,Mira Road,,Y,Unique Shanti Poonam Estate Cluster 2,Y,Shanti Garden,"[""19210|Mira Road Railway Station||139198|19248"", ""19210|Mira Road Railway Station||140596|19248"", ""19202|Royal College||157187|"", ""19202|Shree L R Tiwari College of Engineering||161789|19225"", ""19203|Bharat Ratna Indira Gandhi Hospital||154489|"", ""19203|Sai Krupa Hospital||79718|19230"", ""19206|Sahakari Bhandar||84896|19239"", ""19206|PVR Cinemas||139420|19239""]",19.27547,72.87097,"19.2829267647424,72.8627883689306",b,12201 12202 12203 12204 12205 12206 12207 12208 12209 12214 12217 12218 12220 12221 12222 12228 12229,12229 12220 12221 12214 12217,"Jogging and Strolling Track,Laundry Service,Internet/Wi-Fi Connectivity,Service/Goods Lift,Intercom Facility",F,False,,,,,,,"NA|null,P51700008166|06/2019,P51700009072|03/2018,P51700011797|12/2017",Co-operative Society,2026-08-22T06:08:09.000Z,Yesterday,2026-08-21T18:30:00.000+00:00,2027-01-04T06:08:09.000Z,"Jan 04, '27",0,,,Bachelors/Family,2BHK Multistorey Apartment for Resale in Unique Shanti Poonam Estate Cluster 2 at Mira Road Area,Store,1020.0,Mira Road Area
259,,16500000.0,1.65 Cr,24554.0,15000000.0,16500000.0,2,2,2.0,661.0,Sq-ft,672.0,12800.0,Ground,19.0,Ground of 19 Floor,Unfurnished,West,"Pool, Garden/Park, Main Road",Apartment,Resale,Under Construction,20260821,,,,4320,Mumbai,60018.0,Andheri West,,Y,Rolland Vantage,Y,,"[""19210|Azad Nagar metro station, Mumbai|5 minutes|8688|19249"", ""19210|J.V.P.D.Bus Station Bus Stop||160505|19250"", ""19201|Laxmi Super Market||167663|19239"", ""19201|Star Bazaar||160515|19239"", ""19202|ICAR-Central Institute of Fisheries Education||164241|19227"", ""19202|Orchid Global Learning Academy||157481|"", ""19203|SBS Multi-Speciality Hospital||160513|19230"", ""19203|Bluebell||153817|"", ""19206|Citi Mall||88568|19239"", ""19206|Navrang Cinema||140982|19239""]",19.1373697481266,72.8257229439874,"19.1373697481266,72.8257229439874",b,12201 12202 12207 12209 12218,,,F,False,,,,,,,"NA|null,PM1181012601154|-1",,2026-08-20T18:45:52.000Z,"Aug 21, '26",2026-08-20T18:30:00.000+00:00,2027-01-02T18:45:52.000Z,"Jan 03, '27",0,2.0,,Bachelors/Family,2BHK Multistorey Apartment for Resale in Rolland Vantage at Andheri West,Study,672.0,Andheri West
260,,14500000.0,1.45 Cr,22308.0,14500000.0,15700000.0,2,1,,,,650.0,12800.0,3,5.0,3 of 5 Floor,Unfurnished,,,Apartment,Resale,,20260823,20260823.0,,,4320,Mumbai,94443.0,Shiv Srushti Kurla,,Y,,N,,,0.0,0.0,"19.05697,72.88198",b,,,,F,False,,,,,,,,,2026-08-23T12:14:08.000Z,Today,2023-06-28T18:30:00.000+00:00,2027-01-02T12:14:08.000Z,"Jan 02, '27",0,0.0,,Bachelors/Family,2BHK Multistorey Apartment for Resale in Shiv Srushti Kurla,,650.0,Shiv Srushti Kurla
261,5 to 10 years,12500000.0,1.25 Cr,12255.0,11500000.0,12500000.0,2,2,2.0,697.0,Sq-ft,1020.0,12800.0,18,21.0,18 of 21 Floor,Unfurnished,East,Main Road,Apartment,Resale,Ready to Move,20260823,20260823.0,,,4320,Mumbai,93954.0,Malvani,,Y,,N,opp to Ram Mandir temple,"[""19210|Malvani Block No.5 or Police Station Bus Stop||165271|19250""]",0.0,0.0,"19.1878361476608,72.8193396211644",b,12202 12203 12209 12213 12214 12221 12235 12527,12527 12235 12221 12214,"Sea facing,Wrap Around Balcony,Internet/Wi-Fi Connectivity,Service/Goods Lift",F,False,40 Open,Water Availability 24 Hours Available,No/Rare Powercut,3500.0,Monthly,Vitrified,,Freehold,2026-08-22T21:31:16.000Z,Today,2025-05-25T18:30:00.000+00:00,2026-12-20T21:31:16.000Z,"Dec 21, '26",0,0.0,,Bachelors/Family,2BHK Multistorey Apartment for Resale in Malvani,None of these,1020.0,Malvani
262,10 to 15 years,14500000.0,1.45 Cr,15263.0,13200000.0,14500000.0,2,2,3.0,700.0,Sq-ft,950.0,12800.0,7,10.0,7 of 10 Floor,Furnished,South - East,Garden/Park,Apartment,Resale,Ready to Move,20260823,20260823.0,,,4320,Mumbai,78885.0,Mira Road,,Y,Happy Home Heights,N,MBMC Registration Office,"[""19210|Mira Road Railway Station||139198|19248"", ""19210|Mira Road Railway Station||140596|19248"", ""19202|Shree L R Tiwari College of Engineering||161789|19225"", ""19202|Royal College||157187|"", ""19203|Bhakti Vedant Hospital||154429|"", ""19203|Dr Pravin Singh||154315|"", ""19206|D Mart, Hatkesh Udhog Nagar||140992|19239"", ""19206|PVR Cinemas||139420|19239""]",19.28102,72.86814,"19.2829267647424,72.8627883689306",b,12201 12202 12203 12207 12208 12209 12211 12214 12215 12216 12217 12218 12219 12220 12221 12222 12223 12228 12229 12237,12237 12215 12229 12220 12221 12223 12214 12216 12217,"Full Glass Wall,Air Conditioned,Jogging and Strolling Track,Laundry Service,Internet/Wi-Fi Connectivity,RO Water System,Service/Goods Lift,Visitor Parking,Intercom Facility",F,False,,,,3100.0,Monthly,"Vitrified,Marble",,Freehold,2026-08-22T23:33:13.000Z,Today,2026-08-16T18:30:00.000+00:00,2026-12-20T23:33:13.000Z,"Dec 21, '26",0,0.0,Y,Bachelors/Family,2BHK Multistorey Apartment for Resale in Happy Home Heights at Mira Road Area,None of these,950.0,Mira Road Area
263,,12700000.0,1.27 Cr,21167.0,12700000.0,13800000.0,2,3,,432.0,Sq-ft,600.0,12800.0,16,26.0,16 of 26 Floor,Unfurnished,,,Apartment,Resale,Under Construction,20260822,20260822.0,,,4320,Mumbai,78844.0,Borivali West,,Y,Passcode Fusion,N,,"[""19210|Borivali (West) Metro Station|30 minutes|165267|19249"", ""19210|Borivali 1 Bus Stop||167801|19250"", ""19201|Jagdamba Super Market||167775|19239"", ""19201|Infinity It Park||87558|19221"", ""19202|MKVV||147274|19227"", ""19202|Orchids the International School||161635|"", ""19203|Phoenix Hospitals||167779|19230"", ""19203|Phoenix Hospital||154447|"", ""19206|D-Victorian Mall||10806|19239"", ""19206|Zoom Plaza Mall||88630|19239""]",18.9582347,72.8319514,"19.2335321,72.839198",b,,,,F,False,,,,,,,"NA|null,P51800045675|-1,P51800045778|-1",,2026-08-21T20:02:28.000Z,Yesterday,2024-10-26T18:30:00.000+00:00,2026-10-21T20:02:29.000Z,"Oct 22, '26",0,,,Bachelors/Family,2BHK Multistorey Apartment for Resale in Passcode Fusion at Borivali West,,600.0,Borivali West
264,,17000000.0,1.70 Cr,25000.0,17000000.0,18500000.0,2,2,,490.0,Sq-ft,680.0,12800.0,8,13.0,8 of 13 Floor,Unfurnished,,,Apartment,Resale,Under Construction,20260822,20260822.0,,,4320,Mumbai,78843.0,Borivali East,,Y,Monarch Kitkat,N,,"[""19210|Magathane Metro Station|5 minutes|167759|19249"", ""19210|Borivali (E) Station Bus Stop||167799|19250"", ""19201|Sanjay Gandhi National Park||79828|19221"", ""19201|KANAIYA SUPER MARKET||161627|19239"", ""19202|St Lawrence High School||88038|19227"", ""19202|Gokhale High School||87648|19227"", ""19203|Ashtavinayak Hospital||10608|19230"", ""19203|Galaxy Multispeciality Hospital||153247|"", ""19206|The Zone Mall||88028|19239"", ""19206|Thakur Mall Kandivali||87340|19239""]",19.2274562,72.8580387,"19.2272619069866,72.8634397272398",b,12201 12203 12207 12209 1404143 1404152 1404159,1404152 1404143,,F,False,,,,,,,"NA|null,P51800028408|-1",,2026-08-21T20:02:06.000Z,Yesterday,2024-10-26T18:30:00.000+00:00,2026-10-21T20:02:07.000Z,"Oct 22, '26",0,,,Bachelors/Family,2BHK Multistorey Apartment for Resale in Monarch Kitkat at Borivali East,,680.0,Borivali East
265,,17900000.0,1.79 Cr,17480.0,17900000.0,19500000.0,2,2,,737.0,Sq-ft,1024.0,12800.0,7,14.0,7 of 14 Floor,Semi-Furnished,,,Apartment,Resale,Under Construction,20260822,20260822.0,,,4320,Mumbai,78887.0,Mulund West,,Y,Atlanta Malhaar Guide,N,,"[""19210|Panch Rasta||139362|19250"", ""19210|Mulund Railway Station (W) Bus Stop||161803|19250"", ""19201|R Mall, Mulund||161807|19239"", ""19201|Marathon Maxima||151431|"", ""19202|Jai Bharat College Of Commerce||157009|"", ""19202|Nes International School||157189|"", ""19203|Padmashree Endoscopy Center||154139|"", ""19203|ESIC Hospital||154431|"", ""19206|Sant Shree Mastaram Cycle||139926|19239"", ""19206|R Galleria||88346|19239""]",18.9582347,72.8319514,"19.1749536837097,72.943103519999",b,12201 12202 12204 12207 12208 12209 12213,,,F,False,,,,,,,,,2026-08-21T19:58:04.000Z,Yesterday,2024-10-26T18:30:00.000+00:00,2026-10-21T19:58:04.000Z,"Oct 22, '26",0,,,Bachelors/Family,2BHK Multistorey Apartment for Resale in Atlanta Malhaar Guide at Mulund West,,1024.0,Mulund West
266,,16500000.0,1.65 Cr,24627.0,16500000.0,17800000.0,2,2,,482.0,Sq-ft,670.0,12800.0,12,37.0,12 of 37 Floor,Unfurnished,,,Apartment,Resale,Under Construction,20260822,20260822.0,,,4320,Mumbai,60121.0,Goregaon East,,Y,Agarwal Floresta Maple,N,,"[""19210|Aarey Metro Station|24 minutes|165285|19249"", ""19201|Oberoi Mall||167699|"", ""19201|Nirlon Knowledge Park||78250|19221"", ""19202|Mumbai Public School||157011|"", ""19202|Mumbai Public School||157197|"", ""19203|Sunita Multi-Speciality Hospital||153221|"", ""19203|Hira Surgical||153803|"", ""19206|Orchard Road Mall||10756|19239"", ""19206|Oberoi Mall||10718|19239""]",18.9582347,72.8319514,"19.1562110822264,72.8758090633208",b,12201 12202 12203 12204 12205 12206 12207 12208 12209 12211 12212 12213 12214 12215 12216 12217 12218 12219 12220 12221 12222 12224 12226 12227 12228 12229 12230 12233 12237 12528 12532 12533 12539 12556 12562 12581 12583 1404105 1404107 1404117 1404130 1404143,12562 12528 12556 12532 12237 12539 12581 12533 12583 12215 12224 12229 12230 12220 1404105 12221 12214 12216 12217 12227 12233 1404143,"Smart Home,Skydeck,Fireplace,Theme based Architectures,Full Glass Wall,Grand Entrance lobby,Kids play area,Health club with Steam / Jaccuzi,Library,Air Conditioned,Banquet Hall,Jogging and Strolling Track,Outdoor Tennis Courts,Laundry Service,,Internet/Wi-Fi Connectivity,Service/Goods Lift,Visitor Parking,Intercom Facility,Conference Room,Downtown,",F,False,,,,,,,"NA|null,P51800030147|12/2026",,2026-08-21T19:57:37.000Z,Yesterday,2024-10-26T18:30:00.000+00:00,2026-10-21T19:57:38.000Z,"Oct 22, '26",0,,,Bachelors/Family,2BHK Multistorey Apartment for Resale in Agarwal Floresta Maple at Goregaon East,,670.0,Goregaon East
267,10 to 15 years,13000000.0,1.30 Cr,17931.0,13000000.0,14300000.0,2,2,3.0,525.0,Sq-ft,725.0,12800.0,8,8.0,8 of 8 Floor,Semi-Furnished,North,Main Road,Apartment,Resale,Ready to Move,20260822,20260822.0,,,4320,Mumbai,78866.0,Kandivali East,,Y,Gaurav Shikar,N,Evershine Millennium Paradise,"[""19210|Poisar Metro Station|5 minutes|161727|19249"", ""19210|Kandivali East Bus Stop||167741|19250"", ""19201|LIC Corporation||151127|"", ""19201|Infinity It Park||87024|19221"", ""19202|Thakur Shyamnarayan Degree College||161729|19225"", ""19202|Nirmala Memorial Foundation College of Commerce & Science||161725|19225"", ""19203|ESIC Hospital||154947|"", ""19203|Apex Hospital||153269|"", ""19206|Thakur Mall Kandivali East||81474|19239"", ""19206|Centrium Mall||86860|19239""]",19.21043,72.87772,"19.2050017,72.8692711",b,12202 12207 12208 12209 12213 12216 12218 12221 12222,12221 12216,"Internet/Wi-Fi Connectivity,Visitor Parking",F,False,,,,0.0,Monthly,Ceramic Tiles,,Co-operative Society,2026-08-21T23:33:23.000Z,Yesterday,2026-07-05T18:30:00.000+00:00,2026-12-19T23:33:23.000Z,"Dec 20, '26",0,1.0,Y,Bachelors/Family,2BHK Multistorey Apartment for Resale in Gaurav Shikar at Kandivali East,,725.0,Kandivali East
268,New Construction,14000000.0,1.40 Cr,21538.0,12600000.0,14000000.0,2,2,,520.0,Sq-ft,650.0,12800.0,17,20.0,17 of 20 Floor,Unfurnished,North,"Garden/Park, Main Road",Apartment,New Property,Ready to Move,20260822,20260822.0,,,4320,Mumbai,60207.0,Malad East,,Y,DEM Phoenix,Y,F Residences,"[""19210|Malad Railway Station (E) Bus Stop||160533|19250"", ""19201|Seven days super market||167713|19239"", ""19201|Aarey Bhaskar Garden||72174|19221"", ""19202|Seth Juggilal Poddar Academy||88448|19227"", ""19202|Viviyana School||157019|"", ""19203|Rahat Hospital||154155|"", ""19203|Sanjeevani Hospital||154507|"", ""19206|Express Zone Mall||10792|19239"", ""19206|Infiniti Mall||148260|19239""]",19.1910021,72.8608704,"19.1848724519187,72.8629697025013",b,12201 12202 12203 12206 12208 12209 12211 12212 12213 12214 12216 12217 12218 12219 12222 12228 12229 12234 12562,12234 12562 12229 12214 12216 12217,"Skyline View,Smart Home,Jogging and Strolling Track,Service/Goods Lift,Visitor Parking,Intercom Facility",F,False,,,,3000.0,Monthly,Vitrified,"NA|null,P51800048376|10/2025",Freehold,2026-08-21T23:32:13.000Z,Yesterday,2026-08-15T18:30:00.000+00:00,2026-12-19T23:32:13.000Z,"Dec 20, '26",0,1.0,Y,Bachelors/Family,2BHK Multistorey Apartment for New Property in DEM Phoenix at Malad East,,650.0,Malad East
269,5 to 10 years,14000000.0,1.40 Cr,17500.0,13200000.0,14000000.0,2,2,,525.0,Sq-ft,800.0,12800.0,18,22.0,18 of 22 Floor,Unfurnished,East,,Apartment,Resale,Ready to Move,20260821,,,,4320,Mumbai,94865.0,Ashadham Colony,,Y,,N,,,18.97161102294922,72.8299331665039,"18.9716101572237,72.8299314899631",b,12202,,,F,False,,Water Availability 24 Hours Available,No/Rare Powercut,,,,,,2026-08-20T12:18:55.000Z,"Aug 20, '26",2026-08-19T18:30:00.000+00:00,2027-01-01T18:30:00.000Z,"Jan 02, '27",0,2.0,,Bachelors/Family,2BHK Multistorey Apartment for Resale in Ashadham Colony,,800.0,Ashadham Colony
270,,17500000.0,1.75 Cr,25000.0,17500000.0,18600000.0,2,2,,,,700.0,12800.0,5,15.0,5 of 15 Floor,Furnished,,,Apartment,Resale,Ready to Move,20260820,,,,4320,Mumbai,94705.0,Sindh Seva Samiti Nagar,,N,,N,,,19.03312492370605,72.86434936523438,"19.0331247904216,72.86434722733",b,,,,F,False,,,,,,,,,2026-08-20T11:22:33.000Z,"Aug 20, '26",2026-08-19T18:30:00.000+00:00,2027-01-02T11:22:33.000Z,"Jan 02, '27",0,2.0,,Bachelors/Family,2BHK Multistorey Apartment for Resale in Sindh Seva Samiti Nagar,,700.0,Sindh Seva Samiti Nagar
271,10 to 15 years,17500000.0,1.75 Cr,20588.0,17500000.0,18700000.0,2,2,,,,850.0,12800.0,2,17.0,2 of 17 Floor,Unfurnished,,Garden/Park,Apartment,Resale,Ready to Move,20260821,20260821.0,,,4320,Mumbai,78887.0,Mulund West,,N,Nirmal Lifestyle,N,,"[""19210|Santoshi Mata Mandir Bus Stop||161809|19250"", ""19210|Mulund Railway Station (W) Bus Stop||161803|19250"", ""19201|Marathon Maxima||151431|"", ""19201|360 Degree Business Park||72098|19221"", ""19202|Kelkar College||138570|19225"", ""19202|Nes International School||156731|"", ""19203|Manisha Universal Multispeciality Hospital, Mulund||161797|19230"", ""19203|Padmashree Nursing Home||154137|"", ""19206|Food Bazaar||84806|19239"", ""19206|Nirmal Lifestyle II Mall||10712|19239""]",19.1655086,72.935935,"19.1749536837097,72.943103519999",b,12202 12204 12206 12207 12209 12215 12216 12217 12219 12220 12221 12224 12228 12229,12215 12224 12229 12220 12221 12216 12217,"Air Conditioned,Banquet Hall,Jogging and Strolling Track,Laundry Service,Internet/Wi-Fi Connectivity,Visitor Parking,Intercom Facility",F,False,,Water Availability 24 Hours Available,No/Rare Powercut,,,Vitrified,,Co-operative Society,2026-08-21T14:37:44.000Z,"Aug 21, '26",2026-07-30T18:30:00.000+00:00,2027-01-03T14:37:44.000Z,"Jan 03, '27",0,2.0,,Bachelors/Family,2BHK Multistorey Apartment for Resale in Nirmal Lifestyle at Mulund West,,850.0,Mulund West
272,Less than 5 years,15000000.0,1.50 Cr,15000.0,15000000.0,16200000.0,2,2,,720.0,Sq-ft,1000.0,12800.0,2,9.0,2 of 9 Floor,Unfurnished,,,Apartment,Resale,Ready to Move,20260822,20260821.0,,,4320,Mumbai,60207.0,Malad East,,N,Vraj Nirmal,N,,"[""19210|Malad Railway Station (E) Bus Stop||160533|19250"", ""19201|Raheja Federation Garden||79180|19221"", ""19201|Aarey Bhaskar Garden||72174|19221"", ""19202|Seth Juggilal Poddar Academy||88448|19227"", ""19202|Rejoice International School||88454|19227"", ""19203|Carefull Hospital Maternity And General||153825|"", ""19203|Maa Meenatae Thakare||153267|"", ""19206|Metro Bazaar||84744|19239"", ""19206|Eastern Mall||74786|19239""]",19.1825321,72.851158,"19.1848724519187,72.8629697025013",b,,,,F,False,,,,,,,,,2026-08-21T16:15:34.000Z,"Aug 21, '26",2024-10-25T18:30:00.000+00:00,2027-01-03T16:15:34.000Z,"Jan 03, '27",0,,,Bachelors/Family,2BHK Multistorey Apartment for Resale in Vraj Nirmal at Malad East,,1000.0,Malad East
273,New Construction,18000000.0,1.80 Cr,29752.0,18000000.0,19600000.0,2,2,,436.0,Sq-ft,605.0,12800.0,2,8.0,2 of 8 Floor,Furnished,,,Apartment,Resale,Ready to Move,20260822,20260821.0,,,4320,Mumbai,80084.0,Malad West,,N,Peace Castle,N,,"[""19210|Malad West Metro Station|5 minutes|163061|19249"", ""19210|Sunder Nagar Auto Stand||158137|"", ""19201|Paradigm Comercial||151405|"", ""19201|Gem Star Commercial Complex||151437|"", ""19202|Amity Global Business School||163055|19227"", ""19202|Veer Bhagat Singh Vidyalaya||147382|19227"", ""19203|Criticare Asia Hospital||154279|"", ""19203|Infinity Multi-Speciality Hospital||154941|"", ""19206|Phoenix Marketcity Mall||89180|19239"", ""19206|Mothercare, Infiniti Mall||84770|19239""]",19.1964879,72.8403081,"19.1940346300819,72.8257561606587",b,,,,F,False,,,,,,,,,2026-08-21T16:12:36.000Z,"Aug 21, '26",2024-10-25T18:30:00.000+00:00,2027-01-03T16:12:36.000Z,"Jan 03, '27",0,,,Bachelors/Family,2BHK Multistorey Apartment for Resale in Peace Castle at Malad West,,605.0,Malad West
274,5 to 10 years,16000000.0,1.60 Cr,15459.0,16000000.0,17400000.0,2,2,,745.0,Sq-ft,1035.0,12800.0,6,18.0,6 of 18 Floor,Unfurnished,,,Apartment,Resale,Ready to Move,20260822,20260821.0,,,4320,Mumbai,93799.0,Kanjurmarg East,,N,Ajmera Nirvana,N,,"[""19210|Bhandup Railway Station||10834|19248"", ""19201|Ithink Techno Campus||151305|"", ""19202|Mumbai Public School||156883|"", ""19202|Adarsh Vidyalay||156481|"", ""19203|Ankur Hospital||153835|""]",19.12962,72.93462,"19.1303464798827,72.934955451681",b,,,,F,False,,,,,,,,,2026-08-21T17:51:46.000Z,"Aug 21, '26",2024-10-25T18:30:00.000+00:00,2026-10-21T17:51:49.000Z,"Oct 21, '26",0,,,Bachelors/Family,2BHK Multistorey Apartment for Resale in Ajmera Nirvana at Kanjurmarg East,,1035.0,Kanjurmarg East
275,10 to 15 years,13000000.0,1.30 Cr,21667.0,13000000.0,14000000.0,2,2,,432.0,Sq-ft,600.0,12800.0,8,8.0,8 of 8 Floor,Furnished,,,Apartment,Resale,Ready to Move,20260822,20260821.0,,,4320,Mumbai,60123.0,Goregaon West,,N,,N,,"[""19210|Lower Malad Metro Station|5 minutes|167695|19249"", ""19210|Goregaon Station (E) Bus Stop||167685|19250"", ""19201|Gokul Super Market||165275|"", ""19201|Mindspace Malad||88728|19221"", ""19202|Vivek Vidyalaya||156853|"", ""19202|St John's Universal School||156881|"", ""19203|Shiddhart BMC Hospital||154263|"", ""19203|Prarthana Hospital and ICU||160523|19230"", ""19206|New Star Bazar||84712|19239"", ""19206|InOrbit Mall||148170|19239""]",0.0,0.0,"19.1630920855215,72.8398088005091",b,,,,F,False,,,,,,,,,2026-08-21T17:57:49.000Z,"Aug 21, '26",2024-10-25T18:30:00.000+00:00,2026-10-21T17:57:52.000Z,"Oct 21, '26",0,,,Bachelors/Family,2BHK Multistorey Apartment for Resale in Goregaon West,,600.0,Goregaon West
276,10 to 15 years,17800000.0,1.78 Cr,16952.0,17800000.0,19400000.0,2,2,,756.0,Sq-ft,1050.0,12800.0,5,6.0,5 of 6 Floor,Furnished,,,Apartment,Resale,Ready to Move,20260822,20260821.0,,,4320,Mumbai,94067.0,IC Colony,,N,,N,,"[""19201|Choice Super Market||167813|19239"", ""19203|Phoenix Hospital||154447|"", ""19203|MM Hospital||154449|""]",0.0,0.0,"19.249869503245,72.8491717870626",b,,,,F,False,,,,,,,,,2026-08-21T16:57:50.000Z,"Aug 21, '26",2024-10-25T18:30:00.000+00:00,2026-10-21T16:57:52.000Z,"Oct 21, '26",0,,,Bachelors/Family,2BHK Multistorey Apartment for Resale in IC Colony,,1050.0,IC Colony
277,,18000000.0,1.80 Cr,18274.0,18000000.0,19400000.0,2,2,,709.0,Sq-ft,985.0,12800.0,22,40.0,22 of 40 Floor,Semi-Furnished,,,Apartment,Resale,Under Construction,20260822,20260821.0,,,4320,Mumbai,94160.0,Mahavir Nagar Kandivali West,,N,Ruparel Sky Greens,N,,"[""19202|Orchids The International School, Malad||87394|19227"", ""19202|Aspee Nutan Academy||87396|19227"", ""19203|United Multispeciality Hospital||165297|19230""]",19.20504,72.833107,"19.2135242057782,72.8409438235301",b,12201 12202 12204 12205 12206 12207 12208 12209 12229 12530 12547 1404105 1404115 1404117 1404121 1404122 1404124 1404125 1404143,1404122 1404115 12229 1404125 1404124 1404105 12530 1404143,"Jogging and Strolling Track,,,,Earth quake resistant,",F,False,,,,,,,"NA|null,P51800012513|12/2021",,2026-08-21T10:34:19.000Z,"Aug 21, '26",2024-10-25T18:30:00.000+00:00,2027-01-03T10:34:19.000Z,"Jan 03, '27",0,,,Bachelors/Family,2BHK Multistorey Apartment for Resale in Ruparel Sky Greens at Mahavir Nagar Kandivali West,,985.0,Mahavir Nagar Kandivali West
278,Less than 5 years,16200000.0,1.62 Cr,22192.0,16200000.0,17700000.0,2,2,,526.0,Sq-ft,730.0,12800.0,4,20.0,4 of 20 Floor,Semi-Furnished,,,Apartment,Resale,Ready to Move,20260822,20260821.0,,,4320,Mumbai,78840.0,Bhandup West,,N,Shiv Bliss,N,,"[""19210|Tank Road Bus Stop||139418|19250"", ""19210|Nahur Railway Station||10868|19248"", ""19201|Hallmark Commercial Project||151389|"", ""19201|Dream Mall Grand Marshal Company||161609|19239"", ""19202|Our Lady Of Dollors High School Kalbadevi||78430|19227"", ""19202|NES Ratnam College of Arts, Science and Commerce||161613|19225"", ""19203|SAS Hospital||154981|"", ""19203|A.P.S. Multi-speciality Hospital and ICCU (Central)||161601|19230""]",19.1465578,72.9356293,"19.149901,72.931134",b,12201 12202 12203 12204 12205 12206 12208 12217 12227 12545 1404117 1404118 1404121 1404125 1404131 1404143,1404118 1404131 1404125 12217 12227 1404143,"Intercom Facility,Conference Room,",F,False,,,,,,,,,2026-08-21T10:35:19.000Z,"Aug 21, '26",2024-10-25T18:30:00.000+00:00,2027-01-03T10:35:19.000Z,"Jan 03, '27",0,,,Bachelors/Family,2BHK Multistorey Apartment for Resale in Shiv Bliss at Bhandup West,,730.0,Bhandup West
279,Less than 5 years,17000000.0,1.70 Cr,17347.0,17000000.0,18400000.0,2,2,,706.0,Sq-ft,980.0,12800.0,2,8.0,2 of 8 Floor,Furnished,,,Apartment,Resale,Ready to Move,20260822,20260821.0,,,4320,Mumbai,78867.0,Kandivali West,,N,Sai Dham Complex,N,,"[""19210|Mahavir Nagar Metro Station|5 minutes|88030|19249"", ""19210|Charkop Police Station Bus Stop||167757|19250"", ""19201|Sunrays Shopping Center Premises||151573|"", ""19202|Akshara Vidyalaya||146686|19227"", ""19202|Parul University||161739|19227"", ""19203|Aastha Hospital||161731|19230"", ""19203|RMS Hospital||154131|"", ""19206|La Care Mall||76978|19239"", ""19206|Akruti Shopping Centre||139614|19239""]",19.2021368,72.835162,"19.2101312179652,72.8305011930765",b,,,,F,False,,,,,,,,,2026-08-21T09:39:11.000Z,"Aug 21, '26",2024-10-25T18:30:00.000+00:00,2027-01-03T09:39:11.000Z,"Jan 03, '27",0,,,Bachelors/Family,2BHK Multistorey Apartment for Resale in Sai Dham Complex at Kandivali West,,980.0,Kandivali West
280,15 to 20 years,15500000.0,1.55 Cr,16316.0,15500000.0,16700000.0,2,2,,684.0,Sq-ft,950.0,12800.0,5,7.0,5 of 7 Floor,Unfurnished,,,Apartment,Resale,Ready to Move,20260822,20260821.0,,,4320,Mumbai,78885.0,Mira Road,,N,Shivalik Apartment,N,,"[""19210|Mira Road Railway Station||139198|19248"", ""19210|Mira Road Railway Station||140596|19248"", ""19202|Shree L R Tiwari College of Engineering||161789|19225"", ""19202|Royal College||157187|"", ""19203|Dr Pravin Singh||154315|"", ""19203|Bharat Ratna Indira Gandhi Hospital||154489|"", ""19206|Sahakari Bhandar||84896|19239"", ""19206|PVR Cinemas||139420|19239""]",19.26609,72.8779,"19.2829267647424,72.8627883689306",b,,,,F,False,,,,,,,,,2026-08-21T09:38:52.000Z,"Aug 21, '26",2024-10-25T18:30:00.000+00:00,2027-01-03T09:38:52.000Z,"Jan 03, '27",0,,,Bachelors/Family,2BHK Multistorey Apartment for Resale in Shivalik Apartment at Mira Road Area,,950.0,Mira Road Area
281,15 to 20 years,14500000.0,1.45 Cr,16022.0,14500000.0,15800000.0,2,2,,652.0,Sq-ft,905.0,12800.0,1,7.0,1 of 7 Floor,Unfurnished,,,Apartment,Resale,Ready to Move,20260822,20260821.0,,,4320,Mumbai,80084.0,Malad West,,N,Blue Arch,N,,"[""19210|Malad West Metro Station|5 minutes|163061|19249"", ""19210|Malad Depot Bus Stop||167715|19250"", ""19201|Utsav Shopping Centre||167701|19239"", ""19201|Kalpataru Plaza||151299|"", ""19202|Dr R Radhakrishnan International School||156851|"", ""19202|Veer Bhagat Singh Vidyalaya||147382|19227"", ""19203|Criticare Asia Hospital||154279|"", ""19203|Sun Hospital||154515|"", ""19206|Palm Court Shopping Complex||87494|19239"", ""19206|Phoenix Marketcity Mall||89180|19239""]",19.209755,72.8334435,"19.1940346300819,72.8257561606587",b,12202 12203 12208 12211 12214 12216 1404121,12214 12216,"Service/Goods Lift,Visitor Parking",F,False,,,,,,,,,2026-08-21T10:16:47.000Z,"Aug 21, '26",2024-10-25T18:30:00.000+00:00,2027-01-03T10:16:47.000Z,"Jan 03, '27",0,,,Bachelors/Family,2BHK Multistorey Apartment for Resale in Blue Arch at Malad West,,905.0,Malad West
282,New Construction,16000000.0,1.60 Cr,24390.0,16000000.0,17300000.0,2,2,,472.0,Sq-ft,656.0,12800.0,19,35.0,19 of 35 Floor,Unfurnished,,,Apartment,Resale,Ready to Move,20260822,20260821.0,,,4320,Mumbai,78866.0,Kandivali East,,N,Mahindra Roots,N,,"[""19210|Poisar Metro Station|5 minutes|161727|19249"", ""19210|Kandivali East Bus Stop||167741|19250"", ""19201|Infinity It Park||88746|19221"", ""19201|LIC Corporation||151127|"", ""19202|Thakur College of Engineering Technology||5373|19225"", ""19202|Nirmala Memorial Foundation College of Commerce & Science||161725|19225"", ""19203|Apex Hospital||153269|"", ""19203|ESIC Hospital||154947|"", ""19206|Reliance Mall Borivali||89062|19239"", ""19206|Star Bazaar||84714|19239""]",19.2009005,72.8674188,"19.2050017,72.8692711",b,12201 12202 12203 12204 12205 12206 12207 12208 12209 12211 12212 12213 12214 12215 12216 12217 12218 12219 12220 12221 12222 12223 12224 12225 12226 12227 12228 12229 12230 12233 12234 12235 12236 12237 12238 12239 12520 12521 12524 12527 12528 12532 12533 12538 12557 12558 12560 12561 12562,12560 12561 12234 12527 12562 12528 12236 12235 12239 12532 12557 12521 12520 12237 12558 12225 12538 12533 12524 12238 12215 12224 12229 12230 12220 12221 12223 12214 12216 12217 12227 12233,"Water Front,Hilltop,Skyline View,Sea facing,Smart Home,Skydeck,Island Kitchen Layout,Wrap Around Balcony,Concierge Services,Theme based Architectures,Wine Cellar,Private pool ,Helipad,Full Glass Wall,Sky Villa,Bar/Lounge,Fingerprint Access,Health club with Steam / Jaccuzi,Golf Course,House help accommodation,Air Conditioned,Banquet Hall,Jogging and Strolling Track,Outdoor Tennis Courts,Laundry Service,Internet/Wi-Fi Connectivity,RO Water System,Service/Goods Lift,Visitor Parking,Intercom Facility,Conference Room,Downtown",F,False,,,,,,,"NA|null,P51800016833|09/2022",,2026-08-21T14:04:54.000Z,"Aug 21, '26",2024-10-25T18:30:00.000+00:00,2027-01-03T14:04:54.000Z,"Jan 03, '27",0,,,Bachelors/Family,2BHK Multistorey Apartment for Resale in Mahindra Roots at Kandivali East,,656.0,Kandivali East
283,New Construction,12300000.0,1.23 Cr,21964.0,12300000.0,13400000.0,2,2,,403.0,Sq-ft,560.0,12800.0,2,16.0,2 of 16 Floor,Unfurnished,,,Apartment,Resale,Ready to Move,20260822,20260821.0,,,4320,Mumbai,78860.0,Ghatkopar West,,N,Neelyog Veydaanta,N,,"[""19210|Ghatkopar Metro Station|5 minutes|165223|19249"", ""19210|Ghatkopar Station (W) Bus Stop||161701|19250"", ""19201|Lodha Boulevard||139760|19221"", ""19201|Goldcrest Business Park||151403|"", ""19202|Mumbai Public School||156515|"", ""19202|Ramniranjan Jhunjhunwala College of Arts. Science & Commerce||161703|19225"", ""19203|Supreme Multi Speciality Hospital LLP||161707|19230"", ""19203|Dr Praful Lokhande?s Shantiniketan Hospital||140442|19230"", ""19206|INOX- R City||140954|19239"", ""19206|R City Mall||79116|19239""]",19.0910643,72.9137489,"19.0908063,72.9076669",b,12201 12202 12207 12208 12209 12211 12213 12214 12217 12219 12221 12223,12221 12223 12214 12217,"Internet/Wi-Fi Connectivity,RO Water System,Service/Goods Lift,Intercom Facility",F,False,,,,,,,"NA|null,P51800001645|12/2000",,2026-08-21T12:46:19.000Z,"Aug 21, '26",2024-10-25T18:30:00.000+00:00,2027-01-03T12:46:19.000Z,"Jan 03, '27",0,,,Bachelors/Family,2BHK Multistorey Apartment for Resale in Neelyog Veydaanta at Ghatkopar West,,560.0,Ghatkopar West
284,,13500000.0,1.35 Cr,18000.0,13500000.0,14700000.0,2,2,,540.0,Sq-ft,750.0,12800.0,7,21.0,7 of 21 Floor,Unfurnished,,,Apartment,Resale,Under Construction,20260822,20260821.0,,,4320,Mumbai,78867.0,Kandivali West,,N,Divya Shree Abhishek CHSL,N,,"[""19210|Mahavir Nagar Metro Station|5 minutes|88030|19249"", ""19210|P. Thackeray Nagar Bus Stop||165303|19250"", ""19201|Sunrays Shopping Center Premises||151573|"", ""19202| Sheth Nl High School||87400|19227"", ""19202|Nagindas Khandwala College||87398|19227"", ""19203|Shivam Hospital Super Multispeciality Hospital||139976|19230"", ""19203|Nidhi Nursing Home||154477|"", ""19206|Apna Bazar||139428|19239"", ""19206|Raghuleela Mall||10630|19239""]",19.2199809,72.8296174,"19.2101312179652,72.8305011930765",b,12202 12203 12206 1404143,1404143,,F,False,,,,,,,"NA|null,P51800002222|05/2020",,2026-08-21T12:44:38.000Z,"Aug 21, '26",2024-10-25T18:30:00.000+00:00,2027-01-03T12:44:38.000Z,"Jan 03, '27",0,,,Bachelors/Family,2BHK Multistorey Apartment for Resale in Divya Shree Abhishek CHSL at Kandivali West,,750.0,Kandivali West
285,10 to 15 years,12400000.0,1.24 Cr,13053.0,12400000.0,13500000.0,2,2,,684.0,Sq-ft,950.0,12800.0,2,7.0,2 of 7 Floor,Unfurnished,,,Apartment,Resale,Ready to Move,20260822,20260821.0,,,4320,Mumbai,60121.0,Goregaon East,,N,New dindoshi Omkar CHS,N,,"[""19210|Aarey Metro Station|5 minutes|165285|19249"", ""19201|Nirlon Knowledge Park||78250|19221"", ""19201|Gokuldham Shopping Centre||167697|19239"", ""19202|Mumbai Public School||157011|"", ""19202|Ib Patel School||88470|19227"", ""19203|Sunita Multi-Speciality Hospital||153221|"", ""19203|H B T Trauma Care Municipal Hospital||140736|19231"", ""19206|Oberoi Mall||10718|19239"", ""19206|The Hub Mall,||140516|19239""]",19.1752066,72.8614763,"19.1562110822264,72.8758090633208",b,12202 12217,12217,Intercom Facility,F,False,,,,,,,,,2026-08-21T12:42:56.000Z,"Aug 21, '26",2024-10-25T18:30:00.000+00:00,2027-01-03T12:42:56.000Z,"Jan 03, '27",0,,,Bachelors/Family,2BHK Multistorey Apartment for Resale in New dindoshi Omkar CHS at Goregaon East,,950.0,Goregaon East
286,New Construction,23000000.0,2.30 Cr,,21200000.0,23000000.0,2,2,,528.0,Sq-ft,,,4,22.0,4 of 22 Floor,Unfurnished,South,Pool,Apartment,Resale,Ready to Move,20260822,,,,4320,Mumbai,,,,Y,,Y,,,0.0,0.0,,b,12202 12205 12209 12217 12223 12224,12224 12223 12217,"Banquet Hall,RO Water System,Intercom Facility",F,False,,,,,,,,Co-operative Society,2026-08-22T15:12:53.000Z,Yesterday,2026-08-21T18:30:00.000+00:00,2027-01-04T15:12:53.000Z,"Jan 04, '27",0,,,Bachelors/Family,2BHK Multistorey Apartment for Resale in ,,,
287,5 to 10 years,25000000.0,2.50 Cr,26316.0,23000000.0,25000000.0,2,2,3.0,780.0,Sq-ft,950.0,12800.0,10,20.0,10 of 20 Floor,Furnished,West,Garden/Park,Apartment,Resale,Ready to Move,20260822,,,,4320,Mumbai,94060.0,Mindspace,,Y,K Raheja Interface Heights,N,"2 min walk to Infinity Mall, Malad5 min walk to Malad Metro Station","[""19201|Infiniti Mall||167721|19239"", ""19201|Paradigm Comercial||151405|"", ""19202|Dr. Sarvepalli Radhakrishnan International School||87504|19227"", ""19202|Vidgyor School||157099|"", ""19203|Criticare Asia Hospital||154279|"", ""19206|Fbb||84814|19239"", ""19206|Palm Court Shopping Complex||87494|19239""]",19.18642,72.83092,"19.18345,72.83243",b,12201 12202 12203 12204 12205 12206 12207 12208 12209 12213 12216 12217 12221 12224 12226 12228,12224 12221 12216 12217,"Banquet Hall,Internet/Wi-Fi Connectivity,Visitor Parking,Intercom Facility",F,False,2 Open,Water Availability 24 Hours Available,No/Rare Powercut,,,Wooden,,Co-operative Society,2026-08-22T10:22:38.000Z,Yesterday,2026-08-21T18:30:00.000+00:00,2027-01-04T10:22:38.000Z,"Jan 04, '27",0,,Y,Bachelors/Family,2BHK Multistorey Apartment for Resale in K Raheja Interface Heights at Mindspace,None of these,950.0,Mindspace
288,5 to 10 years,23500000.0,2.35 Cr,18077.0,21200000.0,23500000.0,2,2,4.0,900.0,Sq-ft,1300.0,12800.0,2,22.0,2 of 22 Floor,Furnished,East,Main Road,Apartment,Resale,Ready to Move,20260823,20260823.0,,,4320,Mumbai,60123.0,Goregaon West,,Y,Raj Spaces Apartment,N,,"[""19210|Lower Malad Metro Station|5 minutes|167695|19249"", ""19210|Goregaon Police Station Bus Stop||165281|19250"", ""19201|Bhagwati Shopping Centre||160521|19239"", ""19201|Mindspace Malad||88728|19221"", ""19202|Vivek Vidyalaya||156853|"", ""19202|Vivek Vidyalaya||146412|19227"", ""19203|Kapadia Multi-Speciality Hospital||153831|"", ""19203|Matoshree Gomanti Hospital||154321|"", ""19206|Vijay Sales||140202|19239"", ""19206|InOrbit Mall||148170|19239""]",19.1733,72.84397,"19.1630920855215,72.8398088005091",b,12201 12202 12204 12207 12208 12209 12213 12215 12216 12217,12215 12216 12217,"Air Conditioned,Visitor Parking,Intercom Facility",F,False,1 Covered,Water Availability 24 Hours Available,No/Rare Powercut,,,Vitrified,,Freehold,2026-08-22T23:38:00.000Z,Today,2026-08-19T18:30:00.000+00:00,2026-12-20T23:38:00.000Z,"Dec 21, '26",0,0.0,Y,Bachelors/Family,2BHK Multistorey Apartment for Resale in Raj Spaces Apartment at Goregaon West,,1300.0,Goregaon West
289,Above 20 years,25000000.0,2.50 Cr,33333.0,23000000.0,25000000.0,2,2,,550.0,Sq-ft,750.0,12800.0,3,3.0,3 of 3 Floor,Semi-Furnished,East,Main Road,Apartment,Resale,Ready to Move,20260822,,,,4320,Mumbai,78876.0,Mahim,,Y,Ideal Home,N,The Property is close to Matunga Road Station.,"[""19210|Mahim Junction Railway Station||88330|19248"", ""19202|Xavier Institute of Engineering||5333|19225"", ""19202|Victoria High School Mahim||82086|19227"", ""19203|P. D. Hinduja Hospital and Medical Research Centre||161769|19230"", ""19203|Dr Jhaveri Hospital||74630|19230"", ""19206|Phoenix Marketcity Mall||88328|19239""]",19.03196,72.84473,"19.0388120275329,72.8419652875755",b,12208 12209 12211 12213 12215,12215,Air Conditioned,F,False,1 Open,Water Availability 24 Hours Available,No/Rare Powercut,4000.0,Monthly,"Mosaic,Vitrified",,Freehold,2026-08-21T15:29:37.000Z,"Aug 21, '26",2026-08-21T18:30:00.000+00:00,2027-01-02T18:30:00.000Z,"Jan 03, '27",0,2.0,,Bachelors/Family,2BHK Multistorey Apartment for Resale in Ideal Home at Mahim,,750.0,Mahim
290,15 to 20 years,19000000.0,1.90 Cr,25606.0,17100000.0,19000000.0,2,2,,505.0,Sq-ft,742.0,12800.0,7,7.0,7 of 7 Floor,Furnished,,,Apartment,Resale,Ready to Move,20260823,20260823.0,,,4320,Mumbai,,,,Y,,N,,,0.0,0.0,,b,12202 12209 12211 12212 12213 12217 12228,12217,Intercom Facility,F,False,,,,,Monthly,,,,2026-08-22T21:31:24.000Z,Today,2024-10-01T18:30:00.000+00:00,2026-12-20T21:31:24.000Z,"Dec 21, '26",0,0.0,,Bachelors/Family,2BHK Multistorey Apartment for Resale in ,,742.0,
291,Less than 5 years,19500000.0,1.95 Cr,,19500000.0,21300000.0,2,2,,783.0,Sq-ft,,,9,22.0,9 of 22 Floor,Unfurnished,West,,Apartment,Resale,Ready to Move,20260823,20260823.0,,,4320,Mumbai,60123.0,Goregaon West,,Y,,N,,"[""19210|Lower Malad Metro Station|5 minutes|167695|19249"", ""19210|Goregaon Station (E) Bus Stop||167685|19250"", ""19201|Bhagwati Shopping Centre||160521|19239"", ""19201|Gokul Super Market||165275|"", ""19202|Lords Universal College||87200|19227"", ""19202|Mount Mary High School||87198|19227"", ""19203|Prarthana Hospital and ICU||160523|19230"", ""19203|Shiddhart BMC Hospital||154263|"", ""19206|Vijay Sales||140202|19239"", ""19206|InOrbit Mall||148170|19239""]",19.1630916595459,72.83980560302734,"19.1630920855215,72.8398088005091",b,12201 12202 12209 12217 12224,12224 12217,"Banquet Hall,Intercom Facility",F,False,,,,,,Vitrified,,Freehold,2026-08-22T23:35:41.000Z,Today,2026-06-10T18:30:00.000+00:00,2026-12-20T23:35:41.000Z,"Dec 21, '26",0,0.0,,Bachelors/Family,2BHK Multistorey Apartment for Resale in Goregaon West,Study,,Goregaon West
292,15 to 20 years,18900000.0,1.89 Cr,29077.0,17400000.0,18900000.0,2,2,,500.0,Sq-ft,650.0,12800.0,8,12.0,8 of 12 Floor,Semi-Furnished,East,,Apartment,Resale,Ready to Move,20260823,20260823.0,,,4320,Mumbai,60121.0,Goregaon East,,Y,Acme Amay,N,Udupi hotel,"[""19210|Aarey Metro Station|5 minutes|165285|19249"", ""19201|Vakratunda Corporate Park||81868|19221"", ""19201|Gokuldham Shopping Centre||167697|19239"", ""19202|St. Thomas High School||156865|"", ""19202|St. Thomas High School||88464|19227"", ""19203|Hira Surgical||153803|"", ""19203|Sunita Multi-Speciality Hospital||153221|"", ""19206|The Hub Mall,||140516|19239"", ""19206|Oberoi Mall||10718|19239""]",19.16858,72.85402,"19.1562110822264,72.8758090633208",b,12201 12202 12203 12204 12206 12207 12208 12209 12211 12213 12214 12215 12216 12217 12218 12219 12220 12221 12222 12223 12228 12229,12215 12229 12220 12221 12223 12214 12216 12217,"Air Conditioned,Jogging and Strolling Track,Laundry Service,Internet/Wi-Fi Connectivity,RO Water System,Service/Goods Lift,Visitor Parking,Intercom Facility",F,False,1 Open,Water Availability 24 Hours Available,No/Rare Powercut,0.0,Monthly,"Vitrified,Ceramic Tiles",,Freehold,2026-08-22T23:34:55.000Z,Today,2026-08-15T18:30:00.000+00:00,2026-12-20T23:34:55.000Z,"Dec 21, '26",0,0.0,Y,Bachelors/Family,2BHK Multistorey Apartment for Resale in Acme Amay at Goregaon East,,650.0,Goregaon East
293,5 to 10 years,22000000.0,2.20 Cr,27919.0,22000000.0,23800000.0,2,2,,630.0,Sq-ft,788.0,12800.0,9,10.0,9 of 10 Floor,Semi-Furnished,South,Main Road,Apartment,Resale,Ready to Move,20260823,20260823.0,,,4320,Mumbai,60017.0,Andheri East,,Y,Gokul Valley,N,JB Nagar Circle,"[""19210|Andheri metro station, Mumbai|5 minutes|8694|19249"", ""19210|Juna Nagardas Road||138808|19250"", ""19201|Mirchandani Business Park||77718|19221"", ""19201|Solitaire Corporate Park||80672|19221"", ""19202|The Little Flower Education Group||157091|"", ""19202|Bombay Cambridge International School||156749|"", ""19203|Lt Hospital||77186|19230"", ""19203|Carewell Nursing Home||73770|19232"", ""19206|Akruti One World Mall||10670|19239"", ""19206|Metro Mart NX||84754|19239""]",19.1086977,72.8630405,"19.1154908,72.8726952",b,12201 12202 12208 12209 12211 12213 12214 12215 12216 12217 12218 12219 12221 12223 12228,12215 12221 12223 12214 12216 12217,"Air Conditioned,Internet/Wi-Fi Connectivity,RO Water System,Service/Goods Lift,Visitor Parking,Intercom Facility",F,False,,,,0.0,Monthly,Vitrified,,Co-operative Society,2026-08-22T23:34:13.000Z,Today,2026-06-08T18:30:00.000+00:00,2026-12-20T23:34:13.000Z,"Dec 21, '26",0,0.0,Y,Bachelors/Family,2BHK Multistorey Apartment for Resale in Gokul Valley at Andheri East,,788.0,Andheri East
294,Less than 5 years,22000000.0,2.20 Cr,27500.0,22000000.0,23800000.0,2,2,,576.0,Sq-ft,800.0,12800.0,5,15.0,5 of 15 Floor,Semi-Furnished,,,Apartment,Resale,Ready to Move,20260822,20260822.0,,,4320,Mumbai,78895.0,Santacruz East,,Y,Kalpataru Primus Residences,N,,"[""19210|Kolivery Village Bus Stop||139096|19250"", ""19210|Vakola Bridge||139984|19250"", ""19201|Walk2Mart Super Market - Kalina||161845|19239"", ""19201|Yes Bank Office||151129|"", ""19202|Kalina University of Mumbai||164985|19227"", ""19202|Mumbai Public School||156493|"", ""19203|Sanjeevani Hospital||154277|"", ""19203|Sparsh Hospital||154275|"", ""19206|Hi- Life Mall||87962|19239"", ""19206|Matro Mall||86710|19239""]",19.07455,72.84954,"19.0799983,72.8545019",b,,,,F,False,,,,,,,,,2026-08-21T19:46:40.000Z,Yesterday,2024-10-26T18:30:00.000+00:00,2026-10-21T19:46:40.000Z,"Oct 22, '26",0,,,Bachelors/Family,2BHK Multistorey Apartment for Resale in Kalpataru Primus Residences at Santacruz East,,800.0,Santacruz East
295,Above 20 years,20000000.0,2 Cr,22222.0,20000000.0,21600000.0,2,2,,648.0,Sq-ft,900.0,12800.0,4,7.0,4 of 7 Floor,Furnished,,,Apartment,Resale,Ready to Move,20260822,20260822.0,,,4320,Mumbai,78859.0,Ghatkopar East,,Y,Shankheswar Apartment,N,,"[""19210|Ghatkopar Railway Station||10846|19248"", ""19201|S K Super Market||161695|19239"", ""19201|Der Deutsche Parkz||88858|19221"", ""19202|Vidya Bhavan||146308|19227"", ""19202|Dominic Savio Vidyalaya||87692|19227"", ""19203|Head & Neck Cancer Hospital||154177|"", ""19203|Kamdar Nursing Home||76570|19232"", ""19206|Platinum Mall||10788|19239"", ""19206|R Odeon Mall||10640|19239""]",19.07439,72.91118,"19.07907,72.907976",b,,,,F,False,,,,,,,,,2026-08-21T19:39:58.000Z,Yesterday,2024-10-26T18:30:00.000+00:00,2026-10-21T19:39:58.000Z,"Oct 22, '26",0,,,Bachelors/Family,2BHK Multistorey Apartment for Resale in Shankheswar Apartment at Ghatkopar East,,900.0,Ghatkopar East
296,15 to 20 years,25000000.0,2.50 Cr,31250.0,25000000.0,27000000.0,2,2,,576.0,Sq-ft,800.0,12800.0,2,7.0,2 of 7 Floor,Unfurnished,,,Apartment,Resale,Ready to Move,20260822,20260822.0,,,4320,Mumbai,78908.0,Vile Parle East,,Y,Pragati Apartment,N,,"[""19210|Vile Parle Railway Station||10924|19248"", ""19210|Vile Parle Police Station (E) Bus Stop||167609|19250"", ""19201|Parle Square Mall||161863|19239"", ""19202|SVKM's Mithibai College of Arts||161865|19225"", ""19202|Parle Tilak Vidyalaya||146402|19227"", ""19203|Madhavbhag||153779|"", ""19203|Shirodkar Hospital||140376|19230"", ""19206|Agarwal Market||84850|19239"", ""19209|Chhatrapati Shivaji Maharaj International Airport Mumbai Terminal 1||73956|19247"", ""19209|Chhatrapati Shivaji Maharaj International Airport Mumbai Terminal 2||73958|19247""]",19.10469,72.85267,"19.10046297,72.84924449",b,,,,F,False,,,,,,,,,2026-08-21T19:41:17.000Z,Yesterday,2024-10-26T18:30:00.000+00:00,2026-10-21T19:41:17.000Z,"Oct 22, '26",0,,,Bachelors/Family,2BHK Multistorey Apartment for Resale in Pragati Apartment at Vile Parle East,,800.0,Vile Parle East
297,,23200000.0,2.32 Cr,33143.0,23200000.0,25300000.0,2,2,,504.0,Sq-ft,700.0,12800.0,6,23.0,6 of 23 Floor,Semi-Furnished,,,Apartment,Resale,Under Construction,20260822,20260822.0,,,4320,Mumbai,78838.0,Bandra East,,Y,Rustomjee Erika,N,,"[""19210|Bandra-Kurla Complex Metro Station|5 minutes|161585|19249"", ""19210|ICICI Bank BKC Bus Stop||161587|19250"", ""19201|ONGC||151575|"", ""19201|EPFO||151577|"", ""19202|Arya Vidya Mandir||146210|19227"", ""19202|Mumbai Public School||157021|"", ""19203|Dr. Agarwal Children Hospital||154247|"", ""19203|Guru Nanak Hospital||154151|"", ""19206|VN Mall||10760|19239"", ""19206|Meena Bazar||84822|19239""]",19.0584203,72.8449028,"19.062055421515,72.8541362644682",b,12201 12202 12203 12204 12205 12206 12207 12209 12217 12543 12547 12581 1404143,12581 12217 1404143,"Kids play area,Intercom Facility,",F,False,,,,,,,"NA|null,P51800033014|-1",,2026-08-21T19:59:58.000Z,Yesterday,2024-10-26T18:30:00.000+00:00,2026-10-21T19:59:58.000Z,"Oct 22, '26",0,,,Bachelors/Family,2BHK Multistorey Apartment for Resale in Rustomjee Erika at Bandra East,,700.0,Bandra East
298,,24700000.0,2.47 Cr,32933.0,24700000.0,26900000.0,2,2,,540.0,Sq-ft,750.0,12800.0,24,40.0,24 of 40 Floor,Semi-Furnished,,,Apartment,Resale,Under Construction,20260822,20260822.0,,,4320,Mumbai,60419.0,Wadala,,Y,Ajmera Manhattan,N,,"[""19210|Naigaon (W) Bus Stop||160543|19250"", ""19210|Wadala Bridge Monorail Station||87372|19248"", ""19201| Indiabulls Finance Centre||88306|19221"", ""19202| Institute Of Chemical Technology (Ict)||87378|19225"", ""19202|Auxilium International School||156513|""]",19.0311888,72.879502,"19.012216203088,72.8604594318626",b,12201 12202 12203 12204 12205 12206 12207 12208 12209 12213 12215 12217 12218 12219 12220 12224 12227 12228 12234 12239 12521 12522 12523 12526 12527 12528 12530 12533 12534 12535 12536 12537 12538 12539 12540 12541 12543 12545 12546 12547 12581 12583 1404105 1404110 1404117 1404118 1404120 1404123 1404124 1404125 1404126 1404130 1404143 1404161,12234 12527 12528 12522 12239 12521 12526 12538 12539 12581 12533 12540 12536 12535 12583 1404118 1404123 12215 12224 12523 12534 12537 12546 12541 12220 1404125 1404124 1404105 12530 12217 12227 1404143,"Skyline View,Sea facing,Skydeck,Private jaccuzi,Concierge Services,Private pool ,Pool with temperature control ,Fingerprint Access,Grand Entrance lobby,Kids play area,Health club with Steam / Jaccuzi,Premium branded fittings,3 Tier Security System,Large Clubhouse ,Library,,,Air Conditioned,Banquet Hall,Mini Cinema Theatre,Located in the Heart of city,Large Open space,Guest lobby in each floor,AC in each room ,Laundry Service,,,,Earth quake resistant,Intercom Facility,Conference Room,",F,False,,,,,,,"NA|null,P51800032948|-1,PR1180002500822|-1",,2026-08-21T19:59:47.000Z,Yesterday,2024-10-26T18:30:00.000+00:00,2026-10-21T19:59:48.000Z,"Oct 22, '26",0,,,Bachelors/Family,2BHK Multistorey Apartment for Resale in Ajmera Manhattan at Wadala,,750.0,Wadala
299,,19900000.0,1.99 Cr,22111.0,19900000.0,21500000.0,2,2,,648.0,Sq-ft,900.0,12800.0,5,13.0,5 of 13 Floor,Unfurnished,,,Apartment,Resale,Under Construction,20260822,20260822.0,,,4320,Mumbai,85648.0,Chandivali,,Y,Mahindra Alcove,N,,"[""19210|Oshiwara Police Station Bus Stop||165269|19250"", ""19201|Aeromall||167267|19239"", ""19201|Nilkanth Super Market||164397|19239"", ""19202|Kamla Raheja Vidhyhi Institute for Architecture||5367|19225"", ""19202|Abhay International School||89210|19227"", ""19203|Nahar Medical Center||154135|"", ""19203|Nirali||153611|"", ""19206|DMart||147908|19239""]",19.1081314,72.8903124,"19.1104892624542,72.899191014387",b,12201 12202 12203 12204 12205 12206 12207 12208 12209 12211 12214 12215 12216 12218 12219 12221 12223 12224 12225 12226 12227 12228 12229 12230 12233 12237 12239 12525 12535 12538 12543 12545 12555 12560 12562 1404105 1404117 1404124,12560 12562 12239 12237 12525 12225 12538 12535 12215 12224 12229 12230 12555 1404124 1404105 12221 12223 12214 12216 12227 12233,"Water Front,Smart Home,Concierge Services,Full Glass Wall,Infinity Swimming Pool,Bar/Lounge,Fingerprint Access,Large Clubhouse ,Air Conditioned,Banquet Hall,Jogging and Strolling Track,Outdoor Tennis Courts,Private Garage,,,Internet/Wi-Fi Connectivity,RO Water System,Service/Goods Lift,Visitor Parking,Conference Room,Downtown",F,False,,,,,,,"NA|null,P51800028352|-1,P51800031699|-1,P51800033573|-1",,2026-08-21T19:35:19.000Z,Yesterday,2024-10-26T18:30:00.000+00:00,2026-10-21T19:35:20.000Z,"Oct 22, '26",0,,,Bachelors/Family,2BHK Multistorey Apartment for Resale in Mahindra Alcove at Chandivali,,900.0,Chandivali
300,15 to 20 years,21000000.0,2.10 Cr,20608.0,21000000.0,22900000.0,2,2,,734.0,Sq-ft,1019.0,12800.0,9,15.0,9 of 15 Floor,Furnished,,,Apartment,Resale,Ready to Move,20260822,20260822.0,,,4320,Mumbai,94018.0,Prem Nagar Goregaon West,,N,Acme Complex 2A,N,,"[""19210|Lower Malad Metro Station|5 minutes|167695|19249""]",19.17331,72.84008,"19.1704641760473,72.8386889823124",b,,,,F,False,,,,,,,,,2026-08-21T19:30:07.000Z,Yesterday,2024-10-26T18:30:00.000+00:00,2026-10-21T19:30:08.000Z,"Oct 22, '26",0,,,Bachelors/Family,2BHK Multistorey Apartment for Resale in Acme Complex 2A at Prem Nagar Goregaon West,,1019.0,Prem Nagar Goregaon West
301,15 to 20 years,20000000.0,2 Cr,20000.0,20000000.0,21800000.0,2,2,,720.0,Sq-ft,1000.0,12800.0,1,7.0,1 of 7 Floor,Unfurnished,,,Apartment,Resale,Ready to Move,20260822,20260822.0,,,4320,Mumbai,60042.0,Bhandup East,,N,Akashdeep Apartment,N,,"[""19202|Menon Collage||156871|"", ""19202|VK Krishna Menon College||82270|19225"", ""19203|Shayle Nursing Home||80296|19232"", ""19203|Fortis Hospital||154153|"", ""19206|Neptune Magnet||87528|19239""]",19.43066,72.77976,"19.1401705,72.9431038",b,,,,F,False,,,,,,,,,2026-08-21T19:31:24.000Z,Yesterday,2024-10-26T18:30:00.000+00:00,2026-10-21T19:31:25.000Z,"Oct 22, '26",0,,,Bachelors/Family,2BHK Multistorey Apartment for Resale in Akashdeep Apartment at Bhandup East,,1000.0,Bhandup East
302,,24800000.0,2.48 Cr,21889.0,24800000.0,27000000.0,2,2,,816.0,Sq-ft,1133.0,12800.0,20,40.0,20 of 40 Floor,Unfurnished,,,Apartment,Resale,Under Construction,20260822,20260822.0,,,4320,Mumbai,60419.0,Wadala,,N,Godrej Horizon,N,,"[""19210|Wadala Bridge Monorail Station||87372|19248"", ""19210|Prabhadevi Railway Station||89134|19248"", ""19201| Indiabulls Finance Centre||88306|19221"", ""19202|Sacred Heart High School||89140|19227"", ""19202|St Joseph's High School||156511|""]",19.0146508,72.8565735,"19.012216203088,72.8604594318626",b,12201 12202 12203 12204 12205 12207 12209 12211 12213 12216 12217 12218 12219 12229 12526 12530 12535 12536 12538 12539 12543 12549 12581 1404107 1404118 1404124 1404149 1404152 1404155,12526 1404152 12538 12539 12581 12536 12535 1404118 12229 1404124 12530 12216 12217,"Pool with temperature control ,,Fingerprint Access,Grand Entrance lobby,Kids play area,3 Tier Security System,Large Clubhouse ,,Jogging and Strolling Track,,Earth quake resistant,Visitor Parking,Intercom Facility",F,False,,,,,,,"NA|null,P51900034851|-1,P51900049757|-1",,2026-08-21T20:01:22.000Z,Yesterday,2024-10-26T18:30:00.000+00:00,2026-10-21T20:01:22.000Z,"Oct 22, '26",0,,,Bachelors/Family,2BHK Multistorey Apartment for Resale in Godrej Horizon at Wadala,,1133.0,Wadala
303,Less than 5 years,21000000.0,2.10 Cr,19091.0,21000000.0,23100000.0,2,2,,670.0,Sq-ft,1100.0,12800.0,20,50.0,20 of 50 Floor,Semi-Furnished,East,"Garden/Park, Pool, Main Road",Apartment,Resale,Ready to Move,20260822,20260822.0,,,4320,Mumbai,160917.0,CGS Colony Kanjurmarg East,,Y,Runwal Bliss,N,Kanjurmarg Railway Station,,19.13143,72.93419,"19.13985208,72.93746747",b,12201 12202 12206 12207 12208 12209 12211 12213 12215 12216 12217 12219 12220 12221 12222 12223 12228 12231 12531 12536 12541 12542 12547 1005006,12231 12531 12536 12215 12542 12541 12220 12221 12223 12216 12217,"Farm-House,Central AC ,3 Tier Security System,Air Conditioned,All wooden flooring,AC in each room ,Laundry Service,Internet/Wi-Fi Connectivity,RO Water System,Visitor Parking,Intercom Facility",F,False,"1 Covered, 1 Open",Water Availability 24 Hours Available,No/Rare Powercut,6000.0,Monthly,"Vitrified,Marble,Granite","NA|null,P51800001296|12/2023,P51800001477|12/2023,P51800001670|12/2023,P51800001903|12/2023,P51800005684|12/2023,P51800032824|-1,P51800035134|-1,P51800050459|-1,P51800050459|-1",Freehold,2026-08-21T23:31:52.000Z,Yesterday,2026-07-14T18:30:00.000+00:00,2026-12-19T23:31:52.000Z,"Dec 20, '26",0,1.0,Y,Bachelors/Family,2BHK Multistorey Apartment for Resale in Runwal Bliss at CGS Colony Kanjurmarg East,Store,1100.0,CGS Colony Kanjurmarg East
304,Above 20 years,21500000.0,2.15 Cr,21500.0,19600000.0,21500000.0,2,2,,800.0,Sq-ft,1000.0,12800.0,6,10.0,6 of 10 Floor,Furnished,East,Main Road,Apartment,Resale,Ready to Move,20260820,,,,4320,Mumbai,95970.0,Sector 1 Charkop,,N,Amit Tower,N,"Close to Metro Station, Reputed Schools, D Mart and Croma","[""19203|Sakuntala Nursing Home||154099|""]",19.2129635,72.8242133999999,"19.2117060662206,72.8267122505131",b,12202 12208,,,F,False,1 Covered,Water Availability 24 Hours Available,No/Rare Powercut,,,"Granite,Marble",,Co-operative Society,2026-08-20T06:42:48.000Z,"Aug 20, '26",2026-08-19T18:30:00.000+00:00,2027-01-02T06:42:48.000Z,"Jan 02, '27",0,2.0,,Bachelors/Family,2BHK Multistorey Apartment for Resale in Amit Tower at Sector 1 Charkop,,1000.0,Sector 1 Charkop
305,Less than 5 years,20500000.0,2.05 Cr,18981.0,20500000.0,22100000.0,2,2,,778.0,Sq-ft,1080.0,12800.0,15,15.0,15 of 15 Floor,Semi-Furnished,,,Apartment,Resale,Ready to Move,20260822,20260821.0,,,4320,Mumbai,78847.0,Chembur,,N,Godrej Central,N,,"[""19210|Dr. Ambedkar Udyaan / Chembur Railway Station Bus Stop||167577|19250"", ""19210|Ashok Nagar Bus Stop||161639|19250"", ""19201| Peninsula Corporate Park||88684|19221"", ""19201|India Bulls Finance Centre||88688|19221"", ""19202|St. Sebastian High School||88070|19227"", ""19202|Mumbai Public School||157219|"", ""19203|Srv Hospital||154297|"", ""19203|Jai Hind Hospital||153801|"", ""19206|K Star Mall||84848|19239"", ""19206|Cubic Mall||88056|19239""]",19.06722,72.89063,"19.0459181155422,72.8975231581492",b,12201 12202 12203 12204 12205 12206 12207 12208 12209 12211 12212 12213 12214 12215 12216 12217 12218 12219 12220 12221 12222 12223 12224 12225 12226 12227 12228 12229 12230 12237 12556 12560,12560 12556 12237 12225 12215 12224 12229 12230 12220 12221 12223 12214 12216 12217 12227,"Water Front,Fireplace,Full Glass Wall,Bar/Lounge,Air Conditioned,Banquet Hall,Jogging and Strolling Track,Outdoor Tennis Courts,Laundry Service,Internet/Wi-Fi Connectivity,RO Water System,Service/Goods Lift,Visitor Parking,Intercom Facility,Conference Room",F,False,,,,,,,,,2026-08-21T17:26:28.000Z,"Aug 21, '26",2024-10-25T18:30:00.000+00:00,2026-10-21T17:26:32.000Z,"Oct 21, '26",0,,,Bachelors/Family,2BHK Multistorey Apartment for Resale in Godrej Central at Chembur,,1080.0,Chembur
306,Less than 5 years,20000000.0,2 Cr,28129.0,20000000.0,21800000.0,2,2,,512.0,Sq-ft,711.0,12800.0,1,14.0,1 of 14 Floor,Semi-Furnished,,,Apartment,Resale,Ready to Move,20260822,20260821.0,,,4320,Mumbai,78847.0,Chembur,,N,Godrej Central,N,,"[""19210|Chembur Camp Bus Stop||140876|19250"", ""19210|Chembur Railway Station||10930|19248"", ""19201| Peninsula Corporate Park||88684|19221"", ""19201|Marathon Futurex||88686|19221"", ""19202|Rbk International School||156863|"", ""19202|Universal High School||157107|"", ""19203|Surana Sethia Hospital||154471|"", ""19203|Surana Sethia Hopsital||10510|19230"", ""19206|Phoenix Marketcity Mall||87908|19239"", ""19206|Food Bazaar||84730|19239""]",19.06722,72.89063,"19.0459181155422,72.8975231581492",b,12201 12202 12203 12204 12205 12206 12207 12208 12209 12211 12212 12213 12214 12215 12216 12217 12218 12219 12220 12221 12222 12223 12224 12225 12226 12227 12228 12229 12230 12237 12556 12560,12560 12556 12237 12225 12215 12224 12229 12230 12220 12221 12223 12214 12216 12217 12227,"Water Front,Fireplace,Full Glass Wall,Bar/Lounge,Air Conditioned,Banquet Hall,Jogging and Strolling Track,Outdoor Tennis Courts,Laundry Service,Internet/Wi-Fi Connectivity,RO Water System,Service/Goods Lift,Visitor Parking,Intercom Facility,Conference Room",F,False,,,,,,,,,2026-08-21T17:26:09.000Z,"Aug 21, '26",2024-10-25T18:30:00.000+00:00,2026-10-21T17:26:13.000Z,"Oct 21, '26",0,,,Bachelors/Family,2BHK Multistorey Apartment for Resale in Godrej Central at Chembur,,711.0,Chembur
307,Less than 5 years,18500000.0,1.85 Cr,30833.0,18500000.0,20200000.0,2,2,,432.0,Sq-ft,600.0,12800.0,7,12.0,7 of 12 Floor,Semi-Furnished,,,Apartment,Resale,Ready to Move,20260822,20260821.0,,,4320,Mumbai,78893.0,Powai,,N,Shiv Bhagtani Manor 3A,N,,"[""19210|Jama Masjid Bus Stop||161835|19250"", ""19210|Hiranandani Powai Bus Station Bus Stop||161831|19250"", ""19201|Powai Supreme Business Park||78844|19221"", ""19201|Bureau of Standard||151255|"", ""19202|Poodar International||156733|"", ""19202|Indian Institute of Technology Bombay||161833|19227"", ""19203|Nihal Nursing||153589|"", ""19203|Dr L H Hiranandani Hospital||161829|19230"", ""19206|DMart||147908|19239"", ""19206|Galleria Shopping Mall||88590|19239""]",19.1155816,72.9040091999999,"19.1196773,72.9050809",b,,,,F,False,,,,,,,,,2026-08-21T17:19:26.000Z,"Aug 21, '26",2024-10-25T18:30:00.000+00:00,2026-10-21T17:19:30.000Z,"Oct 21, '26",0,,,Bachelors/Family,2BHK Multistorey Apartment for Resale in Shiv Bhagtani Manor 3A at Powai,,600.0,Powai
308,15 to 20 years,19900000.0,1.99 Cr,19900.0,19900000.0,21500000.0,2,2,,720.0,Sq-ft,1000.0,12800.0,16,20.0,16 of 20 Floor,Unfurnished,,,Apartment,Resale,Ready to Move,20260822,20260821.0,,,4320,Mumbai,80084.0,Malad West,,N,Blue Horizon Tower,N,,"[""19210|Malad West Metro Station|15 minutes|163061|19249"", ""19210|Malad Railway Station||10914|19248"", ""19201|Corporate Corner||151295|"", ""19201|Shopping Mandi Super Market||163791|19239"", ""19202|Ins Hamla School Erangal||76138|19227"", ""19202|Sh Agarwal International School||87476|19227"", ""19203|Shah Lifeline Multispeciality Hospital||163065|19230"", ""19203|Prem Kitchen And Bar||153627|"", ""19206|Mothercare, Infiniti Mall||84770|19239"", ""19206|Inorbit Mall ||84774|19239""]",19.0540321,72.878663,"19.1940346300819,72.8257561606587",b,,,,F,False,,,,,,,,,2026-08-21T17:18:39.000Z,"Aug 21, '26",2024-10-25T18:30:00.000+00:00,2026-10-21T17:18:43.000Z,"Oct 21, '26",0,,,Bachelors/Family,2BHK Multistorey Apartment for Resale in Blue Horizon Tower at Malad West,,1000.0,Malad West
309,New Construction,25000000.0,2.50 Cr,32510.0,25000000.0,27300000.0,2,2,,554.0,Sq-ft,769.0,12800.0,7,18.0,7 of 18 Floor,Unfurnished,,,Apartment,Resale,Ready to Move,20260822,20260821.0,,,4320,Mumbai,107437.0,,,N,Sri Vayuputhra Gem Paradise,N,,"[""19202| Bhaktivedanta Swami Mission School||88430|19227""]",19.1291383,72.8382085,"19.131203,72.834365",b,12201 12202 12203 12207 12208 12209 12211 12581 1404143 1404146 1404147 1404152 1404160,1404152 12581 1404143,"Kids play area,",F,False,,,,,,,,,2026-08-21T17:57:01.000Z,"Aug 21, '26",2024-10-25T18:30:00.000+00:00,2026-10-21T17:57:04.000Z,"Oct 21, '26",0,,,Bachelors/Family,2BHK Multistorey Apartment for Resale in Sri Vayuputhra Gem Paradise at Azad Nagar 2,,769.0,Azad Nagar 2
310,Less than 5 years,23000000.0,2.30 Cr,18699.0,23000000.0,25100000.0,2,2,,886.0,Sq-ft,1230.0,12800.0,3,6.0,3 of 6 Floor,Semi-Furnished,,,Apartment,Resale,Ready to Move,20260822,20260821.0,,,4320,Mumbai,78847.0,Chembur,,N,Ratna Mahal,N,,"[""19210|Tilak Nagar Railway Station (Harbour Line)||87910|19248"", ""19210|Ashok Nagar Bus Stop||161639|19250"", ""19201| Peninsula Corporate Park||88684|19221"", ""19201|India Bulls Finance Centre||88688|19221"", ""19202|St. Sebastian High School||88070|19227"", ""19202|General Education Academy||146838|19227"", ""19203|SRV Hospitals - Chembur||167585|19230"", ""19203|Surana Sethia Hopsital||10510|19230"", ""19206|Food Bazaar||84730|19239"", ""19206|R City Mallphoenix Marketcity||88062|19239""]",19.1081614,72.8590061,"19.0459181155422,72.8975231581492",b,,,,F,False,,,,,,,,,2026-08-21T16:50:23.000Z,"Aug 21, '26",2024-10-25T18:30:00.000+00:00,2026-10-21T16:50:26.000Z,"Oct 21, '26",0,,,Bachelors/Family,2BHK Multistorey Apartment for Resale in Ratna Mahal at Chembur,,1230.0,Chembur
311,10 to 15 years,22500000.0,2.25 Cr,18750.0,22500000.0,24500000.0,2,2,,864.0,Sq-ft,1200.0,12800.0,3,10.0,3 of 10 Floor,Furnished,,,Apartment,Resale,Ready to Move,20260822,20260821.0,,,4320,Mumbai,78867.0,Kandivali West,,N,Pranay Vidya,N,,"[""19210|Mahavir Nagar Metro Station|5 minutes|88030|19249"", ""19210|Kandivali (West) Metro Station|5 minutes|167755|19249"", ""19201|Sunrays Shopping Center Premises||151573|"", ""19202|Parul University||161739|19227"", ""19202|Kes International School||156841|"", ""19203|Aastha Hospital||161731|19230"", ""19203|Nidhi Narsing Home||154123|"", ""19206|Charkop Market||139696|19239"", ""19206|Akruti Shopping Centre||139614|19239""]",19.2135409,72.8450721999999,"19.2101312179652,72.8305011930765",b,,,,F,False,,,,,,,,,2026-08-21T16:41:21.000Z,"Aug 21, '26",2024-10-25T18:30:00.000+00:00,2026-10-21T16:41:25.000Z,"Oct 21, '26",0,,,Bachelors/Family,2BHK Multistorey Apartment for Resale in Pranay Vidya at Kandivali West,,1200.0,Kandivali West
312,Above 20 years,23000000.0,2.30 Cr,16429.0,23000000.0,24800000.0,2,3,,1008.0,Sq-ft,1400.0,12800.0,7,8.0,7 of 8 Floor,Furnished,,,Apartment,Resale,Ready to Move,20260822,20260821.0,,,4320,Mumbai,60017.0,Andheri East,,N,Rimsan Apartments,N,,"[""19210|Andheri metro station, Mumbai|5 minutes|8694|19249"", ""19210|Saki Naka metro station, Mumbai|5 minutes|8702|19249"", ""19201|Technopolis Knowledge Park||81450|19221"", ""19201|Mirchandani Business Park||77718|19221"", ""19202|Tolani College Of Commerce||88148|19227"", ""19202|Narayana E Techno School||167627|19227"", ""19203|Esic Hospital||153615|"", ""19203|Holy Spirit Hospital||165263|19230"", ""19206|Akruti One World Mall||10670|19239"", ""19206|Metro Mart NX||84754|19239""]",19.1161055,72.8722018,"19.1154908,72.8726952",b,,,,F,False,,,,,,,,,2026-08-21T16:31:47.000Z,"Aug 21, '26",2024-10-25T18:30:00.000+00:00,2026-10-21T16:31:51.000Z,"Oct 21, '26",0,,,Bachelors/Family,2BHK Multistorey Apartment for Resale in Rimsan Apartments at Andheri East,,1400.0,Andheri East
313,Less than 5 years,25000000.0,2.50 Cr,21739.0,25000000.0,27000000.0,2,2,,828.0,Sq-ft,1150.0,12800.0,10,23.0,10 of 23 Floor,Semi-Furnished,,,Apartment,Resale,Ready to Move,20260822,20260821.0,,,4320,Mumbai,60121.0,Goregaon East,,N,,N,,"[""19210|Aarey Metro Station|5 minutes|165285|19249"", ""19201|Vakratunda Corporate Park||81868|19221"", ""19201|Gokuldham Shopping Centre||167697|19239"", ""19202|Mumbai Public School||157011|"", ""19202|St. Thomas High School||88464|19227"", ""19203|Mamta Nursing Home||154443|"", ""19203|Nalini Speciality Hospital||154255|"", ""19206|Orchard Road Mall||10756|19239"", ""19206|The Hub Mall,||140516|19239""]",0.0,0.0,"19.1562110822264,72.8758090633208",b,,,,F,False,,,,,,,,,2026-08-21T17:45:31.000Z,"Aug 21, '26",2024-10-25T18:30:00.000+00:00,2026-10-21T17:45:34.000Z,"Oct 21, '26",0,,,Bachelors/Family,2BHK Multistorey Apartment for Resale in Goregaon East,,1150.0,Goregaon East
314,,34000000.0,3.40 Cr,,34000000.0,37100000.0,2,3,,527.0,Sq-ft,,,21,21.0,21 of 21 Floor,Semi-Furnished,,"Garden/Park, Main Road",Apartment,New Property,Ready to Move,20260823,20260823.0,,,4320,Mumbai,78871.0,Khar West,,Y,,Y,,"[""19201|Simran Plaza||151393|"", ""19202|R.n. Podar School||161745|19227"", ""19202|Duruelo Convent High School||157043|"", ""19203|BMC Hospital||154175|"", ""19203|P. D. Hinduja Hospital & Medical Research Centre, Khar Facility||161743|19230"", ""19206|Deliciae Patisserie by Bunty Mahajan||139898|19239""]",19.06993293762207,72.83631134033203,"19.0699335919407,72.8363080829478",b,,,,F,False,,,,,,,,,2026-08-22T23:31:58.000Z,Today,2026-08-17T18:30:00.000+00:00,2026-12-20T23:31:58.000Z,"Dec 21, '26",0,0.0,,Bachelors/Family,2BHK Multistorey Apartment for New Property in Khar West,,,Khar West
315,Less than 5 years,26900000.0,2.69 Cr,35867.0,26900000.0,28500000.0,2,2,,561.0,Sq-ft,750.0,12800.0,2,14.0,2 of 14 Floor,Furnished,East,Pool,Apartment,Resale,Ready to Move,20260823,20260823.0,,,4320,Mumbai,78847.0,Chembur,,Y,Godrej RKS,N,,"[""19210|Vashi Naka||139526|19250"", ""19210|Chembur Camp Bus Stop||140876|19250"", ""19201|Shivalaya Shopping Centre||167579|19239"", ""19201| Peninsula Corporate Park||88684|19221"", ""19202|Mumbai Public School.||157213|"", ""19202|General Education Academy||146838|19227"", ""19203|Chembur Hospital and ICCU||161641|19230"", ""19203|Joy Hospital||154485|"", ""19206|K Star Mall||84848|19239"", ""19206|R City Mallphoenix Marketcity||88062|19239""]",19.0464991,72.9073901,"19.0459181155422,72.8975231581492",b,12201 12202 12205 12206 12208 12209 12211 12216 12217 12218 12222 12224 12226 12228 12538,12538 12224 12216 12217,"Fingerprint Access,Banquet Hall,Visitor Parking,Intercom Facility",F,False,,,,,,Marble,"NA|null,P51800023915|12/2023",Freehold,2026-08-22T23:46:52.000Z,Today,2026-08-06T18:30:00.000+00:00,2026-12-20T23:46:52.000Z,"Dec 21, '26",0,0.0,,Bachelors/Family,2BHK Multistorey Apartment for Resale in Godrej RKS at Chembur,,750.0,Chembur
316,Less than 5 years,32500000.0,3.25 Cr,54167.0,32500000.0,35100000.0,2,1,,432.0,Sq-ft,600.0,12800.0,1,1.0,1 of 1 Floor,Furnished,,,Apartment,Resale,Ready to Move,20260822,20260822.0,,,4320,Mumbai,78839.0,Bandra West,,Y,ALJ Residency,N,,"[""19210|Bandra Bus Stop||161593|19250"", ""19210|Bandra Railway Station (W) Bus Stop||161595|19250"", ""19201|Metro Radio||140318|19221"", ""19201|36 Turner Road Mall Virar||161591|19239"", ""19202|St. Stanislaus High School||156489|"", ""19202|Bandra Urdu High School||157083|"", ""19203|Baba Hospital||73142|19230"", ""19203|Lilavati Hospital||153645|"", ""19206|Shoppers Stop||148086|19239""]",18.9582347,72.8319514,"19.055229,72.830829",b,,,,F,False,,,,,,,,,2026-08-21T20:15:11.000Z,Yesterday,2024-10-26T18:30:00.000+00:00,2026-10-21T20:15:12.000Z,"Oct 22, '26",0,,,Bachelors/Family,2BHK Multistorey Apartment for Resale in ALJ Residency at Bandra West,,600.0,Bandra West
317,Above 20 years,30000000.0,3 Cr,30000.0,30000000.0,32400000.0,2,2,,720.0,Sq-ft,1000.0,12800.0,5,6.0,5 of 6 Floor,Semi-Furnished,,,Apartment,Resale,Ready to Move,20260822,20260822.0,,,4320,Mumbai,78895.0,Santacruz East,,Y,Kailash Parbhat CHS,N,,"[""19210|Vakola Bridge||139984|19250"", ""19210|Santacruz East Railway Station||79894|19248"", ""19201|Yes Bank Office||151129|"", ""19201|Walk2Mart Super Market - Kalina||161845|19239"", ""19202|Mumbai Public School||156493|"", ""19202|Hans Bhugra High School||86718|19227"", ""19203|Sparsh Hospital||154275|"", ""19203|Sanjeevani Hospital||154277|"", ""19206|Pride Shopping Mall||87966|19239"", ""19206|Matro Mall||86710|19239""]",19.07597,72.85878,"19.0799983,72.8545019",b,,,,F,False,,,,,,,,,2026-08-21T19:43:23.000Z,Yesterday,2024-10-26T18:30:00.000+00:00,2026-10-21T19:43:24.000Z,"Oct 22, '26",0,,,Bachelors/Family,2BHK Multistorey Apartment for Resale in Kailash Parbhat CHS at Santacruz East,,1000.0,Santacruz East
318,15 to 20 years,28000000.0,2.80 Cr,25112.0,28000000.0,30500000.0,2,2,,803.0,Sq-ft,1115.0,12800.0,3,12.0,3 of 12 Floor,Semi-Furnished,,,Apartment,Resale,Ready to Move,20260822,20260822.0,,,4320,Mumbai,60017.0,Andheri East,,Y,Akruti Nova A Wing CHS L,N,,"[""19210|Andheri metro station, Mumbai|5 minutes|8694|19249"", ""19210|Marol Maroshi Bus Stop||164795|19250"", ""19201|Rustomjee Central Park||79594|19221"", ""19201|Elegant Business Park||74864|19221"", ""19202|Bombay Cambridge International School||156749|"", ""19202|Holy Family High School||156751|"", ""19203|Esic Hospital||153615|"", ""19203|DR. F. F. Pardiwala||139314|19232"", ""19206|Metro Mart NX||84754|19239"", ""19206|Phoenix Marketcity Mall||88136|19239""]",19.1137733,72.8499801,"19.1154908,72.8726952",b,,,,F,False,,,,,,,,,2026-08-21T19:42:35.000Z,Yesterday,2024-10-26T18:30:00.000+00:00,2026-10-21T19:42:35.000Z,"Oct 22, '26",0,,,Bachelors/Family,2BHK Multistorey Apartment for Resale in Akruti Nova A Wing CHS L at Andheri East,,1115.0,Andheri East
319,New Construction,28500000.0,2.85 Cr,36538.0,26800000.0,28500000.0,2,2,2.0,713.0,Sq-ft,780.0,12800.0,5,14.0,5 of 14 Floor,Semi-Furnished,,Main Road,Apartment,Resale,Ready to Move,20260821,,,,4320,Mumbai,142381.0,,,Y,LK Umang Heights,N,Location advantages1.d n nagar metro station 3 minutes,"[""19210|D N Nagar Metro Station||158133|"", ""19202|A. H. Wadia High School||156849|"", ""19202|Sardar Patel Institute of Technology||5327|19225"", ""19203|Nakshatra Multispeciality Hospital||167639|19230"", ""19203|Kokilaben Dhirubhai Ambani Hospital and Medical Research Institute||153765|"", ""19206|Lokhandwalas Open Air Mall||10750|19239""]",19.1262962,72.8329984,"19.12296883,72.83012082",b,12201 12202 12206 12208 12211 12214 12228 12556,12556 12214,"Fireplace,Service/Goods Lift",F,False,1 Covered,Water Availability 24 Hours Available,No/Rare Powercut,,,Ceramic Tiles,,Co-operative Society,2026-08-20T16:08:57.000Z,"Aug 20, '26",2026-08-21T18:30:00.000+00:00,2027-01-01T18:30:00.000Z,"Jan 02, '27",0,2.0,,Bachelors/Family,2BHK Multistorey Apartment for Resale in LK Umang Heights at DN Nagar,Puja Room,780.0,DN Nagar
320,5 to 10 years,32900000.0,3.29 Cr,37386.0,32900000.0,35200000.0,2,2,,677.0,Sq-ft,880.0,12800.0,12,13.0,12 of 13 Floor,Unfurnished,South,,Apartment,Resale,Ready to Move,20260822,20260822.0,,,4320,Mumbai,60018.0,Andheri West,,Y,Sunteck Gilbird,N,,"[""19210|Azad Nagar metro station, Mumbai|5 minutes|8688|19249"", ""19210|Versova Metro Station|5 minutes|88574|19249"", ""19201|Maruti Business Park||77508|19221"", ""19201|Laxmi Super Market||167663|19239"", ""19202|Rajhans Vidyalaya||167637|19227"", ""19202|Gyan Kendra||157201|"", ""19203|Nakshatra Multispeciality Hospital||167639|19230"", ""19203|Bluebell||153817|"", ""19206|Navrang Cinema||140982|19239"", ""19206|Citi Mall||88568|19239""]",19.1226941,72.8399324,"19.1373697481266,72.8257229439874",b,12201 12202 12203 12205 12206 12208 12211 12213 12216 12219 12221 12224 12229,12224 12229 12221 12216,"Banquet Hall,Jogging and Strolling Track,Internet/Wi-Fi Connectivity,Visitor Parking",F,False,1 Open,Water Availability 24 Hours Available,No/Rare Powercut,,,Vitrified,"NA|null,P51800014646|07/2016",Freehold,2026-08-21T23:46:36.000Z,Yesterday,2026-08-17T18:30:00.000+00:00,2026-12-19T23:46:36.000Z,"Dec 20, '26",0,1.0,,Bachelors/Family,2BHK Multistorey Apartment for Resale in Sunteck Gilbird at Andheri West,,880.0,Andheri West
321,New Construction,33500000.0,3.35 Cr,32683.0,33500000.0,36500000.0,2,2,,738.0,Sq-ft,1025.0,12800.0,6,14.0,6 of 14 Floor,Semi-Furnished,,,Apartment,Resale,Ready to Move,20260822,20260821.0,,,4320,Mumbai,78847.0,Chembur,,Y,Roswalt Heights,N,,"[""19210|Chembur Railway Station||10930|19248"", ""19210|Tilak Nagar Railway Station (Harbour Line)||87910|19248"", ""19201| Peninsula Corporate Park||88684|19221"", ""19201|India Bulls Finance Centre||88688|19221"", ""19202|Rbk International School||156863|"", ""19202|St. Sebastian High School||88070|19227"", ""19203|SRV Hospitals - Chembur||167585|19230"", ""19203|Joy Hospital||154485|"", ""19206|Food Bazaar||84730|19239"", ""19206|K Stars Mall||88058|19239""]",19.02947,72.90167,"19.0459181155422,72.8975231581492",b,12201 12202 12208 12211 12217 1404121 1404143,12217 1404143,"Intercom Facility,",F,False,,,,,,,"NA|null,P51800003019|-1",,2026-08-21T10:41:16.000Z,"Aug 21, '26",2024-10-25T18:30:00.000+00:00,2027-01-03T10:41:16.000Z,"Jan 03, '27",0,,,Bachelors/Family,2BHK Multistorey Apartment for Resale in Roswalt Heights at Chembur,,1025.0,Chembur
322,10 to 15 years,35000000.0,3.50 Cr,31818.0,35000000.0,38200000.0,2,2,,792.0,Sq-ft,1100.0,12800.0,16,23.0,16 of 23 Floor,Unfurnished,,,Apartment,Resale,Ready to Move,20260822,20260821.0,,,4320,Mumbai,78874.0,Lower Parel,,N,Aum Saheel Tower,N,,"[""19210|Lower Parel Metro Station|5 minutes|88604|19249"", ""19210|Lower Parel Railway Station||10908|19248"", ""19201|Chaya mall||161759|19239"", ""19201|Peninsula Business Park||78686|19221"", ""19202|Dr Shirodkar High School And Colleges||88610|19227"", ""19203|Global Hospital.||153617|"", ""19203|Gopikrishna Piramal Memorial Hospital||75374|19230"", ""19206|Lifestyle||148116|19239"", ""19206|Quantum Mall||10766|19239""]",19.0018113,72.8297152,"18.9982431278398,72.8270305579981",b,,,,F,False,,,,,,,,,2026-08-21T10:02:37.000Z,"Aug 21, '26",2024-10-25T18:30:00.000+00:00,2027-01-03T10:02:37.000Z,"Jan 03, '27",0,,,Bachelors/Family,2BHK Multistorey Apartment for Resale in Aum Saheel Tower at Lower Parel,,1100.0,Lower Parel
323,New Construction,25000000.0,2.50 Cr,24038.0,25000000.0,27300000.0,2,2,,749.0,Sq-ft,1040.0,12800.0,2,7.0,2 of 7 Floor,Unfurnished,,,Apartment,Resale,Ready to Move,20260822,20260821.0,,,4320,Mumbai,,,,N,,N,,,0.0,0.0,,b,,,,F,False,,,,,,,,,2026-08-21T12:40:50.000Z,"Aug 21, '26",2024-10-25T18:30:00.000+00:00,2027-01-03T12:40:50.000Z,"Jan 03, '27",0,,,Bachelors/Family,2BHK Multistorey Apartment for Resale in ,,1040.0,
324,Above 20 years,30000000.0,3 Cr,29211.0,30000000.0,32700000.0,2,2,,739.0,Sq-ft,1027.0,12800.0,3,3.0,3 of 3 Floor,Furnished,,,Apartment,Resale,Ready to Move,20260822,20260821.0,,,4320,Mumbai,78908.0,Vile Parle East,,N,Shyam Kamal Building,N,,"[""19210|Vile Parle Railway Station||10924|19248"", ""19210|Hanuman Road Bus Stop||140870|19250"", ""19201|Parle Square Mall||161863|19239"", ""19202|Parle Tilak Vidyalaya||146402|19227"", ""19202|SVKM's Mithibai College of Arts||161865|19225"", ""19203|Shirodkar Hospital||140376|19230"", ""19203|Madhavbhag||153779|"", ""19206|Agarwal Market||84850|19239"", ""19209|Chhatrapati Shivaji Maharaj International Airport Mumbai Terminal 2||73958|19247"", ""19209|Chhatrapati Shivaji Maharaj International Airport Mumbai Terminal 1||73956|19247""]",19.1001618,72.8448782999999,"19.10046297,72.84924449",b,,,,F,False,,,,,,,,,2026-08-21T12:18:26.000Z,"Aug 21, '26",2024-10-25T18:30:00.000+00:00,2027-01-03T12:18:26.000Z,"Jan 03, '27",0,,,Bachelors/Family,2BHK Multistorey Apartment for Resale in Shyam Kamal Building at Vile Parle East,,1027.0,Vile Parle East
325,5 to 10 years,25000000.0,2.50 Cr,36603.0,25000000.0,27000000.0,2,2,,492.0,Sq-ft,683.0,12800.0,4,7.0,4 of 7 Floor,Furnished,,,Apartment,Resale,Ready to Move,20260822,20260821.0,,,4320,Mumbai,78908.0,Vile Parle East,,N,Vile Parle Kalpavriksha CHS Ltd. ,N,,"[""19210|Hanuman Road Bus Stop||140870|19250"", ""19210|Vile Parle Police Station (E) Bus Stop||167609|19250"", ""19201|Parle Square Mall||161863|19239"", ""19202|Parle Tilak Vidyalaya||146402|19227"", ""19202|Mubai Public School||156745|"", ""19203|Babasaheb Gawde Hospital||10610|19230"", ""19203|Dr. Sumitrabai Wagh Maternity Hospital||153607|"", ""19206|Agarwal Market||84850|19239"", ""19209|Chhatrapati Shivaji Maharaj International Airport Mumbai Terminal 2||73958|19247"", ""19209|Chhatrapati Shivaji Maharaj International Airport Mumbai Terminal 1||73956|19247""]",19.1048844,72.8470578,"19.10046297,72.84924449",b,12202 12203 12209 12213 1404143,1404143,,F,False,,,,,,,,,2026-08-21T12:23:07.000Z,"Aug 21, '26",2024-10-25T18:30:00.000+00:00,2027-01-03T12:23:07.000Z,"Jan 03, '27",0,,,Bachelors/Family,2BHK Multistorey Apartment for Resale in Vile Parle Kalpavriksha CHS Ltd.  at Vile Parle East,,683.0,Vile Parle East
326,5 to 10 years,29500000.0,2.95 Cr,26818.0,29500000.0,32200000.0,2,2,,792.0,Sq-ft,1100.0,12800.0,7,8.0,7 of 8 Floor,Unfurnished,,,Apartment,Resale,Ready to Move,20260822,20260821.0,,,4320,Mumbai,60121.0,Goregaon East,,N,Vrindavan Society,N,,"[""19210|Aarey Metro Station|13 minutes|165285|19249"", ""19201|Nirlon Knowledge Park||78250|19221"", ""19201|Oberoi Mall||167699|"", ""19202|Jk Public School||88466|19227"", ""19202|Gokuldham High School||87020|19227"", ""19203|Mamta Nursing Home||154443|"", ""19203|H B T Trauma Care Municipal Hospital||140736|19231"", ""19206|Orchard Road Mall||10756|19239"", ""19206|Oberoi Mall||10718|19239""]",19.0512875,72.8679788,"19.1562110822264,72.8758090633208",b,12201 12202 12208 12209,,,F,False,,,,,,,,,2026-08-21T14:36:50.000Z,"Aug 21, '26",2024-10-25T18:30:00.000+00:00,2027-01-03T14:36:50.000Z,"Jan 03, '27",0,,,Bachelors/Family,2BHK Multistorey Apartment for Resale in Vrindavan Society at Goregaon East,,1100.0,Goregaon East
327,New Construction,27500000.0,2.75 Cr,38462.0,27500000.0,29700000.0,2,2,,515.0,Sq-ft,715.0,12800.0,5,16.0,5 of 16 Floor,Furnished,,,Apartment,Resale,Ready to Move,20260822,20260821.0,,,4320,Mumbai,89320.0,Vakola,,N,Kalpataru Primus Residences,N,,"[""19210|Sahar P & T Colony No.2 Bus Stop||167619|19250"", ""19202|Panbai International School||87976|19227"", ""19206|Prime Mall||87968|19239"", ""19206|Hi- Life Mall||87962|19239""]",19.07455,72.84954,"19.0794899226775,72.8542218874446",b,12201 12202 12205 12206 12581 12586 1404131,12581 12586 1404131,"Kids play area,Cycling track,",F,False,,,,,,,"NA|null,P51800003522|12/2022",,2026-08-21T13:07:56.000Z,"Aug 21, '26",2024-10-25T18:30:00.000+00:00,2027-01-03T13:07:56.000Z,"Jan 03, '27",0,,,Bachelors/Family,2BHK Multistorey Apartment for Resale in Kalpataru Primus Residences at Vakola,,715.0,Vakola
328,Less than 5 years,30000000.0,3 Cr,22472.0,30000000.0,32400000.0,2,2,,961.0,Sq-ft,1335.0,12800.0,19,40.0,19 of 40 Floor,Furnished,,,Apartment,Resale,Ready to Move,20260822,20260821.0,,,4320,Mumbai,60419.0,Wadala,,N,Lodha Elisium,N,,"[""19210|Prabhadevi Railway Station||89134|19248"", ""19210|Naigaon (W) Bus Stop||160543|19250"", ""19201| Indiabulls Finance Centre||88306|19221"", ""19202|Sacred Heart High School||89140|19227"", ""19202|Auxilium International School||156513|""]",19.03858,72.87825,"19.012216203088,72.8604594318626",b,12201 12202 12203 12204 12205 12206 12207 12208 12209 12211 12212 12213 12214 12215 12216 12217 12218 12219 12220 12221 12222 12223 12224 12225 12226 12227 12228 12229 12230 12233 12234 12235 12236 12239 12520 12521 12522 12524 12527 12528 12532 12533 12538 12555 12558 12560 12562,12560 12234 12527 12562 12528 12522 12236 12235 12239 12532 12521 12520 12558 12225 12538 12533 12524 12215 12224 12229 12230 12555 12220 12221 12223 12214 12216 12217 12227 12233,"Water Front,Skyline View,Sea facing,Smart Home,Skydeck,Private jaccuzi,Island Kitchen Layout,Wrap Around Balcony,Concierge Services,Theme based Architectures,Private pool ,Helipad,Sky Villa,Bar/Lounge,Fingerprint Access,Health club with Steam / Jaccuzi,Golf Course,Air Conditioned,Banquet Hall,Jogging and Strolling Track,Outdoor Tennis Courts,Private Garage,Laundry Service,Internet/Wi-Fi Connectivity,RO Water System,Service/Goods Lift,Visitor Parking,Intercom Facility,Conference Room,Downtown",F,False,,,,,,,,,2026-08-21T13:54:00.000Z,"Aug 21, '26",2024-10-25T18:30:00.000+00:00,2027-01-03T13:54:00.000Z,"Jan 03, '27",0,,,Bachelors/Family,2BHK Multistorey Apartment for Resale in Lodha Elisium at Wadala,,1335.0,Wadala
329,,29300000.0,2.93 Cr,44060.0,29300000.0,31900000.0,2,2,,479.0,Sq-ft,665.0,12800.0,10,15.0,10 of 15 Floor,Unfurnished,,,Apartment,Resale,Under Construction,20260822,20260821.0,,,4320,Mumbai,60018.0,Andheri West,,N,Platinum Life,N,,"[""19210|Azad Nagar metro station, Mumbai|5 minutes|8688|19249"", ""19210|Andheri West Metro Station|5 minutes|167643|19249"", ""19201|millat super market||167665|19239"", ""19201|Mukkti Cultural Hub||151583|"", ""19202|Gidbart Municipal School Andheri West||75276|19227"", ""19202| Bhaktivedanta Swami Mission School||88430|19227"", ""19203|Kokilaben Dhirubhai Ambani Hospital and Medical Research Institute||153765|"", ""19203|Zest||153815|"", ""19206|Mega Mall||10752|19239"", ""19206|Navrang Cinema||140982|19239""]",19.1263288,72.8326139999999,"19.1373697481266,72.8257229439874",b,12201 12202 12204 12205 12206 12207 12208 12209 12213 12214 12217 12218 12219 12220 12224 12228 12229 12230 12525 12586 1404105 1404124 1404125 1404131,12525 12586 1404131 12224 12229 12230 12220 1404125 1404124 1404105 12214 12217,"Infinity Swimming Pool,Cycling track,,Banquet Hall,Jogging and Strolling Track,Outdoor Tennis Courts,Laundry Service,,,,Service/Goods Lift,Intercom Facility",F,False,,,,,,,"NA|null,P51800014518|12/2024",,2026-08-21T14:59:15.000Z,"Aug 21, '26",2024-10-25T18:30:00.000+00:00,2027-01-03T14:59:15.000Z,"Jan 03, '27",0,,,Bachelors/Family,2BHK Multistorey Apartment for Resale in Platinum Life at Andheri West,,665.0,Andheri West
330,New Construction,32000000.0,3.20 Cr,22222.0,32000000.0,34900000.0,2,2,,1037.0,Sq-ft,1440.0,12800.0,9,16.0,9 of 16 Floor,Furnished,,,Apartment,Resale,Ready to Move,20260822,20260821.0,,,4320,Mumbai,60018.0,Andheri West,,N,Ozone The Gateway,N,,"[""19210|Azad Nagar metro station, Mumbai|5 minutes|8688|19249"", ""19210|Versova Metro Station|5 minutes|88574|19249"", ""19201|Apna Bazar Cooperative||139018|19239"", ""19201|millat super market||167665|19239"", ""19202|Bharatiya Vidya Bhavan (Bhavan's College)||88584|19227"", ""19202|Valia College of Arts, Commerce and Science||160517|19225"", ""19203|Nakshatra Multispeciality Hospital||167639|19230"", ""19203|Bluebell||153817|"", ""19206|G7 Mall||10808|19239"", ""19206|Pvr - Citi Mall||88572|19239""]",19.1281509,72.8405626,"19.1373697481266,72.8257229439874",b,12201 12202 12204 12205 12206 12208 12209 12211 12213 12215 12217 12218 12219 12221 12222 12223 12226 12227 12228 12229 12530 1404117 1404120 1404121 1404143,12215 12229 12221 12223 12530 12217 12227 1404143,"Air Conditioned,Jogging and Strolling Track,Internet/Wi-Fi Connectivity,RO Water System,Earth quake resistant,Intercom Facility,Conference Room,",F,False,,,,,,,"NA|null,P51800002922|03/2019",,2026-08-21T15:06:06.000Z,"Aug 21, '26",2024-10-25T18:30:00.000+00:00,2027-01-03T15:06:06.000Z,"Jan 03, '27",0,,,Bachelors/Family,2BHK Multistorey Apartment for Resale in Ozone The Gateway at Andheri West,,1440.0,Andheri West
331,15 to 20 years,25000000.0,2.50 Cr,30303.0,25000000.0,27300000.0,2,2,,594.0,Sq-ft,825.0,12800.0,3,6.0,3 of 6 Floor,Furnished,,,Apartment,Resale,Ready to Move,20260822,20260821.0,,,4320,Mumbai,78847.0,Chembur,,N,Sai Samman,N,,"[""19210|Ashok Nagar Bus Stop||161639|19250"", ""19210|Vashi Naka||139526|19250"", ""19201|India Bulls Finance Centre||88688|19221"", ""19201|Marathon Futurex||88686|19221"", ""19202|Tata Institute of Social Sciences - School of Vocational Education (TISS-SVE)||161645|19227"", ""19202|St. Sebastian High School||88070|19227"", ""19203|Kolekar Hospital||153205|"", ""19203|Mangal Anand Hospital||154209|"", ""19206|K Stars Mall||88058|19239"", ""19206|K Star Mall||10628|19239""]",19.0474442,72.905613,"19.0459181155422,72.8975231581492",b,,,,F,False,,,,,,,,,2026-08-21T15:55:59.000Z,"Aug 21, '26",2024-10-25T18:30:00.000+00:00,2027-01-03T15:55:59.000Z,"Jan 03, '27",0,,,Bachelors/Family,2BHK Multistorey Apartment for Resale in Sai Samman at Chembur,,825.0,Chembur
332,New Construction,32700000.0,3.27 Cr,21858.0,32700000.0,35300000.0,2,2,,1077.0,Sq-ft,1496.0,12800.0,21,55.0,21 of 55 Floor,Semi-Furnished,,,Apartment,Resale,Ready to Move,20260822,20260821.0,,,4320,Mumbai,94378.0,Bhoiwada - Parel,,N,L&T Crescent Bay Callisto,N,,"[""19202|Mahahta Phule Education Society||156741|"", ""19203|P.D. Hinduja Hospital||78454|19232"", ""19203|Parel Hospital||167541|19230""]",19.0038109,72.8497187999999,"19.0052791781479,72.8456771170313",b,12201 12202 12203 12204 12205 12206 12208 12209 12213 12214 12215 12216 12217 12218 12219 12220 12222 12225 12226 12227 12228 12229 12230 12233 12524 12533 12536 12543 12545 12547 1404118 1404123 1404124 1404143 1404152,1404152 12225 12533 12524 12536 1404118 1404123 12215 12229 12230 12220 1404124 12214 12216 12217 12227 12233 1404143,"Bar/Lounge,Health club with Steam / Jaccuzi,Golf Course,3 Tier Security System,,,Air Conditioned,Jogging and Strolling Track,Outdoor Tennis Courts,Laundry Service,,Service/Goods Lift,Visitor Parking,Intercom Facility,Conference Room,Downtown,",F,False,,,,,,,"NA|null,P51900004544|-1,P51900004666|-1,P51900005188|-1,P51900006593|-1,P51900008032|-1,P51900010178|-1",,2026-08-21T15:42:38.000Z,"Aug 21, '26",2024-10-25T18:30:00.000+00:00,2027-01-03T15:42:38.000Z,"Jan 03, '27",0,,,Bachelors/Family,2BHK Multistorey Apartment for Resale in L&T Crescent Bay Callisto at Bhoiwada,,1496.0,Bhoiwada
333,Above 20 years,35000000.0,3.50 Cr,30435.0,35000000.0,37500000.0,2,3,,875.0,Sq-ft,1150.0,12800.0,4,8.0,4 of 8 Floor,Furnished,South - East,"Garden/Park, Main Road",Apartment,Resale,Ready to Move,20260821,20260821.0,,,4320,Mumbai,112838.0,,,Y,,N,Byculla Railway Station,"[""19210|Byculla Station (E) Bus Stop||167531|19250"", ""19210|Khadavli Railway Station||10854|19248"", ""19201|Veer Mata Jijabai Bhosale Udyan And Zoo||81970|19221"", ""19202|Antonio De Souza High School||157085|"", ""19202|Patanwala Night High School||78622|19227"", ""19203|Masina Hospital Trust||154231|"", ""19203|Balaji Hospital||10522|19230""]",19.090553283691406,72.89839935302734,"18.9828560965024,72.8388476258909",b,12201 12202 12207 12208 12209 12211 12213 12215 12216 12217 12218 12219 12221 12222 12223 12228,12215 12221 12223 12216 12217,"Air Conditioned,Internet/Wi-Fi Connectivity,RO Water System,Visitor Parking,Intercom Facility",F,False,,Water Availability 24 Hours Available,No/Rare Powercut,6000.0,Monthly,"Marble,Granite",,Freehold,2026-08-20T23:39:41.000Z,"Aug 21, '26",2026-08-15T18:30:00.000+00:00,2026-12-18T23:39:41.000Z,"Dec 19, '26",0,2.0,Y,Bachelors/Family,2BHK Multistorey Apartment for Resale in Byculla East,"Study,Store",1150.0,Byculla East
334,Less than 5 years,30000000.0,3 Cr,42135.0,30000000.0,32400000.0,2,2,,513.0,Sq-ft,712.0,12800.0,5,10.0,5 of 10 Floor,Semi-Furnished,,,Apartment,Resale,Ready to Move,20260822,20260821.0,,,4320,Mumbai,78908.0,Vile Parle East,,N,Zee Heights,N,,"[""19210|Vile Parle Railway Station||10924|19248"", ""19210|Vile Parle Police Station (E) Bus Stop||167609|19250"", ""19201|Parle Square Mall||161863|19239"", ""19202|SVKM's Mithibai College of Arts||161865|19225"", ""19202|Parle Tilak Vidyalaya||146402|19227"", ""19203|Babasaheb Gawde Hospital||10610|19230"", ""19203|Madhavbhag||153779|"", ""19206|Agarwal Market||84850|19239"", ""19209|Chhatrapati Shivaji Maharaj International Airport Mumbai Terminal 1||73956|19247"", ""19209|Chhatrapati Shivaji Maharaj International Airport Mumbai Terminal 2||73958|19247""]",19.0955446,72.8465226,"19.10046297,72.84924449",b,12201 12202 12203 12208 12209 12211 12213 12214 12216 12218 12219 12220 12222 12228 1404121 1404143,12220 12214 12216 1404143,"Laundry Service,Service/Goods Lift,Visitor Parking,",F,False,,,,,,,"NA|null,P51800006526|08/2000",,2026-08-21T07:57:05.000Z,"Aug 21, '26",2024-10-25T18:30:00.000+00:00,2027-01-03T07:57:05.000Z,"Jan 03, '27",0,,,Bachelors/Family,2BHK Multistorey Apartment for Resale in Zee Heights at Vile Parle East,,712.0,Vile Parle East
335,Less than 5 years,35000000.0,3.50 Cr,27668.0,35000000.0,38200000.0,2,2,,911.0,Sq-ft,1265.0,12800.0,5,20.0,5 of 20 Floor,Semi-Furnished,,,Apartment,Resale,Ready to Move,20260822,20260821.0,,,4320,Mumbai,78883.0,Matunga West,,N,Rohan Lifescapes Mirage,N,,"[""19201|Reliance SMART Bazaar||161785|19239"", ""19202|Chhabildas Cbse School||87048|19227"", ""19202|Kasturba Mahila Mandal Shivaji Park Lion School Matunga West||76644|19227"", ""19203|Rashiv Diagnostic Centre||153639|"", ""19203|Shri Sarswati Nursing Home||80482|19232""]",19.0315576,72.8473302,"19.0288217353274,72.8440906063583",b,12202 12205 12206 12208 12209 12213 12217 12221 12228 12530 12539 1404121 1404131 1404143,12539 1404131 12221 12530 12217 1404143,"Grand Entrance lobby,,Internet/Wi-Fi Connectivity,Earth quake resistant,Intercom Facility,",F,False,,,,,,,"NA|null,P51900001725|-1",,2026-08-21T07:12:41.000Z,"Aug 21, '26",2024-10-25T18:30:00.000+00:00,2027-01-03T07:12:41.000Z,"Jan 03, '27",0,,,Bachelors/Family,2BHK Multistorey Apartment for Resale in Rohan Lifescapes Mirage at Matunga West,,1265.0,Matunga West
336,Less than 5 years,32000000.0,3.20 Cr,22535.0,32000000.0,34900000.0,2,2,,1022.0,Sq-ft,1420.0,12800.0,44,60.0,44 of 60 Floor,Unfurnished,,,Apartment,Resale,Ready to Move,20260821,20260821.0,,,4320,Mumbai,78892.0,Parel,,N,Ruparel Ariana,N,,"[""19210|Kalewadi Stop||158115|"", ""19210|Parel Village Bus Stop||139176|19250"", ""19202|Mahahta Phule Education Society||156741|"", ""19202|M D College of Arts, Science and Commerce||161825|19225"", ""19203|Indian Cancer Society||153597|"", ""19203|Santhashree Shantram Foundation Rajkamal Kalamandir Hospital||79896|19230""]",19.00601,72.85052,"18.9982694030581,72.8410429440342",b,12201 12202 12203 12205 12206 12208 12209 12214 12221 12228 12530 1404117 1404121 1404143,12221 12214 12530 1404143,"Internet/Wi-Fi Connectivity,Service/Goods Lift,Earth quake resistant,",F,False,,,,,,,"NA|null,P51900003250|-1",,2026-08-20T18:39:46.000Z,"Aug 21, '26",2024-10-25T18:30:00.000+00:00,2026-10-20T18:39:49.000Z,"Oct 21, '26",0,,,Bachelors/Family,2BHK Multistorey Apartment for Resale in Ruparel Ariana at Parel,,1420.0,Parel
337,5 to 10 years,30000000.0,3 Cr,,27600000.0,30000000.0,2,2,,800.0,Sq-ft,,,5,20.0,5 of 20 Floor,Semi-Furnished,,,Apartment,Resale,Ready to Move,20260821,20260821.0,,,4320,Mumbai,60017.0,Andheri East,,N,Kanakia Sevens,Y,,"[""19210|Andheri metro station, Mumbai|5 minutes|8694|19249"", ""19210|Marol Naka Metro Station|5 minutes|164797|19249"", ""19201|Westside||151259|"", ""19201|Solitaire Corporate Park||80672|19221"", ""19202|Holy Family High School||156751|"", ""19202|Narayana E Techno School||167627|19227"", ""19203|Ve Care Hospital||153609|"", ""19203|Sharada Nursing Home||154115|"", ""19206|Metro Mart NX||84754|19239"", ""19206|Star Market||84718|19239""]",19.10867,72.88449,"19.1154908,72.8726952",b,,,,F,False,,,,,,,"NA|null,P51800000388|-1",,2026-08-21T14:38:03.000Z,"Aug 21, '26",2026-07-03T18:30:00.000+00:00,2027-01-03T14:38:03.000Z,"Jan 03, '27",0,2.0,,Bachelors/Family,2BHK Multistorey Apartment for Resale in Kanakia Sevens at Andheri East,,,Andheri East
338,Less than 5 years,25000000.0,2.50 Cr,37651.0,25000000.0,27300000.0,2,2,,478.0,Sq-ft,664.0,12800.0,5,8.0,5 of 8 Floor,Furnished,,,Apartment,Resale,Ready to Move,20260822,20260821.0,,,4320,Mumbai,78908.0,Vile Parle East,,N,Gagangiri Apartment,N,,"[""19210|Vile Parle Police Station (E) Bus Stop||167609|19250"", ""19210|Vile Parle Railway Station||10924|19248"", ""19201|Parle Square Mall||161863|19239"", ""19202|SVKM's Mithibai College of Arts||161865|19225"", ""19202|Mubai Public School||156745|"", ""19203|Babasaheb Gawde Hospital||10610|19230"", ""19203|Shirodkar Hospital||140376|19230"", ""19206|Agarwal Market||84850|19239"", ""19209|Chhatrapati Shivaji Maharaj International Airport Mumbai Terminal 1||73956|19247"", ""19209|Chhatrapati Shivaji Maharaj International Airport Mumbai Terminal 2||73958|19247""]",19.03478,73.0219,"19.10046297,72.84924449",b,12202 12205 12208 12209 12211 12216 12218 12220 12222 1404115 1404121 1404143,1404115 12220 12216 1404143,"Laundry Service,Visitor Parking,",F,False,,,,,,,,,2026-08-21T07:26:04.000Z,"Aug 21, '26",2024-10-25T18:30:00.000+00:00,2027-01-03T07:26:04.000Z,"Jan 03, '27",0,,,Bachelors/Family,2BHK Multistorey Apartment for Resale in Gagangiri Apartment at Vile Parle East,,664.0,Vile Parle East
339,5 to 10 years,3800000.0,38 Lac,4471.0,3800000.0,4100000.0,3,2,,612.0,Sq-ft,850.0,12800.0,Ground,8.0,Ground of 8 Floor,Semi-Furnished,,,Apartment,Resale,Ready to Move,20260821,20260820.0,,,4320,Mumbai,104180.0,Vasai East,,Y,Evershine City,N,,"[""19210|Vasai Bus Stop||167861|19250"", ""19210|Vasai (E) Bus Stop||167855|19250"", ""19201|Railway Mall, High Street Vasai||167867|19239"", ""19203|IASIS HOSPITAL||167871|19230"", ""19203|Platinum Hospital Vasai||167865|19230"", ""19206|Bhajanlal Dairy Farm||140782|19239""]",19.40629,72.83985,"19.39954,72.8604165",b,12201 12203 12204 12206 12209 1404121,,,F,False,,,,,,,,,2026-08-20T16:08:37.000Z,"Aug 20, '26",2024-10-24T18:30:00.000+00:00,2027-01-02T16:08:37.000Z,"Jan 02, '27",0,3.0,,Bachelors/Family,3BHK Multistorey Apartment for Resale in Evershine City at Vasai East,,850.0,Vasai East
340,15 to 20 years,2400000.0,24 Lac,2667.0,2400000.0,2620000.0,3,2,1.0,600.0,Sq-ft,900.0,12800.0,,,,Semi-Furnished,,,Residential House,Resale,Ready to Move,20260710,,,,4320,Mumbai,104911.0,Nalasopara East,,Y,,Y,,"[""19201|The Capital Mall||167873|19239"", ""19201|St. Anthony's High School Nagindas||139302|19227"", ""19203|Vijayalaxmi Hospital||140776|19232"", ""19206|Om Plaza Commercial Complex||140432|19239""]",19.4313907623291,72.84972381591797,"19.43138984792,72.8497262547151",b,,,,F,False,,,,,,,,,2026-07-10T09:21:30.000Z,"Jul 10, '26",2021-11-13T18:30:00.000+00:00,2026-11-21T18:30:00.000Z,"Nov 22, '26",0,44.0,,Bachelors/Family,3BHK Residential House for Resale in Nalasopara East,,900.0,Nalasopara East
341,5 to 10 years,2700000.0,27 Lac,4500.0,2430000.0,2700000.0,3,2,1.0,450.0,Sq-ft,600.0,12800.0,,,,Unfurnished,East,,Residential House,Resale,Ready to Move,20260606,20260606.0,,,4320,Mumbai,,,,Y,,Y,coco Island,,0.0,0.0,,b,,,,F,False,,,,,,,,Freehold,2026-06-05T21:30:41.000Z,"Jun 06, '26",2026-05-11T18:30:00.000+00:00,2026-10-18T21:30:41.000Z,"Oct 19, '26",0,78.0,,Bachelors/Family,3BHK Residential House for Resale in ,,600.0,
342,Less than 5 years,5000000.0,50 Lac,5155.0,5000000.0,5400000.0,3,2,,698.0,Sq-ft,970.0,12800.0,1,4.0,1 of 4 Floor,Unfurnished,,,Apartment,Resale,Ready to Move,20260822,20260822.0,,,4320,Mumbai,113082.0,,,Y,M Baria Castle View Apartment,N,,,19.46797,72.78305,"19.4661888148379,72.7700777769154",b,,,,F,False,,,,,,,,,2026-08-21T19:29:33.000Z,Yesterday,2024-10-26T18:30:00.000+00:00,2026-10-21T19:29:33.000Z,"Oct 22, '26",0,,,Bachelors/Family,3BHK Multistorey Apartment for Resale in M Baria Castle View Apartment at Agashi,,970.0,Agashi
343,,4080000.0,40.8 Lac,5191.0,4080000.0,4450000.0,3,2,,786.0,Sq-ft,786.0,12800.0,,,,Unfurnished,,,Apartment,Resale,,20260816,20260816.0,,,4320,Mumbai,94454.0,Kapadia Nagar,,Y,,N,,,0.0,0.0,"19.0734847185611,72.8745984758395",b,,,,F,False,,,,,,,,,2026-08-16T07:00:49.000Z,"Aug 16, '26",2023-06-29T18:30:00.000+00:00,2026-12-26T07:00:49.000Z,"Dec 26, '26",0,,,Bachelors/Family,3BHK Multistorey Apartment for Resale in Kapadia Nagar,,786.0,Kapadia Nagar
344,10 to 15 years,4800000.0,48 Lac,3810.0,4800000.0,5230000.0,3,2,1.0,1000.0,Sq-ft,1260.0,12800.0,3,4.0,3 of 4 Floor,Unfurnished,East,Main Road,Apartment,Resale,Ready to Move,20260626,20260626.0,,,4320,Mumbai,86704.0,Ulhasnagar,,Y,,Y,Near Swami Dharamdas Darbar,"[""19210|Vithalwadi Railway Station||10890|19248"", ""19210|Shahad Railway Station||10874|19248"", ""19203|Surekha Criticare Hospital||10566|19230"", ""19203|Sai Prasad Nursing Home||79726|19232""]",19.225786209106445,73.146484375,"19.2298419727021,73.1644753282394",b,12208 12209 12211 12216 12219,12216,Visitor Parking,F,False,,Water Availability 24 Hours Available,No/Rare Powercut,,,Vitrified,,Freehold,2026-06-25T21:31:44.000Z,"Jun 26, '26",2026-05-07T18:30:00.000+00:00,2026-11-07T21:31:44.000Z,"Nov 08, '26",0,58.0,Y,Bachelors/Family,3BHK Multistorey Apartment for Resale in Ulhasnagar,,1260.0,Ulhasnagar
345,Less than 5 years,4000000.0,40 Lac,3347.0,4000000.0,4360000.0,3,3,,,,1195.0,12800.0,3,4.0,3 of 4 Floor,Semi-Furnished,,,Residential House,Resale,,20260620,20260620.0,,,4320,Mumbai,80050.0,Vasai,,Y,,N,Vasant nagri. Near stadium.,"[""19201|Sureshwari It Park||89326|19221"", ""19201|Range Office||139022|19221"", ""19203|YOGYAM Multi-Speciality Hospital||167857|19230"", ""19203|Janseva Hospital||138740|19230"", ""19206|Viva Swastik Mall||89386|19239"", ""19206|Bhajanlal Dairy Farm||140782|19239""]",0.0,0.0,"19.3914260104194,72.8285855834131",b,12202 12207 12209 12216,12216,Visitor Parking,F,False,,,,,,,,Co-operative Society,2026-06-19T22:30:35.000Z,"Jun 20, '26",2026-05-31T18:30:00.000+00:00,2026-11-01T22:30:35.000Z,"Nov 02, '26",0,64.0,,Bachelors/Family,3BHK Residential House for Resale in Vasai,,1195.0,Vasai
346,New Construction,4500000.0,45 Lac,7500.0,4500000.0,4860000.0,3,3,,,,600.0,12800.0,,,,,,,Residential House,Resale,Ready to Move,20260818,20260818.0,,,4320,Mumbai,95990.0,Shivaji Nagar Phase 1,,Y,,N,,,0.0,0.0,"19.0656590659501,72.9220325409402",b,,,,F,False,,,,,,,,,2026-08-18T08:21:16.000Z,"Aug 18, '26",2023-07-11T18:30:00.000+00:00,2026-12-29T08:21:16.000Z,"Dec 29, '26",0,,,Bachelors/Family,3BHK Residential House for Resale in Phase 1 Shivaji Nagar,,600.0,Phase 1 Shivaji Nagar
347,Above 20 years,2700000.0,27 Lac,1607.0,2700000.0,2860000.0,3,2,2.0,1300.0,Sq-ft,1680.0,12800.0,5,7.0,5 of 7 Floor,Furnished,East,Main Road,Apartment,Resale,Ready to Move,20260819,20260819.0,,,4320,Mumbai,86704.0,Ulhasnagar,,Y,,Y,Vegetable Market,"[""19210|Ulhasnagar Railway Station||10884|19248"", ""19210|Shahad Railway Station||10874|19248"", ""19203|Orkid Children Hospital Criticare Hospital Satya Sai Hospital||153811|"", ""19203|Sai Prasad Nursing Home||79726|19232""]",19.145977020263672,73.24844360351562,"19.2298419727021,73.1644753282394",b,,,,F,False,,Water Availability 24 Hours Available,No/Rare Powercut,0.0,Monthly,,,Freehold,2026-08-18T22:30:38.000Z,"Aug 19, '26",2026-07-20T18:30:00.000+00:00,2026-12-31T22:30:38.000Z,"Jan 01, '27",0,4.0,Y,Bachelors/Family,3BHK Multistorey Apartment for Resale in Ulhasnagar,,1680.0,Ulhasnagar
348,,3940000.0,39.4 Lac,,3940000.0,4330000.0,3,2,,,Sq-ft,,,,,,Furnished,,,Residential House,Resale,,20260816,20260816.0,,,4320,Mumbai,95940.0,Motilal Nagar 1,,Y,,N,,"[""19202|Vibguor Group of School||157015|"", ""19202|Adarsh Vidyalay||157017|"", ""19203|SRV Hospital||154141|"", ""19203|Lifelline Medicare Hospital||154143|""]",0.0,0.0,"19.1572961813933,72.839749980275",b,,,,F,False,,,,,,,,,2026-08-16T07:09:22.000Z,"Aug 16, '26",2023-06-29T18:30:00.000+00:00,2026-12-26T07:09:22.000Z,"Dec 26, '26",0,,,Bachelors/Family,3BHK Residential House for Resale in Motilal Nagar 1,,,Motilal Nagar 1
349,,2830000.0,28.3 Lac,3144.0,2830000.0,3030000.0,3,2,,750.0,Sq-ft,900.0,12800.0,,,,Unfurnished,,,Residential House,Resale,,20260816,20260816.0,,,4320,Mumbai,94050.0,BMC Colony Malad West,,N,,N,,,0.0,0.0,"19.1929626603671,72.8220574622949",b,,,,F,False,,,,,,,,,2026-08-16T06:56:01.000Z,"Aug 16, '26",2023-06-29T18:30:00.000+00:00,2026-12-26T06:56:01.000Z,"Dec 26, '26",0,,,Bachelors/Family,3BHK Residential House for Resale in BMC Colony Malad West,,900.0,BMC Colony Malad West
350,New Construction,2100000.0,21 Lac,2392.0,1950000.0,2100000.0,3,3,1.0,878.0,Sq-ft,878.0,12800.0,1,34.0,1 of 34 Floor,Unfurnished,North,,Apartment,New Property,Ready to Move,20260811,20260811.0,,,4320,Mumbai,108419.0,Mira Road,,N,Kalpataru Shrishti,N,,"[""19202|Holy Cross Convent School||157207|"", ""19202|Senthome Public School||157205|"", ""19203|Vedanta Hospital||154455|""]",19.2722969,72.8679286,"19.2824790028886,72.8826767010947",b,,,,F,False,,,,,,Vitrified,,,2026-08-11T15:43:30.000Z,"Aug 11, '26",2026-05-08T18:30:00.000+00:00,2026-12-24T15:43:30.000Z,"Dec 24, '26",0,12.0,,Bachelors/Family,3BHK Multistorey Apartment for New Property in Kalpataru Shrishti at Mira Road,,878.0,Mira Road
351,10 to 15 years,5000000.0,50 Lac,4167.0,4700000.0,5000000.0,3,2,1.0,1100.0,Sq-ft,1200.0,12800.0,2,3.0,2 of 3 Floor,Semi-Furnished,,,Apartment,Resale,Ready to Move,20260701,20260630.0,,,4320,Mumbai,61021.0,Virar East,,N,,N,,"[""19210|VVMC Headquater Bus Stop||140758|19250"", ""19210|Virar Railway Station||10926|19248"", ""19201|Infinity It Park||89470|19221"", ""19202|Don Bosco High School & Junior College||89484|19227"", ""19202|Rd Memorial School||89488|19227"", ""19203|Rani Shankar Hospital||10614|19232"", ""19206|Om Arcade||10758|19239""]",19.46529006958008,72.81900024414062,"19.4652899784439,72.8189990617033",b,,,,F,False,,,,,,,,,2026-06-30T17:24:09.000Z,"Jun 30, '26",2025-11-12T18:30:00.000+00:00,2026-11-12T17:24:09.000Z,"Nov 12, '26",0,54.0,,Bachelors/Family,3BHK Multistorey Apartment for Resale in Virar East,,1200.0,Virar East
352,,3050000.0,30.5 Lac,3050.0,3050000.0,3260000.0,3,3,,,,1000.0,12800.0,1,3.0,1 of 3 Floor,Semi-Furnished,,,Apartment,Resale,Ready to Move,20260729,,,,4320,Mumbai,,,,N,,N,,,0.0,0.0,,b,,,,F,False,,,,,,,,,2026-07-29T10:10:11.000Z,"Jul 29, '26",2026-08-04T18:30:00.000+00:00,2026-12-11T10:10:11.000Z,"Dec 11, '26",0,24.0,,Bachelors/Family,3BHK Multistorey Apartment for Resale in ,,1000.0,
353,,3420000.0,34.2 Lac,3420.0,3420000.0,3660000.0,3,3,,,,1000.0,12800.0,,,,Unfurnished,,,Builder Floor Apartment,Resale,,20260816,20260816.0,,,4320,Mumbai,94960.0,Null Bazar,,N,,N,,"[""19201|Mirza Ghalib Municipal Market||167513|19239""]",0.0,0.0,"18.9576327496957,72.8294530560645",b,,,,F,False,,,,,,,,,2026-08-16T07:03:58.000Z,"Aug 16, '26",2023-06-29T18:30:00.000+00:00,2026-12-26T07:03:58.000Z,"Dec 26, '26",0,,,Bachelors/Family,3BHK Builder Floor Apartment for Resale in Null Bazar,,1000.0,Null Bazar
354,,3020000.0,30.2 Lac,3149.0,3020000.0,3320000.0,3,1,,769.0,Sq-ft,959.0,12800.0,,,,Unfurnished,,,Residential House,Resale,,20260816,20260816.0,,,4320,Mumbai,96096.0,Turner Road,,N,,N,,,0.0,0.0,"19.05931,72.83467",b,,,,F,False,,,,,,,,,2026-08-16T07:10:34.000Z,"Aug 16, '26",2023-06-29T18:30:00.000+00:00,2026-12-26T07:10:34.000Z,"Dec 26, '26",0,,,Bachelors/Family,3BHK Residential House for Resale in Turner Road,,959.0,Turner Road
355,Less than 5 years,2600000.0,26 Lac,1733.0,2390000.0,2600000.0,3,3,6.0,,,1500.0,12800.0,,,,Furnished,,,Villa,Resale,Ready to Move,20260806,20260806.0,12850.0,Sq-ft,4320,Mumbai,80051.0,Virar,2500.0,N,,N,,"[""19210|Sakinaka Metro Station||89296|19249"", ""19210|Chembur Monorail Station||89274|19248"", ""19201|Westside - Grand Galleria Global City, Virar||164995|19239"", ""19201|Lodha Supremus Powai||89284|19221"", ""19202|Rd Memorial School||89488|19227"", ""19202|Nahar International School||89302|19227"", ""19206|Big Bazaar||147834|19239"", ""19206|Sahakari Bhandar||84902|19239""]",0.0,0.0,"19.462194642857,72.8049130698568",b,,,,F,False,2 Covered,,,,,,,,2026-08-06T12:24:26.000Z,"Aug 06, '26",2026-07-09T18:30:00.000+00:00,2026-12-19T12:24:26.000Z,"Dec 19, '26",0,12.0,,Bachelors/Family,3BHK Villa for Resale in Virar,,1500.0,Virar
356,,4650000.0,46.5 Lac,4750.0,4650000.0,5070000.0,3,2,,,,979.0,12800.0,Ground,2.0,Ground of 2 Floor,Unfurnished,,,Apartment,Resale,Ready to Move,20260810,20260809.0,,,4320,Mumbai,89245.0,Virar West,,N,,N,,"[""19210|Bolinj Naka Bus Stop||139184|19250"", ""19210|Chembur Monorail Station||89274|19248"", ""19201|Westside - Grand Galleria Global City, Virar||164995|19239"", ""19202|Viva College||164993|19225"", ""19203|Sahyadri Multcipility Hospital||154499|"", ""19203|Sankalpa Hospital||154257|"", ""19206|Big Bazaar||147834|19239"", ""19206|Phoenix Marketcity Mall||89270|19239""]",0.0,0.0,"19.4638767047594,72.7822993572118",b,,,,F,False,,,,,,,,,2026-08-09T18:00:38.000Z,"Aug 09, '26",2024-12-14T18:30:00.000+00:00,2026-12-22T18:00:38.000Z,"Dec 22, '26",0,14.0,,Bachelors/Family,3BHK Multistorey Apartment for Resale in Virar West,,979.0,Virar West
357,,4300000.0,43 Lac,14333.0,4300000.0,4560000.0,3,3,,,,300.0,12800.0,,,,Semi-Furnished,,,Residential House,Resale,Ready to Move,20260722,,,,4320,Mumbai,80084.0,Malad West,,N,,N,,"[""19210|Malad West Metro Station|5 minutes|163061|19249"", ""19210|Malad Station (W) / Sainath Road Chowki Bus Stop||167729|19250"", ""19201|Infiniti Mall||167721|19239"", ""19201|Shopping Mandi Super Market||163791|19239"", ""19202|Carmel Of St. Joseph School||157477|"", ""19202|Ryan International School||165273|19227"", ""19203|Sun Hospital||154927|"", ""19203|Surana Hospital & Research Centre||10562|19230"", ""19206|Phoenix Marketcity Mall||89180|19239"", ""19206|World of Titan Infiniti mall||84772|19239""]",19.194034576416016,72.82575988769531,"19.1940346300819,72.8257561606587",b,,,,F,False,,,,,,,,,2026-07-22T08:59:47.000Z,"Jul 22, '26",2026-07-21T18:30:00.000+00:00,2026-12-04T08:59:47.000Z,"Dec 04, '26",0,32.0,,Bachelors/Family,3BHK Residential House for Resale in Malad West,,300.0,Malad West
358,New Construction,4000000.0,40 Lac,40000.0,4000000.0,4320000.0,3,3,,72.0,Sq-ft,100.0,12800.0,Ground,3.0,Ground of 3 Floor,Semi-Furnished,,,Apartment,Resale,Ready to Move,20260821,20260821.0,,,4320,Mumbai,60166.0,Juhu,,N,Dev Rishi,N,,"[""19210|Juhu Beach Bus Stop||160529|19250"", ""19201|Hare Krishna Super Market||160527|19239"", ""19201|Navrang Theatre||139194|19239"", ""19202|Podar World College||160531|19225"", ""19202|Department of Special Education SNDT Women's University||160525|19227"", ""19203|Baratiya Arogy Nidhi||154929|"", ""19203|Sujay Hospital||154931|"", ""19206|Silver Beach Cafe||140386|19239"", ""19206|Dheeraj Heritage||10686|19239""]",19.1136,72.83144,"19.098267753993,72.8335140160125",b,,,,F,False,,,,,,,,,2026-08-21T04:37:31.000Z,"Aug 21, '26",2024-10-25T18:30:00.000+00:00,2026-10-21T04:37:32.000Z,"Oct 21, '26",0,,,Bachelors/Family,3BHK Multistorey Apartment for Resale in Dev Rishi at Juhu,,100.0,Juhu
359,Less than 5 years,2700000.0,27 Lac,9000.0,2700000.0,2920000.0,3,2,,,,300.0,12800.0,,,,,,,Residential House,Resale,Ready to Move,20260818,20260818.0,,,4320,Mumbai,94976.0,Lotus Colony Worli,,N,,N,,,0.0,0.0,"18.9886900396384,72.8147787031436",b,,,,F,False,,,,,,,,,2026-08-18T08:07:34.000Z,"Aug 18, '26",2023-07-11T18:30:00.000+00:00,2026-12-29T08:07:34.000Z,"Dec 29, '26",0,,,Bachelors/Family,3BHK Residential House for Resale in Lotus Colony Worli,,300.0,Lotus Colony Worli
360,,4790000.0,47.9 Lac,3421.0,4790000.0,5170000.0,3,3,,,,1400.0,12800.0,,,,Semi-Furnished,,,Builder Floor Apartment,Resale,,20260816,20260816.0,,,4320,Mumbai,94182.0,Prabhat Colony,,N,,N,,"[""19201|Yes Bank Office||151129|"", ""19202|Mumbai Public School||156493|""]",0.0,0.0,"19.08775,72.84348",b,,,,F,False,,,,,,,,,2026-08-16T06:58:28.000Z,"Aug 16, '26",2023-06-29T18:30:00.000+00:00,2026-12-26T06:58:28.000Z,"Dec 26, '26",0,,,Bachelors/Family,3BHK Builder Floor Apartment for Resale in Prabhat Colony,,1400.0,Prabhat Colony
361,,4720000.0,47.2 Lac,3147.0,4720000.0,5000000.0,3,2,,,Sq-ft,1500.0,12800.0,,,,Furnished,,,Residential House,Resale,,20260816,20260816.0,,,4320,Mumbai,94931.0,Thakurdwar,,N,,N,,,0.0,0.0,"18.9497301367546,72.8225775085991",b,,,,F,False,,,,,,,,,2026-08-16T07:02:48.000Z,"Aug 16, '26",2023-06-29T18:30:00.000+00:00,2026-12-26T07:02:48.000Z,"Dec 26, '26",0,,,Bachelors/Family,3BHK Residential House for Resale in Thakurdwar,,1500.0,Thakurdwar
362,,4790000.0,47.9 Lac,3421.0,4790000.0,5270000.0,3,3,,,,1400.0,12800.0,,,,Semi-Furnished,,,Builder Floor Apartment,Resale,,20260816,20260816.0,,,4320,Mumbai,94470.0,Parsi Colony Dadar East,,N,,N,,,0.0,0.0,"19.01879,72.85187",b,,,,F,False,,,,,,,,,2026-08-16T07:00:56.000Z,"Aug 16, '26",2023-06-29T18:30:00.000+00:00,2026-12-26T07:00:56.000Z,"Dec 26, '26",0,,,Bachelors/Family,3BHK Builder Floor Apartment for Resale in Parsee Colony,,1400.0,Parsee Colony
363,New Construction,6500000.0,65 Lac,5200.0,6500000.0,7020000.0,3,3,,900.0,Sq-ft,1250.0,12800.0,3,7.0,3 of 7 Floor,Semi-Furnished,,,Apartment,Resale,Ready to Move,20260822,20260821.0,,,4320,Mumbai,89245.0,Virar West,,Y,HDIL Residency Park,N,,"[""19210|Bolinj Naka Bus Stop||139184|19250"", ""19210|Chembur Monorail Station||89274|19248"", ""19201|Westside - Grand Galleria Global City, Virar||164995|19239"", ""19202|Viva College||164993|19225"", ""19203|Sankalpa Hospital||154257|"", ""19203|Sahyadri Multcipility Hospital||154499|"", ""19206|Big Bazaar||147834|19239"", ""19206|Phoenix Marketcity Mall||89270|19239""]",19.46804,72.81,"19.4638767047594,72.7822993572118",b,,,,F,False,,,,,,,,,2026-08-21T09:00:23.000Z,"Aug 21, '26",2024-10-25T18:30:00.000+00:00,2027-01-03T09:00:23.000Z,"Jan 03, '27",0,,,Bachelors/Family,3BHK Multistorey Apartment for Resale in HDIL Residency Park at Virar West,,1250.0,Virar West
364,5 to 10 years,5600000.0,56 Lac,4628.0,5600000.0,6050000.0,3,3,,871.0,Sq-ft,1210.0,12800.0,4,7.0,4 of 7 Floor,Semi-Furnished,,,Apartment,Resale,Ready to Move,20260821,20260820.0,,,4320,Mumbai,80051.0,Virar,,Y,Yashodham Veehar,N,,"[""19210|Sakinaka Metro Station|8 minutes|89296|19249"", ""19210|Railway Station||140626|19248"", ""19201|Infinity It Park||89536|19221"", ""19201|Nakoda super market||163909|19239"", ""19202|Viva College||164993|19225"", ""19202|Vidya Vikasini School||89544|19227"", ""19206|DMart||147918|19239"", ""19206|R City Mall||89292|19239""]",19.1694475,72.8678826,"19.462194642857,72.8049130698568",b,,,,F,False,,,,,,,,,2026-08-20T16:54:16.000Z,"Aug 20, '26",2024-10-24T18:30:00.000+00:00,2026-10-20T16:54:18.000Z,"Oct 20, '26",0,3.0,,Bachelors/Family,3BHK Multistorey Apartment for Resale in Yashodham Veehar at Virar,,1210.0,Virar
365,,7450000.0,74.5 Lac,,,,3,3,,750.0,Sq-ft,,,,,,Unfurnished,,,Apartment,New Property,Ready to Move,20260714,20260821.0,,,4320,Mumbai,89086.0,Palghar Naigaon East,,Y,Sunteck World,N,,"[""19210|Mira Road Railway Station||89372|19248"", ""19201|Infinity It Park||89364|19221"", ""19202|Universal College of Engineering Mumbai||164955|19225"", ""19202|Vedant International High School||89378|19227""]",19.3659556,72.8659626,"19.3489277756968,72.8750219955356",b,,,,F,False,1 Covered,Water Availability 24 Hours Available,No/Rare Powercut,,,,"NA|null,P99000024072|-1",,2026-08-21T17:37:06.000Z,"Aug 21, '26",2026-08-20T18:30:00.000+00:00,2026-10-20T17:37:06.000Z,"Oct 20, '26",0,,,Bachelors/Family,3BHK Multistorey Apartment for New Property in Sunteck World at Palghar Naigaon East,,,Palghar Naigaon East
366,New Construction,8000000.0,80 Lac,6667.0,,,3,3,4.0,730.0,Sq-ft,1200.0,12800.0,15,22.0,15 of 22 Floor,Semi-Furnished,East,"Garden/Park, Main Road",Apartment,New Property,Ready to Move,20260822,20260822.0,,,4320,Mumbai,160012.0,Bhabola,,Y,Mansarovar Ariana,Y,Vasai road railway station is the nearest from this location.,,19.3745830863848,72.8076393946386,"19.36528374,72.81139049",b,12201 12202 12203 12206 12209 12213 12214 12216 12218 12219 12228 12229,12229 12214 12216,"Jogging and Strolling Track,Service/Goods Lift,Visitor Parking",F,False,1 Covered,Water Availability 24 Hours Available,No/Rare Powercut,2500.0,Monthly,Vitrified,"NA|null,P99000077313|-1",Freehold,2026-08-21T23:45:15.000Z,Yesterday,2026-07-16T18:30:00.000+00:00,2026-10-20T23:45:15.000Z,"Oct 21, '26",0,,,Bachelors/Family,3BHK Multistorey Apartment for New Property in Mansarovar Ariana at Bhabola,None of these,1200.0,Bhabola
367,,7783000.0,77.8 Lac,8506.0,,,3,2,5.0,654.0,Sq-ft,915.0,12800.0,,,,Unfurnished,,,Apartment,New Property,Jun '27,20260730,20260822.0,,,4320,Mumbai,89245.0,Virar West,,Y,Shree Krishna Heights II,N,,"[""19210|Bolinj Naka Bus Stop||139184|19250"", ""19210|Chembur Monorail Station||89274|19248"", ""19201|Westside - Grand Galleria Global City, Virar||164995|19239"", ""19202|Viva College||164993|19225"", ""19203|Sahyadri Multcipility Hospital||154499|"", ""19203|Sankalpa Hospital||154257|"", ""19206|Big Bazaar||147834|19239"", ""19206|Phoenix Marketcity Mall||89270|19239""]",19.1772526,72.8555191,"19.4638767047594,72.7822993572118",b,,,,F,False,,,,,,,"NA|null,P99000079760|-1",,2026-08-22T17:36:38.000Z,Yesterday,2026-08-21T18:30:00.000+00:00,2026-10-21T17:36:38.000Z,"Oct 21, '26",0,,,Bachelors/Family,3BHK Multistorey Apartment for New Property in Shree Krishna Heights II at Virar West,,915.0,Virar West
368,,7200000.0,72 Lac,7676.0,7200000.0,7780000.0,3,3,,675.0,Sq-ft,938.0,12800.0,8,16.0,8 of 16 Floor,Semi-Furnished,,,Apartment,Resale,Under Construction,20260821,20260820.0,,,4320,Mumbai,89245.0,Virar West,,Y,Vinay Unique Gardens,N,,"[""19210|Bolinj Naka Bus Stop||139184|19250"", ""19210|Chembur Monorail Station||89274|19248"", ""19201|Westside - Grand Galleria Global City, Virar||164995|19239"", ""19202|Viva College||164993|19225"", ""19203|Sankalpa Hospital||154257|"", ""19203|Sahyadri Multcipility Hospital||154499|"", ""19206|Big Bazaar||147834|19239"", ""19206|Phoenix Marketcity Mall||89270|19239""]",19.47296,72.8008,"19.4638767047594,72.7822993572118",b,12201 12202 12203 12204 12205 12206 12207 12208 12209 12212 12213 12214 12215 12217 12218 12219 12220 12221 12222 12223 12224 12225 12226 12227 12228 12229 12230 1404115 1404117 1404118 1404121 1404123 1404124 1404126 1404131 1404143,12225 1404118 1404115 1404131 1404123 12215 12224 12229 12230 12220 1404124 12221 12223 12214 12217 12227 1404143,"Bar/Lounge,,,,,Air Conditioned,Banquet Hall,Jogging and Strolling Track,Outdoor Tennis Courts,Laundry Service,,Internet/Wi-Fi Connectivity,RO Water System,Service/Goods Lift,Intercom Facility,Conference Room,",F,False,,,,,,,"NA|null,P99000012052|-1",,2026-08-20T15:29:04.000Z,"Aug 20, '26",2024-10-24T18:30:00.000+00:00,2027-01-02T15:29:04.000Z,"Jan 02, '27",0,3.0,,Bachelors/Family,3BHK Multistorey Apartment for Resale in Vinay Unique Gardens at Virar West,,938.0,Virar West
369,Less than 5 years,5608000.0,56.1 Lac,,,,3,3,5.0,563.0,Sq-ft,,,,,,Unfurnished,,,Apartment,New Property,Ready To Move,20260813,20260822.0,,,4320,Mumbai,89245.0,Virar West,,Y,Agarwal Paramount,N,,"[""19210|Chembur Monorail Station||89274|19248"", ""19210|Bolinj Naka Bus Stop||139184|19250"", ""19201|Westside - Grand Galleria Global City, Virar||164995|19239"", ""19202|Viva College||164993|19225"", ""19203|Sahyadri Multcipility Hospital||154499|"", ""19203|Sankalpa Hospital||154257|"", ""19206|Phoenix Marketcity Mall||89270|19239"", ""19206|Big Bazaar||147834|19239""]",18.9582347,72.8319514,"19.4638767047594,72.7822993572118",b,,,,F,False,,,,,,,"NA|null,P99000002207|-1",,2026-08-22T17:36:38.000Z,Yesterday,2026-08-14T18:30:00.000+00:00,2026-10-21T17:36:38.000Z,"Oct 21, '26",0,,,Bachelors/Family,3BHK Multistorey Apartment for New Property in Agarwal Paramount at Virar West,,,Virar West
370,5 to 10 years,7200000.0,72 Lac,5760.0,,,3,3,4.0,,,1250.0,12800.0,9,15.0,9 of 15 Floor,Semi-Furnished,East,"Pool, Garden/Park, Main Road",Apartment,Resale,Ready to Move,20260802,,,,4320,Mumbai,89245.0,Virar West,,Y,Ekta Parksville,Y,near max mall global city virar west,"[""19210|Bolinj Naka Bus Stop||139184|19250"", ""19210|Chembur Monorail Station||89274|19248"", ""19201|Westside - Grand Galleria Global City, Virar||164995|19239"", ""19202|Viva College||164993|19225"", ""19203|Sankalpa Hospital||154257|"", ""19203|Sahyadri Multcipility Hospital||154499|"", ""19206|Big Bazaar||147834|19239"", ""19206|Phoenix Marketcity Mall||89270|19239""]",19.46888,72.80276,"19.4638767047594,72.7822993572118",b,12201 12202 12203 12204 12205 12206 12207 12208 12209 12212 12213 12214 12215 12217 12218 12219 12220 12221 12222 12223 12224 12225 12226 12227 12228 12229 12230,12225 12215 12224 12229 12230 12220 12221 12223 12214 12217 12227,"Bar/Lounge,Air Conditioned,Banquet Hall,Jogging and Strolling Track,Outdoor Tennis Courts,Laundry Service,Internet/Wi-Fi Connectivity,RO Water System,Service/Goods Lift,Intercom Facility,Conference Room",F,False,,,,,,,"NA|null,P99000000109|06/2020,P99000000115|12/2020,P99000000116|12/2019",Freehold,2026-08-02T04:18:35.000Z,"Aug 02, '26",2026-02-08T18:30:00.000+00:00,2026-10-01T18:30:00.000Z,"Oct 02, '26",0,,,Bachelors/Family,3BHK Multistorey Apartment for Resale in Ekta Parksville at Virar West,Store,1250.0,Virar West
371,,6436000.0,64.4 Lac,6449.0,,,3,3,5.0,713.0,Sq-ft,998.0,12800.0,,,,Unfurnished,,,Apartment,New Property,Dec '27,20260806,20260820.0,,,4320,Mumbai,104180.0,Vasai East,,Y,JSB Nakshatra Veda,N,,"[""19210|Vasai (E) Bus Stop||167855|19250"", ""19210|Vasai Bus Stop||167861|19250"", ""19201|Railway Mall, High Street Vasai||167867|19239"", ""19203|IASIS HOSPITAL||167871|19230"", ""19203|Platinum Hospital Vasai||167865|19230"", ""19206|Bhajanlal Dairy Farm||140782|19239""]",19.39954,72.8604165,"19.39954,72.8604165",b,,,,F,False,,,,,,,"NA|null,P99000047826|-1,P99000048852|-1",,2026-08-20T17:36:45.000Z,"Aug 20, '26",2026-08-21T18:30:00.000+00:00,2026-10-19T17:36:45.000Z,"Oct 19, '26",0,,,Bachelors/Family,3BHK Multistorey Apartment for New Property in JSB Nakshatra Veda at Vasai East,,998.0,Vasai East
372,New Construction,8000000.0,80 Lac,10667.0,7280000.0,8000000.0,3,3,,750.0,Sq-ft,750.0,12800.0,6,8.0,6 of 8 Floor,Unfurnished,,,Apartment,Resale,Ready to Move,20260623,,,,4320,Mumbai,89245.0,Virar West,,Y,Agarwal Lifestyle Avenue B1,N,,"[""19210|Bolinj Naka Bus Stop||139184|19250"", ""19210|Chembur Monorail Station||89274|19248"", ""19201|Westside - Grand Galleria Global City, Virar||164995|19239"", ""19202|Viva College||164993|19225"", ""19203|Sankalpa Hospital||154257|"", ""19203|Sahyadri Multcipility Hospital||154499|"", ""19206|Phoenix Marketcity Mall||89270|19239"", ""19206|Big Bazaar||147834|19239""]",19.4675145,72.8010544999999,"19.4638767047594,72.7822993572118",b,,,,F,False,,,,,,,,,2026-06-22T20:53:50.000Z,"Jun 23, '26",2026-08-20T18:30:00.000+00:00,2026-11-04T20:53:50.000Z,"Nov 05, '26",0,53.0,,Bachelors/Family,3BHK Multistorey Apartment for Resale in Agarwal Lifestyle Avenue B1 at Virar West,,750.0,Virar West
373,5 to 10 years,7000000.0,70 Lac,7330.0,7000000.0,7420000.0,3,3,,688.0,Sq-ft,955.0,12800.0,7,7.0,7 of 7 Floor,Unfurnished,,,Apartment,Resale,Ready to Move,20260822,20260821.0,,,4320,Mumbai,89245.0,Virar West,,Y,HDIL Residency Park,N,,"[""19210|Bolinj Naka Bus Stop||139184|19250"", ""19210|Chembur Monorail Station||89274|19248"", ""19201|Westside - Grand Galleria Global City, Virar||164995|19239"", ""19202|Viva College||164993|19225"", ""19203|Sahyadri Multcipility Hospital||154499|"", ""19203|Sankalpa Hospital||154257|"", ""19206|Big Bazaar||147834|19239"", ""19206|Phoenix Marketcity Mall||89270|19239""]",19.46804,72.81,"19.4638767047594,72.7822993572118",b,,,,F,False,,,,,,,,,2026-08-21T08:59:48.000Z,"Aug 21, '26",2024-10-25T18:30:00.000+00:00,2027-01-03T08:59:48.000Z,"Jan 03, '27",0,,,Bachelors/Family,3BHK Multistorey Apartment for Resale in HDIL Residency Park at Virar West,,955.0,Virar West
374,5 to 10 years,5600000.0,56 Lac,3500.0,5600000.0,5990000.0,3,3,,1152.0,Sq-ft,1600.0,12800.0,4,7.0,4 of 7 Floor,Semi-Furnished,,,Apartment,Resale,Ready to Move,20260821,20260820.0,,,4320,Mumbai,80051.0,Virar,,Y,Yashodham Veehar,N,,"[""19210|Sakinaka Metro Station|8 minutes|89296|19249"", ""19210|Railway Station||140626|19248"", ""19201|Nakoda super market||163909|19239"", ""19201|Boomerang||89288|19221"", ""19202|Bombay Scottish School, Powai||89304|19227"", ""19202|Don Bosco High School & Junior College||89484|19227"", ""19206|DMart||147918|19239"", ""19206|R City Mall||89292|19239""]",19.1694475,72.8678826,"19.462194642857,72.8049130698568",b,,,,F,False,,,,,,,,,2026-08-20T16:54:22.000Z,"Aug 20, '26",2024-10-24T18:30:00.000+00:00,2026-10-20T16:54:25.000Z,"Oct 20, '26",0,3.0,,Bachelors/Family,3BHK Multistorey Apartment for Resale in Yashodham Veehar at Virar,,1600.0,Virar
375,5 to 10 years,7200000.0,72 Lac,6000.0,7200000.0,7630000.0,3,3,,864.0,Sq-ft,1200.0,12800.0,7,7.0,7 of 7 Floor,Semi-Furnished,,,Apartment,Resale,Ready to Move,20260820,20260820.0,,,4320,Mumbai,89245.0,Virar West,,Y,Rustomjee Global City,N,,"[""19210|Chembur Monorail Station||89274|19248"", ""19210|Bolinj Naka Bus Stop||139184|19250"", ""19201|Westside - Grand Galleria Global City, Virar||164995|19239"", ""19202|Viva College||164993|19225"", ""19203|Sankalpa Hospital||154257|"", ""19203|Sahyadri Multcipility Hospital||154499|"", ""19206|Phoenix Marketcity Mall||89270|19239"", ""19206|Big Bazaar||147834|19239""]",18.9582347,72.8319514,"19.4638767047594,72.7822993572118",b,12201 12202 12203 12204 12205 12206 12207 12208 12209 12211 12213 12216 12217 12218 12219 12220 12221 12223 12224 12226 12227 12228 12229 12543 1404105 1404106 1404109 1404112 1404113 1404114 1404115 1404116 1404117 1404118 1404120 1404121 1404124 1404125 1404126 1404130 1404131 1404143,1404114 1404118 1404115 1404131 12224 12229 1404112 1404109 1404116 12220 1404125 1404124 1404106 1404105 12221 12223 12216 12217 12227 1404113 1404143,"Banquet Hall,Jogging and Strolling Track,,,,Laundry Service,,,,,Internet/Wi-Fi Connectivity,RO Water System,Visitor Parking,Intercom Facility,Conference Room,,",F,False,,,,,,," P99000018043|-1,NA|null",,2026-08-20T12:31:09.000Z,"Aug 20, '26",2024-10-24T18:30:00.000+00:00,2026-10-20T12:31:10.000Z,"Oct 20, '26",0,,,Bachelors/Family,3BHK Multistorey Apartment for Resale in Rustomjee Global City at Virar West,,1200.0,Virar West
376,5 to 10 years,6000000.0,60 Lac,5792.0,6000000.0,6600000.0,3,3,,746.0,Sq-ft,1036.0,12800.0,1,7.0,1 of 7 Floor,Unfurnished,,,Apartment,Resale,Ready to Move,20260820,20260820.0,,,4320,Mumbai,89245.0,Virar West,,Y,Rustomjee Global City,N,,"[""19210|Chembur Monorail Station||89274|19248"", ""19210|Bolinj Naka Bus Stop||139184|19250"", ""19201|Westside - Grand Galleria Global City, Virar||164995|19239"", ""19202|Viva College||164993|19225"", ""19203|Sankalpa Hospital||154257|"", ""19203|Sahyadri Multcipility Hospital||154499|"", ""19206|Phoenix Marketcity Mall||89270|19239"", ""19206|Big Bazaar||147834|19239""]",18.9582347,72.8319514,"19.4638767047594,72.7822993572118",b,12201 12202 12203 12204 12205 12206 12207 12208 12209 12211 12213 12216 12217 12218 12219 12220 12221 12223 12224 12226 12227 12228 12229 12543 1404105 1404106 1404109 1404112 1404113 1404114 1404115 1404116 1404117 1404118 1404120 1404121 1404124 1404125 1404126 1404130 1404131 1404143,1404114 1404118 1404115 1404131 12224 12229 1404112 1404109 1404116 12220 1404125 1404124 1404106 1404105 12221 12223 12216 12217 12227 1404113 1404143,"Banquet Hall,Jogging and Strolling Track,,,,Laundry Service,,,,,Internet/Wi-Fi Connectivity,RO Water System,Visitor Parking,Intercom Facility,Conference Room,,",F,False,,,,,,," P99000018043|-1,NA|null",,2026-08-20T12:30:58.000Z,"Aug 20, '26",2024-10-24T18:30:00.000+00:00,2026-10-20T12:30:59.000Z,"Oct 20, '26",0,,,Bachelors/Family,3BHK Multistorey Apartment for Resale in Rustomjee Global City at Virar West,,1036.0,Virar West
377,Less than 5 years,5500000.0,55 Lac,6111.0,5500000.0,6050000.0,3,2,,648.0,Sq-ft,900.0,12800.0,2,7.0,2 of 7 Floor,Semi-Furnished,,,Apartment,Resale,Ready to Move,20260821,20260820.0,,,4320,Mumbai,80050.0,Vasai,,Y,Rashmi Garden,N,,"[""19201|Range Office||139022|19221"", ""19201|Sureshwari It Park||89326|19221"", ""19203|Janseva Hospital||138740|19230"", ""19203|YOGYAM Multi-Speciality Hospital||167857|19230"", ""19206|Viva Swastik Mall||89386|19239"", ""19206|Bhajanlal Dairy Farm||140782|19239""]",19.41005,72.8368,"19.3914260104194,72.8285855834131",b,12201 12202 12203 12204 12205 12206 12207 12208 12209 12211 12214 12216 12218 12219 12220 12222 1404115,1404115 12220 12214 12216,"Laundry Service,Service/Goods Lift,Visitor Parking",F,False,,,,,,,,,2026-08-20T15:31:03.000Z,"Aug 20, '26",2024-10-24T18:30:00.000+00:00,2027-01-02T15:31:03.000Z,"Jan 02, '27",0,3.0,,Bachelors/Family,3BHK Multistorey Apartment for Resale in Rashmi Garden at Vasai,,900.0,Vasai
378,,6590000.0,65.9 Lac,5189.0,6590000.0,7250000.0,3,3,,,,1270.0,12800.0,,,,Unfurnished,,,Apartment,Resale,,20260816,20260816.0,,,4320,Mumbai,94141.0,NL Complex,,Y,,N,,,0.0,0.0,"19.25969,72.86799",b,,,,F,False,,,,,,,,,2026-08-16T06:57:13.000Z,"Aug 16, '26",2023-06-29T18:30:00.000+00:00,2026-12-26T06:57:13.000Z,"Dec 26, '26",0,,,Bachelors/Family,3BHK Multistorey Apartment for Resale in NL Complex,,1270.0,NL Complex
379,,7790000.0,77.9 Lac,5193.0,7790000.0,8260000.0,3,2,,930.0,Sq-ft,1500.0,12800.0,,,,Unfurnished,,,Apartment,Resale,,20260816,20260816.0,,,4320,Mumbai,94016.0,Mitha Nagar,,N,,N,,"[""19202|Aquinaa International School||157033|""]",0.0,0.0,"19.1614630933385,72.8375027666535",b,,,,F,False,,,,,,,,,2026-08-16T06:55:14.000Z,"Aug 16, '26",2023-06-29T18:30:00.000+00:00,2026-12-26T06:55:14.000Z,"Dec 26, '26",0,,,Bachelors/Family,3BHK Multistorey Apartment for Resale in Mitha Nagar,,1500.0,Mitha Nagar
380,New Construction,6500000.0,65 Lac,5200.0,6500000.0,7150000.0,3,3,,950.0,Sq-ft,1250.0,12800.0,3,7.0,3 of 7 Floor,Semi-Furnished,,Main Road,Apartment,Resale,Ready to Move,20260703,20260702.0,,,4320,Mumbai,89245.0,Virar West,,N,HDIL Residency Park,N,,"[""19210|Chembur Monorail Station||89274|19248"", ""19210|Bolinj Naka Bus Stop||139184|19250"", ""19201|Westside - Grand Galleria Global City, Virar||164995|19239"", ""19202|Viva College||164993|19225"", ""19203|Sankalpa Hospital||154257|"", ""19203|Sahyadri Multcipility Hospital||154499|"", ""19206|Phoenix Marketcity Mall||89270|19239"", ""19206|Big Bazaar||147834|19239""]",19.46804,72.81,"19.4638767047594,72.7822993572118",b,12201 12202 12209 12211 12218,,,F,False,,,,,,,,,2026-07-02T17:43:21.000Z,"Jul 02, '26",2024-02-22T18:30:00.000+00:00,2026-11-14T17:43:21.000Z,"Nov 14, '26",0,7.0,,Bachelors/Family,3BHK Multistorey Apartment for Resale in HDIL Residency Park at Virar West,,1250.0,Virar West
381,5 to 10 years,7000000.0,70 Lac,6667.0,7000000.0,7490000.0,3,2,2.0,955.0,Sq-ft,1050.0,12800.0,3,7.0,3 of 7 Floor,Semi-Furnished,East,,Apartment,Resale,Ready to Move,20260429,20260428.0,,,4320,Mumbai,,,,N,,Y,,,0.0,0.0,,b,12202 12203 12208 12209 12213 12219 12223,12223,RO Water System,F,False,,,,,,,,Co-operative Society,2026-04-28T16:37:30.000Z,"Apr 28, '26",2024-03-18T18:30:00.000+00:00,2026-09-10T16:37:30.000Z,"Sep 10, '26",0,117.0,,Bachelors/Family,3BHK Multistorey Apartment for Resale in ,,1050.0,
382,,7400000.0,74 Lac,6727.0,6960000.0,7400000.0,3,2,,,,1100.0,12800.0,1,6.0,1 of 6 Floor,Unfurnished,,,Builder Floor Apartment,Resale,Ready to Move,20260628,20260627.0,,,4320,Mumbai,80051.0,Virar,,N,,N,,"[""19210|Sakinaka Metro Station||89296|19249"", ""19210|Chembur Monorail Station||89274|19248"", ""19201|Boomerang||89288|19221"", ""19201|Lodha Supremus Powai||89284|19221"", ""19202|Vidya Vikasini School||89544|19227"", ""19202|Don Bosco High School & Junior College||89484|19227"", ""19206|Big Bazaar||147834|19239"", ""19206|Phoenix Marketcity Mall||89270|19239""]",19.462194442749023,72.80491638183594,"19.462194642857,72.8049130698568",b,,,,F,False,,,,,,,,,2026-06-27T17:28:32.000Z,"Jun 27, '26",2026-02-11T18:30:00.000+00:00,2026-11-09T17:28:32.000Z,"Nov 09, '26",0,57.0,,Bachelors/Family,3BHK Builder Floor Apartment for Resale in Virar,,1100.0,Virar
383,10 to 15 years,8000000.0,80 Lac,4706.0,7440000.0,8000000.0,3,3,2.0,1700.0,Sq-ft,1700.0,12800.0,,,,Unfurnished,South,Main Road,Residential House,Resale,Ready to Move,20260626,20260625.0,,,4320,Mumbai,,,,N,,N,shah hospital mahindra road ambarnath ordanance factory,,0.0,0.0,,b,12211,,,F,False,,,,,,Ceramic Tiles,,Freehold,2026-06-25T17:01:49.000Z,"Jun 25, '26",2026-02-11T18:30:00.000+00:00,2026-11-07T17:01:49.000Z,"Nov 07, '26",0,59.0,,Bachelors/Family,3BHK Residential House for Resale in ,Puja Room,1700.0,
384,Above 20 years,8000000.0,80 Lac,11679.0,8000000.0,8560000.0,3,1,,493.0,Sq-ft,685.0,12800.0,3,4.0,3 of 4 Floor,Semi-Furnished,,,Apartment,Resale,Ready to Move,20260821,20260820.0,,,4320,Mumbai,78885.0,Mira Road,,N,Star Paradise,N,,"[""19210|Mira Road Railway Station||139198|19248"", ""19210|Mira Road Railway Station||140596|19248"", ""19202|Shree L R Tiwari College of Engineering||161789|19225"", ""19202|Royal College||157187|"", ""19203|Bharat Ratna Indira Gandhi Hospital||154489|"", ""19203|Dr Pravin Singh||154315|"", ""19206|Sahakari Bhandar||84896|19239"", ""19206|PVR Cinemas||139420|19239""]",19.29309,72.8613,"19.2829267647424,72.8627883689306",b,,,,F,False,,,,,,,,,2026-08-20T16:50:34.000Z,"Aug 20, '26",2024-10-24T18:30:00.000+00:00,2026-10-20T16:50:37.000Z,"Oct 20, '26",0,3.0,,Bachelors/Family,3BHK Multistorey Apartment for Resale in Star Paradise at Mira Road Area,,685.0,Mira Road Area
385,Less than 5 years,7200000.0,72 Lac,5455.0,7200000.0,7920000.0,3,3,,950.0,Sq-ft,1320.0,12800.0,5,16.0,5 of 16 Floor,Furnished,,,Apartment,Resale,Ready to Move,20260821,20260820.0,,,4320,Mumbai,89245.0,Virar West,,N,Vinay Unique Imperia,N,,"[""19210|Chembur Monorail Station||89274|19248"", ""19210|Bolinj Naka Bus Stop||139184|19250"", ""19201|Westside - Grand Galleria Global City, Virar||164995|19239"", ""19202|Viva College||164993|19225"", ""19203|Sankalpa Hospital||154257|"", ""19203|Sahyadri Multcipility Hospital||154499|"", ""19206|Big Bazaar||147834|19239"", ""19206|Phoenix Marketcity Mall||89270|19239""]",19.46498,72.80595,"19.4638767047594,72.7822993572118",b,12202 12207 12208 12209 12214 12216 12219 12530,12214 12530 12216,"Service/Goods Lift,Earth quake resistant,Visitor Parking",F,False,,,,,,,"NA|null,P99000008596|12/2019",,2026-08-20T16:53:46.000Z,"Aug 20, '26",2024-10-24T18:30:00.000+00:00,2026-10-20T16:53:48.000Z,"Oct 20, '26",0,3.0,,Bachelors/Family,3BHK Multistorey Apartment for Resale in Vinay Unique Imperia at Virar West,,1320.0,Virar West
386,,7850000.0,78.5 Lac,6157.0,7380000.0,7850000.0,3,2,,,,1275.0,12800.0,4,18.0,4 of 18 Floor,Unfurnished,,,Apartment,Resale,Under Construction,20260415,20260415.0,,,4320,Mumbai,78885.0,Mira Road,,N,Rna Viva,N,,"[""19210|Mira Road Railway Station||140596|19248"", ""19210|Mira Road Railway Station||139198|19248"", ""19202|Royal College||157187|"", ""19202|Shree L R Tiwari College of Engineering||161789|19225"", ""19203|Sai Krupa Hospital||79718|19230"", ""19203|Bharat Ratna Indira Gandhi Hospital||154489|"", ""19206|D Mart, Hatkesh Udhog Nagar||140992|19239"", ""19206|PVR Cinemas||139420|19239""]",19.28017,72.88311,"19.2829267647424,72.8627883689306",b,,,,F,False,,,,,,,"NA|null,P51700004482|07/2019,P51700008296|07/2019",,2026-04-15T16:21:06.000Z,"Apr 15, '26",2026-05-08T18:30:00.000+00:00,2026-08-28T16:21:06.000Z,"Aug 28, '26",0,130.0,,Bachelors/Family,3BHK Multistorey Apartment for Resale in Rna Viva at Mira Road Area,,1275.0,Mira Road Area
387,,5190000.0,51.9 Lac,5190.0,5190000.0,5660000.0,3,2,,800.0,Sq-ft,1000.0,12800.0,,,,Unfurnished,,,Apartment,Resale,,20260816,20260816.0,,,4320,Mumbai,94931.0,Thakurdwar,,N,,N,,,0.0,0.0,"18.9497301367546,72.8225775085991",b,,,,F,False,,,,,,,,,2026-08-16T07:02:54.000Z,"Aug 16, '26",2023-06-29T18:30:00.000+00:00,2026-12-26T07:02:54.000Z,"Dec 26, '26",0,,,Bachelors/Family,3BHK Multistorey Apartment for Resale in Thakurdwar,,1000.0,Thakurdwar
388,5 to 10 years,7800000.0,78 Lac,7393.0,7800000.0,8500000.0,3,2,3.0,763.0,Sq-ft,1055.0,12800.0,4,7.0,4 of 7 Floor,Semi-Furnished,East,Garden/Park,Apartment,Resale,Ready to Move,20260804,20260804.0,,,4320,Mumbai,94963.0,Vithalwadi,,N,,Y,,"[""19201|Ashley Gaon||167753|19239""]",0.0,0.0,"18.9499045303706,72.8299256969052",b,12202 12206 12211 12216 12219 12223 12228,12223 12216,"RO Water System,Visitor Parking",F,False,,,,2889.0,Monthly,Marble,,Co-operative Society,2026-08-03T22:30:46.000Z,"Aug 04, '26",2026-08-06T18:30:00.000+00:00,2026-12-16T22:30:46.000Z,"Dec 17, '26",0,19.0,Y,Bachelors/Family,3BHK Multistorey Apartment for Resale in Vithalwadi,,1055.0,Vithalwadi
389,10 to 15 years,7800000.0,78 Lac,7573.0,7800000.0,8420000.0,3,2,,800.0,Sq-ft,1030.0,12800.0,1,7.0,1 of 7 Floor,Furnished,North,,Apartment,Resale,Ready to Move,20260508,20260507.0,,,4320,Mumbai,78887.0,Mulund West,,N,,Y,Station,"[""19210|Mulund Railway Station (W) Bus Stop||161803|19250"", ""19210|Mulund Depot Bus Stop||161801|19250"", ""19201|Ecstasy Business Park||74812|19221"", ""19201|360 Degree Business Park||72098|19221"", ""19202|Sandip University||167691|19227"", ""19202|St Mary Convent High School||88354|19227"", ""19203|Padmashree Endoscopic Centre||153577|"", ""19203|Siddharth Hospital||161811|19230"", ""19206|Sant Shree Mastaram Cycle||139926|19239"", ""19206|R-Mall||10656|19239""]",0.0,0.0,"19.1749536837097,72.943103519999",b,12202 12209 12215 12228,12215,Air Conditioned,F,False,,,,,,,,Co-operative Society,2026-05-07T15:17:55.000Z,"May 07, '26",2020-12-15T18:30:00.000+00:00,2026-09-19T15:17:55.000Z,"Sep 19, '26",0,108.0,,Bachelors/Family,3BHK Multistorey Apartment for Resale in Mulund West,,1030.0,Mulund West
390,5 to 10 years,6600000.0,66 Lac,12000.0,6600000.0,7260000.0,3,2,,396.0,Sq-ft,550.0,12800.0,7,7.0,7 of 7 Floor,Semi-Furnished,,,Apartment,Resale,Ready to Move,20260822,20260822.0,,,4320,Mumbai,89245.0,Virar West,,N,Shyam Garden,N,,"[""19210|Bolinj Naka Bus Stop||139184|19250"", ""19210|Chembur Monorail Station||89274|19248"", ""19201|Westside - Grand Galleria Global City, Virar||164995|19239"", ""19202|Viva College||164993|19225"", ""19203|Sankalpa Hospital||154257|"", ""19203|Sahyadri Multcipility Hospital||154499|"", ""19206|Big Bazaar||147834|19239"", ""19206|Phoenix Marketcity Mall||89270|19239""]",19.4595,72.81627,"19.4638767047594,72.7822993572118",b,,,,F,False,,,,,,,,,2026-08-21T19:42:57.000Z,Yesterday,2024-10-26T18:30:00.000+00:00,2026-10-21T19:42:58.000Z,"Oct 22, '26",0,,,Bachelors/Family,3BHK Multistorey Apartment for Resale in Shyam Garden at Virar West,,550.0,Virar West
391,Less than 5 years,5500000.0,55 Lac,4583.0,5010000.0,5500000.0,3,3,,1000.0,Sq-ft,1200.0,12800.0,Ground,4.0,Ground of 4 Floor,Unfurnished,,,Apartment,Resale,Ready to Move,20260526,,,,4320,Mumbai,89245.0,Virar West,,N,Haridwar Siddh,N,,"[""19210|Bolinj Naka Bus Stop||139184|19250"", ""19210|Chembur Monorail Station||89274|19248"", ""19201|Westside - Grand Galleria Global City, Virar||164995|19239"", ""19202|Viva College||164993|19225"", ""19203|Sahyadri Multcipility Hospital||154499|"", ""19203|Sankalpa Hospital||154257|"", ""19206|Phoenix Marketcity Mall||89270|19239"", ""19206|Big Bazaar||147834|19239""]",19.46676,72.79399,"19.4638767047594,72.7822993572118",b,12202 12211 12213 12216,12216,Visitor Parking,F,False,,,,,,,"NA|null,P99000004713|12/2020",,2026-05-26T08:35:05.000Z,"May 26, '26",2026-06-02T18:30:00.000+00:00,2026-10-07T18:30:00.000Z,"Oct 08, '26",0,81.0,,Bachelors/Family,3BHK Multistorey Apartment for Resale in Haridwar Siddh at Virar West,,1200.0,Virar West
392,New Construction,8300000.0,83 Lac,7943.0,8300000.0,9050000.0,3,2,,752.0,Sq-ft,1045.0,12800.0,10,22.0,10 of 22 Floor,Unfurnished,,,Apartment,Resale,Ready to Move,20260822,20260821.0,,,4320,Mumbai,80051.0,Virar,,Y,Shapoorji Pallonji Joyville Virar,N,,"[""19210|Sakinaka Metro Station||89296|19249"", ""19210|Kopri Naka||140408|19250"", ""19201|Westside - Grand Galleria Global City, Virar||164995|19239"", ""19201|L&T Business Park||89286|19221"", ""19202|Bombay Scottish School, Powai||89304|19227"", ""19202|Skc School||89542|19227"", ""19206|R City Mall||89292|19239"", ""19206|Phoenix Marketcity Mall||89270|19239""]",19.4387162,72.7927352999999,"19.462194642857,72.8049130698568",b,12201 12202 12203 12204 12205 12206 12207 12208 12209 12213 12214 12215 12217 12218 12219 12221 12223 12224 12225 12228 12229 12230 12518 1404117 1404149,12225 12518 12215 12224 12229 12230 12221 12223 12214 12217,"Bar/Lounge,Modular Kitchen,Air Conditioned,Banquet Hall,Jogging and Strolling Track,Outdoor Tennis Courts,Internet/Wi-Fi Connectivity,RO Water System,Service/Goods Lift,Intercom Facility",F,False,,,,,,,"NA|null,P51900000444|-1,P99000013612|-1,P99000018521|-1,P99000019531|-1,P99000019538|-1,P99000031256|-1",,2026-08-21T13:07:25.000Z,"Aug 21, '26",2024-10-25T18:30:00.000+00:00,2027-01-03T13:07:25.000Z,"Jan 03, '27",0,,,Bachelors/Family,3BHK Multistorey Apartment for Resale in Shapoorji Pallonji Joyville Virar at Virar,,1045.0,Virar
393,5 to 10 years,11800000.0,1.18 Cr,10261.0,10700000.0,11800000.0,3,3,2.0,650.0,Sq-ft,1150.0,12800.0,,,,Unfurnished,East,,Villa,Resale,Ready to Move,20260813,,12850.0,Sq-ft,4320,Mumbai,88623.0,Marol,640.0,Y,,Y,Near 10 mins from metro station.,"[""19210|Marol Naka Metro Station|5 minutes|164797|19249"", ""19210|Marol Maroshi Bus Stop||164795|19250"", ""19201|Royal Super Market||164799|19239"", ""19202|Narayana E Techno School||167627|19227"", ""19202|Singhania University Mumbai||164801|19227"", ""19203|Chiranjeevi Hospital||154955|"", ""19203|DR. F. F. Pardiwala||139314|19232"", ""19206|Phoenix Marketcity Mall||87852|19239""]",19.117301940918,72.8840408325195,"19.1169810025439,72.8801253056097",b,,,,F,False,,Water Availability 6 Hours Available,No/Rare Powercut,0.0,Monthly,Marbonite,,Freehold,2026-08-13T04:41:08.000Z,"Aug 13, '26",2026-08-20T18:30:00.000+00:00,2026-12-11T04:41:08.000Z,"Dec 11, '26",0,2.0,,Bachelors/Family,3BHK Villa for Resale in Marol,,1150.0,Marol
394,5 to 10 years,12000000.0,1.20 Cr,9524.0,12000000.0,13000000.0,3,3,2.0,,,1260.0,12800.0,3,7.0,3 of 7 Floor,Semi-Furnished,North - East,Main Road,Apartment,Resale,Ready to Move,20260711,,,,4320,Mumbai,104191.0,Vasai West,,Y,Kingston Tower,N,,"[""19201|Sureshwari It Park||89326|19221"", ""19202|Shri kk shah junior science college||167851|19225"", ""19203|Janseva Hospital||138740|19230"", ""19203|Baxay Prime Multi-Speciality ICU & Hospital||167859|19230"", ""19206|Sahakari Bhandar||84900|19239""]",19.37029,72.81446,"19.3745830863848,72.8076393946386",b,12201 12202 12203 12204 12205 12206 12207 12208 12209 12211 12216 12218 12219 12220 12222 12229,12229 12220 12216,"Jogging and Strolling Track,Laundry Service,Visitor Parking",F,False,,,,,,Vitrified,,Freehold,2026-05-25T11:59:25.000Z,"May 25, '26",2026-08-05T18:30:00.000+00:00,2026-10-06T18:30:00.000Z,"Oct 07, '26",0,16.0,,Bachelors/Family,3BHK Multistorey Apartment for Resale in Kingston Tower at Vasai West,,1260.0,Vasai West
395,5 to 10 years,10500000.0,1.05 Cr,7609.0,10500000.0,11300000.0,3,3,1.0,833.0,Sq-ft,1380.0,12800.0,,,,Unfurnished,East,"Garden/Park, Main Road",Apartment,Resale,Ready to Move,20260602,20260601.0,,,4320,Mumbai,89245.0,Virar West,,Y,,Y,Above to Vijay sales,"[""19210|Bolinj Naka Bus Stop||139184|19250"", ""19210|Chembur Monorail Station||89274|19248"", ""19201|Westside - Grand Galleria Global City, Virar||164995|19239"", ""19202|Viva College||164993|19225"", ""19203|Sankalpa Hospital||154257|"", ""19203|Sahyadri Multcipility Hospital||154499|"", ""19206|Big Bazaar||147834|19239"", ""19206|Phoenix Marketcity Mall||89270|19239""]",19.286169052124023,72.85894012451172,"19.4638767047594,72.7822993572118",b,12201 12202 12207 12209 12211 12213 12218 12220 12225,12225 12220,"Bar/Lounge,Laundry Service",F,False,,,,0.0,,Vitrified,,Freehold,2026-06-01T17:14:36.000Z,"Jun 01, '26",2022-06-20T18:30:00.000+00:00,2026-10-14T17:14:36.000Z,"Oct 14, '26",0,83.0,Y,Bachelors/Family,3BHK Multistorey Apartment for Resale in Virar West,,1380.0,Virar West
396,,10000000.0,1 Cr,10000.0,10000000.0,10800000.0,3,3,,,,1000.0,12800.0,4,14.0,4 of 14 Floor,Semi-Furnished,,,Apartment,Resale,Ready to Move,20260626,,,,4320,Mumbai,,,,Y,,N,,,0.0,0.0,,b,,,,F,False,,,,,,,,,2026-06-26T05:36:39.000Z,"Jun 26, '26",2026-06-25T18:30:00.000+00:00,2026-11-08T05:36:39.000Z,"Nov 08, '26",0,58.0,,Bachelors/Family,3BHK Multistorey Apartment for Resale in ,,1000.0,
397,10 to 15 years,11000000.0,1.10 Cr,10000.0,10000000.0,11000000.0,3,3,,,,1100.0,12800.0,4,7.0,4 of 7 Floor,Unfurnished,,Garden/Park,Apartment,Resale,Ready to Move,20260705,,,,4320,Mumbai,104191.0,Vasai West,,Y,,N,"close to Bishop house, next to Pavilion restaurant","[""19201|Sureshwari It Park||89326|19221"", ""19202|Shri kk shah junior science college||167851|19225"", ""19203|Baxay Prime Multi-Speciality ICU & Hospital||167859|19230"", ""19203|Janseva Hospital||138740|19230"", ""19206|Sahakari Bhandar||84900|19239""]",0.0,0.0,"19.3745830863848,72.8076393946386",b,12201 12202 12203 12211 12212 12213 12216 12217 12221,12221 12216 12217,"Internet/Wi-Fi Connectivity,Visitor Parking,Intercom Facility",F,False,,Water Availability 2 Hours Available,No/Rare Powercut,,,"Ceramic Tiles,Marble",,Freehold,2026-07-05T05:33:17.000Z,"Jul 05, '26",2026-08-17T18:30:00.000+00:00,2026-11-17T05:33:17.000Z,"Nov 17, '26",0,5.0,,Bachelors/Family,3BHK Multistorey Apartment for Resale in Vasai West,,1100.0,Vasai West
398,5 to 10 years,8100000.0,81 Lac,9771.0,7530000.0,8100000.0,3,3,3.0,,,829.0,12800.0,5,8.0,5 of 8 Floor,Unfurnished,East,Main Road,Apartment,Resale,Ready to Move,20260817,20260807.0,,,4320,Mumbai,,,,Y,,N,,,0.0,0.0,,b,12202 12205 12208,,,F,False,1 Covered,Water Availability 24 Hours Available,No/Rare Powercut,,,Vitrified,,Freehold,2026-08-06T23:34:23.000Z,"Aug 07, '26",2026-08-17T18:30:00.000+00:00,2026-12-04T23:34:23.000Z,"Dec 05, '26",0,16.0,Y,Bachelors/Family,3BHK Multistorey Apartment for Resale in ,,829.0,
399,15 to 20 years,9800000.0,98 Lac,8673.0,8920000.0,9800000.0,3,4,1.0,900.0,Sq-ft,1130.0,12800.0,1,3.0,1 of 3 Floor,Furnished,,Garden/Park,Apartment,Resale,Ready to Move,20260628,,,,4320,Mumbai,,,,Y,,Y,,,0.0,0.0,,b,12207 12208 12211 12213,,,F,False,,,,,,,,,2026-06-21T12:55:42.000Z,"Jun 21, '26",2026-06-26T18:30:00.000+00:00,2026-11-03T12:55:42.000Z,"Nov 03, '26",0,56.0,,Bachelors/Family,3BHK Multistorey Apartment for Resale in ,,1130.0,
400,Less than 5 years,9200000.0,92 Lac,6815.0,,,3,3,3.0,900.0,Sq-ft,1350.0,12800.0,11,12.0,11 of 12 Floor,Unfurnished,East,"Garden/Park, Main Road",Apartment,Resale,Ready to Move,20260821,20260819.0,,,4320,Mumbai,89245.0,Virar West,,Y,Shree Siddhi Heights,Y,Yashwant Gaurav,"[""19210|Chembur Monorail Station||89274|19248"", ""19210|Bolinj Naka Bus Stop||139184|19250"", ""19201|Westside - Grand Galleria Global City, Virar||164995|19239"", ""19202|Viva College||164993|19225"", ""19203|Sahyadri Multcipility Hospital||154499|"", ""19203|Sankalpa Hospital||154257|"", ""19206|Big Bazaar||147834|19239"", ""19206|Phoenix Marketcity Mall||89270|19239""]",19.2154011,72.811943,"19.4638767047594,72.7822993572118",b,12201 12202 12203 12204 12206 12207 12208 12209 12212 12213 12214 12217 12218 12219 12221 12222 12223 12228 12229,12229 12221 12223 12214 12217,"Jogging and Strolling Track,Internet/Wi-Fi Connectivity,RO Water System,Service/Goods Lift,Intercom Facility",F,False,1 Covered,Water Availability 1 Hour Available,No/Rare Powercut,4000.0,Monthly,Vitrified,"NA|null,P99000007407|-1",Leasehold,2026-08-19T10:38:15.000Z,"Aug 19, '26",2026-08-20T18:30:00.000+00:00,2026-10-18T10:38:15.000Z,"Oct 18, '26",0,,,Bachelors/Family,3BHK Multistorey Apartment for Resale in Shree Siddhi Heights at Virar West,None of these,1350.0,Virar West
401,,10303000.0,1.03 Cr,,,,3,3,5.0,1077.0,Sq-ft,,,,,,Unfurnished,,,Apartment,New Property,Mar '30,20260725,20260822.0,,,4320,Mumbai,89245.0,Virar West,,Y,Cosmos Serenity,N,,"[""19210|Chembur Monorail Station||89274|19248"", ""19210|Bolinj Naka Bus Stop||139184|19250"", ""19201|Westside - Grand Galleria Global City, Virar||164995|19239"", ""19202|Viva College||164993|19225"", ""19203|Sankalpa Hospital||154257|"", ""19203|Sahyadri Multcipility Hospital||154499|"", ""19206|Phoenix Marketcity Mall||89270|19239"", ""19206|Big Bazaar||147834|19239""]",19.46547426910233,72.80613666548528,"19.4638767047594,72.7822993572118",b,,,,F,False,,,,,,,"NA|null,P99000080932|-1,PM1241012502317|-1",,2026-08-22T17:36:38.000Z,Yesterday,2026-08-21T18:30:00.000+00:00,2026-10-21T17:36:38.000Z,"Oct 21, '26",0,,,Bachelors/Family,3BHK Multistorey Apartment for New Property in Cosmos Serenity at Virar West,,,Virar West
402,,11766000.0,1.17 Cr,,,,3,2,4.0,728.0,Sq-ft,,,,,,Unfurnished,,,Apartment,New Property,Dec '26,20260801,20260820.0,,,4320,Mumbai,105558.0,Mira Bhayandar,,Y,Chheda Avighna ,N,,"[""19210|T.M.T Bus Stop||158129|"", ""19210|Mira Road Railway Station||140596|19248"", ""19201|Rushabh Mall||151293|"", ""19201|Thaneone Corporate Business It Park||81478|19221"", ""19202|Seven Academy School||156839|"", ""19202|Vidyavardhini College Of Engineering And Technology||89448|19225"", ""19203|Sai Krupa Hospital||79718|19230"", ""19203|Oscar Hospital||153757|"", ""19206|Dattani Square Mall||89432|19239"", ""19206|Tania Planet Mall||89436|19239""]",19.2972685,72.8720197,"19.2783121,72.8580188",b,,,,F,False,,,,,,,"NA|null,P51700047096|-1",,2026-08-20T17:36:47.000Z,"Aug 20, '26",2026-08-20T18:30:00.000+00:00,2026-10-19T17:36:47.000Z,"Oct 19, '26",0,,,Bachelors/Family,3BHK Multistorey Apartment for New Property in Chheda Avighna  at Mira Bhayandar,,,Mira Bhayandar
403,,11766000.0,1.17 Cr,,,,3,3,,728.0,Sq-ft,,,,,,Unfurnished,,,Apartment,New Property,Dec '26,20260802,20260815.0,,,4320,Mumbai,105558.0,Mira Bhayandar,,Y,Chheda Avighna ,N,,"[""19210|Mira Rd Railway Station||10916|19248"", ""19210|T.M.T Bus Stop||158129|"", ""19201|Thaneone Corporate Business It Park||81478|19221"", ""19201|Rushabh Mall||151293|"", ""19202|Shree L R Tiwari College of Engineering||161789|19225"", ""19202|Seven Academy School||156839|"", ""19203|Sai Krupa Hospital||79718|19230"", ""19203|Oscar Hospital||153757|"", ""19206|Star Market||84720|19239"", ""19206|Tania Planet Mall||89436|19239""]",19.2972685,72.8720197,"19.2783121,72.8580188",b,,,,F,False,,,,,,,"NA|null,P51700047096|-1",,2026-08-15T17:37:38.000Z,"Aug 15, '26",2026-08-21T18:30:00.000+00:00,2026-10-14T17:37:38.000Z,"Oct 14, '26",0,,,Bachelors/Family,3BHK Multistorey Apartment for New Property in Chheda Avighna  at Mira Bhayandar,,,Mira Bhayandar
404,,11649000.0,1.16 Cr,,,,3,2,4.0,728.0,Sq-ft,,,,,,Unfurnished,,,Apartment,New Property,Dec '26,20260820,,,,4320,Mumbai,105558.0,Mira Bhayandar,,Y,Chheda Avighna ,N,,"[""19210|Traction Substation Dahisar Western Railway||81654|19248"", ""19210|T.M.T Bus Stop||158129|"", ""19201|Rushabh Mall||151293|"", ""19201|Thaneone Corporate Business It Park||81478|19221"", ""19202|Vidyavardhini College Of Engineering And Technology||89448|19225"", ""19202|Seven Academy School||156839|"", ""19203|Oscar Hospital||153757|"", ""19203|Sai Krupa Hospital||79718|19230"", ""19206|Tania Planet Mall||89436|19239"", ""19206|Star Market||84720|19239""]",19.2972685,72.8720197,"19.2783121,72.8580188",b,,,,F,False,,,,,,,"NA|null,P51700047096|-1",,2026-08-14T17:37:17.000Z,"Aug 14, '26",2026-08-21T18:30:00.000+00:00,2026-10-13T17:37:17.000Z,"Oct 13, '26",0,,,Bachelors/Family,3BHK Multistorey Apartment for New Property in Chheda Avighna  at Mira Bhayandar,,,Mira Bhayandar
405,,11766000.0,1.17 Cr,,,,3,2,4.0,728.0,Sq-ft,,,,,,Unfurnished,,,Apartment,New Property,Dec '26,20260805,20260821.0,,,4320,Mumbai,105558.0,Mira Bhayandar,,Y,Chheda Avighna ,N,,"[""19210|Mira Rd Railway Station||10916|19248"", ""19210|Traction Substation Dahisar Western Railway||81654|19248"", ""19201|Rushabh Mall||151293|"", ""19201|Thaneone Corporate Business It Park||81478|19221"", ""19202|Seven Academy School||156839|"", ""19202|Vidyavardhini College Of Engineering And Technology||89448|19225"", ""19203|Oscar Hospital||153757|"", ""19203|Sai Krupa Hospital||79718|19230"", ""19206|Star Market||84720|19239"", ""19206|Dattani Square Mall||89432|19239""]",19.2972685,72.8720197,"19.2783121,72.8580188",b,,,,F,False,,,,,,,"NA|null,P51700047096|-1",,2026-08-21T17:37:05.000Z,"Aug 21, '26",2026-08-17T18:30:00.000+00:00,2026-10-20T17:37:05.000Z,"Oct 20, '26",0,,,Bachelors/Family,3BHK Multistorey Apartment for New Property in Chheda Avighna  at Mira Bhayandar,,,Mira Bhayandar
406,,11766000.0,1.17 Cr,,,,3,2,4.0,728.0,Sq-ft,,,,,,Unfurnished,,,Apartment,New Property,Dec '26,20260805,20260817.0,,,4320,Mumbai,105558.0,Mira Bhayandar,,Y,Chheda Avighna ,N,,"[""19210|Mira Road Railway Station||140596|19248"", ""19210|Traction Substation Dahisar Western Railway||81654|19248"", ""19201|Thaneone Corporate Business It Park||81478|19221"", ""19201|Rushabh Mall||151293|"", ""19202|Seven Academy School||156839|"", ""19202|Shree L R Tiwari College of Engineering||161789|19225"", ""19203|Sai Krupa Hospital||79718|19230"", ""19203|Oscar Hospital||153757|"", ""19206|Dattani Square Mall||89432|19239"", ""19206|Star Market||84720|19239""]",19.2972685,72.8720197,"19.2783121,72.8580188",b,,,,F,False,,,,,,,"NA|null,P51700047096|-1",,2026-08-17T17:37:06.000Z,"Aug 17, '26",2026-08-18T18:30:00.000+00:00,2026-10-16T17:37:06.000Z,"Oct 16, '26",0,,,Bachelors/Family,3BHK Multistorey Apartment for New Property in Chheda Avighna  at Mira Bhayandar,,,Mira Bhayandar
407,Less than 5 years,10000000.0,1 Cr,8333.0,10000000.0,10800000.0,3,3,,864.0,Sq-ft,1200.0,12800.0,7,8.0,7 of 8 Floor,Semi-Furnished,,,Apartment,Resale,Ready to Move,20260821,20260821.0,,,4320,Mumbai,80050.0,Vasai,,Y,Mirchandani Garden,N,,"[""19201|Sureshwari It Park||89326|19221"", ""19201|Range Office||139022|19221"", ""19203|YOGYAM Multi-Speciality Hospital||167857|19230"", ""19203|Janseva Hospital||138740|19230"", ""19206|Viva Swastik Mall||89386|19239"", ""19206|Sahakari Bhandar||84900|19239""]",19.38392,72.81523,"19.3914260104194,72.8285855834131",b,12201 12202 12204 12205 12206 12208 12209 12211 12212 12213 12217 1404115 1404117 1404121,1404115 12217,Intercom Facility,F,False,,,,,,,,,2026-08-21T05:23:31.000Z,"Aug 21, '26",2024-10-25T18:30:00.000+00:00,2026-10-21T05:23:32.000Z,"Oct 21, '26",0,,,Bachelors/Family,3BHK Multistorey Apartment for Resale in Mirchandani Garden at Vasai,,1200.0,Vasai
408,,10500000.0,1.05 Cr,8235.0,10500000.0,11300000.0,3,2,,918.0,Sq-ft,1275.0,12800.0,4,19.0,4 of 19 Floor,Unfurnished,,,Apartment,Resale,Under Construction,20260820,20260820.0,,,4320,Mumbai,78885.0,Mira Road,,Y,Rna Viva,N,,"[""19210|Mira Road Railway Station||139198|19248"", ""19210|Mira Road Railway Station||140596|19248"", ""19202|Shree L R Tiwari College of Engineering||161789|19225"", ""19202|Royal College||157187|"", ""19203|Sai Krupa Hospital||79718|19230"", ""19203|Bharat Ratna Indira Gandhi Hospital||154489|"", ""19206|D Mart, Hatkesh Udhog Nagar||140992|19239"", ""19206|PVR Cinemas||139420|19239""]",19.28017,72.88311,"19.2829267647424,72.8627883689306",b,12201 12202 12203 12204 12205 12206 12207 12208 12209 12211 12214 12216 12218 12219 12220 12229 12230 1404115 1404117 1404118 1404121 1404124 1404125 1404126 1404131 1404143,1404118 1404115 1404131 12229 12230 12220 1404125 1404124 12214 12216 1404143,"Jogging and Strolling Track,Outdoor Tennis Courts,Laundry Service,,,Service/Goods Lift,Visitor Parking,",F,False,,,,,,,"NA|null,P51700004482|07/2019,P51700008296|07/2019",,2026-08-20T12:38:26.000Z,"Aug 20, '26",2024-10-24T18:30:00.000+00:00,2026-10-20T12:38:27.000Z,"Oct 20, '26",0,,,Bachelors/Family,3BHK Multistorey Apartment for Resale in Rna Viva at Mira Road Area,,1275.0,Mira Road Area
409,10 to 15 years,9800000.0,98 Lac,7000.0,,,3,3,2.0,850.0,Sq-ft,1400.0,12800.0,4,7.0,4 of 7 Floor,Unfurnished,East,Garden/Park,Apartment,Resale,Ready to Move,20260811,,,,4320,Mumbai,104191.0,Vasai West,,Y,Kingston Tower,Y,wellness forever,"[""19201|Sureshwari It Park||89326|19221"", ""19202|Shri kk shah junior science college||167851|19225"", ""19203|Janseva Hospital||138740|19230"", ""19203|YOGYAM Multi-Speciality Hospital||167857|19230"", ""19206|Sahakari Bhandar||84900|19239""]",19.37029,72.81446,"19.3745830863848,72.8076393946386",b,12201 12202 12203 12205 12206 12207 12208 12209 12218 12219 12220 12222 12229,12229 12220,"Jogging and Strolling Track,Laundry Service",F,False,,,,,,,,Freehold,2026-08-11T07:39:23.000Z,"Aug 11, '26",2026-08-09T18:30:00.000+00:00,2026-10-10T18:30:00.000Z,"Oct 11, '26",0,,,Bachelors/Family,3BHK Multistorey Apartment for Resale in Kingston Tower at Vasai West,Store,1400.0,Vasai West
410,,8950000.0,89.5 Lac,11776.0,,,3,3,5.0,,,760.0,12800.0,,,,Unfurnished,,,Apartment,New Property,Sep '28,20260813,20260822.0,,,4320,Mumbai,89245.0,Virar West,,Y,Vinay Unique Sky,N,,"[""19210|Chembur Monorail Station||89274|19248"", ""19210|Bolinj Naka Bus Stop||139184|19250"", ""19201|Westside - Grand Galleria Global City, Virar||164995|19239"", ""19202|Viva College||164993|19225"", ""19203|Sahyadri Multcipility Hospital||154499|"", ""19203|Sankalpa Hospital||154257|"", ""19206|Phoenix Marketcity Mall||89270|19239"", ""19206|Big Bazaar||147834|19239""]",18.9582347,72.8319514,"19.4638767047594,72.7822993572118",b,,,,F,False,,,,,,,"NA|null,P09900031788|-1",,2026-08-22T17:36:38.000Z,Yesterday,2026-08-14T18:30:00.000+00:00,2026-10-21T17:36:38.000Z,"Oct 21, '26",0,,,Bachelors/Family,3BHK Multistorey Apartment for New Property in Vinay Unique Sky at Virar West,,760.0,Virar West
411,,9900000.0,99 Lac,,,,3,3,4.0,842.0,Sq-ft,,,,,,Unfurnished,,,Apartment,New Property,Dec '27,20260806,20260822.0,,,4320,Mumbai,104180.0,Vasai East,,Y,JSB Nakshatra Veda,N,,"[""19210|Vasant Nagari Circle Bus Stop||167869|19250"", ""19210|Vasai Bus Stop||167861|19250"", ""19201|Railway Mall, High Street Vasai||167867|19239"", ""19203|Platinum Hospital Vasai||167865|19230"", ""19203|IASIS HOSPITAL||167871|19230"", ""19206|Bhajanlal Dairy Farm||140782|19239""]",19.39954,72.8604165,"19.39954,72.8604165",b,,,,F,False,,,,,,,"NA|null,P99000047826|-1,P99000048852|-1",,2026-08-22T17:36:38.000Z,Yesterday,2026-08-21T18:30:00.000+00:00,2026-10-21T17:36:38.000Z,"Oct 21, '26",0,,,Bachelors/Family,3BHK Multistorey Apartment for New Property in JSB Nakshatra Veda at Vasai East,,,Vasai East
412,,11766000.0,1.17 Cr,,,,3,2,4.0,728.0,Sq-ft,,,,,,Unfurnished,,,Apartment,New Property,Dec '26,20260807,20260821.0,,,4320,Mumbai,105558.0,Mira Bhayandar,,Y,Chheda Avighna ,N,,"[""19210|Traction Substation Dahisar Western Railway||81654|19248"", ""19210|T.M.T Bus Stop||158129|"", ""19201|Thaneone Corporate Business It Park||81478|19221"", ""19201|Rushabh Mall||151293|"", ""19202|Vidyavardhini College Of Engineering And Technology||89448|19225"", ""19202|Shree L R Tiwari College of Engineering||161789|19225"", ""19203|Oscar Hospital||153757|"", ""19203|Sai Krupa Hospital||79718|19230"", ""19206|Dattani Square Mall||89432|19239"", ""19206|Tania Planet Mall||89436|19239""]",19.2972685,72.8720197,"19.2783121,72.8580188",b,,,,F,False,,,,,,,"NA|null,P51700047096|-1",,2026-08-21T17:37:05.000Z,"Aug 21, '26",2026-08-21T18:30:00.000+00:00,2026-10-20T17:37:05.000Z,"Oct 20, '26",0,,,Bachelors/Family,3BHK Multistorey Apartment for New Property in Chheda Avighna  at Mira Bhayandar,,,Mira Bhayandar
413,Above 20 years,9000000.0,90 Lac,9730.0,,,3,3,,700.0,Sq-ft,925.0,12800.0,2,3.0,2 of 3 Floor,Semi-Furnished,West,,Apartment,Resale,Ready to Move,20260703,,,,4320,Mumbai,104191.0,Vasai West,,Y,,Y,"K. T. Vihar complex, om nagar, ambadi road, vasai west","[""19201|Sureshwari It Park||89326|19221"", ""19202|Shri kk shah junior science college||167851|19225"", ""19203|Baxay Prime Multi-Speciality ICU & Hospital||167859|19230"", ""19203|Janseva Hospital||138740|19230"", ""19206|Sahakari Bhandar||84900|19239""]",0.0,0.0,"19.3745830863848,72.8076393946386",b,12201 12203 12211 12213 12215 12216 12218 12219 12220 12222 12238,12238 12215 12220 12216,"House help accommodation,Air Conditioned,Laundry Service,Visitor Parking",F,False,1 Open,Water Availability 24 Hours Available,No/Rare Powercut,1250.0,Monthly,Marble,,Freehold,2026-07-03T08:01:02.000Z,"Jul 03, '26",2026-08-21T18:30:00.000+00:00,2026-09-01T18:30:00.000Z,"Sep 02, '26",0,,,Bachelors/Family,3BHK Multistorey Apartment for Resale in Vasai West,None of these,925.0,Vasai West
414,Less than 5 years,11000000.0,1.10 Cr,8059.0,11000000.0,12100000.0,3,3,,983.0,Sq-ft,1365.0,12800.0,2,13.0,2 of 13 Floor,Unfurnished,,,Apartment,Resale,Ready to Move,20260822,20260821.0,,,4320,Mumbai,78885.0,Mira Road,,Y,NG Silver Spring,N,,"[""19210|Mira Road Railway Station||139198|19248"", ""19210|Mira Road Railway Station||140596|19248"", ""19202|Shree L R Tiwari College of Engineering||161789|19225"", ""19202|Royal College||157187|"", ""19203|Bharat Ratna Indira Gandhi Hospital||154489|"", ""19203|Sai Krupa Hospital||79718|19230"", ""19206|PVR Cinemas||139420|19239"", ""19206|Sahakari Bhandar||84896|19239""]",19.2960281,72.8675173,"19.2829267647424,72.8627883689306",b,12201 12202 12203 12204 12205 12206 12207 12208 12209 12211 12213 12214 12215 12216 12217 12218 12219 12220 12222 12223 12228 12229 12230 12538 12556 1404105 1404110 1404115 1404117 1404120 1404121 1404124 1404129 1404143,12556 12538 1404129 1404115 12215 12229 12230 12220 1404124 1404105 12223 12214 12216 12217 1404143,"Fireplace,Fingerprint Access,,,Air Conditioned,Jogging and Strolling Track,Outdoor Tennis Courts,Laundry Service,,,RO Water System,Service/Goods Lift,Visitor Parking,Intercom Facility,",F,False,,,,,,,"NA|null,P51700000009|12/2018",,2026-08-21T11:16:40.000Z,"Aug 21, '26",2024-10-25T18:30:00.000+00:00,2027-01-03T11:16:40.000Z,"Jan 03, '27",0,,,Bachelors/Family,3BHK Multistorey Apartment for Resale in NG Silver Spring at Mira Road Area,,1365.0,Mira Road Area
415,Above 20 years,10900000.0,1.09 Cr,8720.0,10900000.0,11600000.0,3,3,,900.0,Sq-ft,1250.0,12800.0,6,7.0,6 of 7 Floor,Semi-Furnished,,,Apartment,Resale,Ready to Move,20260821,20260821.0,,,4320,Mumbai,78885.0,Mira Road,,N,Geeta Sky,N,,"[""19210|Mira Road Railway Station||140596|19248"", ""19210|Mira Road Railway Station||139198|19248"", ""19202|Shree L R Tiwari College of Engineering||161789|19225"", ""19202|Royal College||157187|"", ""19203|Bharat Ratna Indira Gandhi Hospital||154489|"", ""19203|Manihar Hospital||167837|19230"", ""19206|D Mart, Hatkesh Udhog Nagar||140992|19239"", ""19206|PVR Cinemas||139420|19239""]",19.28518,72.87046,"19.2829267647424,72.8627883689306",b,12201 12202 12203 12204 12205 12206 12207 12208 12209 12211 12213 12217 1404115 1404117 1404118 1404121 1404124 1404126 1404128 1404131,1404118 1404115 1404128 1404131 1404124 12217,Intercom Facility,F,False,,,,,,,,,2026-08-20T18:43:37.000Z,"Aug 21, '26",2024-10-25T18:30:00.000+00:00,2026-10-20T18:43:41.000Z,"Oct 21, '26",0,,,Bachelors/Family,3BHK Multistorey Apartment for Resale in Geeta Sky at Mira Road Area,,1250.0,Mira Road Area
416,10 to 15 years,11000000.0,1.10 Cr,10000.0,11000000.0,11700000.0,3,3,,792.0,Sq-ft,1100.0,12800.0,2,7.0,2 of 7 Floor,Unfurnished,,,Apartment,Resale,Ready to Move,20260822,20260821.0,,,4320,Mumbai,104191.0,Vasai West,,N,Kaul Heritage City,N,,"[""19201|Sureshwari It Park||89326|19221"", ""19202|Shri kk shah junior science college||167851|19225"", ""19203|Janseva Hospital||138740|19230"", ""19203|Baxay Prime Multi-Speciality ICU & Hospital||167859|19230"", ""19206|Sahakari Bhandar||84900|19239""]",18.9582347,72.8319514,"19.3745830863848,72.8076393946386",b,,,,F,False,,,,,,,,,2026-08-21T08:30:31.000Z,"Aug 21, '26",2024-10-25T18:30:00.000+00:00,2027-01-03T08:30:31.000Z,"Jan 03, '27",0,,,Bachelors/Family,3BHK Multistorey Apartment for Resale in Kaul Heritage City at Vasai West,,1100.0,Vasai West
417,Less than 5 years,11500000.0,1.15 Cr,13143.0,11500000.0,12200000.0,3,2,,630.0,Sq-ft,875.0,12800.0,5,9.0,5 of 9 Floor,Semi-Furnished,,,Apartment,Resale,Ready to Move,20260821,20260820.0,,,4320,Mumbai,78885.0,Mira Road,,N,RNA COURTYARD CHS LTD,N,,"[""19210|Mira Road Railway Station||139198|19248"", ""19210|Mira Road Railway Station||140596|19248"", ""19202|Royal College||157187|"", ""19202|Shree L R Tiwari College of Engineering||161789|19225"", ""19203|Manihar Hospital||167837|19230"", ""19203|Bharat Ratna Indira Gandhi Hospital||154489|"", ""19206|Sahakari Bhandar||84896|19239"", ""19206|PVR Cinemas||139420|19239""]",19.278035,72.8647448999999,"19.2829267647424,72.8627883689306",b,12207 12209 12218 1404120 1404121,,,F,False,,,,,,,,,2026-08-20T16:49:42.000Z,"Aug 20, '26",2024-10-24T18:30:00.000+00:00,2026-10-20T16:49:44.000Z,"Oct 20, '26",0,3.0,,Bachelors/Family,3BHK Multistorey Apartment for Resale in RNA COURTYARD CHS LTD at Mira Road Area,,875.0,Mira Road Area
418,5 to 10 years,12000000.0,1.20 Cr,9375.0,12000000.0,13200000.0,3,3,,922.0,Sq-ft,1280.0,12800.0,7,12.0,7 of 12 Floor,Unfurnished,,,Apartment,Resale,Ready to Move,20260820,20260820.0,,,4320,Mumbai,108379.0,,,N,La Gardenia,N,,"[""19201|Market Point||167839|19239"", ""19202|RBK School||156993|"", ""19203|Karuna||154117|""]",19.2929331,72.8771337,"19.295256624119,72.871489861401",b,12201 12202 12203 12208 12209 12211 12216 12218 12219 12222 1404143,12216 1404143,"Visitor Parking,",F,False,,,,,,,,,2026-08-20T13:28:41.000Z,"Aug 20, '26",2024-10-24T18:30:00.000+00:00,2026-10-20T13:28:43.000Z,"Oct 20, '26",0,,,Bachelors/Family,3BHK Multistorey Apartment for Resale in La Gardenia at Beverly Park,,1280.0,Beverly Park
419,Less than 5 years,12000000.0,1.20 Cr,12000.0,12000000.0,13200000.0,3,3,,720.0,Sq-ft,1000.0,12800.0,6,13.0,6 of 13 Floor,Unfurnished,,,Apartment,Resale,Ready to Move,20260820,20260820.0,,,4320,Mumbai,78885.0,Mira Road,,N,La Gardenia,N,,"[""19210|Mira Road Railway Station||139198|19248"", ""19210|Mira Road Railway Station||140596|19248"", ""19202|Shree L R Tiwari College of Engineering||161789|19225"", ""19202|Royal College||157187|"", ""19203|Bharat Ratna Indira Gandhi Hospital||154489|"", ""19203|Sai Krupa Hospital||79718|19230"", ""19206|D Mart, Hatkesh Udhog Nagar||140992|19239"", ""19206|Sahakari Bhandar||84896|19239""]",19.2929331,72.8771337,"19.2829267647424,72.8627883689306",b,12201 12202 12203 12208 12209 12211 12216 12218 12219 12222 1404143,12216 1404143,"Visitor Parking,",F,False,,,,,,,,,2026-08-20T13:28:29.000Z,"Aug 20, '26",2024-10-24T18:30:00.000+00:00,2026-10-20T13:28:31.000Z,"Oct 20, '26",0,,,Bachelors/Family,3BHK Multistorey Apartment for Resale in La Gardenia at Mira Road Area,,1000.0,Mira Road Area
420,New Construction,16000000.0,1.60 Cr,16000.0,16000000.0,17600000.0,3,2,1.0,754.0,Sq-ft,1000.0,12800.0,28,32.0,28 of 32 Floor,Unfurnished,East,"Garden/Park, Main Road",Apartment,Resale,Ready to Move,20260823,20260823.0,,,4320,Mumbai,78885.0,Mira Road,,Y,,N,GCC Club,"[""19210|Mira Road Railway Station||140596|19248"", ""19210|Mira Road Railway Station||139198|19248"", ""19202|Shree L R Tiwari College of Engineering||161789|19225"", ""19202|Royal College||157187|"", ""19203|Bhakti Vedant Hospital||154429|"", ""19203|Bharat Ratna Indira Gandhi Hospital||154489|"", ""19206|D Mart, Hatkesh Udhog Nagar||140992|19239"", ""19206|PVR Cinemas||139420|19239""]",19.27755546569824,72.85740661621094,"19.2829267647424,72.8627883689306",b,12201 12202 12203 12204 12206 12207 12208 12209 12211 12213 12214 12216 12217 12218 12219 12221 12222 12229,12229 12221 12214 12216 12217,"Jogging and Strolling Track,Internet/Wi-Fi Connectivity,Service/Goods Lift,Visitor Parking,Intercom Facility",F,False,1 Covered,Water Availability 24 Hours Available,No/Rare Powercut,0.0,Monthly,Vitrified,,Freehold,2026-08-22T23:37:32.000Z,Today,2026-07-03T18:30:00.000+00:00,2026-12-20T23:37:32.000Z,"Dec 21, '26",0,0.0,Y,Bachelors/Family,3BHK Multistorey Apartment for Resale in Mira Road Area,,1000.0,Mira Road Area
421,10 to 15 years,16500000.0,1.65 Cr,12840.0,16500000.0,18000000.0,3,2,,925.0,Sq-ft,1285.0,12800.0,3,8.0,3 of 8 Floor,Semi-Furnished,,,Apartment,Resale,Ready to Move,20260822,20260821.0,,,4320,Mumbai,78866.0,Kandivali East,,Y,Akurli Om,N,,"[""19210|Poisar Metro Station|5 minutes|161727|19249"", ""19210|Kandivali East Bus Stop||167741|19250"", ""19201|Thakur Mall Kandivali East (Thakur Village)||165301|19239"", ""19201|Growel's 101 Mall||161723|19239"", ""19202|Mumbai Public School||157489|"", ""19202|Thakur College of Engineering Technology||5373|19225"", ""19203|Apex Hospital||153269|"", ""19203|ESIC Hospital||154947|"", ""19206|Thakur Mall Kandivali East||81474|19239"", ""19206|Centrium Mall||86860|19239""]",19.20055,72.84266,"19.2050017,72.8692711",b,12202 12209 12218,,,F,False,,,,,,,,,2026-08-21T06:46:37.000Z,"Aug 21, '26",2024-10-25T18:30:00.000+00:00,2027-01-03T06:46:37.000Z,"Jan 03, '27",0,,,Bachelors/Family,3BHK Multistorey Apartment for Resale in Akurli Om at Kandivali East,,1285.0,Kandivali East
422,10 to 15 years,18000000.0,1.80 Cr,15929.0,18000000.0,19600000.0,3,2,,814.0,Sq-ft,1130.0,12800.0,3,8.0,3 of 8 Floor,Furnished,,,Apartment,Resale,Ready to Move,20260821,20260821.0,,,4320,Mumbai,80084.0,Malad West,,Y,Divya Smruthi,N,,"[""19210|Malad West Metro Station|5 minutes|163061|19249"", ""19210|Sunder Nagar Auto Stand||158137|"", ""19201|Kalpataru Plaza||151299|"", ""19201|Paradigm Comercial||151405|"", ""19202|Dr. Sarvepalli Radhakrishnan International School||87504|19227"", ""19202|Vidgyor School||157099|"", ""19203|Prem Kitchen And Bar||153627|"", ""19203|Infinity Multi-Speciality Hospital||154941|"", ""19206|Croma||147698|19239"", ""19206|Star Home Super Market-Malad West||84738|19239""]",19.18097,72.83667,"19.1940346300819,72.8257561606587",b,12202 12208 12211 12216 12222,12216,Visitor Parking,F,False,,,,,,,,,2026-08-21T04:50:19.000Z,"Aug 21, '26",2024-10-25T18:30:00.000+00:00,2026-10-21T04:50:19.000Z,"Oct 21, '26",0,,,Bachelors/Family,3BHK Multistorey Apartment for Resale in Divya Smruthi at Malad West,,1130.0,Malad West
423,5 to 10 years,15000000.0,1.50 Cr,12000.0,15000000.0,16200000.0,3,3,,900.0,Sq-ft,1250.0,12800.0,13,20.0,13 of 20 Floor,Semi-Furnished,,,Apartment,Resale,Ready to Move,20260821,20260821.0,,,4320,Mumbai,60121.0,Goregaon East,,Y,Summit Apartment,N,,"[""19210|Aarey Metro Station|5 minutes|165285|19249"", ""19201|Nirlon Knowledge Park||78250|19221"", ""19201|Vakratunda Corporate Park||81868|19221"", ""19202|Mumbai Public School||157197|"", ""19202|Gokuldham High School||87020|19227"", ""19203|Hira Surgical||153803|"", ""19203|Mamta Nursing Home||154443|"", ""19206|The Hub Mall,||140516|19239"", ""19206|Orchard Road Mall||10756|19239""]",19.15564,72.88546,"19.1562110822264,72.8758090633208",b,12201 12202 12203 12204 12205 12206 12207 12208 12209 12211 12214 12216 12218 12219 12220 12222 12224 12225 12227 1404110 1404113 1404114 1404115 1404116 1404127 1404128 1404143,12225 1404127 1404114 1404115 1404128 12224 1404116 12220 12214 12216 12227 1404113 1404143,"Bar/Lounge,,,,,Banquet Hall,,Laundry Service,Service/Goods Lift,Visitor Parking,Conference Room,,",F,False,,,,,,,,,2026-08-21T04:32:06.000Z,"Aug 21, '26",2024-10-25T18:30:00.000+00:00,2026-10-21T04:32:06.000Z,"Oct 21, '26",0,,,Bachelors/Family,3BHK Multistorey Apartment for Resale in Summit Apartment at Goregaon East,,1250.0,Goregaon East
424,10 to 15 years,15950000.0,1.59 Cr,11393.0,15950000.0,17400000.0,3,3,,1008.0,Sq-ft,1400.0,12800.0,7,13.0,7 of 13 Floor,Semi-Furnished,,,Apartment,Resale,Ready to Move,20260821,20260821.0,,,4320,Mumbai,113114.0,Sector 9 Charkop,,Y,Platinum Tower,N,,"[""19203|Shlokam Healthcare||154159|""]",19.2190527,72.8226695,"19.221365412144,72.8231860530706",b,12202 12208 12209 12214 12216 1404121,12214 12216,"Service/Goods Lift,Visitor Parking",F,False,,,,,,,,,2026-08-21T04:40:50.000Z,"Aug 21, '26",2024-10-25T18:30:00.000+00:00,2026-10-21T04:40:51.000Z,"Oct 21, '26",0,,,Bachelors/Family,3BHK Multistorey Apartment for Resale in Platinum Tower at Sector 9 Charkop,,1400.0,Sector 9 Charkop
425,5 to 10 years,13000000.0,1.30 Cr,10400.0,13000000.0,14000000.0,3,3,,900.0,Sq-ft,1250.0,12800.0,5,7.0,5 of 7 Floor,Semi-Furnished,,,Apartment,Resale,Ready to Move,20260822,20260821.0,,,4320,Mumbai,104191.0,Vasai West,,Y,Kaul Heritage City,N,,"[""19201|Sureshwari It Park||89326|19221"", ""19202|Shri kk shah junior science college||167851|19225"", ""19203|Janseva Hospital||138740|19230"", ""19203|YOGYAM Multi-Speciality Hospital||167857|19230"", ""19206|Sahakari Bhandar||84900|19239""]",18.9582347,72.8319514,"19.3745830863848,72.8076393946386",b,,,,F,False,,,,,,,,,2026-08-21T08:30:43.000Z,"Aug 21, '26",2024-10-25T18:30:00.000+00:00,2027-01-03T08:30:43.000Z,"Jan 03, '27",0,,,Bachelors/Family,3BHK Multistorey Apartment for Resale in Kaul Heritage City at Vasai West,,1250.0,Vasai West
426,5 to 10 years,17300000.0,1.73 Cr,15310.0,15900000.0,17300000.0,3,3,4.0,,,1130.0,12800.0,11,15.0,11 of 15 Floor,Furnished,West,"Garden/Park, Pool, Main Road",Apartment,Resale,Ready to Move,20260817,20260817.0,,,4320,Mumbai,108419.0,Mira Road,,Y,,Y,"Shanti Garden Area, Surya Shopping Centre, Shrishti.","[""19202|Holy Cross Convent School||157207|"", ""19202|Senthome Public School||157205|"", ""19203|Vedanta Hospital||154455|""]",19.27378463745117,72.87265014648438,"19.2824790028886,72.8826767010947",b,12201 12202 12203 12204 12205 12206 12207 12208 12209 12211 12213 12215 12216 12217 12218 12219 12220 12221 12222 12223 12224 12227 12228 12229 12556,12556 12215 12224 12229 12220 12221 12223 12216 12217 12227,"Fireplace,Air Conditioned,Banquet Hall,Jogging and Strolling Track,Laundry Service,Internet/Wi-Fi Connectivity,RO Water System,Visitor Parking,Intercom Facility,Conference Room",F,False,1 Open,Water Availability 24 Hours Available,No/Rare Powercut,5000.0,Monthly,Vitrified,,Freehold,2026-08-16T23:32:24.000Z,"Aug 17, '26",2026-07-28T18:30:00.000+00:00,2026-12-14T23:32:24.000Z,"Dec 15, '26",0,6.0,Y,Bachelors/Family,3BHK Multistorey Apartment for Resale in Mira Road,,1130.0,Mira Road
427,5 to 10 years,12500000.0,1.25 Cr,10000.0,12500000.0,13500000.0,3,3,,900.0,Sq-ft,1250.0,12800.0,7,12.0,7 of 12 Floor,Semi-Furnished,,,Apartment,Resale,Ready to Move,20260820,20260820.0,,,4320,Mumbai,78885.0,Mira Road,,Y,La Gardenia,N,,"[""19210|Mira Road Railway Station||139198|19248"", ""19210|Mira Road Railway Station||140596|19248"", ""19202|Shree L R Tiwari College of Engineering||161789|19225"", ""19202|Royal College||157187|"", ""19203|Manihar Hospital||167837|19230"", ""19203|Bhakti Vedant Hospital||154429|"", ""19206|D Mart, Hatkesh Udhog Nagar||140992|19239"", ""19206|Sahakari Bhandar||84896|19239""]",19.2929331,72.8771337,"19.2829267647424,72.8627883689306",b,12201 12202 12203 12208 12209 12211 12216 12218 12219 12222 1404143,12216 1404143,"Visitor Parking,",F,False,,,,,,,,,2026-08-20T13:28:37.000Z,"Aug 20, '26",2024-10-24T18:30:00.000+00:00,2026-10-20T13:28:39.000Z,"Oct 20, '26",0,,,Bachelors/Family,3BHK Multistorey Apartment for Resale in La Gardenia at Mira Road Area,,1250.0,Mira Road Area
428,5 to 10 years,12500000.0,1.25 Cr,10000.0,12500000.0,13600000.0,3,3,,900.0,Sq-ft,1250.0,12800.0,6,12.0,6 of 12 Floor,Unfurnished,,,Apartment,Resale,Ready to Move,20260820,20260820.0,,,4320,Mumbai,78885.0,Mira Road,,Y,La Gardenia,N,,"[""19210|Mira Road Railway Station||139198|19248"", ""19210|Mira Road Railway Station||140596|19248"", ""19202|Shree L R Tiwari College of Engineering||161789|19225"", ""19202|Royal College||157187|"", ""19203|Manihar Hospital||167837|19230"", ""19203|Bharat Ratna Indira Gandhi Hospital||154489|"", ""19206|PVR Cinemas||139420|19239"", ""19206|D Mart, Hatkesh Udhog Nagar||140992|19239""]",19.2929331,72.8771337,"19.2829267647424,72.8627883689306",b,12201 12202 12203 12208 12209 12211 12216 12218 12219 12222 1404143,12216 1404143,"Visitor Parking,",F,False,,,,,,,,,2026-08-20T13:28:33.000Z,"Aug 20, '26",2024-10-24T18:30:00.000+00:00,2026-10-20T13:28:35.000Z,"Oct 20, '26",0,,,Bachelors/Family,3BHK Multistorey Apartment for Resale in La Gardenia at Mira Road Area,,1250.0,Mira Road Area
429,15 to 20 years,17000000.0,1.70 Cr,,17000000.0,18000000.0,3,2,3.0,675.0,Sq-ft,,,3,7.0,3 of 7 Floor,Unfurnished,,,Apartment,Resale,Ready to Move,20260820,20260820.0,,,4320,Mumbai,94072.0,Ashok Van,,Y,Raj Utsav,N,,"[""19202|Universal High School Dahisar||88294|19227"", ""19203|Ashok Hospital||154483|""]",19.2440685,72.8686865,"19.2432574090995,72.8661280746361",b,,,,F,False,,,,,,,,,2026-08-19T23:31:09.000Z,"Aug 20, '26",2026-06-12T18:30:00.000+00:00,2026-12-17T23:31:09.000Z,"Dec 18, '26",0,3.0,,Bachelors/Family,3BHK Multistorey Apartment for Resale in Raj Utsav at Ashok Van,,,Ashok Van
430,,14500000.0,1.45 Cr,,,,3,3,1.0,1000.0,Sq-ft,,,10,35.0,10 of 35 Floor,Unfurnished,East,"Garden/Park, Main Road",Apartment,New Property,Under Construction,20260822,20260822.0,,,4320,Mumbai,78885.0,Mira Road,,Y,JP Infra Mira Road,Y,near to metro,"[""19210|Mira Road Railway Station||140596|19248"", ""19210|Mira Road Railway Station||139198|19248"", ""19202|Shree L R Tiwari College of Engineering||161789|19225"", ""19202|Royal College||157187|"", ""19203|Dr Pravin Singh||154315|"", ""19203|Bharat Ratna Indira Gandhi Hospital||154489|"", ""19206|PVR Cinemas||139420|19239"", ""19206|D Mart, Hatkesh Udhog Nagar||140992|19239""]",19.1185196,72.8559403,"19.2829267647424,72.8627883689306",b,12201 12202 12203 12204 12205 12206 12207 12208 12209 12211 12212 12213 12214 12216 12217 12218 12219 12224 12226 12227 12228 12229,12224 12229 12214 12216 12217 12227,"Banquet Hall,Jogging and Strolling Track,Service/Goods Lift,Visitor Parking,Intercom Facility,Conference Room",F,False,1 Covered,Water Availability 24 Hours Available,No/Rare Powercut,7000.0,Monthly,Vitrified,"NA|null,NA|null,P51700004117|12/2020,P51700007001|06/2021,P51700008667|06/2019,P51700008916|12/2020,P51700016290|12/2024,P51700016736|12/2024",Freehold,2026-08-21T23:45:15.000Z,Yesterday,2026-08-21T18:30:00.000+00:00,2026-10-20T23:45:15.000Z,"Oct 21, '26",0,,,Bachelors/Family,3BHK Multistorey Apartment for New Property in JP Infra Mira Road at Mira Road Area,Puja Room,,Mira Road Area
431,5 to 10 years,17800000.0,1.78 Cr,17800.0,16400000.0,17800000.0,3,3,2.0,,,1000.0,12800.0,1,14.0,1 of 14 Floor,Semi-Furnished,East,Garden/Park,Apartment,Resale,Ready to Move,20260802,20260802.0,,,4320,Mumbai,78885.0,Mira Road,,Y,Kalpataru Shrishti,Y,"iscon temple, Bhaktivedanta","[""19210|Mira Road Railway Station||139198|19248"", ""19210|Mira Road Railway Station||140596|19248"", ""19202|Shree L R Tiwari College of Engineering||161789|19225"", ""19202|Royal College||157187|"", ""19203|Sai Krupa Hospital||79718|19230"", ""19203|Bharat Ratna Indira Gandhi Hospital||154489|"", ""19206|Sahakari Bhandar||84896|19239"", ""19206|PVR Cinemas||139420|19239""]",19.2722969,72.8679286,"19.2829267647424,72.8627883689306",b,12201 12202 12203 12204 12205 12206 12207 12208 12209 12212 12213 12214 12215 12217 12218 12219 12221 12222 12223 12224 12225 12226 12227 12228 12229,12225 12215 12224 12229 12221 12223 12214 12217 12227,"Bar/Lounge,Air Conditioned,Banquet Hall,Jogging and Strolling Track,Internet/Wi-Fi Connectivity,RO Water System,Service/Goods Lift,Intercom Facility,Conference Room",F,False,,,,,,,,Freehold,2026-08-02T15:15:08.000Z,"Aug 02, '26",2025-12-02T18:30:00.000+00:00,2026-12-15T15:15:08.000Z,"Dec 15, '26",0,9.0,,Bachelors/Family,3BHK Multistorey Apartment for Resale in Kalpataru Shrishti at Mira Road Area,Study,1000.0,Mira Road Area
432,New Construction,17000000.0,1.70 Cr,17895.0,17000000.0,18400000.0,3,2,,690.0,Sq-ft,950.0,12800.0,4,4.0,4 of 4 Floor,Semi-Furnished,East,"Garden/Park, Main Road",Apartment,Resale,Ready to Move,20260718,20260717.0,,,4320,Mumbai,94183.0,Shanti Nagar Mira Road,,Y,,N,Mira Road Railway Station,"[""19210|Mira Road (E) Bus Stop||167831|""]",19.46924591064453,72.79744720458984,"19.2794272,72.86146863",b,,,,F,False,1 Open,Water Availability 24 Hours Available,No/Rare Powercut,0.0,Monthly,"Vitrified,Wooden",,Freehold,2026-07-17T17:55:51.000Z,"Jul 07, '26",2025-02-21T18:30:00.000+00:00,2026-11-29T17:55:51.000Z,"Nov 29, '26",0,37.0,Y,Bachelors/Family,3BHK Multistorey Apartment for Resale in Shanti Nagar Mira Road,,950.0,Shanti Nagar Mira Road
433,5 to 10 years,12500000.0,1.25 Cr,8929.0,11500000.0,12500000.0,3,3,1.0,1300.0,Sq-ft,1400.0,12800.0,Ground,2.0,Ground of 2 Floor,Furnished,,Main Road,Residential House,New Property,Ready to Move,20260617,20260617.0,,,4320,Mumbai,80084.0,Malad West,,Y,,N,Near Hotel Sahara,"[""19210|Malad West Metro Station|5 minutes|163061|19249"", ""19210|Malvani Block No.5 or Police Station Bus Stop||165271|19250"", ""19201|Paradigm Comercial||151405|"", ""19201|Infiniti Mall||167721|19239"", ""19202|Carmel Of St. Joseph School||157477|"", ""19202|Billabong High International School||163067|"", ""19203|Vivanta Milti Speciality Hospital||153799|"", ""19203|Surana Hospital & Research Centre||10562|19230"", ""19206|Hypercity Retail India Limited Head Office||84622|19239"", ""19206|Inorbit Mall ||84774|19239""]",19.194034576416016,72.82575988769531,"19.1940346300819,72.8257561606587",b,,,,F,False,,,,,,,,Freehold,2026-06-17T07:57:30.000Z,"Jun 17, '26",2025-03-02T18:30:00.000+00:00,2026-10-30T07:57:30.000Z,"Oct 30, '26",0,67.0,,Bachelors/Family,3BHK Residential House for New Property in Malad West,Study,1400.0,Malad West
434,,15000000.0,1.50 Cr,10714.0,15000000.0,16200000.0,3,2,,,,1400.0,12800.0,1,3.0,1 of 3 Floor,Semi-Furnished,,,Builder Floor Apartment,Resale,Ready to Move,20260621,20260621.0,,,4320,Mumbai,86704.0,Ulhasnagar,,N,,N,,"[""19210|Ulhasnagar Railway Station||10884|19248"", ""19210|Shahad Railway Station||10874|19248"", ""19203|Swami Sarwanand Hospital||10568|19232"", ""19203|Satya Sai Platinum Hospital||139270|19230""]",0.0,0.0,"19.2298419727021,73.1644753282394",b,,,,F,False,,,,,,,,,2026-06-20T21:31:21.000Z,"Jun 21, '26",2025-10-31T18:30:00.000+00:00,2026-11-02T21:31:21.000Z,"Nov 03, '26",0,63.0,,Bachelors/Family,3BHK Builder Floor Apartment for Resale in Ulhasnagar,,1400.0,Ulhasnagar
435,,14000000.0,1.40 Cr,9722.0,14000000.0,15000000.0,3,3,,,,1440.0,12800.0,3,30.0,3 of 30 Floor,Furnished,,,Apartment,Resale,Ready to Move,20260803,,,,4320,Mumbai,86774.0,New Panvel,,Y,,N,,"[""19210|Khandeshwar Railway Station||10934|19248"", ""19202|AnjumanIIslam s Kalsekar Technical Campus||5531|19225"", ""19202|Mahatma International School||84406|19227"", ""19206|Apna Cinema||138608|19239"", ""19206|Little World||89846|19239""]",0.0,0.0,"19.0003258753664,73.1153385297118",b,,,,F,False,,,,,,,,,2026-05-29T04:00:17.000Z,"May 29, '26",2026-08-21T18:30:00.000+00:00,2026-09-26T04:00:17.000Z,"Sep 26, '26",0,3.0,,Bachelors/Family,3BHK Multistorey Apartment for Resale in New Panvel,,1440.0,New Panvel
436,,18000000.0,1.80 Cr,24161.0,18000000.0,19600000.0,3,2,,,,745.0,12800.0,4,4.0,4 of 4 Floor,Unfurnished,,,Apartment,Resale,Ready to Move,20260608,20260608.0,,,4320,Mumbai,78887.0,Mulund West,,N,,N,,"[""19210|Mulund Depot Bus Stop||161801|19250"", ""19210|Santoshi Mata Mandir Bus Stop||161809|19250"", ""19201|Marathon Maxima||151431|"", ""19201|R Mall, Mulund||161807|19239"", ""19202|Nes International School||157189|"", ""19202|Sheth Karamshi Kanji English School||161815|19227"", ""19203|ESIC Hospital||154431|"", ""19203|Padmashree Endoscopic Centre||153577|"", ""19206|Jawahar Talkies||139808|19239"", ""19206|Nirmal Lifestyle II Mall||10712|19239""]",0.0,0.0,"19.1749536837097,72.943103519999",b,,,,F,False,,,,,,,,,2026-06-08T03:56:39.000Z,"Jun 08, '26",2026-01-29T18:30:00.000+00:00,2026-10-21T03:56:39.000Z,"Oct 21, '26",0,12.0,,Bachelors/Family,3BHK Multistorey Apartment for Resale in Mulund West,,745.0,Mulund West
437,10 to 15 years,14000000.0,1.40 Cr,,12700000.0,14000000.0,3,3,,1240.0,Sq-ft,,,2,7.0,2 of 7 Floor,Semi-Furnished,West,Main Road,Apartment,Resale,Ready to Move,20260505,20260505.0,,,4320,Mumbai,104191.0,Vasai West,,N,Anora Tower,N,"St Francis High School, Opp Mirchandani complex, off 100 ft road","[""19201|Sureshwari It Park||89326|19221"", ""19202|Shri kk shah junior science college||167851|19225"", ""19203|Janseva Hospital||138740|19230"", ""19203|YOGYAM Multi-Speciality Hospital||167857|19230"", ""19206|Sahakari Bhandar||84900|19239""]",19.3829,72.816,"19.3745830863848,72.8076393946386",b,12202 12207 12208 12209 12211 12215 12216 12217 12218 12219 12220 12221,12215 12220 12221 12216 12217,"Air Conditioned,Laundry Service,Internet/Wi-Fi Connectivity,Visitor Parking,Intercom Facility",F,False,1 Covered,Water Availability 24 Hours Available,Less Than 2 Hour Powercut,,,Vitrified,,Freehold,2026-05-04T21:30:40.000Z,"May 05, '26",2026-05-24T18:30:00.000+00:00,2026-09-16T21:30:40.000Z,"Sep 17, '26",0,35.0,Y,Bachelors/Family,3BHK Multistorey Apartment for Resale in Anora Tower at Vasai West,None of these,,Vasai West
438,Less than 5 years,13800000.0,1.38 Cr,13800.0,12700000.0,13800000.0,3,2,1.0,800.0,Sq-ft,1000.0,12800.0,7,14.0,7 of 14 Floor,Furnished,,,Apartment,Resale,Ready to Move,20260507,20260506.0,,,4320,Mumbai,,,,N,,N,"Gladys alwares marg,chital sar.",,0.0,0.0,,b,,,,F,False,,Water Availability 24 Hours Available,No/Rare Powercut,,Monthly,,,Freehold,2026-05-06T17:10:46.000Z,"May 06, '26",2026-05-29T18:30:00.000+00:00,2026-09-18T17:10:46.000Z,"Sep 18, '26",0,109.0,,Bachelors/Family,3BHK Multistorey Apartment for Resale in ,,1000.0,
439,New Construction,16000000.0,1.60 Cr,16842.0,16000000.0,17400000.0,3,3,,744.0,Sq-ft,950.0,12800.0,9,23.0,9 of 23 Floor,Unfurnished,East,"Garden/Park, Main Road",Apartment,Resale,Ready to Move,20260421,20260421.0,,,4320,Mumbai,78867.0,Kandivali West,,N,Parinee Essence,Y,Acme Avenue Building,"[""19210|Mahavir Nagar Metro Station|5 minutes|88030|19249"", ""19210|Praposed Charkop Metro Railway Station||88082|19248"", ""19201|Sunrays Shopping Center Premises||151573|"", ""19202|Mother Teresa English High School||87802|19227"", ""19202|Holi Infant High School||157001|"", ""19203|Sparsh Women Hospital||154149|"", ""19203|Chavan Hospital||139948|19230"", ""19206|Samruddhi Shopping Centre||88078|19239"", ""19206|La Care Mall||76978|19239""]",19.20522,72.82361,"19.2101312179652,72.8305011930765",b,,,,F,False,1 Covered,Water Availability 24 Hours Available,No/Rare Powercut,3500.0,Monthly,Vitrified,"NA|null,P51800001334|-1",Freehold,2026-04-21T05:24:55.000Z,"Apr 21, '26",2023-10-27T18:30:00.000+00:00,2026-09-03T05:24:55.000Z,"Sep 03, '26",0,124.0,Y,Bachelors/Family,3BHK Multistorey Apartment for Resale in Parinee Essence at Kandivali West,,950.0,Kandivali West
440,,15000000.0,1.50 Cr,14151.0,13800000.0,15000000.0,3,3,,,,1060.0,12800.0,7,7.0,7 of 7 Floor,Furnished,,,Apartment,Resale,Ready to Move,20260421,20260421.0,,,4320,Mumbai,160803.0,Vasant Nagari,,N,,N,,"[""19210|Vasant Nagari Circle Bus Stop||167869|19250""]",0.0,0.0,"19.40322986,72.83143301",b,,,,F,False,,,,,,,,,2026-04-21T05:25:25.000Z,"Apr 21, '26",2025-08-02T18:30:00.000+00:00,2026-09-03T05:25:25.000Z,"Sep 03, '26",0,124.0,,Bachelors/Family,3BHK Multistorey Apartment for Resale in Vasant Nagari,,1060.0,Vasant Nagari
441,5 to 10 years,15000000.0,1.50 Cr,7692.0,15000000.0,16200000.0,3,4,1.0,1500.0,Sq-ft,1950.0,12800.0,Ground,3.0,Ground of 3 Floor,Furnished,East,Garden/Park,Residential House,Resale,Ready to Move,20260430,20260429.0,,,4320,Mumbai,93954.0,Malvani,,N,,N,Patang Maidan,"[""19210|Malvani Block No.5 or Police Station Bus Stop||165271|19250""]",19.469463348388672,72.7974853515625,"19.1878361476608,72.8193396211644",b,12201 12202 12207 12211 12213 12215 12217 12218 12219 12221 12222 12229,12215 12229 12221 12217,"Air Conditioned,Jogging and Strolling Track,Internet/Wi-Fi Connectivity,Intercom Facility",F,False,1 Open,Water Availability 24 Hours Available,No/Rare Powercut,5500.0,Monthly,Vitrified,,Freehold,2026-04-29T17:01:25.000Z,"Apr 29, '26",2025-07-17T18:30:00.000+00:00,2026-09-11T17:01:25.000Z,"Sep 11, '26",0,115.0,Y,Bachelors/Family,3BHK Residential House for Resale in Malvani,,1950.0,Malvani
442,Above 20 years,14000000.0,1.40 Cr,7778.0,14000000.0,15300000.0,3,4,,,,1800.0,12800.0,Ground,1.0,Ground of 1 Floor,Unfurnished,,,Residential House,Resale,Ready to Move,20260519,20260519.0,12850.0,Sq-ft,4320,Mumbai,124965.0,,2400.0,N,,Y,,,0.0,0.0,"19.421961185771,72.8677938353084",b,,,,F,False,"1 Covered, 1 Open",Water Availability 24 Hours Available,No/Rare Powercut,,,Marble,,Freehold,2026-05-18T22:30:41.000Z,"May 19, '26",2026-06-11T18:30:00.000+00:00,2026-09-30T22:30:41.000Z,"Oct 01, '26",0,72.0,,Bachelors/Family,3BHK Residential House for Resale in Dhumal Nagar,Puja Room,1800.0,Dhumal Nagar
443,5 to 10 years,14000000.0,1.40 Cr,8434.0,12700000.0,14000000.0,3,3,3.0,1400.0,Sq-ft,1660.0,12800.0,2,7.0,2 of 7 Floor,Furnished,North - West,Garden/Park,Apartment,Resale,Ready to Move,20260721,20260721.0,,,4320,Mumbai,160619.0,Royal Palms,,N,Lake View 2,N,,,19.14789,72.89276,"19.15346782,72.8865788",b,12202 12208 12213 12219,,,F,False,1 Open,Water Availability 24 Hours Available,No/Rare Powercut,,,"Wooden,Ceramic Tiles",,Freehold,2026-07-20T21:31:59.000Z,"Jul 21, '26",2025-09-07T18:30:00.000+00:00,2026-12-02T21:31:59.000Z,"Dec 03, '26",0,33.0,Y,Bachelors/Family,3BHK Multistorey Apartment for Resale in Lake View 2 at Royal Palms,,1660.0,Royal Palms
444,,17811000.0,1.78 Cr,17670.0,,,3,3,,806.0,Sq-ft,1008.0,12800.0,9,22.0,9 of 22 Floor,Unfurnished,East,"Garden/Park, Main Road",Apartment,New Property,Under Construction,20260822,20260822.0,,,4320,Mumbai,95973.0,Sector 4 Charkop,,Y,Radheshyam Aspire,Y,kandivali,,19.2332168,72.8421285,"19.2203625639528,72.832742032365",b,12201 12202 12204 12206 12207 12208 12211 12213 12214 12216 12217 12219,12214 12216 12217,"Service/Goods Lift,Visitor Parking,Intercom Facility",F,False,1 Covered,Water Availability 24 Hours Available,No/Rare Powercut,3500.0,Monthly,Vitrified,"NA|null,P51800012142|-1",Freehold,2026-08-21T23:45:16.000Z,Yesterday,2026-08-12T18:30:00.000+00:00,2026-10-20T23:45:16.000Z,"Oct 21, '26",0,,,Bachelors/Family,3BHK Multistorey Apartment for New Property in Radheshyam Aspire at Sector 4 Charkop,None of these,1008.0,Sector 4 Charkop
445,New Construction,14110000.0,1.41 Cr,10000.0,,,3,4,,882.0,Sq-ft,1411.0,12800.0,22,34.0,22 of 34 Floor,Semi-Furnished,North - East,"Garden/Park, Main Road",Apartment,New Property,Ready to Move,20260822,20260822.0,,,4320,Mumbai,108386.0,,,Y,Salangpur Salasar Aavatar,Y,"Near Salasar Aarpan, Behind L R Tiwari Collage, Kankia Road.","[""19203|Dr Pravin Singh||154315|""]",18.9582347,72.8319514,"19.2972811431285,72.8678073166319",b,12201 12202 12203 12204 12205 12206 12208 12209 12211 12213 12214 12216 12218 12219 12221 12223 12224 12228 12229 12230 12527 12528,12527 12528 12224 12229 12230 12221 12223 12214 12216,"Sea facing,Skydeck,Banquet Hall,Jogging and Strolling Track,Outdoor Tennis Courts,Internet/Wi-Fi Connectivity,RO Water System,Service/Goods Lift,Visitor Parking",F,False,1 Covered,Water Availability 24 Hours Available,No/Rare Powercut,5000.0,Monthly,Vitrified,"NA|null,P51700048170|-1",Freehold,2026-08-21T23:45:15.000Z,Yesterday,2026-08-19T18:30:00.000+00:00,2026-10-20T23:45:15.000Z,"Oct 21, '26",0,,,Bachelors/Family,3BHK Multistorey Apartment for New Property in Salangpur Salasar Aavatar at Ramdev Park,None of these,1411.0,Ramdev Park
446,New Construction,12400000.0,1.24 Cr,8062.0,,,3,3,,777.0,Sq-ft,1538.0,12800.0,18,20.0,18 of 20 Floor,Semi-Furnished,East,Garden/Park,Apartment,New Property,Ready to Move,20260822,20260822.0,,,4320,Mumbai,109778.0,,,Y,JK IRIS,Y,this project is close to highway and metro station,"[""19210|Mirabhayander Road Bus Stop||167825|19250"", ""19210|Mira Road Railway Station||139198|19248"", ""19201|Market Point||167839|19239"", ""19201|Infinity It Park||89622|19221"", ""19202|U S Ostwal English Academy||157109|"", ""19202|RBK School||156993|"", ""19203|Deepak Hospital||154207|"", ""19203|Karuna||154117|"", ""19206|Sahakari Bhandar||84896|19239"", ""19206|D Mart, Hatkesh Udhog Nagar||140992|19239""]",19.28413,72.87193,"19.282975,72.873618",b,12201 12202 12203 12204 12205 12206 12207 12208 12209 12211 12213 12214 12215 12216 12217 12218 12219 12221 12222 12223 12224 12225 12226 12227 12228 12229 12527 12538 12556,12527 12556 12225 12538 12215 12224 12229 12221 12223 12214 12216 12217 12227,"Sea facing,Fireplace,Bar/Lounge,Fingerprint Access,Air Conditioned,Banquet Hall,Jogging and Strolling Track,Internet/Wi-Fi Connectivity,RO Water System,Service/Goods Lift,Visitor Parking,Intercom Facility,Conference Room",F,False,"1 Covered, 1 Open",Water Availability 24 Hours Available,No/Rare Powercut,5.0,Per sq. Unit Monthly,Ceramic Tiles,"NA|null,P51700021045|12/2021",Freehold,2026-08-21T23:45:16.000Z,Yesterday,2026-08-21T18:30:00.000+00:00,2026-10-20T23:45:16.000Z,"Oct 21, '26",0,,Y,Bachelors/Family,3BHK Multistorey Apartment for New Property in JK IRIS at Mira Road East,Puja Room,1538.0,Mira Road East
447,,17760000.0,1.77 Cr,15000.0,,,3,2,,740.0,Sq-ft,1184.0,12800.0,9,18.0,9 of 18 Floor,Unfurnished,East,Main Road,Apartment,New Property,Under Construction,20260823,20260823.0,,,4320,Mumbai,94108.0,Magathane,,Y,DTG Ashford,Y,near rajendra nagar police chowki,"[""19201|Infinity It Park||87282|19221"", ""19202|Thakur Educational Campus||87296|19227"", ""19202|Orchids The International School||157049|"", ""19203|Apex Mutispeciality Hospital||154181|""]",19.2287579,72.856558,"19.2202171337817,72.8666836709212",b,12201 12202 12203 12206 12207 12208 12211 12213 12217 12218 12219 12220 12221 12222 12228,12220 12221 12217,"Laundry Service,Internet/Wi-Fi Connectivity,Intercom Facility",F,False,1 Open,Water Availability 24 Hours Available,No/Rare Powercut,5500.0,Monthly,Vitrified,"NA|null,PM1180002600466|-1",Freehold,2026-08-22T23:45:21.000Z,Today,2026-08-20T18:30:00.000+00:00,2026-10-21T23:45:21.000Z,"Oct 22, '26",0,,,Bachelors/Family,3BHK Multistorey Apartment for New Property in DTG Ashford at Magathane,None of these,1184.0,Magathane
448,10 to 15 years,18000000.0,1.80 Cr,13433.0,,,3,3,3.0,850.0,Sq-ft,1340.0,12800.0,14,14.0,14 of 14 Floor,Unfurnished,North,Garden/Park,Apartment,Resale,Ready to Move,20260823,20260823.0,,,4320,Mumbai,78885.0,Mira Road,,Y,Leena Bhairav Residency ,Y,Close to School Club,"[""19210|Mira Road Railway Station||139198|19248"", ""19210|Mira Road Railway Station||140596|19248"", ""19202|Shree L R Tiwari College of Engineering||161789|19225"", ""19202|Royal College||157187|"", ""19203|Dr Pravin Singh||154315|"", ""19203|Bhakti Vedant Hospital||154429|"", ""19206|Sahakari Bhandar||84896|19239"", ""19206|PVR Cinemas||139420|19239""]",19.235302,72.86639,"19.2829267647424,72.8627883689306",b,12201 12202 12203 12204 12206 12208 12209 12213 12217 12219 12228,12217,Intercom Facility,F,False,1 Open,Water Availability 1 Hour Available,No/Rare Powercut,3500.0,Monthly,"Vitrified,Marble",,Co-operative Society,2026-08-22T23:45:21.000Z,Today,2026-08-21T18:30:00.000+00:00,2026-10-21T23:45:21.000Z,"Oct 22, '26",0,,,Bachelors/Family,3BHK Multistorey Apartment for Resale in Leena Bhairav Residency  at Mira Road Area,None of these,1340.0,Mira Road Area
449,Less than 5 years,22000000.0,2.20 Cr,23913.0,22000000.0,23800000.0,3,2,,662.0,Sq-ft,920.0,12800.0,4,11.0,4 of 11 Floor,Unfurnished,,,Apartment,Resale,Ready to Move,20260822,20260822.0,,,4320,Mumbai,78886.0,Mulund East,,Y,Danvijay Co Operative Housing Society ,N,,"[""19210|Mulund (E) Bus Stop||167693|19250"", ""19202|V.p.ms B.r.tol English High School||161793|19227"", ""19202|Nalanda Public School||161791|19227"", ""19203|Ashirvad Criticare Multispeciality Hospital||154439|"", ""19206|A - Mart Super Market||84776|19239""]",19.2236468,72.8595589,"19.1531029501285,72.9678051455382",b,,,,F,False,,,,,,,,,2026-08-21T20:14:46.000Z,Yesterday,2024-10-26T18:30:00.000+00:00,2026-10-21T20:14:47.000Z,"Oct 22, '26",0,,,Bachelors/Family,3BHK Multistorey Apartment for Resale in Danvijay Co Operative Housing Society  at Mulund East,,920.0,Mulund East
450,Less than 5 years,23000000.0,2.30 Cr,22158.0,23000000.0,24800000.0,3,3,,747.0,Sq-ft,1038.0,12800.0,13,18.0,13 of 18 Floor,Unfurnished,,,Apartment,Resale,Ready to Move,20260822,20260821.0,,,4320,Mumbai,60017.0,Andheri East,,Y,Atul Hillcrest,N,,"[""19210|Andheri metro station, Mumbai|5 minutes|8694|19249"", ""19210|Jb Nagar Metro Station, Cityflo Stop Bus Stop||167623|19250"", ""19201|Technopolis Knowledge Park||81450|19221"", ""19201|Elegant Business Park||74864|19221"", ""19202|Narayana E Techno School||167627|19227"", ""19202|Bombay Cambridge International School||156749|"", ""19203|Holy Spirit Hospital||165263|19230"", ""19203|Ve Care Hospital||153609|"", ""19206|Akruti One World Mall||10670|19239"", ""19206|Star Market||84718|19239""]",19.1316136,72.8759915999999,"19.1154908,72.8726952",b,12201 12202 12203 12204 12206 12208 12209 12212 12213 12216 12217 12219 12225 12229 12537 12539 12543 12547 12581 1404117 1404125 1404131 1404143 1404146 1404151 1404152,1404152 12225 12539 12581 1404131 12229 12537 1404125 12216 12217 1404143,"Bar/Lounge,Grand Entrance lobby,Kids play area,,Jogging and Strolling Track,Large Open space,,Visitor Parking,Intercom Facility,",F,False,,,,,,,"NA|null,P51800000493|-1,P51800000508|-1,P51800002556|-1",,2026-08-21T17:27:07.000Z,"Aug 21, '26",2024-10-25T18:30:00.000+00:00,2026-10-21T17:27:11.000Z,"Oct 21, '26",0,,,Bachelors/Family,3BHK Multistorey Apartment for Resale in Atul Hillcrest at Andheri East,,1038.0,Andheri East
451,New Construction,25000000.0,2.50 Cr,24752.0,25000000.0,27300000.0,3,3,,727.0,Sq-ft,1010.0,12800.0,10,17.0,10 of 17 Floor,Unfurnished,,,Apartment,Resale,Ready to Move,20260822,20260821.0,,,4320,Mumbai,93893.0,Gundavali Gaothan,,Y,A and O Bianca,N,,"[""19202|The Little Flower Education Group||157091|""]",19.1909565,72.860502,"19.12123,72.85483",b,,,,F,False,,,,,,,,,2026-08-21T17:50:21.000Z,"Aug 21, '26",2024-10-25T18:30:00.000+00:00,2026-10-21T17:50:24.000Z,"Oct 21, '26",0,,,Bachelors/Family,3BHK Multistorey Apartment for Resale in A and O Bianca at Gundavali Gaothan,,1010.0,Gundavali Gaothan
452,15 to 20 years,24000000.0,2.40 Cr,17778.0,24000000.0,26200000.0,3,3,,972.0,Sq-ft,1350.0,12800.0,Ground,7.0,Ground of 7 Floor,Semi-Furnished,,,Apartment,Resale,Ready to Move,20260822,20260821.0,,,4320,Mumbai,78887.0,Mulund West,,Y,Redwood Apartments,N,,"[""19210|Mulund Railway Station (W) Bus Stop||161803|19250"", ""19210|Mulund Depot Bus Stop||161801|19250"", ""19201|360 Degree Business Park||72098|19221"", ""19201|Marathon Maxima||151431|"", ""19202|St Marys Convent High School Mulund West||80988|19227"", ""19202|Sheth Karamshi Kanji English School||161815|19227"", ""19203|Padmashree Endoscopic Centre||153577|"", ""19203|Padmashree Endoscopy Center||154139|"", ""19206|Nirmal Lifestyle II Mall||10712|19239"", ""19206|Sant Shree Mastaram Cycle||139926|19239""]",18.9582347,72.8319514,"19.1749536837097,72.943103519999",b,,,,F,False,,,,,,,,,2026-08-21T10:41:37.000Z,"Aug 21, '26",2024-10-25T18:30:00.000+00:00,2027-01-03T10:41:37.000Z,"Jan 03, '27",0,,,Bachelors/Family,3BHK Multistorey Apartment for Resale in Redwood Apartments at Mulund West,,1350.0,Mulund West
453,New Construction,24000000.0,2.40 Cr,24390.0,24000000.0,26200000.0,3,3,,708.0,Sq-ft,984.0,12800.0,2,12.0,2 of 12 Floor,Semi-Furnished,,,Apartment,Resale,Ready to Move,20260822,20260821.0,,,4320,Mumbai,94228.0,Yashwant Nagar Santacruz East,,Y,Megaj Shivom Enclave,N,,,19.0780193,72.8527307,"19.07635,72.85719",b,12202 12203 12206 12209 12213 12217 12219 12223 12530 12533 1404121,12533 12223 12530 12217,"Health club with Steam / Jaccuzi,RO Water System,Earth quake resistant,Intercom Facility",F,False,,,,,,,"NA|null,P51800002943|12/2022",,2026-08-21T14:08:10.000Z,"Aug 21, '26",2024-10-25T18:30:00.000+00:00,2027-01-03T14:08:10.000Z,"Jan 03, '27",0,,,Bachelors/Family,3BHK Multistorey Apartment for Resale in Megaj Shivom Enclave at Yashwant Nagar Santacruz East,,984.0,Yashwant Nagar Santacruz East
454,Less than 5 years,24000000.0,2.40 Cr,14371.0,24000000.0,25900000.0,3,2,,1202.0,Sq-ft,1670.0,12800.0,5,15.0,5 of 15 Floor,Unfurnished,,,Apartment,Resale,Ready to Move,20260822,20260821.0,,,4320,Mumbai,60018.0,Andheri West,,Y,Rajveer Apartment,N,,"[""19210|Azad Nagar metro station, Mumbai|5 minutes|8688|19249"", ""19210|J.V.P.D.Bus Station Bus Stop||160505|19250"", ""19201|millat super market||167665|19239"", ""19201|Laxmi Super Market||167663|19239"", ""19202|Rajhans Vidyalaya||167637|19227"", ""19202|Bhaktivedanta Swami Mission School||156997|"", ""19203|Kokilaben Dhirubhai Ambani Hospital||154985|"", ""19203|Bluebell||153813|"", ""19206|Crystal Point Mall||10768|19239"", ""19206|Citi Mall||88568|19239""]",19.1212274,72.8388315999999,"19.1373697481266,72.8257229439874",b,12202 12208 12209 12213 12214 12217 12218 12221 12226 12228,12221 12214 12217,"Internet/Wi-Fi Connectivity,Service/Goods Lift,Intercom Facility",F,False,,,,,,,,,2026-08-21T13:34:18.000Z,"Aug 21, '26",2024-10-25T18:30:00.000+00:00,2027-01-03T13:34:18.000Z,"Jan 03, '27",0,,,Bachelors/Family,3BHK Multistorey Apartment for Resale in Rajveer Apartment at Andheri West,,1670.0,Andheri West
455,New Construction,24000000.0,2.40 Cr,18045.0,24000000.0,25900000.0,3,3,,958.0,Sq-ft,1330.0,12800.0,14,14.0,14 of 14 Floor,Unfurnished,,,Apartment,Resale,Ready to Move,20260822,20260821.0,,,4320,Mumbai,60207.0,Malad East,,Y,Maitri Gaurav,N,,"[""19210|Malad Railway Station (E) Bus Stop||160533|19250"", ""19201|Seven days super market||167713|19239"", ""19201|Raheja Federation Garden||79180|19221"", ""19202|Mumbai Public School||156847|"", ""19202|Rejoice International School||88454|19227"", ""19203|Suvidha||153263|"", ""19203|Millat Hospital||154157|"", ""19206|Oberoi Mall||148240|19239"", ""19206|Eastern Mall||74786|19239""]",19.1095717,72.830203,"19.1848724519187,72.8629697025013",b,,,,F,False,,,,,,,"NA|null,P51800013434|-1",,2026-08-21T15:56:17.000Z,"Aug 21, '26",2024-10-25T18:30:00.000+00:00,2027-01-03T15:56:17.000Z,"Jan 03, '27",0,,,Bachelors/Family,3BHK Multistorey Apartment for Resale in Maitri Gaurav at Malad East,,1330.0,Malad East
456,10 to 15 years,19500000.0,1.95 Cr,18056.0,19500000.0,21300000.0,3,3,,778.0,Sq-ft,1080.0,12800.0,4,8.0,4 of 8 Floor,Semi-Furnished,,,Apartment,Resale,Ready to Move,20260822,20260821.0,,,4320,Mumbai,78867.0,Kandivali West,,Y,N G Garden,N,,"[""19210|Mahavir Nagar Metro Station|5 minutes|88030|19249"", ""19210|Kandivali (West) Metro Station|5 minutes|167755|19249"", ""19201|Sunrays Shopping Center Premises||151573|"", ""19202|Akshara Vidyalaya||146686|19227"", ""19202|Shri Dayanand Vidyalaya||87800|19227"", ""19203|Aastha Hospital||161731|19230"", ""19203|Chavan Hospital||139948|19230"", ""19206|La Care Mall||76978|19239"", ""19206|Raghuleela Mall||10630|19239""]",19.2142,72.83222,"19.2101312179652,72.8305011930765",b,,,,F,False,,,,,,,,,2026-08-21T09:05:01.000Z,"Aug 21, '26",2024-10-25T18:30:00.000+00:00,2027-01-03T09:05:01.000Z,"Jan 03, '27",0,,,Bachelors/Family,3BHK Multistorey Apartment for Resale in N G Garden at Kandivali West,,1080.0,Kandivali West
457,Less than 5 years,21000000.0,2.10 Cr,16154.0,21000000.0,22900000.0,3,2,,936.0,Sq-ft,1300.0,12800.0,4,9.0,4 of 9 Floor,Semi-Furnished,,,Apartment,Resale,Ready to Move,20260822,20260821.0,,,4320,Mumbai,78886.0,Mulund East,,Y,Takshashila Apartment,N,,"[""19210|Mulund (E) Bus Stop||167693|19250"", ""19202|Nalanda Public School||161791|19227"", ""19202|VGV College Mulund East||82070|19225"", ""19203|Ashirvad Criticare Multispeciality Hospital||154439|"", ""19206|A - Mart Super Market||84776|19239""]",19.07944,72.83577,"19.1531029501285,72.9678051455382",b,12201 12202 12204 12205 12206 12207 12208 12209 12213 12215 12216 12217 12222 12224 12226 12227 1404113 1404120 1404121 1404125 1404127 1404128 1404129 1404130 1404131 1404143,1404129 1404127 1404128 1404131 12215 12224 1404125 12216 12217 12227 1404113 1404143,"Air Conditioned,Banquet Hall,,Visitor Parking,Intercom Facility,Conference Room,,",F,False,,,,,,,"NA|null,P52900014542|-1",,2026-08-21T06:50:21.000Z,"Aug 21, '26",2024-10-25T18:30:00.000+00:00,2027-01-03T06:50:21.000Z,"Jan 03, '27",0,,,Bachelors/Family,3BHK Multistorey Apartment for Resale in Takshashila Apartment at Mulund East,,1300.0,Mulund East
458,Less than 5 years,20000000.0,2 Cr,13333.0,20000000.0,21600000.0,3,2,,1080.0,Sq-ft,1500.0,12800.0,10,12.0,10 of 12 Floor,Unfurnished,,,Apartment,Resale,Ready to Move,20260821,20260821.0,,,4320,Mumbai,95883.0,Marol Maroshi Road,,Y,,N,,,0.0,0.0,"19.1169232198219,72.880025218135",b,,,,F,False,,,,,,,,,2026-08-21T04:09:23.000Z,"Aug 21, '26",2024-10-25T18:30:00.000+00:00,2026-10-21T04:09:24.000Z,"Oct 21, '26",0,,,Bachelors/Family,3BHK Multistorey Apartment for Resale in Marol Maroshi Road,,1500.0,Marol Maroshi Road
459,New Construction,23500000.0,2.35 Cr,19013.0,23500000.0,25400000.0,3,2,,890.0,Sq-ft,1236.0,12800.0,9,43.0,9 of 43 Floor,Semi-Furnished,,,Apartment,Resale,Ready to Move,20260822,20260821.0,,,4320,Mumbai,78887.0,Mulund West,,N,Wadhwa Atmoshphere,N,,"[""19210|Santoshi Mata Mandir Bus Stop||161809|19250"", ""19210|Mulund Depot Bus Stop||161801|19250"", ""19201|Ecstasy Business Park||74812|19221"", ""19201|Marathon Maxima||151431|"", ""19202|Nes International School||156731|"", ""19202|St Marys Convent High School Mulund West||80988|19227"", ""19203|Padmashree Endoscopic Centre||153577|"", ""19203|Manisha Universal Multispeciality Hospital, Mulund||161797|19230"", ""19206|Dream Mall||88348|19239"", ""19206|Nirmal Lifestyle II Mall||10712|19239""]",19.159214,72.9470947,"19.1749536837097,72.943103519999",b,12201 12202 12203 12204 12205 12206 12207 12208 12209 12211 12213 12215 12216 12217 12219 12221 12223 12227 12228 12229 1404105 1404110 1404111 1404114 1404115 1404120 1404121 1404127 1404129 1404143,1404129 1404127 1404114 1404115 12215 12229 1404105 12221 12223 12216 12217 12227 1404143,"Air Conditioned,Jogging and Strolling Track,,Internet/Wi-Fi Connectivity,RO Water System,Visitor Parking,Intercom Facility,Conference Room,",F,False,,,,,,,"NA|null,P51800001243|-1",,2026-08-21T07:20:19.000Z,"Aug 21, '26",2024-10-25T18:30:00.000+00:00,2027-01-03T07:20:19.000Z,"Jan 03, '27",0,,,Bachelors/Family,3BHK Multistorey Apartment for Resale in Wadhwa Atmoshphere at Mulund West,,1236.0,Mulund West
460,10 to 15 years,22000000.0,2.20 Cr,17671.0,22000000.0,24000000.0,3,3,,896.0,Sq-ft,1245.0,12800.0,4,11.0,4 of 11 Floor,Unfurnished,,,Apartment,Resale,Ready to Move,20260822,20260821.0,,,4320,Mumbai,60017.0,Andheri East,,N,Vastu Labh,N,,"[""19210|Andheri metro station, Mumbai|5 minutes|8694|19249"", ""19210|Juna Nagardas Road||138808|19250"", ""19201|Westside||151259|"", ""19201|Wellington Business Park 1||82346|19221"", ""19202|Holy Family High School||156751|"", ""19202|Narayana E Techno School||167627|19227"", ""19203|Esic Hospital||153615|"", ""19203|Holy Spirit Hospital||165263|19230"", ""19206|Phoenix Marketcity Mall||88136|19239"", ""19206|Metro Mart NX||84754|19239""]",19.1299381,72.8603081999999,"19.1154908,72.8726952",b,12201 12202 12203 12209 12211 12219 12222 1404143,1404143,,F,False,,,,,,,,,2026-08-21T08:31:41.000Z,"Aug 21, '26",2024-10-25T18:30:00.000+00:00,2027-01-03T08:31:41.000Z,"Jan 03, '27",0,,,Bachelors/Family,3BHK Multistorey Apartment for Resale in Vastu Labh at Andheri East,,1245.0,Andheri East
461,New Construction,25000000.0,2.50 Cr,20542.0,25000000.0,27000000.0,3,3,,876.0,Sq-ft,1217.0,12800.0,2,42.0,2 of 42 Floor,Unfurnished,,,Apartment,Resale,Ready to Move,20260821,20260821.0,,,4320,Mumbai,78853.0,Dahisar East,,N,N Rose Northern Heights,N,,"[""19210|Dahisar Metro Station|5 minutes|87440|19249"", ""19210|Dahisar Check Naka||139168|19250"", ""19201|Sunlight Shopping Centre||161681|19239"", ""19202|Sanjeevani World School||88484|19227"", ""19202|Mumbai Public School||157505|"", ""19203|Vijay Nursing Home||153583|"", ""19203|Sukhda Heart and Women Care||153613|"", ""19206|Star Bazaar||148288|19239"", ""19206|BB-THAKUR MALL||84790|19239""]",19.25429,72.87285,"19.2530390003417,72.8684258373265",b,12201 12204 12206 12209 12229 1404117 1404121 1404123 1404125,1404123 12229 1404125,"Jogging and Strolling Track,",F,False,,,,,,,"NA|null,P51700007900|12/2020",,2026-08-21T05:55:13.000Z,"Aug 21, '26",2024-10-25T18:30:00.000+00:00,2026-10-21T05:55:14.000Z,"Oct 21, '26",0,,,Bachelors/Family,3BHK Multistorey Apartment for Resale in N Rose Northern Heights at Dahisar East,,1217.0,Dahisar East
462,15 to 20 years,23500000.0,2.35 Cr,24582.0,23500000.0,25600000.0,3,2,,688.0,Sq-ft,956.0,12800.0,7,8.0,7 of 8 Floor,Unfurnished,,,Apartment,Resale,Ready to Move,20260822,20260821.0,,,4320,Mumbai,78847.0,Chembur,,N,Kohinoor Apartment,N,,"[""19210|Dr. Ambedkar Udyaan / Chembur Railway Station Bus Stop||167577|19250"", ""19210|Vashi Naka||139526|19250"", ""19201|India Bulls Finance Centre||88688|19221"", ""19201| Peninsula Corporate Park||88684|19221"", ""19202|St. Sebastian High School||88070|19227"", ""19202|General Education Academy||146838|19227"", ""19203|Kolekar Hospital||153205|"", ""19203|Chembur Hospital and ICCU||161641|19230"", ""19206|R City Mallphoenix Marketcity||88062|19239"", ""19206|Phoenix Marketcity Mall||87908|19239""]",19.11834,73.00415,"19.0459181155422,72.8975231581492",b,12202 12203 12208 12209 12211 12216 12219 1404121,12216,Visitor Parking,F,False,,,,,,,,,2026-08-21T06:36:38.000Z,"Aug 21, '26",2024-10-25T18:30:00.000+00:00,2027-01-03T06:36:38.000Z,"Jan 03, '27",0,,,Bachelors/Family,3BHK Multistorey Apartment for Resale in Kohinoor Apartment at Chembur,,956.0,Chembur
463,New Construction,22500000.0,2.25 Cr,15517.0,22500000.0,24300000.0,3,3,,1044.0,Sq-ft,1450.0,12800.0,7,23.0,7 of 23 Floor,Furnished,,,Apartment,Resale,Ready to Move,20260821,20260821.0,,,4320,Mumbai,78887.0,Mulund West,,N,Ashwa Platinum,N,,"[""19210|Mulund Railway Station (W) Bus Stop||161803|19250"", ""19210|Mulund Depot Bus Stop||161801|19250"", ""19201|Marathon Maxima||151431|"", ""19201|R Mall, Mulund||161807|19239"", ""19202|St Mary Convent High School||88354|19227"", ""19202|Nes International School||156731|"", ""19203|Padmashree Endoscopic Centre||153577|"", ""19203|Padmashree Nursing Home||154137|"", ""19206|R-Mall||10656|19239"", ""19206|Jawahar Talkies||139808|19239""]",19.17707,72.95348,"19.1749536837097,72.943103519999",b,12201 12205 12206 12207 12208 12209 12211 12212 12213 12214 12216 12217 12218 12223 1404115 1404117 1404118 1404121 1404126 1404127 1404128,1404127 1404118 1404115 1404128 12223 12214 12216 12217,"RO Water System,Service/Goods Lift,Visitor Parking,Intercom Facility",F,False,,,,,,,"NA|null,P51700001143|-1,P51800005636|-1",,2026-08-20T18:30:53.000Z,"Aug 21, '26",2024-10-25T18:30:00.000+00:00,2026-10-20T18:30:56.000Z,"Oct 21, '26",0,,,Bachelors/Family,3BHK Multistorey Apartment for Resale in Ashwa Platinum at Mulund West,,1450.0,Mulund West
464,10 to 15 years,22000000.0,2.20 Cr,16296.0,22000000.0,23800000.0,3,3,,972.0,Sq-ft,1350.0,12800.0,1,25.0,1 of 25 Floor,Unfurnished,,,Apartment,Resale,Ready to Move,20260821,20260821.0,,,4320,Mumbai,78887.0,Mulund West,,N,KJ Takshashila,N,,"[""19210|Panch Rasta||139362|19250"", ""19210|Mulund Depot Bus Stop||161801|19250"", ""19201|Marathon Maxima||151431|"", ""19201|R Mall, Mulund||161807|19239"", ""19202|Nes International School||157189|"", ""19202|NES International School Mumbai||84398|19227"", ""19203|Apex Hospitals Mulund||161795|19230"", ""19203|ESIC Hospital||154431|"", ""19206|R Galleria||88346|19239"", ""19206|Food Bazaar||84806|19239""]",19.16424,72.93966,"19.1749536837097,72.943103519999",b,12202 12203 12208 12209 12214 12216 12224 1404115 1404116 1404121 1404130 1404143,1404115 12224 1404116 12214 12216 1404143,"Banquet Hall,,Service/Goods Lift,Visitor Parking,",F,False,,,,,,,,,2026-08-21T04:57:43.000Z,"Aug 21, '26",2024-10-25T18:30:00.000+00:00,2026-10-21T04:57:44.000Z,"Oct 21, '26",0,,,Bachelors/Family,3BHK Multistorey Apartment for Resale in KJ Takshashila at Mulund West,,1350.0,Mulund West
465,Less than 5 years,22000000.0,2.20 Cr,22000.0,22000000.0,23800000.0,3,3,,720.0,Sq-ft,1000.0,12800.0,5,8.0,5 of 8 Floor,Semi-Furnished,,,Apartment,Resale,Ready to Move,20260821,20260821.0,,,4320,Mumbai,78887.0,Mulund West,,N,Silver Oaks Apartment,N,,"[""19210|Mulund Railway Station (W) Bus Stop||161803|19250"", ""19210|Santoshi Mata Mandir Bus Stop||161809|19250"", ""19201|R Mall, Mulund||161807|19239"", ""19201|Marathon Maxima||151431|"", ""19202|S.T PIUS International School||156995|"", ""19202|Nes International School||157189|"", ""19203|Padmashree Endoscopy Center||154139|"", ""19203|Siddharth Hospital||161811|19230"", ""19206|Jawahar Talkies||139808|19239"", ""19206|Star Bazaar||84708|19239""]",19.17816,72.93933,"19.1749536837097,72.943103519999",b,,,,F,False,,,,,,,,,2026-08-21T04:58:38.000Z,"Aug 21, '26",2024-10-25T18:30:00.000+00:00,2026-10-21T04:58:39.000Z,"Oct 21, '26",0,,,Bachelors/Family,3BHK Multistorey Apartment for Resale in Silver Oaks Apartment at Mulund West,,1000.0,Mulund West
466,15 to 20 years,23500000.0,2.35 Cr,18217.0,23500000.0,25600000.0,3,3,,929.0,Sq-ft,1290.0,12800.0,3,7.0,3 of 7 Floor,Semi-Furnished,,,Apartment,Resale,Ready to Move,20260821,20260821.0,,,4320,Mumbai,78887.0,Mulund West,,N,Silver Oaks Apartment,N,,"[""19210|Santoshi Mata Mandir Bus Stop||161809|19250"", ""19210|Mulund Depot Bus Stop||161801|19250"", ""19201|Marathon Maxima||151431|"", ""19201|360 Degree Business Park||72098|19221"", ""19202|Sandip University||167691|19227"", ""19202|Jai Bharat College Of Commerce||157009|"", ""19203|Manisha Universal Multispeciality Hospital, Mulund||161797|19230"", ""19203|Upasani Super Speciality Hospital||161813|19230"", ""19206|Dream Mall||88348|19239"", ""19206|Jawahar Talkies||139808|19239""]",19.17816,72.93933,"19.1749536837097,72.943103519999",b,,,,F,False,,,,,,,,,2026-08-21T04:58:33.000Z,"Aug 21, '26",2024-10-25T18:30:00.000+00:00,2026-10-21T04:58:34.000Z,"Oct 21, '26",0,,,Bachelors/Family,3BHK Multistorey Apartment for Resale in Silver Oaks Apartment at Mulund West,,1290.0,Mulund West
467,10 to 15 years,23500000.0,2.35 Cr,19106.0,23500000.0,25400000.0,3,3,,886.0,Sq-ft,1230.0,12800.0,7,7.0,7 of 7 Floor,Furnished,,,Apartment,Resale,Ready to Move,20260821,20260821.0,,,4320,Mumbai,78887.0,Mulund West,,N,Aakruti Abich Apartment,N,,"[""19210|Panch Rasta||139362|19250"", ""19210|Mulund Railway Station (W) Bus Stop||161803|19250"", ""19201|R Mall, Mulund||161807|19239"", ""19201|360 Degree Business Park||72098|19221"", ""19202|St Mary Convent High School||88354|19227"", ""19202|Sheth Karamshi Kanji English School||161815|19227"", ""19203|Siddharth Hospital||161811|19230"", ""19203|ESIC Hospital||154431|"", ""19206|Dream Mall||88348|19239"", ""19206|R Galleria||88346|19239""]",19.17794,72.95673,"19.1749536837097,72.943103519999",b,,,,F,False,,,,,,,,,2026-08-21T04:56:19.000Z,"Aug 21, '26",2024-10-25T18:30:00.000+00:00,2026-10-21T04:56:20.000Z,"Oct 21, '26",0,,,Bachelors/Family,3BHK Multistorey Apartment for Resale in Aakruti Abich Apartment at Mulund West,,1230.0,Mulund West
468,15 to 20 years,23500000.0,2.35 Cr,19106.0,23500000.0,25400000.0,3,3,,886.0,Sq-ft,1230.0,12800.0,7,7.0,7 of 7 Floor,Furnished,,,Apartment,Resale,Ready to Move,20260821,20260821.0,,,4320,Mumbai,94846.0,Tambe Nagar,,N,Aakruti Abich Apartment,N,,,19.17794,72.95673,"19.1805503799405,72.9562796743222",b,,,,F,False,,,,,,,,,2026-08-21T04:56:12.000Z,"Aug 21, '26",2024-10-25T18:30:00.000+00:00,2026-10-21T04:56:13.000Z,"Oct 21, '26",0,,,Bachelors/Family,3BHK Multistorey Apartment for Resale in Aakruti Abich Apartment at Tambe Nagar,,1230.0,Tambe Nagar
469,Less than 5 years,22500000.0,2.25 Cr,14331.0,22500000.0,24300000.0,3,3,,1130.0,Sq-ft,1570.0,12800.0,16,33.0,16 of 33 Floor,Furnished,,,Apartment,Resale,Ready to Move,20260822,20260821.0,,,4320,Mumbai,78853.0,Dahisar East,,N,Heaven plaza,N,,"[""19210|Dahisar Metro Station|5 minutes|87440|19249"", ""19210|Dahisar Bus Stop||161679|19250"", ""19201|Sunlight Shopping Centre||161681|19239"", ""19202|Anand Nagar English Mumbai High School||156747|"", ""19202|Lexicon Global School Dahisar East||77088|19227"", ""19203|Nihs Aroha Hospital||154973|"", ""19203|Pragati Multispeciality Hospital||168513|19230"", ""19206|Orchid Ozone Mall||10704|19239"", ""19206|Thakur Mall||10696|19239""]",19.2497368,72.8640558,"19.2530390003417,72.8684258373265",b,12201 12202 12203 12204 12205 12206 12207 12208 12209 12211 12216 12218 12220 12222 1404121 1404143,12220 12216 1404143,"Laundry Service,Visitor Parking,",F,False,,,,,,,"NA|null,P51700007936|06/2000",,2026-08-21T06:41:57.000Z,"Aug 21, '26",2024-10-25T18:30:00.000+00:00,2027-01-03T06:41:57.000Z,"Jan 03, '27",0,,,Bachelors/Family,3BHK Multistorey Apartment for Resale in Heaven plaza at Dahisar East,,1570.0,Dahisar East
470,15 to 20 years,18500000.0,1.85 Cr,17619.0,18500000.0,20000000.0,3,3,,756.0,Sq-ft,1050.0,12800.0,7,7.0,7 of 7 Floor,Unfurnished,,,Apartment,Resale,Ready to Move,20260821,20260821.0,,,4320,Mumbai,78859.0,Ghatkopar East,,N,Gemini Apartment,N,,"[""19210|Ghatkopar Railway Station||10846|19248"", ""19201|Der Deutsche Parkz||88858|19221"", ""19201|S K Super Market||161695|19239"", ""19202|Dominic Savio Vidyalaya||87692|19227"", ""19202|National Education Society (Nes) Campus||88870|19227"", ""19203|Parakh Hospital||10582|19230"", ""19203|Head & Neck Cancer Hospital||154177|"", ""19206|R Odeon Mall||10640|19239"", ""19206|Platinum Mall||10788|19239""]",19.09805,72.84759,"19.07907,72.907976",b,,,,F,False,,,,,,,,,2026-08-21T04:26:58.000Z,"Aug 21, '26",2024-10-25T18:30:00.000+00:00,2026-10-21T04:26:58.000Z,"Oct 21, '26",0,,,Bachelors/Family,3BHK Multistorey Apartment for Resale in Gemini Apartment at Ghatkopar East,,1050.0,Ghatkopar East
471,5 to 10 years,19400000.0,1.94 Cr,15144.0,19400000.0,21000000.0,3,3,,922.0,Sq-ft,1281.0,12800.0,10,17.0,10 of 17 Floor,Semi-Furnished,,,Apartment,Resale,Ready to Move,20260821,20260821.0,,,4320,Mumbai,78840.0,Bhandup West,,N,Chheda Heights,N,,"[""19210|Nahur Railway Station||139792|19248"", ""19210|Tank Road Bus Stop||139418|19250"", ""19201|Dream Mall Grand Marshal Company||161609|19239"", ""19201|Hallmark Commercial Project||151389|"", ""19202|Shri Ram college of commerce and science||167667|19225"", ""19202|Dg Khetan International School||88778|19227"", ""19203|A.P.S. Multi-speciality Hospital and ICCU (Central)||161601|19230"", ""19203|SAS Hospital||154981|""]",19.15728,72.93658,"19.149901,72.931134",b,,,,F,False,,,,,,,,,2026-08-21T04:15:37.000Z,"Aug 21, '26",2024-10-25T18:30:00.000+00:00,2026-10-21T04:15:37.000Z,"Oct 21, '26",0,,,Bachelors/Family,3BHK Multistorey Apartment for Resale in Chheda Heights at Bhandup West,,1281.0,Bhandup West
472,Less than 5 years,18500000.0,1.85 Cr,15417.0,18500000.0,20200000.0,3,3,,864.0,Sq-ft,1200.0,12800.0,9,20.0,9 of 20 Floor,Semi-Furnished,,,Apartment,Resale,Ready to Move,20260821,20260821.0,,,4320,Mumbai,95941.0,Motilal Nagar 2,,N,Sethia Seaview,N,,,19.1658724,72.8363614,"19.165226,72.83551",b,12201 12204 12205 12206 12209 12213 1404117 1404121,,,F,False,,,,,,,,,2026-08-20T18:43:28.000Z,"Aug 21, '26",2024-10-25T18:30:00.000+00:00,2026-10-20T18:43:32.000Z,"Oct 21, '26",0,,,Bachelors/Family,3BHK Multistorey Apartment for Resale in Sethia Seaview at Motilal Nagar 2,,1200.0,Motilal Nagar 2
473,New Construction,25000000.0,2.50 Cr,15823.0,25000000.0,27300000.0,3,3,,1138.0,Sq-ft,1580.0,12800.0,11,11.0,11 of 11 Floor,Unfurnished,,,Apartment,Resale,Ready to Move,20260821,20260820.0,,,4320,Mumbai,60017.0,Andheri East,,N,Dreamax Vega,N,,"[""19210|Andheri metro station, Mumbai|5 minutes|8694|19249"", ""19210|Airport Road metro station, Mumbai|5 minutes|8698|19249"", ""19201|Elegant Business Park||74864|19221"", ""19201|Technopolis Knowledge Park||81450|19221"", ""19202|Holy Family High School||156751|"", ""19202|The Little Flower Education Group||157091|"", ""19203|SevenHills Hospital||10574|19230"", ""19203|DR. F. F. Pardiwala||139314|19232"", ""19206|Phoenix Marketcity Mall||88136|19239"", ""19206|Akruti One World Mall||10670|19239""]",19.12635,72.86073,"19.1154908,72.8726952",b,12201 12202 12204 12205 12206 12207 12208 12209 12211 12212 12213 12214 12216 12217 12218 12219 12222 12229 1404114 1404115 1404117 1404118 1404121 1404123 1404124 1404125 1404126 1404128 1404129 1404131 1404143,1404129 1404114 1404118 1404115 1404128 1404131 1404123 12229 1404125 1404124 12214 12216 12217 1404143,"Jogging and Strolling Track,,,Service/Goods Lift,Visitor Parking,Intercom Facility,",F,False,,,,,,,"NA|null,P51800004649|-1",,2026-08-20T18:17:16.000Z,"Aug 20, '26",2024-10-24T18:30:00.000+00:00,2026-10-20T18:17:18.000Z,"Oct 20, '26",0,3.0,,Bachelors/Family,3BHK Multistorey Apartment for Resale in Dreamax Vega at Andheri East,,1580.0,Andheri East
474,15 to 20 years,24500000.0,2.45 Cr,18015.0,24500000.0,26700000.0,3,3,,979.0,Sq-ft,1360.0,12800.0,3,7.0,3 of 7 Floor,Furnished,,,Apartment,Resale,Ready to Move,20260821,20260820.0,,,4320,Mumbai,80084.0,Malad West,,N,Abrol house,N,,"[""19210|Malad West Metro Station|5 minutes|163061|19249"", ""19210|Malvani Block No.5 or Police Station Bus Stop||165271|19250"", ""19201|Infiniti Mall||167721|19239"", ""19201|Gem Star Commercial Complex||151437|"", ""19202|Vidgyor School||157099|"", ""19202|Billabong High International School||163067|"", ""19203|Shah Lifeline Hospital||163063|19230"", ""19203|Choksi Hospital||139810|19230"", ""19206|Fbb||84814|19239"", ""19206|Hypercity Retail India Limited Head Office||84622|19239""]",19.18955,72.83175,"19.1940346300819,72.8257561606587",b,12201 12202 12203 12204 12205 12206 12207 12208 12209 12211 12214 12216 12219 12222 12225 1404143,12225 12214 12216 1404143,"Bar/Lounge,Service/Goods Lift,Visitor Parking,",F,False,,,,,,,,,2026-08-20T15:34:04.000Z,"Aug 20, '26",2024-10-24T18:30:00.000+00:00,2027-01-02T15:34:04.000Z,"Jan 02, '27",0,3.0,,Bachelors/Family,3BHK Multistorey Apartment for Resale in Abrol house at Malad West,,1360.0,Malad West
475,15 to 20 years,22500000.0,2.25 Cr,18750.0,22500000.0,23900000.0,3,3,,850.0,Sq-ft,1200.0,12800.0,6,7.0,6 of 7 Floor,Furnished,South -West,Main Road,Apartment,Resale,Ready to Move,20260819,20260819.0,,,4320,Mumbai,60017.0,Andheri East,,N,Sanghvi Suri Rajendra Tower,N,Sona Udyog Jain Temple,"[""19210|Andheri metro station, Mumbai|5 minutes|8694|19249"", ""19210|Seepz Bus Stop||167641|"", ""19201|Solitaire Corporate Park||80672|19221"", ""19201|Westside||151259|"", ""19202|Narayana E Techno School||167627|19227"", ""19202|The Little Flower Education Group||157091|"", ""19203|Esic Hospital||153615|"", ""19203|Lt Hospital||77186|19230"", ""19206|Akruti One World Mall||10670|19239"", ""19206|Metro Mart NX||84754|19239""]",19.12668,72.85176,"19.1154908,72.8726952",b,12202 12209 12211 12212 12213 12215 12216 12218 12219 12221 12222 12223 12228 12518 12541 12547 12549 1005002,12518 12215 12541 12221 12223 12216,"Modular Kitchen,Air Conditioned,AC in each room ,Internet/Wi-Fi Connectivity,RO Water System,Visitor Parking",F,False,1 Open,Water Availability 24 Hours Available,No/Rare Powercut,3350.0,Monthly,Vitrified,,Freehold,2026-08-19T15:33:12.000Z,"Aug 19, '26",2025-08-29T18:30:00.000+00:00,2027-01-01T15:33:12.000Z,"Jan 01, '27",0,4.0,Y,Bachelors/Family,3BHK Multistorey Apartment for Resale in Sanghvi Suri Rajendra Tower at Andheri East,,1200.0,Andheri East
476,10 to 15 years,25000000.0,2.50 Cr,22727.0,25000000.0,27000000.0,3,2,,792.0,Sq-ft,1100.0,12800.0,4,6.0,4 of 6 Floor,Semi-Furnished,,,Apartment,Resale,Ready to Move,20260820,20260820.0,,,4320,Mumbai,78893.0,Powai,,N,Evershine Sapphire,N,,"[""19210|Jama Masjid Bus Stop||161835|19250"", ""19210|Kensington Society Bus Stop||161839|19250"", ""19201|Vinaya salvi||161841|19239"", ""19201|Bureau of Standard||151255|"", ""19202|Podar International School||161843|19227"", ""19202|National Institute of Industrial Engineering||5279|19225"", ""19203|Dr. L H. Hiranandani Hospital||153593|"", ""19203|Nihal Nursing||153589|"", ""19206|Galleria Shopping Mall||88590|19239"", ""19206|Haiko Mall||10810|19239""]",19.11498,72.89889,"19.1196773,72.9050809",b,12201 12202 12207 12208 12209 12211 12216 12217 12218 12221 1404113 1404121 1404124 1404143,1404124 12221 12216 12217 1404113 1404143,"Internet/Wi-Fi Connectivity,Visitor Parking,Intercom Facility,,",F,False,,,,,,,,,2026-08-20T10:56:34.000Z,"Aug 20, '26",2024-10-24T18:30:00.000+00:00,2026-10-20T10:56:34.000Z,"Oct 20, '26",0,,,Bachelors/Family,3BHK Multistorey Apartment for Resale in Evershine Sapphire at Powai,,1100.0,Powai
477,Less than 5 years,22500000.0,2.25 Cr,16471.0,22500000.0,24300000.0,3,2,,984.0,Sq-ft,1366.0,12800.0,5,9.0,5 of 9 Floor,Semi-Furnished,,,Apartment,Resale,Ready to Move,20260820,20260820.0,,,4320,Mumbai,60017.0,Andheri East,,N,Dsk Madhuban,N,,"[""19210|Andheri metro station, Mumbai|5 minutes|8694|19249"", ""19210|Andheri Railway Station||138500|19248"", ""19201|Rustomjee Central Park||79594|19221"", ""19201|Ganesh Super Market||165261|"", ""19202|Narayana E Techno School||167627|19227"", ""19202|Divine Child Education Centre||156743|"", ""19203|Carewell Nursing Home||73770|19232"", ""19203|Holy Spirit Hospital||165263|19230"", ""19206|Star Market||84718|19239"", ""19206|Metro Mart NX||84754|19239""]",19.09846,72.8861,"19.1154908,72.8726952",b,12201 12202 12203 12204 12205 12206 12207 12208 12209 12211 12214 12216 12217 12218 12219 12220 12221 12222 12224 12227 12228 12229 12230 1404114 1404115 1404117 1404120 1404121 1404124 1404125 1404129 1404131 1404143,1404129 1404114 1404115 1404131 12224 12229 12230 12220 1404125 1404124 12221 12214 12216 12217 12227 1404143,"Banquet Hall,Jogging and Strolling Track,Outdoor Tennis Courts,Laundry Service,,,Internet/Wi-Fi Connectivity,Service/Goods Lift,Visitor Parking,Intercom Facility,Conference Room,",F,False,,,,,,,,,2026-08-20T10:56:55.000Z,"Aug 20, '26",2024-10-24T18:30:00.000+00:00,2026-10-20T10:56:55.000Z,"Oct 20, '26",0,,,Bachelors/Family,3BHK Multistorey Apartment for Resale in Dsk Madhuban at Andheri East,,1366.0,Andheri East
478,5 to 10 years,35000000.0,3.50 Cr,31818.0,35000000.0,38500000.0,3,2,,930.0,Sq-ft,1100.0,12800.0,5,13.0,5 of 13 Floor,Semi-Furnished,East,"Garden/Park, Main Road",Apartment,Resale,Ready to Move,20260823,20260823.0,,,4320,Mumbai,78860.0,Ghatkopar West,,Y,Skyline Oasis ,N,Don Bosco Institute of Technology,"[""19210|Ghatkopar Metro Station|5 minutes|165223|19249"", ""19210|Jagruti Nagar Metro Station|5 minutes|165225|19249"", ""19201|Sagar Park||79668|19221"", ""19201|Goldcrest Business Park||151403|"", ""19202|Ramniranjan Jhunjhunwala College of Arts. Science & Commerce||161703|19225"", ""19202|Mumbai Public School||156515|"", ""19203|Sapana Health Care Centre||10546|19230"", ""19203|Satyam Hospital||153257|"", ""19206|R City Mall||79116|19239"", ""19206|INOX- R City||140954|19239""]",19.0908063,72.9076669,"19.0908063,72.9076669",b,12201 12202 12207 12208 12209 12211 12213 12215 12216 12217 12219 12221 12223 12228 12531 12536 12541 12542 12547 12549,12531 12536 12215 12542 12541 12221 12223 12216 12217,"Central AC ,3 Tier Security System,Air Conditioned,All wooden flooring,AC in each room ,Internet/Wi-Fi Connectivity,RO Water System,Visitor Parking,Intercom Facility",F,False,1 Covered,Water Availability 24 Hours Available,No/Rare Powercut,5000.0,Monthly,"Vitrified,Marble,Granite",,Freehold,2026-08-22T23:31:41.000Z,Today,2026-08-02T18:30:00.000+00:00,2026-12-20T23:31:41.000Z,"Dec 21, '26",0,0.0,Y,Bachelors/Family,3BHK Multistorey Apartment for Resale in Skyline Oasis  at Ghatkopar West,Store,1100.0,Ghatkopar West
479,15 to 20 years,35000000.0,3.50 Cr,28226.0,32600000.0,35000000.0,3,2,3.0,850.0,Sq-ft,1240.0,12800.0,7,15.0,7 of 15 Floor,Semi-Furnished,North - East,Garden/Park,Apartment,Resale,Ready to Move,20260822,20260822.0,,,4320,Mumbai,93942.0,Poonam Nagar Jogeshwari East,,Y,Kalpataru Estate,N,"Full fledged Takshila Market walking distance with grocery, vegetable, fruits, clothes, shoes, salons and other shops plus restaurants. Society main gate opens on JVLR and WEH is merely 7-8 minutes away. Oberoi International School right opposite the Society. Metro and flyover coming up on JVLR. Close to Holy Spirit Hospital.",,19.13767,72.86714,"19.13692,72.86769",b,12201 12202 12204 12205 12206 12207 12208 12209 12218 12219 12222 12224 12227 12229 12230,12224 12229 12230 12227,"Banquet Hall,Jogging and Strolling Track,Outdoor Tennis Courts,Conference Room",F,False,,,,,,Vitrified,,Co-operative Society,2026-08-21T23:31:15.000Z,Yesterday,2026-07-10T18:30:00.000+00:00,2026-12-19T23:31:15.000Z,"Dec 20, '26",0,1.0,,Bachelors/Family,3BHK Multistorey Apartment for Resale in Kalpataru Estate at Poonam Nagar Jogeshwari East,,1240.0,Poonam Nagar Jogeshwari East
480,New Construction,26000000.0,2.60 Cr,29817.0,26000000.0,28300000.0,3,3,,628.0,Sq-ft,872.0,12800.0,4,17.0,4 of 17 Floor,Unfurnished,,,Apartment,Resale,Ready to Move,20260822,20260822.0,,,4320,Mumbai,78844.0,Borivali West,,Y,Prasham Vishal 2,N,,"[""19210|Borivali (West) Metro Station|5 minutes|165267|19249"", ""19210|Borivali (W) Station Bus Stop||167789|19250"", ""19201|Jagdamba Super Market||167775|19239"", ""19201|Shree Ashapura Super Market||167767|19239"", ""19202|Swami Vivekanand International School||88642|19227"", ""19202|St Lawrence High School Borivali West||80976|19227"", ""19203|Sun Super Specialist||154163|"", ""19203|Shree Ganesha Hospital||167785|19230"", ""19206|Moksh Plaza Mall||88632|19239"", ""19206|Zoom Plaza Mall||88630|19239""]",19.2248093,72.8447565,"19.2335321,72.839198",b,12201 12202 12208 12209 12217 12547 1404146 1404152,1404152 12217,Intercom Facility,F,False,,,,,,,"NA|null,P51800016704|-1",,2026-08-21T20:01:55.000Z,Yesterday,2024-10-26T18:30:00.000+00:00,2026-10-21T20:01:56.000Z,"Oct 22, '26",0,,,Bachelors/Family,3BHK Multistorey Apartment for Resale in Prasham Vishal 2 at Borivali West,,872.0,Borivali West
481,Less than 5 years,27500000.0,2.75 Cr,19643.0,27500000.0,29700000.0,3,3,,1008.0,Sq-ft,1400.0,12800.0,12,15.0,12 of 15 Floor,Furnished,,,Apartment,Resale,Ready to Move,20260822,20260822.0,,,4320,Mumbai,,,,Y,,N,,,0.0,0.0,,b,,,,F,False,,,,,,,,,2026-08-21T19:58:08.000Z,Yesterday,2024-10-26T18:30:00.000+00:00,2026-10-21T19:58:08.000Z,"Oct 22, '26",0,,,Bachelors/Family,3BHK Multistorey Apartment for Resale in ,,1400.0,
482,15 to 20 years,33500000.0,3.35 Cr,24815.0,33500000.0,36200000.0,3,3,,972.0,Sq-ft,1350.0,12800.0,10,13.0,10 of 13 Floor,Furnished,,,Apartment,Resale,Ready to Move,20260822,20260821.0,,,4320,Mumbai,78860.0,Ghatkopar West,,Y,Skyline Oasis ,N,,"[""19210|Ghatkopar Metro Station|5 minutes|165223|19249"", ""19210|Jagruti Nagar Metro Station|5 minutes|165225|19249"", ""19201|Lodha Boulevard||139760|19221"", ""19201|R CITY||167611|19239"", ""19202|Mumbai Public School||156515|"", ""19202|Ramniranjan Jhunjhunwala College of Arts. Science & Commerce||161703|19225"", ""19203|Satyam Hospital||153257|"", ""19203|Dr Praful Lokhande?s Shantiniketan Hospital||140442|19230"", ""19206|INOX- R City||140954|19239"", ""19206|R City Mall||79116|19239""]",19.0908063,72.9076669,"19.0908063,72.9076669",b,,,,F,False,,,,,,,,,2026-08-21T16:56:07.000Z,"Aug 21, '26",2024-10-25T18:30:00.000+00:00,2026-10-21T16:56:10.000Z,"Oct 21, '26",0,,,Bachelors/Family,3BHK Multistorey Apartment for Resale in Skyline Oasis  at Ghatkopar West,,1350.0,Ghatkopar West
483,5 to 10 years,29000000.0,2.90 Cr,30526.0,29000000.0,31600000.0,3,3,,684.0,Sq-ft,950.0,12800.0,21,22.0,21 of 22 Floor,Semi-Furnished,,,Apartment,Resale,Ready to Move,20260822,20260821.0,,,4320,Mumbai,60018.0,Andheri West,,Y,Shiv Shivam ,N,,"[""19210|Azad Nagar metro station, Mumbai|5 minutes|8688|19249"", ""19210|Mhada Colony (Four Bungalow) Bus Stop||160509|19250"", ""19201|Mukkti Cultural Hub||151583|"", ""19201|Fun Republic Mall||160501|19239"", ""19202|Bhavan's College||86848|19227"", ""19202|Orchid Global Learning Academy||157481|"", ""19203|Nakshatra Multispeciality Hospital||167639|19230"", ""19203|Belle-Vue Multi-Speciality Hospital||153575|"", ""19206|Mega Mall||10752|19239"", ""19206|Infiniti Mall||88566|19239""]",19.1429207,72.8305244,"19.1373697481266,72.8257229439874",b,12202,,,F,False,,,,,,,,,2026-08-21T10:52:26.000Z,"Aug 21, '26",2024-10-25T18:30:00.000+00:00,2027-01-03T10:52:26.000Z,"Jan 03, '27",0,,,Bachelors/Family,3BHK Multistorey Apartment for Resale in Shiv Shivam  at Andheri West,,950.0,Andheri West
484,,35000000.0,3.50 Cr,40793.0,35000000.0,38200000.0,3,3,,618.0,Sq-ft,858.0,12800.0,25,36.0,25 of 36 Floor,Unfurnished,,,Apartment,Resale,Under Construction,20260822,20260821.0,,,4320,Mumbai,60018.0,Andheri West,,Y,Transcon Triumph,N,,"[""19210|Azad Nagar metro station, Mumbai|5 minutes|8688|19249"", ""19210|Andheri West Metro Station|5 minutes|167643|19249"", ""19201|Mukkti Cultural Hub||151583|"", ""19201|millat super market||167665|19239"", ""19202|Bharatiya Vidya Bhavan (Bhavan's College)||88584|19227"", ""19202|Gyan Kendra's Ramnath Pandey Educational Institute||157509|"", ""19203|Lion Kartar Singh Hospital||77126|19230"", ""19203|SBS Multi-Speciality Hospital||160513|19230"", ""19206|Mega Mall||10752|19239"", ""19206|FB-MUMBAI- ANDHERI||84838|19239""]",19.14,72.83279,"19.1373697481266,72.8257229439874",b,12201 12202 12203 12204 12205 12206 12207 12208 12209 12211 12213 12214 12215 12216 12217 12218 12219 12221 12222 12223 12224 12227 12228 12229 12230 12233 12234 12236 12527 12528 12532 12533 12538 12539 12556 12558 12562 1404121 1404124 1404125 1404131,12234 12527 12562 12528 12236 12556 12532 12558 12538 12539 12533 1404131 12215 12224 12229 12230 1404125 1404124 12221 12223 12214 12216 12217 12227 12233,"Skyline View,Sea facing,Smart Home,Skydeck,Island Kitchen Layout,Fireplace,Theme based Architectures,Sky Villa,Fingerprint Access,Grand Entrance lobby,Health club with Steam / Jaccuzi,,Air Conditioned,Banquet Hall,Jogging and Strolling Track,Outdoor Tennis Courts,,,Internet/Wi-Fi Connectivity,RO Water System,Service/Goods Lift,Visitor Parking,Intercom Facility,Conference Room,Downtown",F,False,,,,,,,"NA|null,P51800005361|12/2021",,2026-08-21T09:26:21.000Z,"Aug 21, '26",2024-10-25T18:30:00.000+00:00,2027-01-03T09:26:21.000Z,"Jan 03, '27",0,,,Bachelors/Family,3BHK Multistorey Apartment for Resale in Transcon Triumph at Andheri West,,858.0,Andheri West
485,Less than 5 years,35000000.0,3.50 Cr,26677.0,35000000.0,37800000.0,3,3,,945.0,Sq-ft,1312.0,12800.0,7,7.0,7 of 7 Floor,Semi-Furnished,,,Apartment,Resale,Ready to Move,20260822,20260821.0,,,4320,Mumbai,78844.0,Borivali West,,Y,Casa Castello,N,,"[""19210|Borivali (West) Metro Station|5 minutes|165267|19249"", ""19210|Borivali (W) Station Bus Stop||167789|19250"", ""19201|Infinity It Park||87558|19221"", ""19201|Water Kingdom||82328|19221"", ""19202|S E International School||157031|"", ""19202|Ajmera Global School||88204|19227"", ""19203|MM Hospital||154449|"", ""19203|Shree Ganesha Hospital||167785|19230"", ""19206|Moksh Plaza Mall||88632|19239"", ""19206|Zoom Plaza Mall||88630|19239""]",19.2208586,72.8471737,"19.2335321,72.839198",b,,,,F,False,,,,,,,,,2026-08-21T14:35:02.000Z,"Aug 21, '26",2024-10-25T18:30:00.000+00:00,2027-01-03T14:35:02.000Z,"Jan 03, '27",0,,,Bachelors/Family,3BHK Multistorey Apartment for Resale in Casa Castello at Borivali West,,1312.0,Borivali West
486,Above 20 years,26500000.0,2.65 Cr,26500.0,26500000.0,28900000.0,3,2,,720.0,Sq-ft,1000.0,12800.0,Ground,2.0,Ground of 2 Floor,Unfurnished,,,Apartment,Resale,Ready to Move,20260822,20260821.0,,,4320,Mumbai,78898.0,Sion,,Y,Jain Society,N,,"[""19210|Bhakti Park Bus Stop||167555|19250"", ""19210|GTB Nagar Monorail Station||161857|19248"", ""19202|KJ Somaiya Institute of Engineering Information Technology||5357|19225"", ""19202|Ayurved Maha Vidyalaya.||157069|"", ""19203|Dr Abhyankar Hospital||74602|19230"", ""19203|Sion Denntal Care||154211|"", ""19206|Prime Mall||88242|19239"", ""19206|Gandhi Market Hawkers Zone||140868|19239""]",19.0381054,72.8596712,"19.0446433751251,72.8709840746083",b,,,,F,False,,,,,,,,,2026-08-21T14:41:30.000Z,"Aug 21, '26",2024-10-25T18:30:00.000+00:00,2027-01-03T14:41:30.000Z,"Jan 03, '27",0,,,Bachelors/Family,3BHK Multistorey Apartment for Resale in Jain Society at Sion,,1000.0,Sion
487,5 to 10 years,26500000.0,2.65 Cr,25359.0,26500000.0,28600000.0,3,2,,752.0,Sq-ft,1045.0,12800.0,14,21.0,14 of 21 Floor,Furnished,,,Apartment,Resale,Ready to Move,20260822,20260821.0,,,4320,Mumbai,78844.0,Borivali West,,Y,Krishraj Tower,N,,"[""19210|Borivali (West) Metro Station|5 minutes|165267|19249"", ""19210|Borivali (W) Station Bus Stop||167789|19250"", ""19201|Infinity It Park||87558|19221"", ""19201|Utopia Garden Grove Mall||167765|19239"", ""19202|MKVV||147274|19227"", ""19202|Swami Vivekanand International School||88642|19227"", ""19203|Arihant and BHC Hospital||153647|"", ""19203|HCG Hospital||154451|"", ""19206|N-MORE||84756|19239"", ""19206|Maxus Cinemas||140656|19239""]",19.21867,72.83696,"19.2335321,72.839198",b,,,,F,False,,,,,,,,,2026-08-21T13:45:59.000Z,"Aug 21, '26",2024-10-25T18:30:00.000+00:00,2027-01-03T13:45:59.000Z,"Jan 03, '27",0,,,Bachelors/Family,3BHK Multistorey Apartment for Resale in Krishraj Tower at Borivali West,,1045.0,Borivali West
488,New Construction,27500000.0,2.75 Cr,15714.0,27500000.0,30000000.0,3,4,,1260.0,Sq-ft,1750.0,12800.0,10,16.0,10 of 16 Floor,Unfurnished,,,Apartment,Resale,Ready to Move,20260822,20260821.0,,,4320,Mumbai,78859.0,Ghatkopar East,,Y,Daga Sofrance,N,,"[""19210|Ghatkopar Railway Station||10846|19248"", ""19201|Der Deutsche Parkz||88858|19221"", ""19201|S K Super Market||161695|19239"", ""19202|Rosary High School||157045|"", ""19202|Dominic Savio Vidyalaya||87692|19227"", ""19203|Kamdar Nursing Home||76570|19232"", ""19203|Head & Neck Cancer Hospital||154177|"", ""19206|R City, Neelyog Square||87682|19239"", ""19206|Platinum Mall||10788|19239""]",19.0884476,72.9169802999999,"19.07907,72.907976",b,,,,F,False,,,,,,,"NA|null,P51800006959|05/2006,P51800007146|02/2001",,2026-08-21T15:16:36.000Z,"Aug 21, '26",2024-10-25T18:30:00.000+00:00,2027-01-03T15:16:36.000Z,"Jan 03, '27",0,,,Bachelors/Family,3BHK Multistorey Apartment for Resale in Daga Sofrance at Ghatkopar East,,1750.0,Ghatkopar East
489,New Construction,30000000.0,3 Cr,25000.0,30000000.0,32400000.0,3,3,,864.0,Sq-ft,1200.0,12800.0,5,11.0,5 of 11 Floor,Unfurnished,,,Apartment,Resale,Ready to Move,20260822,20260821.0,,,4320,Mumbai,78895.0,Santacruz East,,N,DGS Sheetal Amar Geta,N,,"[""19210|Kolivery Village Bus Stop||139096|19250"", ""19210|Santacruz East Railway Station||79894|19248"", ""19201|Yes Bank Office||151129|"", ""19201|Walk2Mart Super Market - Kalina||161845|19239"", ""19202|Panbai International School||87976|19227"", ""19202|Maheshwari Vidyalaya & Jr. College||88972|19227"", ""19203|Sparsh Hospital||154275|"", ""19203|R. K. Hospital||154273|"", ""19206|Matro Mall||86710|19239"", ""19206|Pride Shopping Mall||87966|19239""]",19.2380418,72.8642251999999,"19.0799983,72.8545019",b,12201 12202 12208 12209 1404143,1404143,,F,False,,,,,,,,,2026-08-21T15:03:57.000Z,"Aug 21, '26",2024-10-25T18:30:00.000+00:00,2027-01-03T15:03:57.000Z,"Jan 03, '27",0,,,Bachelors/Family,3BHK Multistorey Apartment for Resale in DGS Sheetal Amar Geta at Santacruz East,,1200.0,Santacruz East
490,Less than 5 years,28000000.0,2.80 Cr,38251.0,28000000.0,30500000.0,3,2,,527.0,Sq-ft,732.0,12800.0,3,8.0,3 of 8 Floor,Unfurnished,,,Apartment,Resale,Ready to Move,20260822,20260821.0,,,4320,Mumbai,78908.0,Vile Parle East,,N,Udayanjali,N,,"[""19210|Vile Parle Railway Station||10924|19248"", ""19210|Hanuman Road Bus Stop||140870|19250"", ""19201|Parle Square Mall||161863|19239"", ""19202|SVKM's Mithibai College of Arts||161865|19225"", ""19202|Mubai Public School||156745|"", ""19203|Madhavbhag||153779|"", ""19203|Shirodkar Hospital||140376|19230"", ""19206|Agarwal Market||84850|19239"", ""19209|Chhatrapati Shivaji Maharaj International Airport Mumbai Terminal 2||73958|19247"", ""19209|Chhatrapati Shivaji Maharaj International Airport Mumbai Terminal 1||73956|19247""]",19.1092747,72.850322,"19.10046297,72.84924449",b,,,,F,False,,,,,,,"NA|null,P51800004917|-1",,2026-08-21T15:47:39.000Z,"Aug 21, '26",2024-10-25T18:30:00.000+00:00,2027-01-03T15:47:39.000Z,"Jan 03, '27",0,,,Bachelors/Family,3BHK Multistorey Apartment for Resale in Udayanjali at Vile Parle East,,732.0,Vile Parle East
491,15 to 20 years,27500000.0,2.75 Cr,22917.0,27500000.0,29700000.0,3,3,,864.0,Sq-ft,1200.0,12800.0,6,15.0,6 of 15 Floor,Semi-Furnished,,,Apartment,Resale,Ready to Move,20260821,20260821.0,,,4320,Mumbai,78886.0,Mulund East,,N,Mukti Tower,N,,"[""19210|Mulund (E) Bus Stop||167693|19250"", ""19202|V.p.ms B.r.tol English High School||161793|19227"", ""19202|Nalanda Public School||161791|19227"", ""19203|Ashirvad Criticare Multispeciality Hospital||154439|"", ""19206|A - Mart Super Market||84776|19239""]",19.1655211,72.9649723,"19.1531029501285,72.9678051455382",b,12202 12203 12207 12208 12211 12216 12219 1404143,12216 1404143,"Visitor Parking,",F,False,,,,,,,,,2026-08-21T06:19:56.000Z,"Aug 21, '26",2024-10-25T18:30:00.000+00:00,2026-10-21T06:19:57.000Z,"Oct 21, '26",0,,,Bachelors/Family,3BHK Multistorey Apartment for Resale in Mukti Tower at Mulund East,,1200.0,Mulund East
492,Less than 5 years,29500000.0,2.95 Cr,20345.0,29500000.0,32200000.0,3,3,,1044.0,Sq-ft,1450.0,12800.0,12,29.0,12 of 29 Floor,Unfurnished,,,Apartment,Resale,Ready to Move,20260821,20260821.0,,,4320,Mumbai,60018.0,Andheri West,,N,Lashkaria Green Height,N,,"[""19210|Azad Nagar metro station, Mumbai|5 minutes|8688|19249"", ""19210|Andheri West Metro Station|5 minutes|167643|19249"", ""19201|Mukkti Cultural Hub||151583|"", ""19201|Star Bazaar||160515|19239"", ""19202|Rajiv Gandhi Institute Of Technology||87110|19225"", ""19202|Rajhans Vidyalaya||167637|19227"", ""19203|Bluebell||153813|"", ""19203|Bluebell||153817|"", ""19206|G7 Mall||10808|19239"", ""19206|Mega Mall||10752|19239""]",19.14205,72.83414,"19.1373697481266,72.8257229439874",b,12201 12202 12204 12208 12209 12211 12214 12216 12222 1404117 1404121 1404129 1404143,1404129 12214 12216 1404143,"Service/Goods Lift,Visitor Parking,",F,False,,,,,,,,,2026-08-20T18:35:03.000Z,"Aug 21, '26",2024-10-25T18:30:00.000+00:00,2026-10-20T18:35:07.000Z,"Oct 21, '26",0,,,Bachelors/Family,3BHK Multistorey Apartment for Resale in Lashkaria Green Height at Andheri West,,1450.0,Andheri West
493,5 to 10 years,30000000.0,3 Cr,18750.0,30000000.0,32400000.0,3,3,,1152.0,Sq-ft,1600.0,12800.0,7,30.0,7 of 30 Floor,Furnished,,,Apartment,Resale,Ready to Move,20260821,20260821.0,,,4320,Mumbai,60018.0,Andheri West,,N,Lashkaria Green Height,N,,"[""19210|Azad Nagar metro station, Mumbai|5 minutes|8688|19249"", ""19210|B.S.E.S Bus Stop||160497|19250"", ""19201|Andheri West Market||160495|19239"", ""19201|millat super market||167665|19239"", ""19202|Jankidevi Public School||87106|19227"", ""19202|Rajiv Gandhi Institute Of Technology||87110|19225"", ""19203|Kulkarni Hospital||153261|"", ""19203|Kokilaben Dhirubhai Ambani Hospital||154985|"", ""19206|Crystal Point Mall||10768|19239"", ""19206|Star Quik||84722|19239""]",19.14205,72.83414,"19.1373697481266,72.8257229439874",b,12201 12202 12204 12208 12209 12211 12214 12216 12222 1404117 1404121 1404129 1404143,1404129 12214 12216 1404143,"Service/Goods Lift,Visitor Parking,",F,False,,,,,,,,,2026-08-20T18:34:47.000Z,"Aug 21, '26",2024-10-25T18:30:00.000+00:00,2026-10-20T18:34:50.000Z,"Oct 21, '26",0,,,Bachelors/Family,3BHK Multistorey Apartment for Resale in Lashkaria Green Height at Andheri West,,1600.0,Andheri West
494,Less than 5 years,35000000.0,3.50 Cr,30702.0,35000000.0,37800000.0,3,2,,821.0,Sq-ft,1140.0,12800.0,7,7.0,7 of 7 Floor,Furnished,,,Apartment,Resale,Ready to Move,20260822,20260821.0,,,4320,Mumbai,78847.0,Chembur,,N,Diamond Garden,N,,"[""19210|Dr. Ambedkar Udyaan / Chembur Railway Station Bus Stop||167577|19250"", ""19210|Chembur Camp Bus Stop||140876|19250"", ""19201|India Bulls Finance Centre||88688|19221"", ""19201|Shivalaya Shopping Centre||167579|19239"", ""19202|General Education Academy||146838|19227"", ""19202|Mumbai Public School||157067|"", ""19203|Surana Sethia Hospital||154471|"", ""19203|Kolekar Hospital||153205|"", ""19206|R City Mallphoenix Marketcity||88062|19239"", ""19206|K Star Mall||84848|19239""]",19.0268,72.90344,"19.0459181155422,72.8975231581492",b,12201 12202 12203 12204 12205 12206 12207 12208 12209 12211 12213 12214 12215 12216 12217 12218 12219 12220 12221 12222 12223 12224 12228 12229 1404115 1404121 1404143,1404115 12215 12224 12229 12220 12221 12223 12214 12216 12217 1404143,"Air Conditioned,Banquet Hall,Jogging and Strolling Track,Laundry Service,Internet/Wi-Fi Connectivity,RO Water System,Service/Goods Lift,Visitor Parking,Intercom Facility,",F,False,,,,,,,,,2026-08-21T08:27:00.000Z,"Aug 21, '26",2024-10-25T18:30:00.000+00:00,2027-01-03T08:27:00.000Z,"Jan 03, '27",0,,,Bachelors/Family,3BHK Multistorey Apartment for Resale in Diamond Garden at Chembur,,1140.0,Chembur
495,New Construction,30000000.0,3 Cr,30303.0,30000000.0,32400000.0,3,3,,713.0,Sq-ft,990.0,12800.0,4,23.0,4 of 23 Floor,Semi-Furnished,,,Apartment,Resale,Ready to Move,20260821,20260821.0,,,4320,Mumbai,78847.0,Chembur,,N,Spenta Altavista,N,,"[""19210|Chembur Railway Station||10930|19248"", ""19210|Vashi Naka||139526|19250"", ""19201| Peninsula Corporate Park||88684|19221"", ""19201|India Bulls Finance Centre||88688|19221"", ""19202|Mumbai Public School||157219|"", ""19202|Tata Institute of Social Sciences - School of Vocational Education (TISS-SVE)||161645|19227"", ""19203|SRV Hospitals - Chembur||167585|19230"", ""19203|Kolekar Hospital||153205|"", ""19206|K Star Mall||10628|19239"", ""19206|R City Mallphoenix Marketcity||88062|19239""]",18.9236522,72.8239323999999,"19.0459181155422,72.8975231581492",b,12201 12202 12203 12205 12208 12209 12211 12212 12216 12218 12219 12228 12533 12548 1404118 1404143 1404146 1404152 1404157 1404160,1404152 12533 1404118 12216 12548 1404143,"Health club with Steam / Jaccuzi,,Visitor Parking,Fire Sprinklers,",F,False,,,,,,,"NA|null,P51800000956|12/2020,P51800001050|12/2019,P51800021249|-1,P51800026131|-1",,2026-08-21T05:57:52.000Z,"Aug 21, '26",2024-10-25T18:30:00.000+00:00,2026-10-21T05:57:53.000Z,"Oct 21, '26",0,,,Bachelors/Family,3BHK Multistorey Apartment for Resale in Spenta Altavista at Chembur,,990.0,Chembur
496,Less than 5 years,30000000.0,3 Cr,25000.0,30000000.0,32700000.0,3,3,,864.0,Sq-ft,1200.0,12800.0,23,43.0,23 of 43 Floor,Semi-Furnished,,,Apartment,Resale,Ready to Move,20260821,20260821.0,,,4320,Mumbai,78887.0,Mulund West,,N,Wadhwa Atmosphere,N,,"[""19210|Mulund Depot Bus Stop||161801|19250"", ""19210|Panch Rasta||139362|19250"", ""19201|360 Degree Business Park||72098|19221"", ""19201|R Mall, Mulund||161807|19239"", ""19202|Sheth Karamshi Kanji English School||161815|19227"", ""19202|St Mary Convent High School||88354|19227"", ""19203|Padmashree Endoscopic Centre||153577|"", ""19203|Padmashree Nursing Home||154137|"", ""19206|R-Mall||10656|19239"", ""19206|Food Bazaar||84806|19239""]",19.15846,72.94745,"19.1749536837097,72.943103519999",b,12201 12202 12203 12204 12205 12206 12207 12208 12209 12212 12213 12214 12215 12217 12218 12219 12220 12221 12222 12223 12224 12226 12227 12228 12229 12230 12523 12543 12547 1404114 1404115 1404117 1404118 1404121,1404114 1404118 1404115 12215 12224 12229 12230 12523 12220 12221 12223 12214 12217 12227,"Air Conditioned,Banquet Hall,Jogging and Strolling Track,Outdoor Tennis Courts,Mini Cinema Theatre,Laundry Service,Internet/Wi-Fi Connectivity,RO Water System,Service/Goods Lift,Intercom Facility,Conference Room",F,False,,,,,,,"NA|null,P51800001243|10/2019",,2026-08-21T05:53:49.000Z,"Aug 21, '26",2024-10-25T18:30:00.000+00:00,2026-10-21T05:53:50.000Z,"Oct 21, '26",0,,,Bachelors/Family,3BHK Multistorey Apartment for Resale in Wadhwa Atmosphere at Mulund West,,1200.0,Mulund West
497,Less than 5 years,32500000.0,3.25 Cr,30952.0,32500000.0,35400000.0,3,2,,756.0,Sq-ft,1050.0,12800.0,2,3.0,2 of 3 Floor,Semi-Furnished,,,Apartment,Resale,Ready to Move,20260821,20260821.0,,,4320,Mumbai,78909.0,Vile Parle West,,N,Harmony Plaza,N,,"[""19210|Vile Parle (W) or Ashoka Hall Bus Stop||161873|19250"", ""19201|CDAC||151399|"", ""19202|Rn Podar School||89160|19227"", ""19202|Narsee Monjee Institute of Management Studies||5289|19229"", ""19203|ARK Hospital||154215|"", ""19203|Irla Nursing Home & Polyclinic||153199|"", ""19206|Prime Mall Downtown||10674|19239"", ""19206|Prime Mall||10742|19239""]",19.09225,72.84245,"19.1093928395446,72.8369701399986",b,,,,F,False,,,,,,,,,2026-08-21T05:15:23.000Z,"Aug 21, '26",2024-10-25T18:30:00.000+00:00,2026-10-21T05:15:24.000Z,"Oct 21, '26",0,,,Bachelors/Family,3BHK Multistorey Apartment for Resale in Harmony Plaza at Vile Parle West,,1050.0,Vile Parle West
498,New Construction,25500000.0,2.55 Cr,18214.0,25500000.0,27800000.0,3,2,,1008.0,Sq-ft,1400.0,12800.0,10,32.0,10 of 32 Floor,Unfurnished,,,Apartment,Resale,Ready to Move,20260821,20260821.0,,,4320,Mumbai,93972.0,Unnat Nagar,,N,,N,,"[""19202|Mts Khalsa High School And Junior College Goregaon West||77844|19227"", ""19202|St. John Universal School||88158|19227"", ""19206|Pvr (Goregaon West) Cinemas||88152|19239""]",0.0,0.0,"19.1649019272815,72.8535213727253",b,,,,F,False,,,,,,,,,2026-08-21T05:32:36.000Z,"Aug 21, '26",2024-10-25T18:30:00.000+00:00,2026-10-21T05:32:37.000Z,"Oct 21, '26",0,,,Bachelors/Family,3BHK Multistorey Apartment for Resale in Unnat Nagar Jay Prakash Nagar,,1400.0,Unnat Nagar Jay Prakash Nagar
499,Less than 5 years,27500000.0,2.75 Cr,15979.0,27500000.0,30000000.0,3,3,,1239.0,Sq-ft,1721.0,12800.0,2,20.0,2 of 20 Floor,Unfurnished,,,Apartment,Resale,Ready to Move,20260822,20260821.0,,,4320,Mumbai,78847.0,Chembur,,N,Godrej Prime,N,,"[""19210|Chembur Railway Station||10930|19248"", ""19210|Tilak Nagar Railway Station (Harbour Line)||87910|19248"", ""19201|India Bulls Finance Centre||88688|19221"", ""19201|Marathon Futurex||88686|19221"", ""19202|Universal High School||157107|"", ""19202|St. Sebastian High School||88070|19227"", ""19203|Surana Sethia Hospital||154471|"", ""19203|Zen Multi Speciality Hospital, Chembur, Mumbai||167573|19230"", ""19206|Cubic Mall||88056|19239"", ""19206|Food Bazaar||84730|19239""]",19.06468,72.89154,"19.0459181155422,72.8975231581492",b,12201 12202 12203 12204 12205 12206 12208 12209 12211 12212 12213 12215 12216 12221 12222 12223 12224 12228 12229 12523 12543 1404105 1404117 1404121 1404123 1404131 1404143,1404131 1404123 12215 12224 12229 12523 1404105 12221 12223 12216 1404143,"Air Conditioned,Banquet Hall,Jogging and Strolling Track,Mini Cinema Theatre,,Internet/Wi-Fi Connectivity,RO Water System,Visitor Parking,",F,False,,,,,,,"NA|null,P51800000519|-1",,2026-08-21T07:41:05.000Z,"Aug 21, '26",2024-10-25T18:30:00.000+00:00,2027-01-03T07:41:05.000Z,"Jan 03, '27",0,,,Bachelors/Family,3BHK Multistorey Apartment for Resale in Godrej Prime at Chembur,,1721.0,Chembur
500,Less than 5 years,28500000.0,2.85 Cr,33529.0,28500000.0,31100000.0,3,3,,612.0,Sq-ft,850.0,12800.0,2,7.0,2 of 7 Floor,Furnished,,,Apartment,Resale,Ready to Move,20260821,20260821.0,,,4320,Mumbai,78867.0,Kandivali West,,N,Maa Hiren Apartment,N,,"[""19210|Mahavir Nagar Metro Station|5 minutes|88030|19249"", ""19210|Charkop Bus Station Bus Stop||161733|19250"", ""19201|Sunrays Shopping Center Premises||151573|"", ""19202|Orchids The International School, Malad||87394|19227"", ""19202|Parul University||161739|19227"", ""19203|Nidhi Narsing Home||154123|"", ""19203|Dr. Babasaheb Ambedkar Hospital||154147|"", ""19206|Raghuleela Mall||10630|19239"", ""19206|Akruti Shopping Centre||139614|19239""]",19.2094,72.83802,"19.2101312179652,72.8305011930765",b,,,,F,False,,,,,,,,,2026-08-21T04:41:17.000Z,"Aug 21, '26",2024-10-25T18:30:00.000+00:00,2026-10-21T04:41:18.000Z,"Oct 21, '26",0,,,Bachelors/Family,3BHK Multistorey Apartment for Resale in Maa Hiren Apartment at Kandivali West,,850.0,Kandivali West
501,Less than 5 years,30000000.0,3 Cr,29183.0,30000000.0,32400000.0,3,3,,740.0,Sq-ft,1028.0,12800.0,3,7.0,3 of 7 Floor,Furnished,,,Apartment,Resale,Ready to Move,20260821,20260821.0,,,4320,Mumbai,78847.0,Chembur,,N,Alpine Apartments,N,,"[""19210|Tilak Nagar Railway Station (Harbour Line)||87910|19248"", ""19210|Chembur Camp Bus Stop||140876|19250"", ""19201|Shivalaya Shopping Centre||167579|19239"", ""19201| Peninsula Corporate Park||88684|19221"", ""19202|Mumbai Public School||157219|"", ""19202|Mumbai Public School||157067|"", ""19203|Surana Sethia Hopsital||10510|19230"", ""19203|Srv Hospital||154297|"", ""19206|K Star Mall||84848|19239"", ""19206|Food Bazaar||84730|19239""]",19.0328,72.89636,"19.0459181155422,72.8975231581492",b,12201 12202 12209 12217 12228,12217,Intercom Facility,F,False,,,,,,,,,2026-08-21T04:19:40.000Z,"Aug 21, '26",2024-10-25T18:30:00.000+00:00,2026-10-21T04:19:41.000Z,"Oct 21, '26",0,,,Bachelors/Family,3BHK Multistorey Apartment for Resale in Alpine Apartments at Chembur,,1028.0,Chembur
502,New Construction,27500000.0,2.75 Cr,20370.0,27500000.0,30000000.0,3,2,,972.0,Sq-ft,1350.0,12800.0,14,19.0,14 of 19 Floor,Unfurnished,,,Apartment,Resale,Ready to Move,20260821,20260821.0,,,4320,Mumbai,78843.0,Borivali East,,N,,N,,"[""19210|Magathane Metro Station|5 minutes|167759|19249"", ""19210|Rajendra Nagar Bus Stop||167763|19250"", ""19201|Infinity It Park||87336|19221"", ""19201|Sanjay Gandhi National Park||79828|19221"", ""19202|Gokhale High School||87648|19227"", ""19202|St. Pius X College||88794|19227"", ""19203|Galaxy Multispeciality Hospital||153247|"", ""19203|Ellait Hospital||74872|19230"", ""19206|The Zone Mall||88028|19239"", ""19206|Thakur Mall Kandivali||87340|19239""]",0.0,0.0,"19.2272619069866,72.8634397272398",b,,,,F,False,,,,,,,,,2026-08-21T04:17:30.000Z,"Aug 21, '26",2024-10-25T18:30:00.000+00:00,2026-10-21T04:17:30.000Z,"Oct 21, '26",0,,,Bachelors/Family,3BHK Multistorey Apartment for Resale in Borivali East,,1350.0,Borivali East
503,Less than 5 years,30000000.0,3 Cr,20000.0,30000000.0,32400000.0,3,2,,1080.0,Sq-ft,1500.0,12800.0,25,28.0,25 of 28 Floor,Semi-Furnished,,,Apartment,Resale,Ready to Move,20260821,20260821.0,,,4320,Mumbai,78843.0,Borivali East,,N,Ambrosia Apartment,N,,"[""19210|Magathane Metro Station|19 minutes|167759|19249"", ""19210|Rajendra Nagar Bus Stop||167763|19250"", ""19201|Sanjay Gandhi National Park||79828|19221"", ""19201|Infinity It Park||87336|19221"", ""19202|Mumbai Public Shool||156507|"", ""19202|Shri Shri Ravishankar Vidya Mandir||157087|"", ""19203|DMS Laser Eye Hospital||153771|"", ""19203|Shree Krishna Hospital||153249|"", ""19206|The Zone Mall||88028|19239"", ""19206|Thakur Mall Kandivali||87340|19239""]",19.0489864,72.9184647,"19.2272619069866,72.8634397272398",b,12205 12216 12218 12222 1404117 1404118 1404120 1404122 1404126 1404128 1404129,1404122 1404129 1404118 1404128 12216,Visitor Parking,F,False,,,,,,,,,2026-08-21T04:17:13.000Z,"Aug 21, '26",2024-10-25T18:30:00.000+00:00,2026-10-21T04:17:13.000Z,"Oct 21, '26",0,,,Bachelors/Family,3BHK Multistorey Apartment for Resale in Ambrosia Apartment at Borivali East,,1500.0,Borivali East
504,Less than 5 years,32500000.0,3.25 Cr,22887.0,32500000.0,35100000.0,3,3,,1022.0,Sq-ft,1420.0,12800.0,2,8.0,2 of 8 Floor,Semi-Furnished,,,Apartment,Resale,Ready to Move,20260821,20260821.0,,,4320,Mumbai,60018.0,Andheri West,,N,Breeze Apartment,N,,"[""19210|Azad Nagar metro station, Mumbai|5 minutes|8688|19249"", ""19210|Mhada Colony (Four Bungalow) Bus Stop||160509|19250"", ""19201|Mukkti Cultural Hub||151583|"", ""19201|Apna Bazar Cooperative||139018|19239"", ""19202|Oriental College Of Commerce And Management||88588|"", ""19202|Kids N Krayon||156519|"", ""19203|Bluebell||153813|"", ""19203|Lion Kartar Singh Hospital||77126|19230"", ""19206|FB-MUMBAI- ANDHERI||84838|19239"", ""19206|Star Quik||84722|19239""]",19.14439,72.8244,"19.1373697481266,72.8257229439874",b,,,,F,False,,,,,,,,,2026-08-21T04:10:19.000Z,"Aug 21, '26",2024-10-25T18:30:00.000+00:00,2026-10-21T04:10:19.000Z,"Oct 21, '26",0,,,Bachelors/Family,3BHK Multistorey Apartment for Resale in Breeze Apartment at Andheri West,,1420.0,Andheri West
505,Less than 5 years,26000000.0,2.60 Cr,17931.0,26000000.0,28300000.0,3,2,,1044.0,Sq-ft,1450.0,12800.0,14,23.0,14 of 23 Floor,Semi-Furnished,,,Apartment,Resale,Ready to Move,20260821,20260821.0,,,4320,Mumbai,60017.0,Andheri East,,N,Hubtown Ackruti Hillcrest,N,,"[""19210|Andheri metro station, Mumbai|5 minutes|8694|19249"", ""19210|Seepz Bus Stop||167641|"", ""19201|Royal Super Market||164799|19239"", ""19201|Omkar The Summit Business Bay||167629|19239"", ""19202|Bombay Cambridge International School||156749|"", ""19202|The Little Flower Education Group||157091|"", ""19203|Lt Hospital||77186|19230"", ""19203|Sharada Nursing Home||154115|"", ""19206|Metro Mart NX||84754|19239"", ""19206|Star Market||84718|19239""]",19.1316136,72.8759915999999,"19.1154908,72.8726952",b,12202 12205 12206 12208 12212 12229 12581 1404105 1404143 1404146 1404152,1404152 12581 12229 1404105 1404143,"Kids play area,Jogging and Strolling Track,,",F,False,,,,,,,"NA|null,P51800000493|05/2018,P51800000508|03/2016,P51800002556|12/2015",,2026-08-21T04:08:55.000Z,"Aug 21, '26",2024-10-25T18:30:00.000+00:00,2026-10-21T04:08:56.000Z,"Oct 21, '26",0,,,Bachelors/Family,3BHK Multistorey Apartment for Resale in Hubtown Ackruti Hillcrest at Andheri East,,1450.0,Andheri East
506,,3390000.0,33.9 Lac,3149.0,3390000.0,3630000.0,6,6,,,,100.0,12801.0,,,,,,,Residential House,Resale,Ready to Move,20260818,20260818.0,,,4320,Mumbai,112984.0,,,Y,,N,,,0.0,0.0,"19.2270802630057,72.8383210982374",b,,,,F,False,,,,,,,,,2026-08-18T15:42:52.000Z,"Aug 18, '26",2023-07-11T18:30:00.000+00:00,2026-12-29T15:42:52.000Z,"Dec 29, '26",0,,,Bachelors/Family,6BHK Residential House for Resale in Ashtavinayak Nagar,,1076.0,Ashtavinayak Nagar
507,Above 20 years,,,29545.0,6500000.0,7150000.0,6,1,,,,220.0,12800.0,1,7.0,1 of 7 Floor,Semi-Furnished,South -West,,Apartment,Resale,Ready to Move,20260813,20260624.0,,,4320,Mumbai,93894.0,JB Nagar,,Y,,Y,,"[""19210|Sahar Road Metro Station|5 minutes|167615|19249"", ""19210|Chakala (J B Nagar) Metro Station||167621|"", ""19201|Sangam complex||167625|19239""]",19.10993003845215,72.8680419921875,"19.1099298135585,72.8680393749074",b,12202 12211,,,F,False,,,,800.0,Monthly,Vitrified,,Co-operative Society,2026-06-24T08:31:03.000Z,"Jun 24, '26",2026-08-10T18:30:00.000+00:00,2026-11-06T08:31:03.000Z,"Nov 06, '26",0,12.0,,Bachelors/Family,6BHK Multistorey Apartment for Resale in JB Nagar,,220.0,JB Nagar
508,New Construction,11000000.0,1.10 Cr,5500.0,10200000.0,11000000.0,6,5,1.0,1954.0,Sq-ft,2000.0,12800.0,,,,Unfurnished,East,,Villa,Resale,Ready to Move,20260621,20260621.0,,,4320,Mumbai,161685.0,Uttan Road,,Y,,Y,government school government Dog Hospital opposite Aishania vill or next to Ma Casa Resort,,0.0,0.0,"19.27600097,72.79681045",b,12208,,,F,False,,,,,,,,Freehold,2026-06-20T21:31:25.000Z,"Jun 21, '26",2025-06-15T18:30:00.000+00:00,2026-11-02T21:31:25.000Z,"Nov 03, '26",0,19.0,,Bachelors/Family,6BHK Villa for Resale in Uttan Road,,2000.0,Uttan Road
509,,8740000.0,87.4 Lac,8740.0,8740000.0,9610000.0,8,2,,800.0,Sq-ft,1000.0,12800.0,,,,Unfurnished,,,Villa,Resale,,20260816,20260816.0,,,4320,Mumbai,94356.0,Kamgaar Nagar,,Y,,N,,,0.0,0.0,"19.06248,72.88767",b,,,,F,False,,,,,,,,,2026-08-16T06:59:36.000Z,"Aug 16, '26",2023-06-29T18:30:00.000+00:00,2026-12-26T06:59:36.000Z,"Dec 26, '26",0,,,Bachelors/Family,8BHK Villa for Resale in Kamgaar Nagar Kurla,,1000.0,Kamgaar Nagar Kurla
510,New Construction,11000000.0,1.10 Cr,5500.0,10100000.0,11000000.0,6,5,1.0,1954.0,Sq-ft,2000.0,12800.0,,,,Unfurnished,,,Villa,Resale,Ready to Move,20260613,20260612.0,,,4320,Mumbai,161685.0,Uttan Road,,Y,,Y,,,0.0,0.0,"19.27600097,72.79681045",b,,,,F,False,,,,,,,,,2026-06-12T17:32:13.000Z,"Jun 12, '26",2026-03-01T18:30:00.000+00:00,2026-10-25T17:32:13.000Z,"Oct 25, '26",0,72.0,,Bachelors/Family,6BHK Villa for Resale in Uttan Road,,2000.0,Uttan Road
511,,20000000.0,2 Cr,44444.0,20000000.0,21800000.0,> 10,> 10,,,,450.0,12800.0,Ground,21.0,Ground of 21 Floor,Furnished,,,Apartment,Resale,Ready to Move,20260715,20260715.0,,,4320,Mumbai,,,,Y,,N,,,0.0,0.0,,b,,,,F,False,,,,,,,,,2026-07-14T21:31:39.000Z,"Jul 15, '26",2026-07-08T18:30:00.000+00:00,2026-11-26T21:31:39.000Z,"Nov 27, '26",0,39.0,,Bachelors/Family,> 10BHK Multistorey Apartment for Resale in ,,450.0,
512,5 to 10 years,24000000.0,2.40 Cr,9057.0,24000000.0,25900000.0,6,5,1.0,1900.0,Sq-ft,2650.0,12800.0,,,,Furnished,North,"Garden/Park, Pool, Main Road",Villa,Resale,Ready to Move,20260610,20260610.0,,,4320,Mumbai,93995.0,Royal Palms Estate,,Y,,Y,Near By Piccadilly 2,"[""19202|Kids World||157093|"", ""19203|No Hospital||154251|""]",19.15065574645996,72.88976287841797,"19.15117,72.89089",b,12201 12205 12207 12208 12209 12211 12212 12213 12215 12216 12217 12218 12219 12221 12222 12223 12225 12227,12225 12215 12221 12223 12216 12217 12227,"Bar/Lounge,Air Conditioned,Internet/Wi-Fi Connectivity,RO Water System,Visitor Parking,Intercom Facility,Conference Room",F,False,,Water Availability 24 Hours Available,No/Rare Powercut,0.0,,Vitrified,,Freehold,2026-06-10T04:24:48.000Z,"Jun 10, '26",2025-03-13T18:30:00.000+00:00,2026-10-23T04:24:48.000Z,"Oct 23, '26",0,74.0,Y,Bachelors/Family,6BHK Villa for Resale in Royal Palms Estate,"Puja Room,Store",2650.0,Royal Palms Estate
513,Less than 5 years,20000000.0,2 Cr,222222.0,18200000.0,20000000.0,10,10,4.0,90.0,Sq-ft,90.0,12800.0,Lower Basement,3.0,Lower Basement of 3 Floor,Furnished,,,Apartment,Resale,Ready to Move,20260511,20260510.0,,,4320,Mumbai,106851.0,Malad,,Y,Plaza,Y,,"[""19210|Malad West Metro Station|25 minutes|163061|19249"", ""19210|Malad Railway Station||10914|19248"", ""19201|Aarey Bhaskar Garden||72174|19221"", ""19201|Raheja Federation Garden||79180|19221"", ""19202|Veer Bhagat Singh Vidyalaya||147382|19227"", ""19202|Amity Global Business School||163055|19227"", ""19203|Sanjeevani Hospital||10606|19230"", ""19203|Veena Children Hospital||81966|19230"", ""19206|Croma||147698|19239"", ""19206|Eastern Mall||74786|19239""]",18.9582347,72.8319514,"19.1875489923914,72.8420101911782",b,,,,F,False,,,,,,,,,2026-05-10T16:59:33.000Z,"May 10, '26",2024-08-03T18:30:00.000+00:00,2026-09-22T16:59:33.000Z,"Sep 22, '26",0,105.0,,Bachelors/Family,10BHK Multistorey Apartment for Resale in Plaza at Malad,,90.0,Malad
514,,29500000.0,2.95 Cr,12292.0,29500000.0,31900000.0,7,7,,,,2400.0,12800.0,,,,Furnished,East,Garden/Park,Villa,Resale,Ready to Move,20260619,20260619.0,,,4320,Mumbai,,,,Y,,N,Care hospital,,0.0,0.0,,b,,,,F,False,,,,,,,,Leasehold,2026-06-18T21:30:41.000Z,"Jun 19, '26",2026-07-13T18:30:00.000+00:00,2026-10-31T21:30:41.000Z,"Nov 01, '26",0,40.0,,Bachelors/Family,7BHK Villa for Resale in ,,2400.0,
515,10 to 15 years,30000000.0,3 Cr,11021.0,30000000.0,31800000.0,7,7,,2722.0,Sq-ft,2722.0,12800.0,,,,Semi-Furnished,,,Residential House,Resale,Ready to Move,20260701,20260630.0,,,4320,Mumbai,106851.0,Malad,,Y,,Y,"jain compound, abbasiya compound","[""19210|Malad West Metro Station|5 minutes|163061|19249"", ""19210|Dindoshi Metro Station|5 minutes|167709|19249"", ""19201|Raheja Federation Garden||79180|19221"", ""19201|Aarey Bhaskar Garden||72174|19221"", ""19202|Billabong High International School||163067|"", ""19202|Veer Bhagat Singh Vidyalaya||147382|19227"", ""19203|Veena Children Hospital||81966|19230"", ""19203|Shah Lifeline Multispeciality Hospital||163065|19230"", ""19206|Metro Mart||84746|19239"", ""19206|Inorbit Mall ||84774|19239""]",0.0,0.0,"19.1875489923914,72.8420101911782",b,,,,F,False,,,,,,,,,2026-06-30T17:24:23.000Z,"Jun 30, '26",2026-01-03T18:30:00.000+00:00,2026-11-12T17:24:23.000Z,"Nov 12, '26",0,19.0,,Bachelors/Family,7BHK Residential House for Resale in Malad,,2722.0,Malad
516,Less than 5 years,32500000.0,3.25 Cr,15625.0,32500000.0,34500000.0,8,4,,,,2080.0,12800.0,,,,Furnished,North - East,"Garden/Park, Main Road",Villa,Resale,Ready to Move,20260715,20260715.0,,,4320,Mumbai,78881.0,Manori,,Y,,N,Manori jetty,,0.0,0.0,"19.2118517559221,72.7915789878557",b,12211 12215 12221 12222 12227 12231 12233 12235,12231 12235 12215 12221 12227 12233,"Farm-House,Wrap Around Balcony,Air Conditioned,Internet/Wi-Fi Connectivity,Conference Room,Downtown",F,False,"1 Covered, 1 Open",,,,,Ceramic Tiles,,Freehold,2026-07-15T01:00:04.000Z,"Jul 15, '26",2026-07-14T18:30:00.000+00:00,2026-11-27T01:00:04.000Z,"Nov 27, '26",0,39.0,,Bachelors/Family,8BHK Villa for Resale in Manori,"Puja Room,Store,Servant Room",2080.0,Manori
517,Above 20 years,30000000.0,3 Cr,8571.0,27000000.0,30000000.0,10,3,,,,3500.0,12800.0,,,,Semi-Furnished,East,,Residential House,Resale,Ready to Move,20260421,20260421.0,,,4320,Mumbai,94899.0,Hanuman Tekdi,,Y,,Y,,"[""19202|S.T Xaviors High School||156991|""]",0.0,0.0,"19.1412489722037,72.9202365044297",b,,,,F,False,,Water Availability 24 Hours Available,No/Rare Powercut,,,Normal Tiles/Kotah Stone,,Freehold,2026-04-20T21:32:58.000Z,"Apr 21, '26",2024-12-28T18:30:00.000+00:00,2026-09-02T21:32:58.000Z,"Sep 03, '26",0,17.0,,Bachelors/Family,10BHK Residential House for Resale in Hanuman Tekdi Kanjurmarg West,,3500.0,Hanuman Tekdi Kanjurmarg West
